!SESSION 2025-12-26 19:50:36.155 -----------------------------------------------
eclipse.buildId=4.24.0.I20220607-0700
java.version=17.0.3
java.vendor=Eclipse Adoptium
BootLoader constants: OS=win32, ARCH=x86_64, WS=win32, NL=ja_JP
Framework arguments:  -product org.eclipse.epp.package.java.product
Command-line arguments:  -os win32 -ws win32 -arch x86_64 -product org.eclipse.epp.package.java.product

This is a continuation of log file C:\c\Users\t-jim\Documents\Spring_Study\.metadata\.bak_4.log
Created Time: 2025-12-27 07:25:29.784

!ENTRY org.eclipse.lsp4e 4 0 2025-12-27 07:25:29.785
!MESSAGE Cannot invoke "org.eclipse.lsp4e.server.StreamConnectionProvider.getInputStream()" because "this.lspStreamProvider" is null
!STACK 0
java.lang.NullPointerException: Cannot invoke "org.eclipse.lsp4e.server.StreamConnectionProvider.getInputStream()" because "this.lspStreamProvider" is null
	at org.eclipse.lsp4e.LanguageServerWrapper.lambda$1(LanguageServerWrapper.java:284)
	at java.base/java.util.concurrent.CompletableFuture$UniApply.tryFire(CompletableFuture.java:646)
	at java.base/java.util.concurrent.CompletableFuture.postComplete(CompletableFuture.java:510)
	at java.base/java.util.concurrent.CompletableFuture$AsyncSupply.run(CompletableFuture.java:1773)
	at java.base/java.util.concurrent.CompletableFuture$AsyncSupply.exec(CompletableFuture.java:1760)
	at java.base/java.util.concurrent.ForkJoinTask.doExec(ForkJoinTask.java:373)
	at java.base/java.util.concurrent.ForkJoinPool$WorkQueue.topLevelExec(ForkJoinPool.java:1182)
	at java.base/java.util.concurrent.ForkJoinPool.scan(ForkJoinPool.java:1655)
	at java.base/java.util.concurrent.ForkJoinPool.runWorker(ForkJoinPool.java:1622)
	at java.base/java.util.concurrent.ForkJoinWorkerThread.run(ForkJoinWorkerThread.java:165)

!ENTRY org.eclipse.lsp4e 4 0 2025-12-27 07:25:29.785
!MESSAGE Exception occurred while creating an instance of the stream connection provider
!STACK 0
java.lang.RuntimeException: Exception occurred while creating an instance of the stream connection provider
	at org.eclipse.lsp4e.LanguageServersRegistry$ExtensionLanguageServerDefinition.createConnectionProvider(LanguageServersRegistry.java:164)
	at org.eclipse.lsp4e.LanguageServerWrapper.lambda$0(LanguageServerWrapper.java:233)
	at java.base/java.util.concurrent.CompletableFuture$AsyncSupply.run(CompletableFuture.java:1768)
	at java.base/java.util.concurrent.CompletableFuture$AsyncSupply.exec(CompletableFuture.java:1760)
	at java.base/java.util.concurrent.ForkJoinTask.doExec(ForkJoinTask.java:373)
	at java.base/java.util.concurrent.ForkJoinPool$WorkQueue.topLevelExec(ForkJoinPool.java:1182)
	at java.base/java.util.concurrent.ForkJoinPool.scan(ForkJoinPool.java:1655)
	at java.base/java.util.concurrent.ForkJoinPool.runWorker(ForkJoinPool.java:1622)
	at java.base/java.util.concurrent.ForkJoinWorkerThread.run(ForkJoinWorkerThread.java:165)
Caused by: org.eclipse.core.runtime.CoreException: プラグイン "org.eclipse.wildwebdeveloper" は、クラス "org.eclipse.wildwebdeveloper.html.HTMLLanguageServer" をインスタンス化できませんでした。
	at org.eclipse.core.internal.registry.osgi.RegistryStrategyOSGI.throwException(RegistryStrategyOSGI.java:212)
	at org.eclipse.core.internal.registry.osgi.RegistryStrategyOSGI.createExecutableExtension(RegistryStrategyOSGI.java:206)
	at org.eclipse.core.internal.registry.ExtensionRegistry.createExecutableExtension(ExtensionRegistry.java:920)
	at org.eclipse.core.internal.registry.ConfigurationElement.createExecutableExtension(ConfigurationElement.java:246)
	at org.eclipse.core.internal.registry.ConfigurationElementHandle.createExecutableExtension(ConfigurationElementHandle.java:63)
	at org.eclipse.lsp4e.LanguageServersRegistry$ExtensionLanguageServerDefinition.createConnectionProvider(LanguageServersRegistry.java:161)
	... 8 more
Caused by: java.lang.reflect.InvocationTargetException
	at jdk.internal.reflect.GeneratedConstructorAccessor102.newInstance(Unknown Source)
	at java.base/jdk.internal.reflect.DelegatingConstructorAccessorImpl.newInstance(DelegatingConstructorAccessorImpl.java:45)
	at java.base/java.lang.reflect.Constructor.newInstanceWithCaller(Constructor.java:499)
	at java.base/java.lang.reflect.Constructor.newInstance(Constructor.java:480)
	at org.eclipse.core.internal.registry.osgi.RegistryStrategyOSGI.createExecutableExtension(RegistryStrategyOSGI.java:204)
	... 12 more
Caused by: java.lang.NullPointerException: Cannot invoke "java.io.File.getAbsolutePath()" because the return value of "org.eclipse.wildwebdeveloper.embedder.node.NodeJSManager.getNodeJsLocation()" is null
	at org.eclipse.wildwebdeveloper.html.HTMLLanguageServer.<init>(HTMLLanguageServer.java:40)
	... 17 more

!ENTRY org.eclipse.lsp4e 4 0 2025-12-27 07:25:29.786
!MESSAGE Cannot invoke "org.eclipse.lsp4e.server.StreamConnectionProvider.getInputStream()" because "this.lspStreamProvider" is null
!STACK 0
java.lang.NullPointerException: Cannot invoke "org.eclipse.lsp4e.server.StreamConnectionProvider.getInputStream()" because "this.lspStreamProvider" is null
	at org.eclipse.lsp4e.LanguageServerWrapper.lambda$1(LanguageServerWrapper.java:284)
	at java.base/java.util.concurrent.CompletableFuture$UniApply.tryFire(CompletableFuture.java:646)
	at java.base/java.util.concurrent.CompletableFuture.postComplete(CompletableFuture.java:510)
	at java.base/java.util.concurrent.CompletableFuture$AsyncSupply.run(CompletableFuture.java:1773)
	at java.base/java.util.concurrent.CompletableFuture$AsyncSupply.exec(CompletableFuture.java:1760)
	at java.base/java.util.concurrent.ForkJoinTask.doExec(ForkJoinTask.java:373)
	at java.base/java.util.concurrent.ForkJoinPool$WorkQueue.topLevelExec(ForkJoinPool.java:1182)
	at java.base/java.util.concurrent.ForkJoinPool.scan(ForkJoinPool.java:1655)
	at java.base/java.util.concurrent.ForkJoinPool.runWorker(ForkJoinPool.java:1622)
	at java.base/java.util.concurrent.ForkJoinWorkerThread.run(ForkJoinWorkerThread.java:165)

!ENTRY org.eclipse.lsp4e 4 0 2025-12-27 07:25:31.691
!MESSAGE プラグイン "org.eclipse.wildwebdeveloper" は、クラス "org.eclipse.wildwebdeveloper.html.HTMLLanguageServer" をインスタンス化できませんでした。
!STACK 1
org.eclipse.core.runtime.CoreException: プラグイン "org.eclipse.wildwebdeveloper" は、クラス "org.eclipse.wildwebdeveloper.html.HTMLLanguageServer" をインスタンス化できませんでした。
	at org.eclipse.core.internal.registry.osgi.RegistryStrategyOSGI.throwException(RegistryStrategyOSGI.java:212)
	at org.eclipse.core.internal.registry.osgi.RegistryStrategyOSGI.createExecutableExtension(RegistryStrategyOSGI.java:206)
	at org.eclipse.core.internal.registry.ExtensionRegistry.createExecutableExtension(ExtensionRegistry.java:920)
	at org.eclipse.core.internal.registry.ConfigurationElement.createExecutableExtension(ConfigurationElement.java:246)
	at org.eclipse.core.internal.registry.ConfigurationElementHandle.createExecutableExtension(ConfigurationElementHandle.java:63)
	at org.eclipse.lsp4e.LanguageServersRegistry$ExtensionLanguageServerDefinition.createConnectionProvider(LanguageServersRegistry.java:161)
	at org.eclipse.lsp4e.LanguageServerWrapper.lambda$0(LanguageServerWrapper.java:233)
	at java.base/java.util.concurrent.CompletableFuture$AsyncSupply.run(CompletableFuture.java:1768)
	at java.base/java.util.concurrent.CompletableFuture$AsyncSupply.exec(CompletableFuture.java:1760)
	at java.base/java.util.concurrent.ForkJoinTask.doExec(ForkJoinTask.java:373)
	at java.base/java.util.concurrent.ForkJoinPool$WorkQueue.topLevelExec(ForkJoinPool.java:1182)
	at java.base/java.util.concurrent.ForkJoinPool.scan(ForkJoinPool.java:1655)
	at java.base/java.util.concurrent.ForkJoinPool.runWorker(ForkJoinPool.java:1622)
	at java.base/java.util.concurrent.ForkJoinWorkerThread.run(ForkJoinWorkerThread.java:165)
Caused by: java.lang.reflect.InvocationTargetException
	at jdk.internal.reflect.GeneratedConstructorAccessor102.newInstance(Unknown Source)
	at java.base/jdk.internal.reflect.DelegatingConstructorAccessorImpl.newInstance(DelegatingConstructorAccessorImpl.java:45)
	at java.base/java.lang.reflect.Constructor.newInstanceWithCaller(Constructor.java:499)
	at java.base/java.lang.reflect.Constructor.newInstance(Constructor.java:480)
	at org.eclipse.core.internal.registry.osgi.RegistryStrategyOSGI.createExecutableExtension(RegistryStrategyOSGI.java:204)
	... 12 more
Caused by: java.lang.NullPointerException: Cannot invoke "java.io.File.getAbsolutePath()" because the return value of "org.eclipse.wildwebdeveloper.embedder.node.NodeJSManager.getNodeJsLocation()" is null
	at org.eclipse.wildwebdeveloper.html.HTMLLanguageServer.<init>(HTMLLanguageServer.java:40)
	... 17 more
!SUBENTRY 1 org.eclipse.equinox.registry 4 1 2025-12-27 07:25:31.691
!MESSAGE プラグイン "org.eclipse.wildwebdeveloper" は、クラス "org.eclipse.wildwebdeveloper.html.HTMLLanguageServer" をインスタンス化できませんでした。
!STACK 0
java.lang.reflect.InvocationTargetException
	at jdk.internal.reflect.GeneratedConstructorAccessor102.newInstance(Unknown Source)
	at java.base/jdk.internal.reflect.DelegatingConstructorAccessorImpl.newInstance(DelegatingConstructorAccessorImpl.java:45)
	at java.base/java.lang.reflect.Constructor.newInstanceWithCaller(Constructor.java:499)
	at java.base/java.lang.reflect.Constructor.newInstance(Constructor.java:480)
	at org.eclipse.core.internal.registry.osgi.RegistryStrategyOSGI.createExecutableExtension(RegistryStrategyOSGI.java:204)
	at org.eclipse.core.internal.registry.ExtensionRegistry.createExecutableExtension(ExtensionRegistry.java:920)
	at org.eclipse.core.internal.registry.ConfigurationElement.createExecutableExtension(ConfigurationElement.java:246)
	at org.eclipse.core.internal.registry.ConfigurationElementHandle.createExecutableExtension(ConfigurationElementHandle.java:63)
	at org.eclipse.lsp4e.LanguageServersRegistry$ExtensionLanguageServerDefinition.createConnectionProvider(LanguageServersRegistry.java:161)
	at org.eclipse.lsp4e.LanguageServerWrapper.lambda$0(LanguageServerWrapper.java:233)
	at java.base/java.util.concurrent.CompletableFuture$AsyncSupply.run(CompletableFuture.java:1768)
	at java.base/java.util.concurrent.CompletableFuture$AsyncSupply.exec(CompletableFuture.java:1760)
	at java.base/java.util.concurrent.ForkJoinTask.doExec(ForkJoinTask.java:373)
	at java.base/java.util.concurrent.ForkJoinPool$WorkQueue.topLevelExec(ForkJoinPool.java:1182)
	at java.base/java.util.concurrent.ForkJoinPool.scan(ForkJoinPool.java:1655)
	at java.base/java.util.concurrent.ForkJoinPool.runWorker(ForkJoinPool.java:1622)
	at java.base/java.util.concurrent.ForkJoinWorkerThread.run(ForkJoinWorkerThread.java:165)
Caused by: java.lang.NullPointerException: Cannot invoke "java.io.File.getAbsolutePath()" because the return value of "org.eclipse.wildwebdeveloper.embedder.node.NodeJSManager.getNodeJsLocation()" is null
	at org.eclipse.wildwebdeveloper.html.HTMLLanguageServer.<init>(HTMLLanguageServer.java:40)
	... 17 more
Root exception:
java.lang.NullPointerException: Cannot invoke "java.io.File.getAbsolutePath()" because the return value of "org.eclipse.wildwebdeveloper.embedder.node.NodeJSManager.getNodeJsLocation()" is null
	at org.eclipse.wildwebdeveloper.html.HTMLLanguageServer.<init>(HTMLLanguageServer.java:40)
	at jdk.internal.reflect.GeneratedConstructorAccessor102.newInstance(Unknown Source)
	at java.base/jdk.internal.reflect.DelegatingConstructorAccessorImpl.newInstance(DelegatingConstructorAccessorImpl.java:45)
	at java.base/java.lang.reflect.Constructor.newInstanceWithCaller(Constructor.java:499)
	at java.base/java.lang.reflect.Constructor.newInstance(Constructor.java:480)
	at org.eclipse.core.internal.registry.osgi.RegistryStrategyOSGI.createExecutableExtension(RegistryStrategyOSGI.java:204)
	at org.eclipse.core.internal.registry.ExtensionRegistry.createExecutableExtension(ExtensionRegistry.java:920)
	at org.eclipse.core.internal.registry.ConfigurationElement.createExecutableExtension(ConfigurationElement.java:246)
	at org.eclipse.core.internal.registry.ConfigurationElementHandle.createExecutableExtension(ConfigurationElementHandle.java:63)
	at org.eclipse.lsp4e.LanguageServersRegistry$ExtensionLanguageServerDefinition.createConnectionProvider(LanguageServersRegistry.java:161)
	at org.eclipse.lsp4e.LanguageServerWrapper.lambda$0(LanguageServerWrapper.java:233)
	at java.base/java.util.concurrent.CompletableFuture$AsyncSupply.run(CompletableFuture.java:1768)
	at java.base/java.util.concurrent.CompletableFuture$AsyncSupply.exec(CompletableFuture.java:1760)
	at java.base/java.util.concurrent.ForkJoinTask.doExec(ForkJoinTask.java:373)
	at java.base/java.util.concurrent.ForkJoinPool$WorkQueue.topLevelExec(ForkJoinPool.java:1182)
	at java.base/java.util.concurrent.ForkJoinPool.scan(ForkJoinPool.java:1655)
	at java.base/java.util.concurrent.ForkJoinPool.runWorker(ForkJoinPool.java:1622)
	at java.base/java.util.concurrent.ForkJoinWorkerThread.run(ForkJoinWorkerThread.java:165)

!ENTRY org.eclipse.lsp4e 4 0 2025-12-27 07:25:31.692
!MESSAGE Exception occurred while creating an instance of the stream connection provider
!STACK 0
java.lang.RuntimeException: Exception occurred while creating an instance of the stream connection provider
	at org.eclipse.lsp4e.LanguageServersRegistry$ExtensionLanguageServerDefinition.createConnectionProvider(LanguageServersRegistry.java:164)
	at org.eclipse.lsp4e.LanguageServerWrapper.lambda$0(LanguageServerWrapper.java:233)
	at java.base/java.util.concurrent.CompletableFuture$AsyncSupply.run(CompletableFuture.java:1768)
	at java.base/java.util.concurrent.CompletableFuture$AsyncSupply.exec(CompletableFuture.java:1760)
	at java.base/java.util.concurrent.ForkJoinTask.doExec(ForkJoinTask.java:373)
	at java.base/java.util.concurrent.ForkJoinPool$WorkQueue.topLevelExec(ForkJoinPool.java:1182)
	at java.base/java.util.concurrent.ForkJoinPool.scan(ForkJoinPool.java:1655)
	at java.base/java.util.concurrent.ForkJoinPool.runWorker(ForkJoinPool.java:1622)
	at java.base/java.util.concurrent.ForkJoinWorkerThread.run(ForkJoinWorkerThread.java:165)
Caused by: org.eclipse.core.runtime.CoreException: プラグイン "org.eclipse.wildwebdeveloper" は、クラス "org.eclipse.wildwebdeveloper.html.HTMLLanguageServer" をインスタンス化できませんでした。
	at org.eclipse.core.internal.registry.osgi.RegistryStrategyOSGI.throwException(RegistryStrategyOSGI.java:212)
	at org.eclipse.core.internal.registry.osgi.RegistryStrategyOSGI.createExecutableExtension(RegistryStrategyOSGI.java:206)
	at org.eclipse.core.internal.registry.ExtensionRegistry.createExecutableExtension(ExtensionRegistry.java:920)
	at org.eclipse.core.internal.registry.ConfigurationElement.createExecutableExtension(ConfigurationElement.java:246)
	at org.eclipse.core.internal.registry.ConfigurationElementHandle.createExecutableExtension(ConfigurationElementHandle.java:63)
	at org.eclipse.lsp4e.LanguageServersRegistry$ExtensionLanguageServerDefinition.createConnectionProvider(LanguageServersRegistry.java:161)
	... 8 more
Caused by: java.lang.reflect.InvocationTargetException
	at jdk.internal.reflect.GeneratedConstructorAccessor102.newInstance(Unknown Source)
	at java.base/jdk.internal.reflect.DelegatingConstructorAccessorImpl.newInstance(DelegatingConstructorAccessorImpl.java:45)
	at java.base/java.lang.reflect.Constructor.newInstanceWithCaller(Constructor.java:499)
	at java.base/java.lang.reflect.Constructor.newInstance(Constructor.java:480)
	at org.eclipse.core.internal.registry.osgi.RegistryStrategyOSGI.createExecutableExtension(RegistryStrategyOSGI.java:204)
	... 12 more
Caused by: java.lang.NullPointerException: Cannot invoke "java.io.File.getAbsolutePath()" because the return value of "org.eclipse.wildwebdeveloper.embedder.node.NodeJSManager.getNodeJsLocation()" is null
	at org.eclipse.wildwebdeveloper.html.HTMLLanguageServer.<init>(HTMLLanguageServer.java:40)
	... 17 more

!ENTRY org.eclipse.lsp4e 4 0 2025-12-27 07:25:31.693
!MESSAGE Cannot invoke "org.eclipse.lsp4e.server.StreamConnectionProvider.getInputStream()" because "this.lspStreamProvider" is null
!STACK 0
java.lang.NullPointerException: Cannot invoke "org.eclipse.lsp4e.server.StreamConnectionProvider.getInputStream()" because "this.lspStreamProvider" is null
	at org.eclipse.lsp4e.LanguageServerWrapper.lambda$1(LanguageServerWrapper.java:284)
	at java.base/java.util.concurrent.CompletableFuture$UniApply.tryFire(CompletableFuture.java:646)
	at java.base/java.util.concurrent.CompletableFuture.postComplete(CompletableFuture.java:510)
	at java.base/java.util.concurrent.CompletableFuture$AsyncSupply.run(CompletableFuture.java:1773)
	at java.base/java.util.concurrent.CompletableFuture$AsyncSupply.exec(CompletableFuture.java:1760)
	at java.base/java.util.concurrent.ForkJoinTask.doExec(ForkJoinTask.java:373)
	at java.base/java.util.concurrent.ForkJoinPool$WorkQueue.topLevelExec(ForkJoinPool.java:1182)
	at java.base/java.util.concurrent.ForkJoinPool.scan(ForkJoinPool.java:1655)
	at java.base/java.util.concurrent.ForkJoinPool.runWorker(ForkJoinPool.java:1622)
	at java.base/java.util.concurrent.ForkJoinWorkerThread.run(ForkJoinWorkerThread.java:165)

!ENTRY org.eclipse.lsp4e 4 0 2025-12-27 07:25:31.696
!MESSAGE プラグイン "org.eclipse.wildwebdeveloper" は、クラス "org.eclipse.wildwebdeveloper.angular.AngularLanguageServer" をインスタンス化できませんでした。
!STACK 1
org.eclipse.core.runtime.CoreException: プラグイン "org.eclipse.wildwebdeveloper" は、クラス "org.eclipse.wildwebdeveloper.angular.AngularLanguageServer" をインスタンス化できませんでした。
	at org.eclipse.core.internal.registry.osgi.RegistryStrategyOSGI.throwException(RegistryStrategyOSGI.java:212)
	at org.eclipse.core.internal.registry.osgi.RegistryStrategyOSGI.createExecutableExtension(RegistryStrategyOSGI.java:206)
	at org.eclipse.core.internal.registry.ExtensionRegistry.createExecutableExtension(ExtensionRegistry.java:920)
	at org.eclipse.core.internal.registry.ConfigurationElement.createExecutableExtension(ConfigurationElement.java:246)
	at org.eclipse.core.internal.registry.ConfigurationElementHandle.createExecutableExtension(ConfigurationElementHandle.java:63)
	at org.eclipse.lsp4e.LanguageServersRegistry$ExtensionLanguageServerDefinition.createConnectionProvider(LanguageServersRegistry.java:161)
	at org.eclipse.lsp4e.LanguageServerWrapper.lambda$0(LanguageServerWrapper.java:233)
	at java.base/java.util.concurrent.CompletableFuture$AsyncSupply.run(CompletableFuture.java:1768)
	at java.base/java.util.concurrent.CompletableFuture$AsyncSupply.exec(CompletableFuture.java:1760)
	at java.base/java.util.concurrent.ForkJoinTask.doExec(ForkJoinTask.java:373)
	at java.base/java.util.concurrent.ForkJoinPool$WorkQueue.topLevelExec(ForkJoinPool.java:1182)
	at java.base/java.util.concurrent.ForkJoinPool.scan(ForkJoinPool.java:1655)
	at java.base/java.util.concurrent.ForkJoinPool.runWorker(ForkJoinPool.java:1622)
	at java.base/java.util.concurrent.ForkJoinWorkerThread.run(ForkJoinWorkerThread.java:165)
Caused by: java.lang.reflect.InvocationTargetException
	at jdk.internal.reflect.GeneratedConstructorAccessor101.newInstance(Unknown Source)
	at java.base/jdk.internal.reflect.DelegatingConstructorAccessorImpl.newInstance(DelegatingConstructorAccessorImpl.java:45)
	at java.base/java.lang.reflect.Constructor.newInstanceWithCaller(Constructor.java:499)
	at java.base/java.lang.reflect.Constructor.newInstance(Constructor.java:480)
	at org.eclipse.core.internal.registry.osgi.RegistryStrategyOSGI.createExecutableExtension(RegistryStrategyOSGI.java:204)
	... 12 more
Caused by: java.lang.NullPointerException: Cannot invoke "java.io.File.getAbsolutePath()" because the return value of "org.eclipse.wildwebdeveloper.embedder.node.NodeJSManager.getNodeJsLocation()" is null
	at org.eclipse.wildwebdeveloper.angular.AngularLanguageServer.<init>(AngularLanguageServer.java:43)
	... 17 more
!SUBENTRY 1 org.eclipse.equinox.registry 4 1 2025-12-27 07:25:31.696
!MESSAGE プラグイン "org.eclipse.wildwebdeveloper" は、クラス "org.eclipse.wildwebdeveloper.angular.AngularLanguageServer" をインスタンス化できませんでした。
!STACK 0
java.lang.reflect.InvocationTargetException
	at jdk.internal.reflect.GeneratedConstructorAccessor101.newInstance(Unknown Source)
	at java.base/jdk.internal.reflect.DelegatingConstructorAccessorImpl.newInstance(DelegatingConstructorAccessorImpl.java:45)
	at java.base/java.lang.reflect.Constructor.newInstanceWithCaller(Constructor.java:499)
	at java.base/java.lang.reflect.Constructor.newInstance(Constructor.java:480)
	at org.eclipse.core.internal.registry.osgi.RegistryStrategyOSGI.createExecutableExtension(RegistryStrategyOSGI.java:204)
	at org.eclipse.core.internal.registry.ExtensionRegistry.createExecutableExtension(ExtensionRegistry.java:920)
	at org.eclipse.core.internal.registry.ConfigurationElement.createExecutableExtension(ConfigurationElement.java:246)
	at org.eclipse.core.internal.registry.ConfigurationElementHandle.createExecutableExtension(ConfigurationElementHandle.java:63)
	at org.eclipse.lsp4e.LanguageServersRegistry$ExtensionLanguageServerDefinition.createConnectionProvider(LanguageServersRegistry.java:161)
	at org.eclipse.lsp4e.LanguageServerWrapper.lambda$0(LanguageServerWrapper.java:233)
	at java.base/java.util.concurrent.CompletableFuture$AsyncSupply.run(CompletableFuture.java:1768)
	at java.base/java.util.concurrent.CompletableFuture$AsyncSupply.exec(CompletableFuture.java:1760)
	at java.base/java.util.concurrent.ForkJoinTask.doExec(ForkJoinTask.java:373)
	at java.base/java.util.concurrent.ForkJoinPool$WorkQueue.topLevelExec(ForkJoinPool.java:1182)
	at java.base/java.util.concurrent.ForkJoinPool.scan(ForkJoinPool.java:1655)
	at java.base/java.util.concurrent.ForkJoinPool.runWorker(ForkJoinPool.java:1622)
	at java.base/java.util.concurrent.ForkJoinWorkerThread.run(ForkJoinWorkerThread.java:165)
Caused by: java.lang.NullPointerException: Cannot invoke "java.io.File.getAbsolutePath()" because the return value of "org.eclipse.wildwebdeveloper.embedder.node.NodeJSManager.getNodeJsLocation()" is null
	at org.eclipse.wildwebdeveloper.angular.AngularLanguageServer.<init>(AngularLanguageServer.java:43)
	... 17 more
Root exception:
java.lang.NullPointerException: Cannot invoke "java.io.File.getAbsolutePath()" because the return value of "org.eclipse.wildwebdeveloper.embedder.node.NodeJSManager.getNodeJsLocation()" is null
	at org.eclipse.wildwebdeveloper.angular.AngularLanguageServer.<init>(AngularLanguageServer.java:43)
	at jdk.internal.reflect.GeneratedConstructorAccessor101.newInstance(Unknown Source)
	at java.base/jdk.internal.reflect.DelegatingConstructorAccessorImpl.newInstance(DelegatingConstructorAccessorImpl.java:45)
	at java.base/java.lang.reflect.Constructor.newInstanceWithCaller(Constructor.java:499)
	at java.base/java.lang.reflect.Constructor.newInstance(Constructor.java:480)
	at org.eclipse.core.internal.registry.osgi.RegistryStrategyOSGI.createExecutableExtension(RegistryStrategyOSGI.java:204)
	at org.eclipse.core.internal.registry.ExtensionRegistry.createExecutableExtension(ExtensionRegistry.java:920)
	at org.eclipse.core.internal.registry.ConfigurationElement.createExecutableExtension(ConfigurationElement.java:246)
	at org.eclipse.core.internal.registry.ConfigurationElementHandle.createExecutableExtension(ConfigurationElementHandle.java:63)
	at org.eclipse.lsp4e.LanguageServersRegistry$ExtensionLanguageServerDefinition.createConnectionProvider(LanguageServersRegistry.java:161)
	at org.eclipse.lsp4e.LanguageServerWrapper.lambda$0(LanguageServerWrapper.java:233)
	at java.base/java.util.concurrent.CompletableFuture$AsyncSupply.run(CompletableFuture.java:1768)
	at java.base/java.util.concurrent.CompletableFuture$AsyncSupply.exec(CompletableFuture.java:1760)
	at java.base/java.util.concurrent.ForkJoinTask.doExec(ForkJoinTask.java:373)
	at java.base/java.util.concurrent.ForkJoinPool$WorkQueue.topLevelExec(ForkJoinPool.java:1182)
	at java.base/java.util.concurrent.ForkJoinPool.scan(ForkJoinPool.java:1655)
	at java.base/java.util.concurrent.ForkJoinPool.runWorker(ForkJoinPool.java:1622)
	at java.base/java.util.concurrent.ForkJoinWorkerThread.run(ForkJoinWorkerThread.java:165)

!ENTRY org.eclipse.lsp4e 4 0 2025-12-27 07:25:31.697
!MESSAGE Exception occurred while creating an instance of the stream connection provider
!STACK 0
java.lang.RuntimeException: Exception occurred while creating an instance of the stream connection provider
	at org.eclipse.lsp4e.LanguageServersRegistry$ExtensionLanguageServerDefinition.createConnectionProvider(LanguageServersRegistry.java:164)
	at org.eclipse.lsp4e.LanguageServerWrapper.lambda$0(LanguageServerWrapper.java:233)
	at java.base/java.util.concurrent.CompletableFuture$AsyncSupply.run(CompletableFuture.java:1768)
	at java.base/java.util.concurrent.CompletableFuture$AsyncSupply.exec(CompletableFuture.java:1760)
	at java.base/java.util.concurrent.ForkJoinTask.doExec(ForkJoinTask.java:373)
	at java.base/java.util.concurrent.ForkJoinPool$WorkQueue.topLevelExec(ForkJoinPool.java:1182)
	at java.base/java.util.concurrent.ForkJoinPool.scan(ForkJoinPool.java:1655)
	at java.base/java.util.concurrent.ForkJoinPool.runWorker(ForkJoinPool.java:1622)
	at java.base/java.util.concurrent.ForkJoinWorkerThread.run(ForkJoinWorkerThread.java:165)
Caused by: org.eclipse.core.runtime.CoreException: プラグイン "org.eclipse.wildwebdeveloper" は、クラス "org.eclipse.wildwebdeveloper.angular.AngularLanguageServer" をインスタンス化できませんでした。
	at org.eclipse.core.internal.registry.osgi.RegistryStrategyOSGI.throwException(RegistryStrategyOSGI.java:212)
	at org.eclipse.core.internal.registry.osgi.RegistryStrategyOSGI.createExecutableExtension(RegistryStrategyOSGI.java:206)
	at org.eclipse.core.internal.registry.ExtensionRegistry.createExecutableExtension(ExtensionRegistry.java:920)
	at org.eclipse.core.internal.registry.ConfigurationElement.createExecutableExtension(ConfigurationElement.java:246)
	at org.eclipse.core.internal.registry.ConfigurationElementHandle.createExecutableExtension(ConfigurationElementHandle.java:63)
	at org.eclipse.lsp4e.LanguageServersRegistry$ExtensionLanguageServerDefinition.createConnectionProvider(LanguageServersRegistry.java:161)
	... 8 more
Caused by: java.lang.reflect.InvocationTargetException
	at jdk.internal.reflect.GeneratedConstructorAccessor101.newInstance(Unknown Source)
	at java.base/jdk.internal.reflect.DelegatingConstructorAccessorImpl.newInstance(DelegatingConstructorAccessorImpl.java:45)
	at java.base/java.lang.reflect.Constructor.newInstanceWithCaller(Constructor.java:499)
	at java.base/java.lang.reflect.Constructor.newInstance(Constructor.java:480)
	at org.eclipse.core.internal.registry.osgi.RegistryStrategyOSGI.createExecutableExtension(RegistryStrategyOSGI.java:204)
	... 12 more
Caused by: java.lang.NullPointerException: Cannot invoke "java.io.File.getAbsolutePath()" because the return value of "org.eclipse.wildwebdeveloper.embedder.node.NodeJSManager.getNodeJsLocation()" is null
	at org.eclipse.wildwebdeveloper.angular.AngularLanguageServer.<init>(AngularLanguageServer.java:43)
	... 17 more

!ENTRY org.eclipse.lsp4e 4 0 2025-12-27 07:25:31.697
!MESSAGE Cannot invoke "org.eclipse.lsp4e.server.StreamConnectionProvider.getInputStream()" because "this.lspStreamProvider" is null
!STACK 0
java.lang.NullPointerException: Cannot invoke "org.eclipse.lsp4e.server.StreamConnectionProvider.getInputStream()" because "this.lspStreamProvider" is null
	at org.eclipse.lsp4e.LanguageServerWrapper.lambda$1(LanguageServerWrapper.java:284)
	at java.base/java.util.concurrent.CompletableFuture$UniApply.tryFire(CompletableFuture.java:646)
	at java.base/java.util.concurrent.CompletableFuture.postComplete(CompletableFuture.java:510)
	at java.base/java.util.concurrent.CompletableFuture$AsyncSupply.run(CompletableFuture.java:1773)
	at java.base/java.util.concurrent.CompletableFuture$AsyncSupply.exec(CompletableFuture.java:1760)
	at java.base/java.util.concurrent.ForkJoinTask.doExec(ForkJoinTask.java:373)
	at java.base/java.util.concurrent.ForkJoinPool$WorkQueue.topLevelExec(ForkJoinPool.java:1182)
	at java.base/java.util.concurrent.ForkJoinPool.scan(ForkJoinPool.java:1655)
	at java.base/java.util.concurrent.ForkJoinPool.runWorker(ForkJoinPool.java:1622)
	at java.base/java.util.concurrent.ForkJoinWorkerThread.run(ForkJoinWorkerThread.java:165)

!ENTRY org.eclipse.lsp4e 4 0 2025-12-27 07:25:31.763
!MESSAGE プラグイン "org.eclipse.wildwebdeveloper" は、クラス "org.eclipse.wildwebdeveloper.angular.AngularLanguageServer" をインスタンス化できませんでした。
!STACK 1
org.eclipse.core.runtime.CoreException: プラグイン "org.eclipse.wildwebdeveloper" は、クラス "org.eclipse.wildwebdeveloper.angular.AngularLanguageServer" をインスタンス化できませんでした。
	at org.eclipse.core.internal.registry.osgi.RegistryStrategyOSGI.throwException(RegistryStrategyOSGI.java:212)
	at org.eclipse.core.internal.registry.osgi.RegistryStrategyOSGI.createExecutableExtension(RegistryStrategyOSGI.java:206)
	at org.eclipse.core.internal.registry.ExtensionRegistry.createExecutableExtension(ExtensionRegistry.java:920)
	at org.eclipse.core.internal.registry.ConfigurationElement.createExecutableExtension(ConfigurationElement.java:246)
	at org.eclipse.core.internal.registry.ConfigurationElementHandle.createExecutableExtension(ConfigurationElementHandle.java:63)
	at org.eclipse.lsp4e.LanguageServersRegistry$ExtensionLanguageServerDefinition.createConnectionProvider(LanguageServersRegistry.java:161)
	at org.eclipse.lsp4e.LanguageServerWrapper.lambda$0(LanguageServerWrapper.java:233)
	at java.base/java.util.concurrent.CompletableFuture$AsyncSupply.run(CompletableFuture.java:1768)
	at java.base/java.util.concurrent.CompletableFuture$AsyncSupply.exec(CompletableFuture.java:1760)
	at java.base/java.util.concurrent.ForkJoinTask.doExec(ForkJoinTask.java:373)
	at java.base/java.util.concurrent.ForkJoinPool$WorkQueue.topLevelExec(ForkJoinPool.java:1182)
	at java.base/java.util.concurrent.ForkJoinPool.scan(ForkJoinPool.java:1655)
	at java.base/java.util.concurrent.ForkJoinPool.runWorker(ForkJoinPool.java:1622)
	at java.base/java.util.concurrent.ForkJoinWorkerThread.run(ForkJoinWorkerThread.java:165)
Caused by: java.lang.reflect.InvocationTargetException
	at jdk.internal.reflect.GeneratedConstructorAccessor101.newInstance(Unknown Source)
	at java.base/jdk.internal.reflect.DelegatingConstructorAccessorImpl.newInstance(DelegatingConstructorAccessorImpl.java:45)
	at java.base/java.lang.reflect.Constructor.newInstanceWithCaller(Constructor.java:499)
	at java.base/java.lang.reflect.Constructor.newInstance(Constructor.java:480)
	at org.eclipse.core.internal.registry.osgi.RegistryStrategyOSGI.createExecutableExtension(RegistryStrategyOSGI.java:204)
	... 12 more
Caused by: java.lang.NullPointerException: Cannot invoke "java.io.File.getAbsolutePath()" because the return value of "org.eclipse.wildwebdeveloper.embedder.node.NodeJSManager.getNodeJsLocation()" is null
	at org.eclipse.wildwebdeveloper.angular.AngularLanguageServer.<init>(AngularLanguageServer.java:43)
	... 17 more
!SUBENTRY 1 org.eclipse.equinox.registry 4 1 2025-12-27 07:25:31.763
!MESSAGE プラグイン "org.eclipse.wildwebdeveloper" は、クラス "org.eclipse.wildwebdeveloper.angular.AngularLanguageServer" をインスタンス化できませんでした。
!STACK 0
java.lang.reflect.InvocationTargetException
	at jdk.internal.reflect.GeneratedConstructorAccessor101.newInstance(Unknown Source)
	at java.base/jdk.internal.reflect.DelegatingConstructorAccessorImpl.newInstance(DelegatingConstructorAccessorImpl.java:45)
	at java.base/java.lang.reflect.Constructor.newInstanceWithCaller(Constructor.java:499)
	at java.base/java.lang.reflect.Constructor.newInstance(Constructor.java:480)
	at org.eclipse.core.internal.registry.osgi.RegistryStrategyOSGI.createExecutableExtension(RegistryStrategyOSGI.java:204)
	at org.eclipse.core.internal.registry.ExtensionRegistry.createExecutableExtension(ExtensionRegistry.java:920)
	at org.eclipse.core.internal.registry.ConfigurationElement.createExecutableExtension(ConfigurationElement.java:246)
	at org.eclipse.core.internal.registry.ConfigurationElementHandle.createExecutableExtension(ConfigurationElementHandle.java:63)
	at org.eclipse.lsp4e.LanguageServersRegistry$ExtensionLanguageServerDefinition.createConnectionProvider(LanguageServersRegistry.java:161)
	at org.eclipse.lsp4e.LanguageServerWrapper.lambda$0(LanguageServerWrapper.java:233)
	at java.base/java.util.concurrent.CompletableFuture$AsyncSupply.run(CompletableFuture.java:1768)
	at java.base/java.util.concurrent.CompletableFuture$AsyncSupply.exec(CompletableFuture.java:1760)
	at java.base/java.util.concurrent.ForkJoinTask.doExec(ForkJoinTask.java:373)
	at java.base/java.util.concurrent.ForkJoinPool$WorkQueue.topLevelExec(ForkJoinPool.java:1182)
	at java.base/java.util.concurrent.ForkJoinPool.scan(ForkJoinPool.java:1655)
	at java.base/java.util.concurrent.ForkJoinPool.runWorker(ForkJoinPool.java:1622)
	at java.base/java.util.concurrent.ForkJoinWorkerThread.run(ForkJoinWorkerThread.java:165)
Caused by: java.lang.NullPointerException: Cannot invoke "java.io.File.getAbsolutePath()" because the return value of "org.eclipse.wildwebdeveloper.embedder.node.NodeJSManager.getNodeJsLocation()" is null
	at org.eclipse.wildwebdeveloper.angular.AngularLanguageServer.<init>(AngularLanguageServer.java:43)
	... 17 more
Root exception:
java.lang.NullPointerException: Cannot invoke "java.io.File.getAbsolutePath()" because the return value of "org.eclipse.wildwebdeveloper.embedder.node.NodeJSManager.getNodeJsLocation()" is null
	at org.eclipse.wildwebdeveloper.angular.AngularLanguageServer.<init>(AngularLanguageServer.java:43)
	at jdk.internal.reflect.GeneratedConstructorAccessor101.newInstance(Unknown Source)
	at java.base/jdk.internal.reflect.DelegatingConstructorAccessorImpl.newInstance(DelegatingConstructorAccessorImpl.java:45)
	at java.base/java.lang.reflect.Constructor.newInstanceWithCaller(Constructor.java:499)
	at java.base/java.lang.reflect.Constructor.newInstance(Constructor.java:480)
	at org.eclipse.core.internal.registry.osgi.RegistryStrategyOSGI.createExecutableExtension(RegistryStrategyOSGI.java:204)
	at org.eclipse.core.internal.registry.ExtensionRegistry.createExecutableExtension(ExtensionRegistry.java:920)
	at org.eclipse.core.internal.registry.ConfigurationElement.createExecutableExtension(ConfigurationElement.java:246)
	at org.eclipse.core.internal.registry.ConfigurationElementHandle.createExecutableExtension(ConfigurationElementHandle.java:63)
	at org.eclipse.lsp4e.LanguageServersRegistry$ExtensionLanguageServerDefinition.createConnectionProvider(LanguageServersRegistry.java:161)
	at org.eclipse.lsp4e.LanguageServerWrapper.lambda$0(LanguageServerWrapper.java:233)
	at java.base/java.util.concurrent.CompletableFuture$AsyncSupply.run(CompletableFuture.java:1768)
	at java.base/java.util.concurrent.CompletableFuture$AsyncSupply.exec(CompletableFuture.java:1760)
	at java.base/java.util.concurrent.ForkJoinTask.doExec(ForkJoinTask.java:373)
	at java.base/java.util.concurrent.ForkJoinPool$WorkQueue.topLevelExec(ForkJoinPool.java:1182)
	at java.base/java.util.concurrent.ForkJoinPool.scan(ForkJoinPool.java:1655)
	at java.base/java.util.concurrent.ForkJoinPool.runWorker(ForkJoinPool.java:1622)
	at java.base/java.util.concurrent.ForkJoinWorkerThread.run(ForkJoinWorkerThread.java:165)

!ENTRY org.eclipse.lsp4e 4 0 2025-12-27 07:25:31.764
!MESSAGE プラグイン "org.eclipse.wildwebdeveloper" は、クラス "org.eclipse.wildwebdeveloper.html.HTMLLanguageServer" をインスタンス化できませんでした。
!STACK 1
org.eclipse.core.runtime.CoreException: プラグイン "org.eclipse.wildwebdeveloper" は、クラス "org.eclipse.wildwebdeveloper.html.HTMLLanguageServer" をインスタンス化できませんでした。
	at org.eclipse.core.internal.registry.osgi.RegistryStrategyOSGI.throwException(RegistryStrategyOSGI.java:212)
	at org.eclipse.core.internal.registry.osgi.RegistryStrategyOSGI.createExecutableExtension(RegistryStrategyOSGI.java:206)
	at org.eclipse.core.internal.registry.ExtensionRegistry.createExecutableExtension(ExtensionRegistry.java:920)
	at org.eclipse.core.internal.registry.ConfigurationElement.createExecutableExtension(ConfigurationElement.java:246)
	at org.eclipse.core.internal.registry.ConfigurationElementHandle.createExecutableExtension(ConfigurationElementHandle.java:63)
	at org.eclipse.lsp4e.LanguageServersRegistry$ExtensionLanguageServerDefinition.createConnectionProvider(LanguageServersRegistry.java:161)
	at org.eclipse.lsp4e.LanguageServerWrapper.lambda$0(LanguageServerWrapper.java:233)
	at java.base/java.util.concurrent.CompletableFuture$AsyncSupply.run(CompletableFuture.java:1768)
	at java.base/java.util.concurrent.CompletableFuture$AsyncSupply.exec(CompletableFuture.java:1760)
	at java.base/java.util.concurrent.ForkJoinTask.doExec(ForkJoinTask.java:373)
	at java.base/java.util.concurrent.ForkJoinPool$WorkQueue.topLevelExec(ForkJoinPool.java:1182)
	at java.base/java.util.concurrent.ForkJoinPool.scan(ForkJoinPool.java:1655)
	at java.base/java.util.concurrent.ForkJoinPool.runWorker(ForkJoinPool.java:1622)
	at java.base/java.util.concurrent.ForkJoinWorkerThread.run(ForkJoinWorkerThread.java:165)
Caused by: java.lang.reflect.InvocationTargetException
	at jdk.internal.reflect.GeneratedConstructorAccessor102.newInstance(Unknown Source)
	at java.base/jdk.internal.reflect.DelegatingConstructorAccessorImpl.newInstance(DelegatingConstructorAccessorImpl.java:45)
	at java.base/java.lang.reflect.Constructor.newInstanceWithCaller(Constructor.java:499)
	at java.base/java.lang.reflect.Constructor.newInstance(Constructor.java:480)
	at org.eclipse.core.internal.registry.osgi.RegistryStrategyOSGI.createExecutableExtension(RegistryStrategyOSGI.java:204)
	... 12 more
Caused by: java.lang.NullPointerException: Cannot invoke "java.io.File.getAbsolutePath()" because the return value of "org.eclipse.wildwebdeveloper.embedder.node.NodeJSManager.getNodeJsLocation()" is null
	at org.eclipse.wildwebdeveloper.html.HTMLLanguageServer.<init>(HTMLLanguageServer.java:40)
	... 17 more
!SUBENTRY 1 org.eclipse.equinox.registry 4 1 2025-12-27 07:25:31.764
!MESSAGE プラグイン "org.eclipse.wildwebdeveloper" は、クラス "org.eclipse.wildwebdeveloper.html.HTMLLanguageServer" をインスタンス化できませんでした。
!STACK 0
java.lang.reflect.InvocationTargetException
	at jdk.internal.reflect.GeneratedConstructorAccessor102.newInstance(Unknown Source)
	at java.base/jdk.internal.reflect.DelegatingConstructorAccessorImpl.newInstance(DelegatingConstructorAccessorImpl.java:45)
	at java.base/java.lang.reflect.Constructor.newInstanceWithCaller(Constructor.java:499)
	at java.base/java.lang.reflect.Constructor.newInstance(Constructor.java:480)
	at org.eclipse.core.internal.registry.osgi.RegistryStrategyOSGI.createExecutableExtension(RegistryStrategyOSGI.java:204)
	at org.eclipse.core.internal.registry.ExtensionRegistry.createExecutableExtension(ExtensionRegistry.java:920)
	at org.eclipse.core.internal.registry.ConfigurationElement.createExecutableExtension(ConfigurationElement.java:246)
	at org.eclipse.core.internal.registry.ConfigurationElementHandle.createExecutableExtension(ConfigurationElementHandle.java:63)
	at org.eclipse.lsp4e.LanguageServersRegistry$ExtensionLanguageServerDefinition.createConnectionProvider(LanguageServersRegistry.java:161)
	at org.eclipse.lsp4e.LanguageServerWrapper.lambda$0(LanguageServerWrapper.java:233)
	at java.base/java.util.concurrent.CompletableFuture$AsyncSupply.run(CompletableFuture.java:1768)
	at java.base/java.util.concurrent.CompletableFuture$AsyncSupply.exec(CompletableFuture.java:1760)
	at java.base/java.util.concurrent.ForkJoinTask.doExec(ForkJoinTask.java:373)
	at java.base/java.util.concurrent.ForkJoinPool$WorkQueue.topLevelExec(ForkJoinPool.java:1182)
	at java.base/java.util.concurrent.ForkJoinPool.scan(ForkJoinPool.java:1655)
	at java.base/java.util.concurrent.ForkJoinPool.runWorker(ForkJoinPool.java:1622)
	at java.base/java.util.concurrent.ForkJoinWorkerThread.run(ForkJoinWorkerThread.java:165)
Caused by: java.lang.NullPointerException: Cannot invoke "java.io.File.getAbsolutePath()" because the return value of "org.eclipse.wildwebdeveloper.embedder.node.NodeJSManager.getNodeJsLocation()" is null
	at org.eclipse.wildwebdeveloper.html.HTMLLanguageServer.<init>(HTMLLanguageServer.java:40)
	... 17 more
Root exception:
java.lang.NullPointerException: Cannot invoke "java.io.File.getAbsolutePath()" because the return value of "org.eclipse.wildwebdeveloper.embedder.node.NodeJSManager.getNodeJsLocation()" is null
	at org.eclipse.wildwebdeveloper.html.HTMLLanguageServer.<init>(HTMLLanguageServer.java:40)
	at jdk.internal.reflect.GeneratedConstructorAccessor102.newInstance(Unknown Source)
	at java.base/jdk.internal.reflect.DelegatingConstructorAccessorImpl.newInstance(DelegatingConstructorAccessorImpl.java:45)
	at java.base/java.lang.reflect.Constructor.newInstanceWithCaller(Constructor.java:499)
	at java.base/java.lang.reflect.Constructor.newInstance(Constructor.java:480)
	at org.eclipse.core.internal.registry.osgi.RegistryStrategyOSGI.createExecutableExtension(RegistryStrategyOSGI.java:204)
	at org.eclipse.core.internal.registry.ExtensionRegistry.createExecutableExtension(ExtensionRegistry.java:920)
	at org.eclipse.core.internal.registry.ConfigurationElement.createExecutableExtension(ConfigurationElement.java:246)
	at org.eclipse.core.internal.registry.ConfigurationElementHandle.createExecutableExtension(ConfigurationElementHandle.java:63)
	at org.eclipse.lsp4e.LanguageServersRegistry$ExtensionLanguageServerDefinition.createConnectionProvider(LanguageServersRegistry.java:161)
	at org.eclipse.lsp4e.LanguageServerWrapper.lambda$0(LanguageServerWrapper.java:233)
	at java.base/java.util.concurrent.CompletableFuture$AsyncSupply.run(CompletableFuture.java:1768)
	at java.base/java.util.concurrent.CompletableFuture$AsyncSupply.exec(CompletableFuture.java:1760)
	at java.base/java.util.concurrent.ForkJoinTask.doExec(ForkJoinTask.java:373)
	at java.base/java.util.concurrent.ForkJoinPool$WorkQueue.topLevelExec(ForkJoinPool.java:1182)
	at java.base/java.util.concurrent.ForkJoinPool.scan(ForkJoinPool.java:1655)
	at java.base/java.util.concurrent.ForkJoinPool.runWorker(ForkJoinPool.java:1622)
	at java.base/java.util.concurrent.ForkJoinWorkerThread.run(ForkJoinWorkerThread.java:165)

!ENTRY org.eclipse.lsp4e 4 0 2025-12-27 07:25:31.764
!MESSAGE Exception occurred while creating an instance of the stream connection provider
!STACK 0
java.lang.RuntimeException: Exception occurred while creating an instance of the stream connection provider
	at org.eclipse.lsp4e.LanguageServersRegistry$ExtensionLanguageServerDefinition.createConnectionProvider(LanguageServersRegistry.java:164)
	at org.eclipse.lsp4e.LanguageServerWrapper.lambda$0(LanguageServerWrapper.java:233)
	at java.base/java.util.concurrent.CompletableFuture$AsyncSupply.run(CompletableFuture.java:1768)
	at java.base/java.util.concurrent.CompletableFuture$AsyncSupply.exec(CompletableFuture.java:1760)
	at java.base/java.util.concurrent.ForkJoinTask.doExec(ForkJoinTask.java:373)
	at java.base/java.util.concurrent.ForkJoinPool$WorkQueue.topLevelExec(ForkJoinPool.java:1182)
	at java.base/java.util.concurrent.ForkJoinPool.scan(ForkJoinPool.java:1655)
	at java.base/java.util.concurrent.ForkJoinPool.runWorker(ForkJoinPool.java:1622)
	at java.base/java.util.concurrent.ForkJoinWorkerThread.run(ForkJoinWorkerThread.java:165)
Caused by: org.eclipse.core.runtime.CoreException: プラグイン "org.eclipse.wildwebdeveloper" は、クラス "org.eclipse.wildwebdeveloper.angular.AngularLanguageServer" をインスタンス化できませんでした。
	at org.eclipse.core.internal.registry.osgi.RegistryStrategyOSGI.throwException(RegistryStrategyOSGI.java:212)
	at org.eclipse.core.internal.registry.osgi.RegistryStrategyOSGI.createExecutableExtension(RegistryStrategyOSGI.java:206)
	at org.eclipse.core.internal.registry.ExtensionRegistry.createExecutableExtension(ExtensionRegistry.java:920)
	at org.eclipse.core.internal.registry.ConfigurationElement.createExecutableExtension(ConfigurationElement.java:246)
	at org.eclipse.core.internal.registry.ConfigurationElementHandle.createExecutableExtension(ConfigurationElementHandle.java:63)
	at org.eclipse.lsp4e.LanguageServersRegistry$ExtensionLanguageServerDefinition.createConnectionProvider(LanguageServersRegistry.java:161)
	... 8 more
Caused by: java.lang.reflect.InvocationTargetException
	at jdk.internal.reflect.GeneratedConstructorAccessor101.newInstance(Unknown Source)
	at java.base/jdk.internal.reflect.DelegatingConstructorAccessorImpl.newInstance(DelegatingConstructorAccessorImpl.java:45)
	at java.base/java.lang.reflect.Constructor.newInstanceWithCaller(Constructor.java:499)
	at java.base/java.lang.reflect.Constructor.newInstance(Constructor.java:480)
	at org.eclipse.core.internal.registry.osgi.RegistryStrategyOSGI.createExecutableExtension(RegistryStrategyOSGI.java:204)
	... 12 more
Caused by: java.lang.NullPointerException: Cannot invoke "java.io.File.getAbsolutePath()" because the return value of "org.eclipse.wildwebdeveloper.embedder.node.NodeJSManager.getNodeJsLocation()" is null
	at org.eclipse.wildwebdeveloper.angular.AngularLanguageServer.<init>(AngularLanguageServer.java:43)
	... 17 more

!ENTRY org.eclipse.lsp4e 4 0 2025-12-27 07:25:31.764
!MESSAGE Exception occurred while creating an instance of the stream connection provider
!STACK 0
java.lang.RuntimeException: Exception occurred while creating an instance of the stream connection provider
	at org.eclipse.lsp4e.LanguageServersRegistry$ExtensionLanguageServerDefinition.createConnectionProvider(LanguageServersRegistry.java:164)
	at org.eclipse.lsp4e.LanguageServerWrapper.lambda$0(LanguageServerWrapper.java:233)
	at java.base/java.util.concurrent.CompletableFuture$AsyncSupply.run(CompletableFuture.java:1768)
	at java.base/java.util.concurrent.CompletableFuture$AsyncSupply.exec(CompletableFuture.java:1760)
	at java.base/java.util.concurrent.ForkJoinTask.doExec(ForkJoinTask.java:373)
	at java.base/java.util.concurrent.ForkJoinPool$WorkQueue.topLevelExec(ForkJoinPool.java:1182)
	at java.base/java.util.concurrent.ForkJoinPool.scan(ForkJoinPool.java:1655)
	at java.base/java.util.concurrent.ForkJoinPool.runWorker(ForkJoinPool.java:1622)
	at java.base/java.util.concurrent.ForkJoinWorkerThread.run(ForkJoinWorkerThread.java:165)
Caused by: org.eclipse.core.runtime.CoreException: プラグイン "org.eclipse.wildwebdeveloper" は、クラス "org.eclipse.wildwebdeveloper.html.HTMLLanguageServer" をインスタンス化できませんでした。
	at org.eclipse.core.internal.registry.osgi.RegistryStrategyOSGI.throwException(RegistryStrategyOSGI.java:212)
	at org.eclipse.core.internal.registry.osgi.RegistryStrategyOSGI.createExecutableExtension(RegistryStrategyOSGI.java:206)
	at org.eclipse.core.internal.registry.ExtensionRegistry.createExecutableExtension(ExtensionRegistry.java:920)
	at org.eclipse.core.internal.registry.ConfigurationElement.createExecutableExtension(ConfigurationElement.java:246)
	at org.eclipse.core.internal.registry.ConfigurationElementHandle.createExecutableExtension(ConfigurationElementHandle.java:63)
	at org.eclipse.lsp4e.LanguageServersRegistry$ExtensionLanguageServerDefinition.createConnectionProvider(LanguageServersRegistry.java:161)
	... 8 more
Caused by: java.lang.reflect.InvocationTargetException
	at jdk.internal.reflect.GeneratedConstructorAccessor102.newInstance(Unknown Source)
	at java.base/jdk.internal.reflect.DelegatingConstructorAccessorImpl.newInstance(DelegatingConstructorAccessorImpl.java:45)
	at java.base/java.lang.reflect.Constructor.newInstanceWithCaller(Constructor.java:499)
	at java.base/java.lang.reflect.Constructor.newInstance(Constructor.java:480)
	at org.eclipse.core.internal.registry.osgi.RegistryStrategyOSGI.createExecutableExtension(RegistryStrategyOSGI.java:204)
	... 12 more
Caused by: java.lang.NullPointerException: Cannot invoke "java.io.File.getAbsolutePath()" because the return value of "org.eclipse.wildwebdeveloper.embedder.node.NodeJSManager.getNodeJsLocation()" is null
	at org.eclipse.wildwebdeveloper.html.HTMLLanguageServer.<init>(HTMLLanguageServer.java:40)
	... 17 more

!ENTRY org.eclipse.lsp4e 4 0 2025-12-27 07:25:31.764
!MESSAGE Cannot invoke "org.eclipse.lsp4e.server.StreamConnectionProvider.getInputStream()" because "this.lspStreamProvider" is null
!STACK 0
java.lang.NullPointerException: Cannot invoke "org.eclipse.lsp4e.server.StreamConnectionProvider.getInputStream()" because "this.lspStreamProvider" is null
	at org.eclipse.lsp4e.LanguageServerWrapper.lambda$1(LanguageServerWrapper.java:284)
	at java.base/java.util.concurrent.CompletableFuture$UniApply.tryFire(CompletableFuture.java:646)
	at java.base/java.util.concurrent.CompletableFuture.postComplete(CompletableFuture.java:510)
	at java.base/java.util.concurrent.CompletableFuture$AsyncSupply.run(CompletableFuture.java:1773)
	at java.base/java.util.concurrent.CompletableFuture$AsyncSupply.exec(CompletableFuture.java:1760)
	at java.base/java.util.concurrent.ForkJoinTask.doExec(ForkJoinTask.java:373)
	at java.base/java.util.concurrent.ForkJoinPool$WorkQueue.topLevelExec(ForkJoinPool.java:1182)
	at java.base/java.util.concurrent.ForkJoinPool.scan(ForkJoinPool.java:1655)
	at java.base/java.util.concurrent.ForkJoinPool.runWorker(ForkJoinPool.java:1622)
	at java.base/java.util.concurrent.ForkJoinWorkerThread.run(ForkJoinWorkerThread.java:165)

!ENTRY org.eclipse.lsp4e 4 0 2025-12-27 07:25:31.766
!MESSAGE Cannot invoke "org.eclipse.lsp4e.server.StreamConnectionProvider.getInputStream()" because "this.lspStreamProvider" is null
!STACK 0
java.lang.NullPointerException: Cannot invoke "org.eclipse.lsp4e.server.StreamConnectionProvider.getInputStream()" because "this.lspStreamProvider" is null
	at org.eclipse.lsp4e.LanguageServerWrapper.lambda$1(LanguageServerWrapper.java:284)
	at java.base/java.util.concurrent.CompletableFuture$UniApply.tryFire(CompletableFuture.java:646)
	at java.base/java.util.concurrent.CompletableFuture.postComplete(CompletableFuture.java:510)
	at java.base/java.util.concurrent.CompletableFuture$AsyncSupply.run(CompletableFuture.java:1773)
	at java.base/java.util.concurrent.CompletableFuture$AsyncSupply.exec(CompletableFuture.java:1760)
	at java.base/java.util.concurrent.ForkJoinTask.doExec(ForkJoinTask.java:373)
	at java.base/java.util.concurrent.ForkJoinPool$WorkQueue.topLevelExec(ForkJoinPool.java:1182)
	at java.base/java.util.concurrent.ForkJoinPool.scan(ForkJoinPool.java:1655)
	at java.base/java.util.concurrent.ForkJoinPool.runWorker(ForkJoinPool.java:1622)
	at java.base/java.util.concurrent.ForkJoinWorkerThread.run(ForkJoinWorkerThread.java:165)

!ENTRY org.eclipse.core.resources 4 568 2025-12-27 07:27:44.074
!MESSAGE '/Servers' のメタデータを書き込みできませんでした。
!STACK 0
java.io.FileNotFoundException: C:\c\Users\t-jim\Documents\Spring_Study\.metadata\.plugins\org.eclipse.core.resources\.projects\Servers\.markers.snap (指定されたパスが見つかりません。)
	at java.base/java.io.FileOutputStream.open0(Native Method)
	at java.base/java.io.FileOutputStream.open(FileOutputStream.java:293)
	at java.base/java.io.FileOutputStream.<init>(FileOutputStream.java:235)
	at java.base/java.io.FileOutputStream.<init>(FileOutputStream.java:155)
	at org.eclipse.core.internal.localstore.SafeChunkyOutputStream.<init>(SafeChunkyOutputStream.java:48)
	at org.eclipse.core.internal.localstore.SafeChunkyOutputStream.<init>(SafeChunkyOutputStream.java:44)
	at org.eclipse.core.internal.resources.SaveManager.visitAndSnap(SaveManager.java:1816)
	at org.eclipse.core.internal.resources.SaveManager.visitAndSnap(SaveManager.java:1897)
	at org.eclipse.core.internal.resources.SaveManager.save(SaveManager.java:1209)
	at org.eclipse.core.internal.resources.SaveManager.save(SaveManager.java:1150)
	at org.eclipse.core.internal.resources.DelayedSnapshotJob.run(DelayedSnapshotJob.java:51)
	at org.eclipse.core.internal.jobs.Worker.run(Worker.java:63)

!ENTRY org.eclipse.lsp4e 4 0 2025-12-27 07:28:05.707
!MESSAGE プラグイン "org.eclipse.wildwebdeveloper" は、クラス "org.eclipse.wildwebdeveloper.html.HTMLLanguageServer" をインスタンス化できませんでした。
!STACK 1
org.eclipse.core.runtime.CoreException: プラグイン "org.eclipse.wildwebdeveloper" は、クラス "org.eclipse.wildwebdeveloper.html.HTMLLanguageServer" をインスタンス化できませんでした。
	at org.eclipse.core.internal.registry.osgi.RegistryStrategyOSGI.throwException(RegistryStrategyOSGI.java:212)
	at org.eclipse.core.internal.registry.osgi.RegistryStrategyOSGI.createExecutableExtension(RegistryStrategyOSGI.java:206)
	at org.eclipse.core.internal.registry.ExtensionRegistry.createExecutableExtension(ExtensionRegistry.java:920)
	at org.eclipse.core.internal.registry.ConfigurationElement.createExecutableExtension(ConfigurationElement.java:246)
	at org.eclipse.core.internal.registry.ConfigurationElementHandle.createExecutableExtension(ConfigurationElementHandle.java:63)
	at org.eclipse.lsp4e.LanguageServersRegistry$ExtensionLanguageServerDefinition.createConnectionProvider(LanguageServersRegistry.java:161)
	at org.eclipse.lsp4e.LanguageServerWrapper.lambda$0(LanguageServerWrapper.java:233)
	at java.base/java.util.concurrent.CompletableFuture$AsyncSupply.run(CompletableFuture.java:1768)
	at java.base/java.util.concurrent.CompletableFuture$AsyncSupply.exec(CompletableFuture.java:1760)
	at java.base/java.util.concurrent.ForkJoinTask.doExec(ForkJoinTask.java:373)
	at java.base/java.util.concurrent.ForkJoinPool$WorkQueue.topLevelExec(ForkJoinPool.java:1182)
	at java.base/java.util.concurrent.ForkJoinPool.scan(ForkJoinPool.java:1655)
	at java.base/java.util.concurrent.ForkJoinPool.runWorker(ForkJoinPool.java:1622)
	at java.base/java.util.concurrent.ForkJoinWorkerThread.run(ForkJoinWorkerThread.java:165)
Caused by: java.lang.reflect.InvocationTargetException
	at jdk.internal.reflect.GeneratedConstructorAccessor102.newInstance(Unknown Source)
	at java.base/jdk.internal.reflect.DelegatingConstructorAccessorImpl.newInstance(DelegatingConstructorAccessorImpl.java:45)
	at java.base/java.lang.reflect.Constructor.newInstanceWithCaller(Constructor.java:499)
	at java.base/java.lang.reflect.Constructor.newInstance(Constructor.java:480)
	at org.eclipse.core.internal.registry.osgi.RegistryStrategyOSGI.createExecutableExtension(RegistryStrategyOSGI.java:204)
	... 12 more
Caused by: java.lang.NullPointerException: Cannot invoke "java.io.File.getAbsolutePath()" because the return value of "org.eclipse.wildwebdeveloper.embedder.node.NodeJSManager.getNodeJsLocation()" is null
	at org.eclipse.wildwebdeveloper.html.HTMLLanguageServer.<init>(HTMLLanguageServer.java:40)
	... 17 more
!SUBENTRY 1 org.eclipse.equinox.registry 4 1 2025-12-27 07:28:05.708
!MESSAGE プラグイン "org.eclipse.wildwebdeveloper" は、クラス "org.eclipse.wildwebdeveloper.html.HTMLLanguageServer" をインスタンス化できませんでした。
!STACK 0
java.lang.reflect.InvocationTargetException
	at jdk.internal.reflect.GeneratedConstructorAccessor102.newInstance(Unknown Source)
	at java.base/jdk.internal.reflect.DelegatingConstructorAccessorImpl.newInstance(DelegatingConstructorAccessorImpl.java:45)
	at java.base/java.lang.reflect.Constructor.newInstanceWithCaller(Constructor.java:499)
	at java.base/java.lang.reflect.Constructor.newInstance(Constructor.java:480)
	at org.eclipse.core.internal.registry.osgi.RegistryStrategyOSGI.createExecutableExtension(RegistryStrategyOSGI.java:204)
	at org.eclipse.core.internal.registry.ExtensionRegistry.createExecutableExtension(ExtensionRegistry.java:920)
	at org.eclipse.core.internal.registry.ConfigurationElement.createExecutableExtension(ConfigurationElement.java:246)
	at org.eclipse.core.internal.registry.ConfigurationElementHandle.createExecutableExtension(ConfigurationElementHandle.java:63)
	at org.eclipse.lsp4e.LanguageServersRegistry$ExtensionLanguageServerDefinition.createConnectionProvider(LanguageServersRegistry.java:161)
	at org.eclipse.lsp4e.LanguageServerWrapper.lambda$0(LanguageServerWrapper.java:233)
	at java.base/java.util.concurrent.CompletableFuture$AsyncSupply.run(CompletableFuture.java:1768)
	at java.base/java.util.concurrent.CompletableFuture$AsyncSupply.exec(CompletableFuture.java:1760)
	at java.base/java.util.concurrent.ForkJoinTask.doExec(ForkJoinTask.java:373)
	at java.base/java.util.concurrent.ForkJoinPool$WorkQueue.topLevelExec(ForkJoinPool.java:1182)
	at java.base/java.util.concurrent.ForkJoinPool.scan(ForkJoinPool.java:1655)
	at java.base/java.util.concurrent.ForkJoinPool.runWorker(ForkJoinPool.java:1622)
	at java.base/java.util.concurrent.ForkJoinWorkerThread.run(ForkJoinWorkerThread.java:165)
Caused by: java.lang.NullPointerException: Cannot invoke "java.io.File.getAbsolutePath()" because the return value of "org.eclipse.wildwebdeveloper.embedder.node.NodeJSManager.getNodeJsLocation()" is null
	at org.eclipse.wildwebdeveloper.html.HTMLLanguageServer.<init>(HTMLLanguageServer.java:40)
	... 17 more
Root exception:
java.lang.NullPointerException: Cannot invoke "java.io.File.getAbsolutePath()" because the return value of "org.eclipse.wildwebdeveloper.embedder.node.NodeJSManager.getNodeJsLocation()" is null
	at org.eclipse.wildwebdeveloper.html.HTMLLanguageServer.<init>(HTMLLanguageServer.java:40)
	at jdk.internal.reflect.GeneratedConstructorAccessor102.newInstance(Unknown Source)
	at java.base/jdk.internal.reflect.DelegatingConstructorAccessorImpl.newInstance(DelegatingConstructorAccessorImpl.java:45)
	at java.base/java.lang.reflect.Constructor.newInstanceWithCaller(Constructor.java:499)
	at java.base/java.lang.reflect.Constructor.newInstance(Constructor.java:480)
	at org.eclipse.core.internal.registry.osgi.RegistryStrategyOSGI.createExecutableExtension(RegistryStrategyOSGI.java:204)
	at org.eclipse.core.internal.registry.ExtensionRegistry.createExecutableExtension(ExtensionRegistry.java:920)
	at org.eclipse.core.internal.registry.ConfigurationElement.createExecutableExtension(ConfigurationElement.java:246)
	at org.eclipse.core.internal.registry.ConfigurationElementHandle.createExecutableExtension(ConfigurationElementHandle.java:63)
	at org.eclipse.lsp4e.LanguageServersRegistry$ExtensionLanguageServerDefinition.createConnectionProvider(LanguageServersRegistry.java:161)
	at org.eclipse.lsp4e.LanguageServerWrapper.lambda$0(LanguageServerWrapper.java:233)
	at java.base/java.util.concurrent.CompletableFuture$AsyncSupply.run(CompletableFuture.java:1768)
	at java.base/java.util.concurrent.CompletableFuture$AsyncSupply.exec(CompletableFuture.java:1760)
	at java.base/java.util.concurrent.ForkJoinTask.doExec(ForkJoinTask.java:373)
	at java.base/java.util.concurrent.ForkJoinPool$WorkQueue.topLevelExec(ForkJoinPool.java:1182)
	at java.base/java.util.concurrent.ForkJoinPool.scan(ForkJoinPool.java:1655)
	at java.base/java.util.concurrent.ForkJoinPool.runWorker(ForkJoinPool.java:1622)
	at java.base/java.util.concurrent.ForkJoinWorkerThread.run(ForkJoinWorkerThread.java:165)

!ENTRY org.eclipse.lsp4e 4 0 2025-12-27 07:28:05.708
!MESSAGE Exception occurred while creating an instance of the stream connection provider
!STACK 0
java.lang.RuntimeException: Exception occurred while creating an instance of the stream connection provider
	at org.eclipse.lsp4e.LanguageServersRegistry$ExtensionLanguageServerDefinition.createConnectionProvider(LanguageServersRegistry.java:164)
	at org.eclipse.lsp4e.LanguageServerWrapper.lambda$0(LanguageServerWrapper.java:233)
	at java.base/java.util.concurrent.CompletableFuture$AsyncSupply.run(CompletableFuture.java:1768)
	at java.base/java.util.concurrent.CompletableFuture$AsyncSupply.exec(CompletableFuture.java:1760)
	at java.base/java.util.concurrent.ForkJoinTask.doExec(ForkJoinTask.java:373)
	at java.base/java.util.concurrent.ForkJoinPool$WorkQueue.topLevelExec(ForkJoinPool.java:1182)
	at java.base/java.util.concurrent.ForkJoinPool.scan(ForkJoinPool.java:1655)
	at java.base/java.util.concurrent.ForkJoinPool.runWorker(ForkJoinPool.java:1622)
	at java.base/java.util.concurrent.ForkJoinWorkerThread.run(ForkJoinWorkerThread.java:165)
Caused by: org.eclipse.core.runtime.CoreException: プラグイン "org.eclipse.wildwebdeveloper" は、クラス "org.eclipse.wildwebdeveloper.html.HTMLLanguageServer" をインスタンス化できませんでした。
	at org.eclipse.core.internal.registry.osgi.RegistryStrategyOSGI.throwException(RegistryStrategyOSGI.java:212)
	at org.eclipse.core.internal.registry.osgi.RegistryStrategyOSGI.createExecutableExtension(RegistryStrategyOSGI.java:206)
	at org.eclipse.core.internal.registry.ExtensionRegistry.createExecutableExtension(ExtensionRegistry.java:920)
	at org.eclipse.core.internal.registry.ConfigurationElement.createExecutableExtension(ConfigurationElement.java:246)
	at org.eclipse.core.internal.registry.ConfigurationElementHandle.createExecutableExtension(ConfigurationElementHandle.java:63)
	at org.eclipse.lsp4e.LanguageServersRegistry$ExtensionLanguageServerDefinition.createConnectionProvider(LanguageServersRegistry.java:161)
	... 8 more
Caused by: java.lang.reflect.InvocationTargetException
	at jdk.internal.reflect.GeneratedConstructorAccessor102.newInstance(Unknown Source)
	at java.base/jdk.internal.reflect.DelegatingConstructorAccessorImpl.newInstance(DelegatingConstructorAccessorImpl.java:45)
	at java.base/java.lang.reflect.Constructor.newInstanceWithCaller(Constructor.java:499)
	at java.base/java.lang.reflect.Constructor.newInstance(Constructor.java:480)
	at org.eclipse.core.internal.registry.osgi.RegistryStrategyOSGI.createExecutableExtension(RegistryStrategyOSGI.java:204)
	... 12 more
Caused by: java.lang.NullPointerException: Cannot invoke "java.io.File.getAbsolutePath()" because the return value of "org.eclipse.wildwebdeveloper.embedder.node.NodeJSManager.getNodeJsLocation()" is null
	at org.eclipse.wildwebdeveloper.html.HTMLLanguageServer.<init>(HTMLLanguageServer.java:40)
	... 17 more

!ENTRY org.eclipse.lsp4e 4 0 2025-12-27 07:28:05.708
!MESSAGE Cannot invoke "org.eclipse.lsp4e.server.StreamConnectionProvider.getInputStream()" because "this.lspStreamProvider" is null
!STACK 0
java.lang.NullPointerException: Cannot invoke "org.eclipse.lsp4e.server.StreamConnectionProvider.getInputStream()" because "this.lspStreamProvider" is null
	at org.eclipse.lsp4e.LanguageServerWrapper.lambda$1(LanguageServerWrapper.java:284)
	at java.base/java.util.concurrent.CompletableFuture$UniApply.tryFire(CompletableFuture.java:646)
	at java.base/java.util.concurrent.CompletableFuture.postComplete(CompletableFuture.java:510)
	at java.base/java.util.concurrent.CompletableFuture$AsyncSupply.run(CompletableFuture.java:1773)
	at java.base/java.util.concurrent.CompletableFuture$AsyncSupply.exec(CompletableFuture.java:1760)
	at java.base/java.util.concurrent.ForkJoinTask.doExec(ForkJoinTask.java:373)
	at java.base/java.util.concurrent.ForkJoinPool$WorkQueue.topLevelExec(ForkJoinPool.java:1182)
	at java.base/java.util.concurrent.ForkJoinPool.scan(ForkJoinPool.java:1655)
	at java.base/java.util.concurrent.ForkJoinPool.runWorker(ForkJoinPool.java:1622)
	at java.base/java.util.concurrent.ForkJoinWorkerThread.run(ForkJoinWorkerThread.java:165)

!ENTRY org.eclipse.lsp4e 4 0 2025-12-27 07:28:05.711
!MESSAGE プラグイン "org.eclipse.wildwebdeveloper" は、クラス "org.eclipse.wildwebdeveloper.angular.AngularLanguageServer" をインスタンス化できませんでした。
!STACK 1
org.eclipse.core.runtime.CoreException: プラグイン "org.eclipse.wildwebdeveloper" は、クラス "org.eclipse.wildwebdeveloper.angular.AngularLanguageServer" をインスタンス化できませんでした。
	at org.eclipse.core.internal.registry.osgi.RegistryStrategyOSGI.throwException(RegistryStrategyOSGI.java:212)
	at org.eclipse.core.internal.registry.osgi.RegistryStrategyOSGI.createExecutableExtension(RegistryStrategyOSGI.java:206)
	at org.eclipse.core.internal.registry.ExtensionRegistry.createExecutableExtension(ExtensionRegistry.java:920)
	at org.eclipse.core.internal.registry.ConfigurationElement.createExecutableExtension(ConfigurationElement.java:246)
	at org.eclipse.core.internal.registry.ConfigurationElementHandle.createExecutableExtension(ConfigurationElementHandle.java:63)
	at org.eclipse.lsp4e.LanguageServersRegistry$ExtensionLanguageServerDefinition.createConnectionProvider(LanguageServersRegistry.java:161)
	at org.eclipse.lsp4e.LanguageServerWrapper.lambda$0(LanguageServerWrapper.java:233)
	at java.base/java.util.concurrent.CompletableFuture$AsyncSupply.run(CompletableFuture.java:1768)
	at java.base/java.util.concurrent.CompletableFuture$AsyncSupply.exec(CompletableFuture.java:1760)
	at java.base/java.util.concurrent.ForkJoinTask.doExec(ForkJoinTask.java:373)
	at java.base/java.util.concurrent.ForkJoinPool$WorkQueue.topLevelExec(ForkJoinPool.java:1182)
	at java.base/java.util.concurrent.ForkJoinPool.scan(ForkJoinPool.java:1655)
	at java.base/java.util.concurrent.ForkJoinPool.runWorker(ForkJoinPool.java:1622)
	at java.base/java.util.concurrent.ForkJoinWorkerThread.run(ForkJoinWorkerThread.java:165)
Caused by: java.lang.reflect.InvocationTargetException
	at jdk.internal.reflect.GeneratedConstructorAccessor101.newInstance(Unknown Source)
	at java.base/jdk.internal.reflect.DelegatingConstructorAccessorImpl.newInstance(DelegatingConstructorAccessorImpl.java:45)
	at java.base/java.lang.reflect.Constructor.newInstanceWithCaller(Constructor.java:499)
	at java.base/java.lang.reflect.Constructor.newInstance(Constructor.java:480)
	at org.eclipse.core.internal.registry.osgi.RegistryStrategyOSGI.createExecutableExtension(RegistryStrategyOSGI.java:204)
	... 12 more
Caused by: java.lang.NullPointerException: Cannot invoke "java.io.File.getAbsolutePath()" because the return value of "org.eclipse.wildwebdeveloper.embedder.node.NodeJSManager.getNodeJsLocation()" is null
	at org.eclipse.wildwebdeveloper.angular.AngularLanguageServer.<init>(AngularLanguageServer.java:43)
	... 17 more
!SUBENTRY 1 org.eclipse.equinox.registry 4 1 2025-12-27 07:28:05.712
!MESSAGE プラグイン "org.eclipse.wildwebdeveloper" は、クラス "org.eclipse.wildwebdeveloper.angular.AngularLanguageServer" をインスタンス化できませんでした。
!STACK 0
java.lang.reflect.InvocationTargetException
	at jdk.internal.reflect.GeneratedConstructorAccessor101.newInstance(Unknown Source)
	at java.base/jdk.internal.reflect.DelegatingConstructorAccessorImpl.newInstance(DelegatingConstructorAccessorImpl.java:45)
	at java.base/java.lang.reflect.Constructor.newInstanceWithCaller(Constructor.java:499)
	at java.base/java.lang.reflect.Constructor.newInstance(Constructor.java:480)
	at org.eclipse.core.internal.registry.osgi.RegistryStrategyOSGI.createExecutableExtension(RegistryStrategyOSGI.java:204)
	at org.eclipse.core.internal.registry.ExtensionRegistry.createExecutableExtension(ExtensionRegistry.java:920)
	at org.eclipse.core.internal.registry.ConfigurationElement.createExecutableExtension(ConfigurationElement.java:246)
	at org.eclipse.core.internal.registry.ConfigurationElementHandle.createExecutableExtension(ConfigurationElementHandle.java:63)
	at org.eclipse.lsp4e.LanguageServersRegistry$ExtensionLanguageServerDefinition.createConnectionProvider(LanguageServersRegistry.java:161)
	at org.eclipse.lsp4e.LanguageServerWrapper.lambda$0(LanguageServerWrapper.java:233)
	at java.base/java.util.concurrent.CompletableFuture$AsyncSupply.run(CompletableFuture.java:1768)
	at java.base/java.util.concurrent.CompletableFuture$AsyncSupply.exec(CompletableFuture.java:1760)
	at java.base/java.util.concurrent.ForkJoinTask.doExec(ForkJoinTask.java:373)
	at java.base/java.util.concurrent.ForkJoinPool$WorkQueue.topLevelExec(ForkJoinPool.java:1182)
	at java.base/java.util.concurrent.ForkJoinPool.scan(ForkJoinPool.java:1655)
	at java.base/java.util.concurrent.ForkJoinPool.runWorker(ForkJoinPool.java:1622)
	at java.base/java.util.concurrent.ForkJoinWorkerThread.run(ForkJoinWorkerThread.java:165)
Caused by: java.lang.NullPointerException: Cannot invoke "java.io.File.getAbsolutePath()" because the return value of "org.eclipse.wildwebdeveloper.embedder.node.NodeJSManager.getNodeJsLocation()" is null
	at org.eclipse.wildwebdeveloper.angular.AngularLanguageServer.<init>(AngularLanguageServer.java:43)
	... 17 more
Root exception:
java.lang.NullPointerException: Cannot invoke "java.io.File.getAbsolutePath()" because the return value of "org.eclipse.wildwebdeveloper.embedder.node.NodeJSManager.getNodeJsLocation()" is null
	at org.eclipse.wildwebdeveloper.angular.AngularLanguageServer.<init>(AngularLanguageServer.java:43)
	at jdk.internal.reflect.GeneratedConstructorAccessor101.newInstance(Unknown Source)
	at java.base/jdk.internal.reflect.DelegatingConstructorAccessorImpl.newInstance(DelegatingConstructorAccessorImpl.java:45)
	at java.base/java.lang.reflect.Constructor.newInstanceWithCaller(Constructor.java:499)
	at java.base/java.lang.reflect.Constructor.newInstance(Constructor.java:480)
	at org.eclipse.core.internal.registry.osgi.RegistryStrategyOSGI.createExecutableExtension(RegistryStrategyOSGI.java:204)
	at org.eclipse.core.internal.registry.ExtensionRegistry.createExecutableExtension(ExtensionRegistry.java:920)
	at org.eclipse.core.internal.registry.ConfigurationElement.createExecutableExtension(ConfigurationElement.java:246)
	at org.eclipse.core.internal.registry.ConfigurationElementHandle.createExecutableExtension(ConfigurationElementHandle.java:63)
	at org.eclipse.lsp4e.LanguageServersRegistry$ExtensionLanguageServerDefinition.createConnectionProvider(LanguageServersRegistry.java:161)
	at org.eclipse.lsp4e.LanguageServerWrapper.lambda$0(LanguageServerWrapper.java:233)
	at java.base/java.util.concurrent.CompletableFuture$AsyncSupply.run(CompletableFuture.java:1768)
	at java.base/java.util.concurrent.CompletableFuture$AsyncSupply.exec(CompletableFuture.java:1760)
	at java.base/java.util.concurrent.ForkJoinTask.doExec(ForkJoinTask.java:373)
	at java.base/java.util.concurrent.ForkJoinPool$WorkQueue.topLevelExec(ForkJoinPool.java:1182)
	at java.base/java.util.concurrent.ForkJoinPool.scan(ForkJoinPool.java:1655)
	at java.base/java.util.concurrent.ForkJoinPool.runWorker(ForkJoinPool.java:1622)
	at java.base/java.util.concurrent.ForkJoinWorkerThread.run(ForkJoinWorkerThread.java:165)

!ENTRY org.eclipse.lsp4e 4 0 2025-12-27 07:28:05.712
!MESSAGE Exception occurred while creating an instance of the stream connection provider
!STACK 0
java.lang.RuntimeException: Exception occurred while creating an instance of the stream connection provider
	at org.eclipse.lsp4e.LanguageServersRegistry$ExtensionLanguageServerDefinition.createConnectionProvider(LanguageServersRegistry.java:164)
	at org.eclipse.lsp4e.LanguageServerWrapper.lambda$0(LanguageServerWrapper.java:233)
	at java.base/java.util.concurrent.CompletableFuture$AsyncSupply.run(CompletableFuture.java:1768)
	at java.base/java.util.concurrent.CompletableFuture$AsyncSupply.exec(CompletableFuture.java:1760)
	at java.base/java.util.concurrent.ForkJoinTask.doExec(ForkJoinTask.java:373)
	at java.base/java.util.concurrent.ForkJoinPool$WorkQueue.topLevelExec(ForkJoinPool.java:1182)
	at java.base/java.util.concurrent.ForkJoinPool.scan(ForkJoinPool.java:1655)
	at java.base/java.util.concurrent.ForkJoinPool.runWorker(ForkJoinPool.java:1622)
	at java.base/java.util.concurrent.ForkJoinWorkerThread.run(ForkJoinWorkerThread.java:165)
Caused by: org.eclipse.core.runtime.CoreException: プラグイン "org.eclipse.wildwebdeveloper" は、クラス "org.eclipse.wildwebdeveloper.angular.AngularLanguageServer" をインスタンス化できませんでした。
	at org.eclipse.core.internal.registry.osgi.RegistryStrategyOSGI.throwException(RegistryStrategyOSGI.java:212)
	at org.eclipse.core.internal.registry.osgi.RegistryStrategyOSGI.createExecutableExtension(RegistryStrategyOSGI.java:206)
	at org.eclipse.core.internal.registry.ExtensionRegistry.createExecutableExtension(ExtensionRegistry.java:920)
	at org.eclipse.core.internal.registry.ConfigurationElement.createExecutableExtension(ConfigurationElement.java:246)
	at org.eclipse.core.internal.registry.ConfigurationElementHandle.createExecutableExtension(ConfigurationElementHandle.java:63)
	at org.eclipse.lsp4e.LanguageServersRegistry$ExtensionLanguageServerDefinition.createConnectionProvider(LanguageServersRegistry.java:161)
	... 8 more
Caused by: java.lang.reflect.InvocationTargetException
	at jdk.internal.reflect.GeneratedConstructorAccessor101.newInstance(Unknown Source)
	at java.base/jdk.internal.reflect.DelegatingConstructorAccessorImpl.newInstance(DelegatingConstructorAccessorImpl.java:45)
	at java.base/java.lang.reflect.Constructor.newInstanceWithCaller(Constructor.java:499)
	at java.base/java.lang.reflect.Constructor.newInstance(Constructor.java:480)
	at org.eclipse.core.internal.registry.osgi.RegistryStrategyOSGI.createExecutableExtension(RegistryStrategyOSGI.java:204)
	... 12 more
Caused by: java.lang.NullPointerException: Cannot invoke "java.io.File.getAbsolutePath()" because the return value of "org.eclipse.wildwebdeveloper.embedder.node.NodeJSManager.getNodeJsLocation()" is null
	at org.eclipse.wildwebdeveloper.angular.AngularLanguageServer.<init>(AngularLanguageServer.java:43)
	... 17 more

!ENTRY org.eclipse.lsp4e 4 0 2025-12-27 07:28:05.713
!MESSAGE Cannot invoke "org.eclipse.lsp4e.server.StreamConnectionProvider.getInputStream()" because "this.lspStreamProvider" is null
!STACK 0
java.lang.NullPointerException: Cannot invoke "org.eclipse.lsp4e.server.StreamConnectionProvider.getInputStream()" because "this.lspStreamProvider" is null
	at org.eclipse.lsp4e.LanguageServerWrapper.lambda$1(LanguageServerWrapper.java:284)
	at java.base/java.util.concurrent.CompletableFuture$UniApply.tryFire(CompletableFuture.java:646)
	at java.base/java.util.concurrent.CompletableFuture.postComplete(CompletableFuture.java:510)
	at java.base/java.util.concurrent.CompletableFuture$AsyncSupply.run(CompletableFuture.java:1773)
	at java.base/java.util.concurrent.CompletableFuture$AsyncSupply.exec(CompletableFuture.java:1760)
	at java.base/java.util.concurrent.ForkJoinTask.doExec(ForkJoinTask.java:373)
	at java.base/java.util.concurrent.ForkJoinPool$WorkQueue.topLevelExec(ForkJoinPool.java:1182)
	at java.base/java.util.concurrent.ForkJoinPool.scan(ForkJoinPool.java:1655)
	at java.base/java.util.concurrent.ForkJoinPool.runWorker(ForkJoinPool.java:1622)
	at java.base/java.util.concurrent.ForkJoinWorkerThread.run(ForkJoinWorkerThread.java:165)

!ENTRY org.eclipse.lsp4e 4 0 2025-12-27 07:28:05.779
!MESSAGE プラグイン "org.eclipse.wildwebdeveloper" は、クラス "org.eclipse.wildwebdeveloper.html.HTMLLanguageServer" をインスタンス化できませんでした。
!STACK 1
org.eclipse.core.runtime.CoreException: プラグイン "org.eclipse.wildwebdeveloper" は、クラス "org.eclipse.wildwebdeveloper.html.HTMLLanguageServer" をインスタンス化できませんでした。
	at org.eclipse.core.internal.registry.osgi.RegistryStrategyOSGI.throwException(RegistryStrategyOSGI.java:212)
	at org.eclipse.core.internal.registry.osgi.RegistryStrategyOSGI.createExecutableExtension(RegistryStrategyOSGI.java:206)
	at org.eclipse.core.internal.registry.ExtensionRegistry.createExecutableExtension(ExtensionRegistry.java:920)
	at org.eclipse.core.internal.registry.ConfigurationElement.createExecutableExtension(ConfigurationElement.java:246)
	at org.eclipse.core.internal.registry.ConfigurationElementHandle.createExecutableExtension(ConfigurationElementHandle.java:63)
	at org.eclipse.lsp4e.LanguageServersRegistry$ExtensionLanguageServerDefinition.createConnectionProvider(LanguageServersRegistry.java:161)
	at org.eclipse.lsp4e.LanguageServerWrapper.lambda$0(LanguageServerWrapper.java:233)
	at java.base/java.util.concurrent.CompletableFuture$AsyncSupply.run(CompletableFuture.java:1768)
	at java.base/java.util.concurrent.CompletableFuture$AsyncSupply.exec(CompletableFuture.java:1760)
	at java.base/java.util.concurrent.ForkJoinTask.doExec(ForkJoinTask.java:373)
	at java.base/java.util.concurrent.ForkJoinPool$WorkQueue.topLevelExec(ForkJoinPool.java:1182)
	at java.base/java.util.concurrent.ForkJoinPool.scan(ForkJoinPool.java:1655)
	at java.base/java.util.concurrent.ForkJoinPool.runWorker(ForkJoinPool.java:1622)
	at java.base/java.util.concurrent.ForkJoinWorkerThread.run(ForkJoinWorkerThread.java:165)
Caused by: java.lang.reflect.InvocationTargetException
	at jdk.internal.reflect.GeneratedConstructorAccessor102.newInstance(Unknown Source)
	at java.base/jdk.internal.reflect.DelegatingConstructorAccessorImpl.newInstance(DelegatingConstructorAccessorImpl.java:45)
	at java.base/java.lang.reflect.Constructor.newInstanceWithCaller(Constructor.java:499)
	at java.base/java.lang.reflect.Constructor.newInstance(Constructor.java:480)
	at org.eclipse.core.internal.registry.osgi.RegistryStrategyOSGI.createExecutableExtension(RegistryStrategyOSGI.java:204)
	... 12 more
Caused by: java.lang.NullPointerException: Cannot invoke "java.io.File.getAbsolutePath()" because the return value of "org.eclipse.wildwebdeveloper.embedder.node.NodeJSManager.getNodeJsLocation()" is null
	at org.eclipse.wildwebdeveloper.html.HTMLLanguageServer.<init>(HTMLLanguageServer.java:40)
	... 17 more
!SUBENTRY 1 org.eclipse.equinox.registry 4 1 2025-12-27 07:28:05.779
!MESSAGE プラグイン "org.eclipse.wildwebdeveloper" は、クラス "org.eclipse.wildwebdeveloper.html.HTMLLanguageServer" をインスタンス化できませんでした。
!STACK 0
java.lang.reflect.InvocationTargetException
	at jdk.internal.reflect.GeneratedConstructorAccessor102.newInstance(Unknown Source)
	at java.base/jdk.internal.reflect.DelegatingConstructorAccessorImpl.newInstance(DelegatingConstructorAccessorImpl.java:45)
	at java.base/java.lang.reflect.Constructor.newInstanceWithCaller(Constructor.java:499)
	at java.base/java.lang.reflect.Constructor.newInstance(Constructor.java:480)
	at org.eclipse.core.internal.registry.osgi.RegistryStrategyOSGI.createExecutableExtension(RegistryStrategyOSGI.java:204)
	at org.eclipse.core.internal.registry.ExtensionRegistry.createExecutableExtension(ExtensionRegistry.java:920)
	at org.eclipse.core.internal.registry.ConfigurationElement.createExecutableExtension(ConfigurationElement.java:246)
	at org.eclipse.core.internal.registry.ConfigurationElementHandle.createExecutableExtension(ConfigurationElementHandle.java:63)
	at org.eclipse.lsp4e.LanguageServersRegistry$ExtensionLanguageServerDefinition.createConnectionProvider(LanguageServersRegistry.java:161)
	at org.eclipse.lsp4e.LanguageServerWrapper.lambda$0(LanguageServerWrapper.java:233)
	at java.base/java.util.concurrent.CompletableFuture$AsyncSupply.run(CompletableFuture.java:1768)
	at java.base/java.util.concurrent.CompletableFuture$AsyncSupply.exec(CompletableFuture.java:1760)
	at java.base/java.util.concurrent.ForkJoinTask.doExec(ForkJoinTask.java:373)
	at java.base/java.util.concurrent.ForkJoinPool$WorkQueue.topLevelExec(ForkJoinPool.java:1182)
	at java.base/java.util.concurrent.ForkJoinPool.scan(ForkJoinPool.java:1655)
	at java.base/java.util.concurrent.ForkJoinPool.runWorker(ForkJoinPool.java:1622)
	at java.base/java.util.concurrent.ForkJoinWorkerThread.run(ForkJoinWorkerThread.java:165)
Caused by: java.lang.NullPointerException: Cannot invoke "java.io.File.getAbsolutePath()" because the return value of "org.eclipse.wildwebdeveloper.embedder.node.NodeJSManager.getNodeJsLocation()" is null
	at org.eclipse.wildwebdeveloper.html.HTMLLanguageServer.<init>(HTMLLanguageServer.java:40)
	... 17 more
Root exception:
java.lang.NullPointerException: Cannot invoke "java.io.File.getAbsolutePath()" because the return value of "org.eclipse.wildwebdeveloper.embedder.node.NodeJSManager.getNodeJsLocation()" is null
	at org.eclipse.wildwebdeveloper.html.HTMLLanguageServer.<init>(HTMLLanguageServer.java:40)
	at jdk.internal.reflect.GeneratedConstructorAccessor102.newInstance(Unknown Source)
	at java.base/jdk.internal.reflect.DelegatingConstructorAccessorImpl.newInstance(DelegatingConstructorAccessorImpl.java:45)
	at java.base/java.lang.reflect.Constructor.newInstanceWithCaller(Constructor.java:499)
	at java.base/java.lang.reflect.Constructor.newInstance(Constructor.java:480)
	at org.eclipse.core.internal.registry.osgi.RegistryStrategyOSGI.createExecutableExtension(RegistryStrategyOSGI.java:204)
	at org.eclipse.core.internal.registry.ExtensionRegistry.createExecutableExtension(ExtensionRegistry.java:920)
	at org.eclipse.core.internal.registry.ConfigurationElement.createExecutableExtension(ConfigurationElement.java:246)
	at org.eclipse.core.internal.registry.ConfigurationElementHandle.createExecutableExtension(ConfigurationElementHandle.java:63)
	at org.eclipse.lsp4e.LanguageServersRegistry$ExtensionLanguageServerDefinition.createConnectionProvider(LanguageServersRegistry.java:161)
	at org.eclipse.lsp4e.LanguageServerWrapper.lambda$0(LanguageServerWrapper.java:233)
	at java.base/java.util.concurrent.CompletableFuture$AsyncSupply.run(CompletableFuture.java:1768)
	at java.base/java.util.concurrent.CompletableFuture$AsyncSupply.exec(CompletableFuture.java:1760)
	at java.base/java.util.concurrent.ForkJoinTask.doExec(ForkJoinTask.java:373)
	at java.base/java.util.concurrent.ForkJoinPool$WorkQueue.topLevelExec(ForkJoinPool.java:1182)
	at java.base/java.util.concurrent.ForkJoinPool.scan(ForkJoinPool.java:1655)
	at java.base/java.util.concurrent.ForkJoinPool.runWorker(ForkJoinPool.java:1622)
	at java.base/java.util.concurrent.ForkJoinWorkerThread.run(ForkJoinWorkerThread.java:165)

!ENTRY org.eclipse.lsp4e 4 0 2025-12-27 07:28:05.779
!MESSAGE Exception occurred while creating an instance of the stream connection provider
!STACK 0
java.lang.RuntimeException: Exception occurred while creating an instance of the stream connection provider
	at org.eclipse.lsp4e.LanguageServersRegistry$ExtensionLanguageServerDefinition.createConnectionProvider(LanguageServersRegistry.java:164)
	at org.eclipse.lsp4e.LanguageServerWrapper.lambda$0(LanguageServerWrapper.java:233)
	at java.base/java.util.concurrent.CompletableFuture$AsyncSupply.run(CompletableFuture.java:1768)
	at java.base/java.util.concurrent.CompletableFuture$AsyncSupply.exec(CompletableFuture.java:1760)
	at java.base/java.util.concurrent.ForkJoinTask.doExec(ForkJoinTask.java:373)
	at java.base/java.util.concurrent.ForkJoinPool$WorkQueue.topLevelExec(ForkJoinPool.java:1182)
	at java.base/java.util.concurrent.ForkJoinPool.scan(ForkJoinPool.java:1655)
	at java.base/java.util.concurrent.ForkJoinPool.runWorker(ForkJoinPool.java:1622)
	at java.base/java.util.concurrent.ForkJoinWorkerThread.run(ForkJoinWorkerThread.java:165)
Caused by: org.eclipse.core.runtime.CoreException: プラグイン "org.eclipse.wildwebdeveloper" は、クラス "org.eclipse.wildwebdeveloper.html.HTMLLanguageServer" をインスタンス化できませんでした。
	at org.eclipse.core.internal.registry.osgi.RegistryStrategyOSGI.throwException(RegistryStrategyOSGI.java:212)
	at org.eclipse.core.internal.registry.osgi.RegistryStrategyOSGI.createExecutableExtension(RegistryStrategyOSGI.java:206)
	at org.eclipse.core.internal.registry.ExtensionRegistry.createExecutableExtension(ExtensionRegistry.java:920)
	at org.eclipse.core.internal.registry.ConfigurationElement.createExecutableExtension(ConfigurationElement.java:246)
	at org.eclipse.core.internal.registry.ConfigurationElementHandle.createExecutableExtension(ConfigurationElementHandle.java:63)
	at org.eclipse.lsp4e.LanguageServersRegistry$ExtensionLanguageServerDefinition.createConnectionProvider(LanguageServersRegistry.java:161)
	... 8 more
Caused by: java.lang.reflect.InvocationTargetException
	at jdk.internal.reflect.GeneratedConstructorAccessor102.newInstance(Unknown Source)
	at java.base/jdk.internal.reflect.DelegatingConstructorAccessorImpl.newInstance(DelegatingConstructorAccessorImpl.java:45)
	at java.base/java.lang.reflect.Constructor.newInstanceWithCaller(Constructor.java:499)
	at java.base/java.lang.reflect.Constructor.newInstance(Constructor.java:480)
	at org.eclipse.core.internal.registry.osgi.RegistryStrategyOSGI.createExecutableExtension(RegistryStrategyOSGI.java:204)
	... 12 more
Caused by: java.lang.NullPointerException: Cannot invoke "java.io.File.getAbsolutePath()" because the return value of "org.eclipse.wildwebdeveloper.embedder.node.NodeJSManager.getNodeJsLocation()" is null
	at org.eclipse.wildwebdeveloper.html.HTMLLanguageServer.<init>(HTMLLanguageServer.java:40)
	... 17 more

!ENTRY org.eclipse.lsp4e 4 0 2025-12-27 07:28:05.781
!MESSAGE Cannot invoke "org.eclipse.lsp4e.server.StreamConnectionProvider.getInputStream()" because "this.lspStreamProvider" is null
!STACK 0
java.lang.NullPointerException: Cannot invoke "org.eclipse.lsp4e.server.StreamConnectionProvider.getInputStream()" because "this.lspStreamProvider" is null
	at org.eclipse.lsp4e.LanguageServerWrapper.lambda$1(LanguageServerWrapper.java:284)
	at java.base/java.util.concurrent.CompletableFuture$UniApply.tryFire(CompletableFuture.java:646)
	at java.base/java.util.concurrent.CompletableFuture.postComplete(CompletableFuture.java:510)
	at java.base/java.util.concurrent.CompletableFuture$AsyncSupply.run(CompletableFuture.java:1773)
	at java.base/java.util.concurrent.CompletableFuture$AsyncSupply.exec(CompletableFuture.java:1760)
	at java.base/java.util.concurrent.ForkJoinTask.doExec(ForkJoinTask.java:373)
	at java.base/java.util.concurrent.ForkJoinPool$WorkQueue.topLevelExec(ForkJoinPool.java:1182)
	at java.base/java.util.concurrent.ForkJoinPool.scan(ForkJoinPool.java:1655)
	at java.base/java.util.concurrent.ForkJoinPool.runWorker(ForkJoinPool.java:1622)
	at java.base/java.util.concurrent.ForkJoinWorkerThread.run(ForkJoinWorkerThread.java:165)

!ENTRY org.eclipse.lsp4e 4 0 2025-12-27 07:28:05.781
!MESSAGE プラグイン "org.eclipse.wildwebdeveloper" は、クラス "org.eclipse.wildwebdeveloper.angular.AngularLanguageServer" をインスタンス化できませんでした。
!STACK 1
org.eclipse.core.runtime.CoreException: プラグイン "org.eclipse.wildwebdeveloper" は、クラス "org.eclipse.wildwebdeveloper.angular.AngularLanguageServer" をインスタンス化できませんでした。
	at org.eclipse.core.internal.registry.osgi.RegistryStrategyOSGI.throwException(RegistryStrategyOSGI.java:212)
	at org.eclipse.core.internal.registry.osgi.RegistryStrategyOSGI.createExecutableExtension(RegistryStrategyOSGI.java:206)
	at org.eclipse.core.internal.registry.ExtensionRegistry.createExecutableExtension(ExtensionRegistry.java:920)
	at org.eclipse.core.internal.registry.ConfigurationElement.createExecutableExtension(ConfigurationElement.java:246)
	at org.eclipse.core.internal.registry.ConfigurationElementHandle.createExecutableExtension(ConfigurationElementHandle.java:63)
	at org.eclipse.lsp4e.LanguageServersRegistry$ExtensionLanguageServerDefinition.createConnectionProvider(LanguageServersRegistry.java:161)
	at org.eclipse.lsp4e.LanguageServerWrapper.lambda$0(LanguageServerWrapper.java:233)
	at java.base/java.util.concurrent.CompletableFuture$AsyncSupply.run(CompletableFuture.java:1768)
	at java.base/java.util.concurrent.CompletableFuture$AsyncSupply.exec(CompletableFuture.java:1760)
	at java.base/java.util.concurrent.ForkJoinTask.doExec(ForkJoinTask.java:373)
	at java.base/java.util.concurrent.ForkJoinPool$WorkQueue.topLevelExec(ForkJoinPool.java:1182)
	at java.base/java.util.concurrent.ForkJoinPool.scan(ForkJoinPool.java:1655)
	at java.base/java.util.concurrent.ForkJoinPool.runWorker(ForkJoinPool.java:1622)
	at java.base/java.util.concurrent.ForkJoinWorkerThread.run(ForkJoinWorkerThread.java:165)
Caused by: java.lang.reflect.InvocationTargetException
	at jdk.internal.reflect.GeneratedConstructorAccessor101.newInstance(Unknown Source)
	at java.base/jdk.internal.reflect.DelegatingConstructorAccessorImpl.newInstance(DelegatingConstructorAccessorImpl.java:45)
	at java.base/java.lang.reflect.Constructor.newInstanceWithCaller(Constructor.java:499)
	at java.base/java.lang.reflect.Constructor.newInstance(Constructor.java:480)
	at org.eclipse.core.internal.registry.osgi.RegistryStrategyOSGI.createExecutableExtension(RegistryStrategyOSGI.java:204)
	... 12 more
Caused by: java.lang.NullPointerException: Cannot invoke "java.io.File.getAbsolutePath()" because the return value of "org.eclipse.wildwebdeveloper.embedder.node.NodeJSManager.getNodeJsLocation()" is null
	at org.eclipse.wildwebdeveloper.angular.AngularLanguageServer.<init>(AngularLanguageServer.java:43)
	... 17 more
!SUBENTRY 1 org.eclipse.equinox.registry 4 1 2025-12-27 07:28:05.782
!MESSAGE プラグイン "org.eclipse.wildwebdeveloper" は、クラス "org.eclipse.wildwebdeveloper.angular.AngularLanguageServer" をインスタンス化できませんでした。
!STACK 0
java.lang.reflect.InvocationTargetException
	at jdk.internal.reflect.GeneratedConstructorAccessor101.newInstance(Unknown Source)
	at java.base/jdk.internal.reflect.DelegatingConstructorAccessorImpl.newInstance(DelegatingConstructorAccessorImpl.java:45)
	at java.base/java.lang.reflect.Constructor.newInstanceWithCaller(Constructor.java:499)
	at java.base/java.lang.reflect.Constructor.newInstance(Constructor.java:480)
	at org.eclipse.core.internal.registry.osgi.RegistryStrategyOSGI.createExecutableExtension(RegistryStrategyOSGI.java:204)
	at org.eclipse.core.internal.registry.ExtensionRegistry.createExecutableExtension(ExtensionRegistry.java:920)
	at org.eclipse.core.internal.registry.ConfigurationElement.createExecutableExtension(ConfigurationElement.java:246)
	at org.eclipse.core.internal.registry.ConfigurationElementHandle.createExecutableExtension(ConfigurationElementHandle.java:63)
	at org.eclipse.lsp4e.LanguageServersRegistry$ExtensionLanguageServerDefinition.createConnectionProvider(LanguageServersRegistry.java:161)
	at org.eclipse.lsp4e.LanguageServerWrapper.lambda$0(LanguageServerWrapper.java:233)
	at java.base/java.util.concurrent.CompletableFuture$AsyncSupply.run(CompletableFuture.java:1768)
	at java.base/java.util.concurrent.CompletableFuture$AsyncSupply.exec(CompletableFuture.java:1760)
	at java.base/java.util.concurrent.ForkJoinTask.doExec(ForkJoinTask.java:373)
	at java.base/java.util.concurrent.ForkJoinPool$WorkQueue.topLevelExec(ForkJoinPool.java:1182)
	at java.base/java.util.concurrent.ForkJoinPool.scan(ForkJoinPool.java:1655)
	at java.base/java.util.concurrent.ForkJoinPool.runWorker(ForkJoinPool.java:1622)
	at java.base/java.util.concurrent.ForkJoinWorkerThread.run(ForkJoinWorkerThread.java:165)
Caused by: java.lang.NullPointerException: Cannot invoke "java.io.File.getAbsolutePath()" because the return value of "org.eclipse.wildwebdeveloper.embedder.node.NodeJSManager.getNodeJsLocation()" is null
	at org.eclipse.wildwebdeveloper.angular.AngularLanguageServer.<init>(AngularLanguageServer.java:43)
	... 17 more
Root exception:
java.lang.NullPointerException: Cannot invoke "java.io.File.getAbsolutePath()" because the return value of "org.eclipse.wildwebdeveloper.embedder.node.NodeJSManager.getNodeJsLocation()" is null
	at org.eclipse.wildwebdeveloper.angular.AngularLanguageServer.<init>(AngularLanguageServer.java:43)
	at jdk.internal.reflect.GeneratedConstructorAccessor101.newInstance(Unknown Source)
	at java.base/jdk.internal.reflect.DelegatingConstructorAccessorImpl.newInstance(DelegatingConstructorAccessorImpl.java:45)
	at java.base/java.lang.reflect.Constructor.newInstanceWithCaller(Constructor.java:499)
	at java.base/java.lang.reflect.Constructor.newInstance(Constructor.java:480)
	at org.eclipse.core.internal.registry.osgi.RegistryStrategyOSGI.createExecutableExtension(RegistryStrategyOSGI.java:204)
	at org.eclipse.core.internal.registry.ExtensionRegistry.createExecutableExtension(ExtensionRegistry.java:920)
	at org.eclipse.core.internal.registry.ConfigurationElement.createExecutableExtension(ConfigurationElement.java:246)
	at org.eclipse.core.internal.registry.ConfigurationElementHandle.createExecutableExtension(ConfigurationElementHandle.java:63)
	at org.eclipse.lsp4e.LanguageServersRegistry$ExtensionLanguageServerDefinition.createConnectionProvider(LanguageServersRegistry.java:161)
	at org.eclipse.lsp4e.LanguageServerWrapper.lambda$0(LanguageServerWrapper.java:233)
	at java.base/java.util.concurrent.CompletableFuture$AsyncSupply.run(CompletableFuture.java:1768)
	at java.base/java.util.concurrent.CompletableFuture$AsyncSupply.exec(CompletableFuture.java:1760)
	at java.base/java.util.concurrent.ForkJoinTask.doExec(ForkJoinTask.java:373)
	at java.base/java.util.concurrent.ForkJoinPool$WorkQueue.topLevelExec(ForkJoinPool.java:1182)
	at java.base/java.util.concurrent.ForkJoinPool.scan(ForkJoinPool.java:1655)
	at java.base/java.util.concurrent.ForkJoinPool.runWorker(ForkJoinPool.java:1622)
	at java.base/java.util.concurrent.ForkJoinWorkerThread.run(ForkJoinWorkerThread.java:165)

!ENTRY org.eclipse.lsp4e 4 0 2025-12-27 07:28:05.782
!MESSAGE Exception occurred while creating an instance of the stream connection provider
!STACK 0
java.lang.RuntimeException: Exception occurred while creating an instance of the stream connection provider
	at org.eclipse.lsp4e.LanguageServersRegistry$ExtensionLanguageServerDefinition.createConnectionProvider(LanguageServersRegistry.java:164)
	at org.eclipse.lsp4e.LanguageServerWrapper.lambda$0(LanguageServerWrapper.java:233)
	at java.base/java.util.concurrent.CompletableFuture$AsyncSupply.run(CompletableFuture.java:1768)
	at java.base/java.util.concurrent.CompletableFuture$AsyncSupply.exec(CompletableFuture.java:1760)
	at java.base/java.util.concurrent.ForkJoinTask.doExec(ForkJoinTask.java:373)
	at java.base/java.util.concurrent.ForkJoinPool$WorkQueue.topLevelExec(ForkJoinPool.java:1182)
	at java.base/java.util.concurrent.ForkJoinPool.scan(ForkJoinPool.java:1655)
	at java.base/java.util.concurrent.ForkJoinPool.runWorker(ForkJoinPool.java:1622)
	at java.base/java.util.concurrent.ForkJoinWorkerThread.run(ForkJoinWorkerThread.java:165)
Caused by: org.eclipse.core.runtime.CoreException: プラグイン "org.eclipse.wildwebdeveloper" は、クラス "org.eclipse.wildwebdeveloper.angular.AngularLanguageServer" をインスタンス化できませんでした。
	at org.eclipse.core.internal.registry.osgi.RegistryStrategyOSGI.throwException(RegistryStrategyOSGI.java:212)
	at org.eclipse.core.internal.registry.osgi.RegistryStrategyOSGI.createExecutableExtension(RegistryStrategyOSGI.java:206)
	at org.eclipse.core.internal.registry.ExtensionRegistry.createExecutableExtension(ExtensionRegistry.java:920)
	at org.eclipse.core.internal.registry.ConfigurationElement.createExecutableExtension(ConfigurationElement.java:246)
	at org.eclipse.core.internal.registry.ConfigurationElementHandle.createExecutableExtension(ConfigurationElementHandle.java:63)
	at org.eclipse.lsp4e.LanguageServersRegistry$ExtensionLanguageServerDefinition.createConnectionProvider(LanguageServersRegistry.java:161)
	... 8 more
Caused by: java.lang.reflect.InvocationTargetException
	at jdk.internal.reflect.GeneratedConstructorAccessor101.newInstance(Unknown Source)
	at java.base/jdk.internal.reflect.DelegatingConstructorAccessorImpl.newInstance(DelegatingConstructorAccessorImpl.java:45)
	at java.base/java.lang.reflect.Constructor.newInstanceWithCaller(Constructor.java:499)
	at java.base/java.lang.reflect.Constructor.newInstance(Constructor.java:480)
	at org.eclipse.core.internal.registry.osgi.RegistryStrategyOSGI.createExecutableExtension(RegistryStrategyOSGI.java:204)
	... 12 more
Caused by: java.lang.NullPointerException: Cannot invoke "java.io.File.getAbsolutePath()" because the return value of "org.eclipse.wildwebdeveloper.embedder.node.NodeJSManager.getNodeJsLocation()" is null
	at org.eclipse.wildwebdeveloper.angular.AngularLanguageServer.<init>(AngularLanguageServer.java:43)
	... 17 more

!ENTRY org.eclipse.lsp4e 4 0 2025-12-27 07:28:05.783
!MESSAGE Cannot invoke "org.eclipse.lsp4e.server.StreamConnectionProvider.getInputStream()" because "this.lspStreamProvider" is null
!STACK 0
java.lang.NullPointerException: Cannot invoke "org.eclipse.lsp4e.server.StreamConnectionProvider.getInputStream()" because "this.lspStreamProvider" is null
	at org.eclipse.lsp4e.LanguageServerWrapper.lambda$1(LanguageServerWrapper.java:284)
	at java.base/java.util.concurrent.CompletableFuture$UniApply.tryFire(CompletableFuture.java:646)
	at java.base/java.util.concurrent.CompletableFuture.postComplete(CompletableFuture.java:510)
	at java.base/java.util.concurrent.CompletableFuture$AsyncSupply.run(CompletableFuture.java:1773)
	at java.base/java.util.concurrent.CompletableFuture$AsyncSupply.exec(CompletableFuture.java:1760)
	at java.base/java.util.concurrent.ForkJoinTask.doExec(ForkJoinTask.java:373)
	at java.base/java.util.concurrent.ForkJoinPool$WorkQueue.topLevelExec(ForkJoinPool.java:1182)
	at java.base/java.util.concurrent.ForkJoinPool.scan(ForkJoinPool.java:1655)
	at java.base/java.util.concurrent.ForkJoinPool.runWorker(ForkJoinPool.java:1622)
	at java.base/java.util.concurrent.ForkJoinWorkerThread.run(ForkJoinWorkerThread.java:165)

!ENTRY org.eclipse.lsp4e 4 0 2025-12-27 07:28:05.864
!MESSAGE プラグイン "org.eclipse.wildwebdeveloper" は、クラス "org.eclipse.wildwebdeveloper.angular.AngularLanguageServer" をインスタンス化できませんでした。
!STACK 1
org.eclipse.core.runtime.CoreException: プラグイン "org.eclipse.wildwebdeveloper" は、クラス "org.eclipse.wildwebdeveloper.angular.AngularLanguageServer" をインスタンス化できませんでした。
	at org.eclipse.core.internal.registry.osgi.RegistryStrategyOSGI.throwException(RegistryStrategyOSGI.java:212)
	at org.eclipse.core.internal.registry.osgi.RegistryStrategyOSGI.createExecutableExtension(RegistryStrategyOSGI.java:206)
	at org.eclipse.core.internal.registry.ExtensionRegistry.createExecutableExtension(ExtensionRegistry.java:920)
	at org.eclipse.core.internal.registry.ConfigurationElement.createExecutableExtension(ConfigurationElement.java:246)
	at org.eclipse.core.internal.registry.ConfigurationElementHandle.createExecutableExtension(ConfigurationElementHandle.java:63)
	at org.eclipse.lsp4e.LanguageServersRegistry$ExtensionLanguageServerDefinition.createConnectionProvider(LanguageServersRegistry.java:161)
	at org.eclipse.lsp4e.LanguageServerWrapper.lambda$0(LanguageServerWrapper.java:233)
	at java.base/java.util.concurrent.CompletableFuture$AsyncSupply.run(CompletableFuture.java:1768)
	at java.base/java.util.concurrent.CompletableFuture$AsyncSupply.exec(CompletableFuture.java:1760)
	at java.base/java.util.concurrent.ForkJoinTask.doExec(ForkJoinTask.java:373)
	at java.base/java.util.concurrent.ForkJoinPool$WorkQueue.topLevelExec(ForkJoinPool.java:1182)
	at java.base/java.util.concurrent.ForkJoinPool.scan(ForkJoinPool.java:1655)
	at java.base/java.util.concurrent.ForkJoinPool.runWorker(ForkJoinPool.java:1622)
	at java.base/java.util.concurrent.ForkJoinWorkerThread.run(ForkJoinWorkerThread.java:165)
Caused by: java.lang.reflect.InvocationTargetException
	at jdk.internal.reflect.GeneratedConstructorAccessor101.newInstance(Unknown Source)
	at java.base/jdk.internal.reflect.DelegatingConstructorAccessorImpl.newInstance(DelegatingConstructorAccessorImpl.java:45)
	at java.base/java.lang.reflect.Constructor.newInstanceWithCaller(Constructor.java:499)
	at java.base/java.lang.reflect.Constructor.newInstance(Constructor.java:480)
	at org.eclipse.core.internal.registry.osgi.RegistryStrategyOSGI.createExecutableExtension(RegistryStrategyOSGI.java:204)
	... 12 more
Caused by: java.lang.NullPointerException: Cannot invoke "java.io.File.getAbsolutePath()" because the return value of "org.eclipse.wildwebdeveloper.embedder.node.NodeJSManager.getNodeJsLocation()" is null
	at org.eclipse.wildwebdeveloper.angular.AngularLanguageServer.<init>(AngularLanguageServer.java:43)
	... 17 more
!SUBENTRY 1 org.eclipse.equinox.registry 4 1 2025-12-27 07:28:05.864
!MESSAGE プラグイン "org.eclipse.wildwebdeveloper" は、クラス "org.eclipse.wildwebdeveloper.angular.AngularLanguageServer" をインスタンス化できませんでした。
!STACK 0
java.lang.reflect.InvocationTargetException
	at jdk.internal.reflect.GeneratedConstructorAccessor101.newInstance(Unknown Source)
	at java.base/jdk.internal.reflect.DelegatingConstructorAccessorImpl.newInstance(DelegatingConstructorAccessorImpl.java:45)
	at java.base/java.lang.reflect.Constructor.newInstanceWithCaller(Constructor.java:499)
	at java.base/java.lang.reflect.Constructor.newInstance(Constructor.java:480)
	at org.eclipse.core.internal.registry.osgi.RegistryStrategyOSGI.createExecutableExtension(RegistryStrategyOSGI.java:204)
	at org.eclipse.core.internal.registry.ExtensionRegistry.createExecutableExtension(ExtensionRegistry.java:920)
	at org.eclipse.core.internal.registry.ConfigurationElement.createExecutableExtension(ConfigurationElement.java:246)
	at org.eclipse.core.internal.registry.ConfigurationElementHandle.createExecutableExtension(ConfigurationElementHandle.java:63)
	at org.eclipse.lsp4e.LanguageServersRegistry$ExtensionLanguageServerDefinition.createConnectionProvider(LanguageServersRegistry.java:161)
	at org.eclipse.lsp4e.LanguageServerWrapper.lambda$0(LanguageServerWrapper.java:233)
	at java.base/java.util.concurrent.CompletableFuture$AsyncSupply.run(CompletableFuture.java:1768)
	at java.base/java.util.concurrent.CompletableFuture$AsyncSupply.exec(CompletableFuture.java:1760)
	at java.base/java.util.concurrent.ForkJoinTask.doExec(ForkJoinTask.java:373)
	at java.base/java.util.concurrent.ForkJoinPool$WorkQueue.topLevelExec(ForkJoinPool.java:1182)
	at java.base/java.util.concurrent.ForkJoinPool.scan(ForkJoinPool.java:1655)
	at java.base/java.util.concurrent.ForkJoinPool.runWorker(ForkJoinPool.java:1622)
	at java.base/java.util.concurrent.ForkJoinWorkerThread.run(ForkJoinWorkerThread.java:165)
Caused by: java.lang.NullPointerException: Cannot invoke "java.io.File.getAbsolutePath()" because the return value of "org.eclipse.wildwebdeveloper.embedder.node.NodeJSManager.getNodeJsLocation()" is null
	at org.eclipse.wildwebdeveloper.angular.AngularLanguageServer.<init>(AngularLanguageServer.java:43)
	... 17 more
Root exception:
java.lang.NullPointerException: Cannot invoke "java.io.File.getAbsolutePath()" because the return value of "org.eclipse.wildwebdeveloper.embedder.node.NodeJSManager.getNodeJsLocation()" is null
	at org.eclipse.wildwebdeveloper.angular.AngularLanguageServer.<init>(AngularLanguageServer.java:43)
	at jdk.internal.reflect.GeneratedConstructorAccessor101.newInstance(Unknown Source)
	at java.base/jdk.internal.reflect.DelegatingConstructorAccessorImpl.newInstance(DelegatingConstructorAccessorImpl.java:45)
	at java.base/java.lang.reflect.Constructor.newInstanceWithCaller(Constructor.java:499)
	at java.base/java.lang.reflect.Constructor.newInstance(Constructor.java:480)
	at org.eclipse.core.internal.registry.osgi.RegistryStrategyOSGI.createExecutableExtension(RegistryStrategyOSGI.java:204)
	at org.eclipse.core.internal.registry.ExtensionRegistry.createExecutableExtension(ExtensionRegistry.java:920)
	at org.eclipse.core.internal.registry.ConfigurationElement.createExecutableExtension(ConfigurationElement.java:246)
	at org.eclipse.core.internal.registry.ConfigurationElementHandle.createExecutableExtension(ConfigurationElementHandle.java:63)
	at org.eclipse.lsp4e.LanguageServersRegistry$ExtensionLanguageServerDefinition.createConnectionProvider(LanguageServersRegistry.java:161)
	at org.eclipse.lsp4e.LanguageServerWrapper.lambda$0(LanguageServerWrapper.java:233)
	at java.base/java.util.concurrent.CompletableFuture$AsyncSupply.run(CompletableFuture.java:1768)
	at java.base/java.util.concurrent.CompletableFuture$AsyncSupply.exec(CompletableFuture.java:1760)
	at java.base/java.util.concurrent.ForkJoinTask.doExec(ForkJoinTask.java:373)
	at java.base/java.util.concurrent.ForkJoinPool$WorkQueue.topLevelExec(ForkJoinPool.java:1182)
	at java.base/java.util.concurrent.ForkJoinPool.scan(ForkJoinPool.java:1655)
	at java.base/java.util.concurrent.ForkJoinPool.runWorker(ForkJoinPool.java:1622)
	at java.base/java.util.concurrent.ForkJoinWorkerThread.run(ForkJoinWorkerThread.java:165)

!ENTRY org.eclipse.lsp4e 4 0 2025-12-27 07:28:05.864
!MESSAGE Exception occurred while creating an instance of the stream connection provider
!STACK 0
java.lang.RuntimeException: Exception occurred while creating an instance of the stream connection provider
	at org.eclipse.lsp4e.LanguageServersRegistry$ExtensionLanguageServerDefinition.createConnectionProvider(LanguageServersRegistry.java:164)
	at org.eclipse.lsp4e.LanguageServerWrapper.lambda$0(LanguageServerWrapper.java:233)
	at java.base/java.util.concurrent.CompletableFuture$AsyncSupply.run(CompletableFuture.java:1768)
	at java.base/java.util.concurrent.CompletableFuture$AsyncSupply.exec(CompletableFuture.java:1760)
	at java.base/java.util.concurrent.ForkJoinTask.doExec(ForkJoinTask.java:373)
	at java.base/java.util.concurrent.ForkJoinPool$WorkQueue.topLevelExec(ForkJoinPool.java:1182)
	at java.base/java.util.concurrent.ForkJoinPool.scan(ForkJoinPool.java:1655)
	at java.base/java.util.concurrent.ForkJoinPool.runWorker(ForkJoinPool.java:1622)
	at java.base/java.util.concurrent.ForkJoinWorkerThread.run(ForkJoinWorkerThread.java:165)
Caused by: org.eclipse.core.runtime.CoreException: プラグイン "org.eclipse.wildwebdeveloper" は、クラス "org.eclipse.wildwebdeveloper.angular.AngularLanguageServer" をインスタンス化できませんでした。
	at org.eclipse.core.internal.registry.osgi.RegistryStrategyOSGI.throwException(RegistryStrategyOSGI.java:212)
	at org.eclipse.core.internal.registry.osgi.RegistryStrategyOSGI.createExecutableExtension(RegistryStrategyOSGI.java:206)
	at org.eclipse.core.internal.registry.ExtensionRegistry.createExecutableExtension(ExtensionRegistry.java:920)
	at org.eclipse.core.internal.registry.ConfigurationElement.createExecutableExtension(ConfigurationElement.java:246)
	at org.eclipse.core.internal.registry.ConfigurationElementHandle.createExecutableExtension(ConfigurationElementHandle.java:63)
	at org.eclipse.lsp4e.LanguageServersRegistry$ExtensionLanguageServerDefinition.createConnectionProvider(LanguageServersRegistry.java:161)
	... 8 more
Caused by: java.lang.reflect.InvocationTargetException
	at jdk.internal.reflect.GeneratedConstructorAccessor101.newInstance(Unknown Source)
	at java.base/jdk.internal.reflect.DelegatingConstructorAccessorImpl.newInstance(DelegatingConstructorAccessorImpl.java:45)
	at java.base/java.lang.reflect.Constructor.newInstanceWithCaller(Constructor.java:499)
	at java.base/java.lang.reflect.Constructor.newInstance(Constructor.java:480)
	at org.eclipse.core.internal.registry.osgi.RegistryStrategyOSGI.createExecutableExtension(RegistryStrategyOSGI.java:204)
	... 12 more
Caused by: java.lang.NullPointerException: Cannot invoke "java.io.File.getAbsolutePath()" because the return value of "org.eclipse.wildwebdeveloper.embedder.node.NodeJSManager.getNodeJsLocation()" is null
	at org.eclipse.wildwebdeveloper.angular.AngularLanguageServer.<init>(AngularLanguageServer.java:43)
	... 17 more

!ENTRY org.eclipse.lsp4e 4 0 2025-12-27 07:28:05.865
!MESSAGE Cannot invoke "org.eclipse.lsp4e.server.StreamConnectionProvider.getInputStream()" because "this.lspStreamProvider" is null
!STACK 0
java.lang.NullPointerException: Cannot invoke "org.eclipse.lsp4e.server.StreamConnectionProvider.getInputStream()" because "this.lspStreamProvider" is null
	at org.eclipse.lsp4e.LanguageServerWrapper.lambda$1(LanguageServerWrapper.java:284)
	at java.base/java.util.concurrent.CompletableFuture$UniApply.tryFire(CompletableFuture.java:646)
	at java.base/java.util.concurrent.CompletableFuture.postComplete(CompletableFuture.java:510)
	at java.base/java.util.concurrent.CompletableFuture$AsyncSupply.run(CompletableFuture.java:1773)
	at java.base/java.util.concurrent.CompletableFuture$AsyncSupply.exec(CompletableFuture.java:1760)
	at java.base/java.util.concurrent.ForkJoinTask.doExec(ForkJoinTask.java:373)
	at java.base/java.util.concurrent.ForkJoinPool$WorkQueue.topLevelExec(ForkJoinPool.java:1182)
	at java.base/java.util.concurrent.ForkJoinPool.scan(ForkJoinPool.java:1655)
	at java.base/java.util.concurrent.ForkJoinPool.runWorker(ForkJoinPool.java:1622)
	at java.base/java.util.concurrent.ForkJoinWorkerThread.run(ForkJoinWorkerThread.java:165)

!ENTRY org.eclipse.lsp4e 4 0 2025-12-27 07:28:05.865
!MESSAGE プラグイン "org.eclipse.wildwebdeveloper" は、クラス "org.eclipse.wildwebdeveloper.html.HTMLLanguageServer" をインスタンス化できませんでした。
!STACK 1
org.eclipse.core.runtime.CoreException: プラグイン "org.eclipse.wildwebdeveloper" は、クラス "org.eclipse.wildwebdeveloper.html.HTMLLanguageServer" をインスタンス化できませんでした。
	at org.eclipse.core.internal.registry.osgi.RegistryStrategyOSGI.throwException(RegistryStrategyOSGI.java:212)
	at org.eclipse.core.internal.registry.osgi.RegistryStrategyOSGI.createExecutableExtension(RegistryStrategyOSGI.java:206)
	at org.eclipse.core.internal.registry.ExtensionRegistry.createExecutableExtension(ExtensionRegistry.java:920)
	at org.eclipse.core.internal.registry.ConfigurationElement.createExecutableExtension(ConfigurationElement.java:246)
	at org.eclipse.core.internal.registry.ConfigurationElementHandle.createExecutableExtension(ConfigurationElementHandle.java:63)
	at org.eclipse.lsp4e.LanguageServersRegistry$ExtensionLanguageServerDefinition.createConnectionProvider(LanguageServersRegistry.java:161)
	at org.eclipse.lsp4e.LanguageServerWrapper.lambda$0(LanguageServerWrapper.java:233)
	at java.base/java.util.concurrent.CompletableFuture$AsyncSupply.run(CompletableFuture.java:1768)
	at java.base/java.util.concurrent.CompletableFuture$AsyncSupply.exec(CompletableFuture.java:1760)
	at java.base/java.util.concurrent.ForkJoinTask.doExec(ForkJoinTask.java:373)
	at java.base/java.util.concurrent.ForkJoinPool$WorkQueue.topLevelExec(ForkJoinPool.java:1182)
	at java.base/java.util.concurrent.ForkJoinPool.scan(ForkJoinPool.java:1655)
	at java.base/java.util.concurrent.ForkJoinPool.runWorker(ForkJoinPool.java:1622)
	at java.base/java.util.concurrent.ForkJoinWorkerThread.run(ForkJoinWorkerThread.java:165)
Caused by: java.lang.reflect.InvocationTargetException
	at jdk.internal.reflect.GeneratedConstructorAccessor102.newInstance(Unknown Source)
	at java.base/jdk.internal.reflect.DelegatingConstructorAccessorImpl.newInstance(DelegatingConstructorAccessorImpl.java:45)
	at java.base/java.lang.reflect.Constructor.newInstanceWithCaller(Constructor.java:499)
	at java.base/java.lang.reflect.Constructor.newInstance(Constructor.java:480)
	at org.eclipse.core.internal.registry.osgi.RegistryStrategyOSGI.createExecutableExtension(RegistryStrategyOSGI.java:204)
	... 12 more
Caused by: java.lang.NullPointerException: Cannot invoke "java.io.File.getAbsolutePath()" because the return value of "org.eclipse.wildwebdeveloper.embedder.node.NodeJSManager.getNodeJsLocation()" is null
	at org.eclipse.wildwebdeveloper.html.HTMLLanguageServer.<init>(HTMLLanguageServer.java:40)
	... 17 more
!SUBENTRY 1 org.eclipse.equinox.registry 4 1 2025-12-27 07:28:05.865
!MESSAGE プラグイン "org.eclipse.wildwebdeveloper" は、クラス "org.eclipse.wildwebdeveloper.html.HTMLLanguageServer" をインスタンス化できませんでした。
!STACK 0
java.lang.reflect.InvocationTargetException
	at jdk.internal.reflect.GeneratedConstructorAccessor102.newInstance(Unknown Source)
	at java.base/jdk.internal.reflect.DelegatingConstructorAccessorImpl.newInstance(DelegatingConstructorAccessorImpl.java:45)
	at java.base/java.lang.reflect.Constructor.newInstanceWithCaller(Constructor.java:499)
	at java.base/java.lang.reflect.Constructor.newInstance(Constructor.java:480)
	at org.eclipse.core.internal.registry.osgi.RegistryStrategyOSGI.createExecutableExtension(RegistryStrategyOSGI.java:204)
	at org.eclipse.core.internal.registry.ExtensionRegistry.createExecutableExtension(ExtensionRegistry.java:920)
	at org.eclipse.core.internal.registry.ConfigurationElement.createExecutableExtension(ConfigurationElement.java:246)
	at org.eclipse.core.internal.registry.ConfigurationElementHandle.createExecutableExtension(ConfigurationElementHandle.java:63)
	at org.eclipse.lsp4e.LanguageServersRegistry$ExtensionLanguageServerDefinition.createConnectionProvider(LanguageServersRegistry.java:161)
	at org.eclipse.lsp4e.LanguageServerWrapper.lambda$0(LanguageServerWrapper.java:233)
	at java.base/java.util.concurrent.CompletableFuture$AsyncSupply.run(CompletableFuture.java:1768)
	at java.base/java.util.concurrent.CompletableFuture$AsyncSupply.exec(CompletableFuture.java:1760)
	at java.base/java.util.concurrent.ForkJoinTask.doExec(ForkJoinTask.java:373)
	at java.base/java.util.concurrent.ForkJoinPool$WorkQueue.topLevelExec(ForkJoinPool.java:1182)
	at java.base/java.util.concurrent.ForkJoinPool.scan(ForkJoinPool.java:1655)
	at java.base/java.util.concurrent.ForkJoinPool.runWorker(ForkJoinPool.java:1622)
	at java.base/java.util.concurrent.ForkJoinWorkerThread.run(ForkJoinWorkerThread.java:165)
Caused by: java.lang.NullPointerException: Cannot invoke "java.io.File.getAbsolutePath()" because the return value of "org.eclipse.wildwebdeveloper.embedder.node.NodeJSManager.getNodeJsLocation()" is null
	at org.eclipse.wildwebdeveloper.html.HTMLLanguageServer.<init>(HTMLLanguageServer.java:40)
	... 17 more
Root exception:
java.lang.NullPointerException: Cannot invoke "java.io.File.getAbsolutePath()" because the return value of "org.eclipse.wildwebdeveloper.embedder.node.NodeJSManager.getNodeJsLocation()" is null
	at org.eclipse.wildwebdeveloper.html.HTMLLanguageServer.<init>(HTMLLanguageServer.java:40)
	at jdk.internal.reflect.GeneratedConstructorAccessor102.newInstance(Unknown Source)
	at java.base/jdk.internal.reflect.DelegatingConstructorAccessorImpl.newInstance(DelegatingConstructorAccessorImpl.java:45)
	at java.base/java.lang.reflect.Constructor.newInstanceWithCaller(Constructor.java:499)
	at java.base/java.lang.reflect.Constructor.newInstance(Constructor.java:480)
	at org.eclipse.core.internal.registry.osgi.RegistryStrategyOSGI.createExecutableExtension(RegistryStrategyOSGI.java:204)
	at org.eclipse.core.internal.registry.ExtensionRegistry.createExecutableExtension(ExtensionRegistry.java:920)
	at org.eclipse.core.internal.registry.ConfigurationElement.createExecutableExtension(ConfigurationElement.java:246)
	at org.eclipse.core.internal.registry.ConfigurationElementHandle.createExecutableExtension(ConfigurationElementHandle.java:63)
	at org.eclipse.lsp4e.LanguageServersRegistry$ExtensionLanguageServerDefinition.createConnectionProvider(LanguageServersRegistry.java:161)
	at org.eclipse.lsp4e.LanguageServerWrapper.lambda$0(LanguageServerWrapper.java:233)
	at java.base/java.util.concurrent.CompletableFuture$AsyncSupply.run(CompletableFuture.java:1768)
	at java.base/java.util.concurrent.CompletableFuture$AsyncSupply.exec(CompletableFuture.java:1760)
	at java.base/java.util.concurrent.ForkJoinTask.doExec(ForkJoinTask.java:373)
	at java.base/java.util.concurrent.ForkJoinPool$WorkQueue.topLevelExec(ForkJoinPool.java:1182)
	at java.base/java.util.concurrent.ForkJoinPool.scan(ForkJoinPool.java:1655)
	at java.base/java.util.concurrent.ForkJoinPool.runWorker(ForkJoinPool.java:1622)
	at java.base/java.util.concurrent.ForkJoinWorkerThread.run(ForkJoinWorkerThread.java:165)

!ENTRY org.eclipse.lsp4e 4 0 2025-12-27 07:28:05.866
!MESSAGE Exception occurred while creating an instance of the stream connection provider
!STACK 0
java.lang.RuntimeException: Exception occurred while creating an instance of the stream connection provider
	at org.eclipse.lsp4e.LanguageServersRegistry$ExtensionLanguageServerDefinition.createConnectionProvider(LanguageServersRegistry.java:164)
	at org.eclipse.lsp4e.LanguageServerWrapper.lambda$0(LanguageServerWrapper.java:233)
	at java.base/java.util.concurrent.CompletableFuture$AsyncSupply.run(CompletableFuture.java:1768)
	at java.base/java.util.concurrent.CompletableFuture$AsyncSupply.exec(CompletableFuture.java:1760)
	at java.base/java.util.concurrent.ForkJoinTask.doExec(ForkJoinTask.java:373)
	at java.base/java.util.concurrent.ForkJoinPool$WorkQueue.topLevelExec(ForkJoinPool.java:1182)
	at java.base/java.util.concurrent.ForkJoinPool.scan(ForkJoinPool.java:1655)
	at java.base/java.util.concurrent.ForkJoinPool.runWorker(ForkJoinPool.java:1622)
	at java.base/java.util.concurrent.ForkJoinWorkerThread.run(ForkJoinWorkerThread.java:165)
Caused by: org.eclipse.core.runtime.CoreException: プラグイン "org.eclipse.wildwebdeveloper" は、クラス "org.eclipse.wildwebdeveloper.html.HTMLLanguageServer" をインスタンス化できませんでした。
	at org.eclipse.core.internal.registry.osgi.RegistryStrategyOSGI.throwException(RegistryStrategyOSGI.java:212)
	at org.eclipse.core.internal.registry.osgi.RegistryStrategyOSGI.createExecutableExtension(RegistryStrategyOSGI.java:206)
	at org.eclipse.core.internal.registry.ExtensionRegistry.createExecutableExtension(ExtensionRegistry.java:920)
	at org.eclipse.core.internal.registry.ConfigurationElement.createExecutableExtension(ConfigurationElement.java:246)
	at org.eclipse.core.internal.registry.ConfigurationElementHandle.createExecutableExtension(ConfigurationElementHandle.java:63)
	at org.eclipse.lsp4e.LanguageServersRegistry$ExtensionLanguageServerDefinition.createConnectionProvider(LanguageServersRegistry.java:161)
	... 8 more
Caused by: java.lang.reflect.InvocationTargetException
	at jdk.internal.reflect.GeneratedConstructorAccessor102.newInstance(Unknown Source)
	at java.base/jdk.internal.reflect.DelegatingConstructorAccessorImpl.newInstance(DelegatingConstructorAccessorImpl.java:45)
	at java.base/java.lang.reflect.Constructor.newInstanceWithCaller(Constructor.java:499)
	at java.base/java.lang.reflect.Constructor.newInstance(Constructor.java:480)
	at org.eclipse.core.internal.registry.osgi.RegistryStrategyOSGI.createExecutableExtension(RegistryStrategyOSGI.java:204)
	... 12 more
Caused by: java.lang.NullPointerException: Cannot invoke "java.io.File.getAbsolutePath()" because the return value of "org.eclipse.wildwebdeveloper.embedder.node.NodeJSManager.getNodeJsLocation()" is null
	at org.eclipse.wildwebdeveloper.html.HTMLLanguageServer.<init>(HTMLLanguageServer.java:40)
	... 17 more

!ENTRY org.eclipse.lsp4e 4 0 2025-12-27 07:28:05.866
!MESSAGE Cannot invoke "org.eclipse.lsp4e.server.StreamConnectionProvider.getInputStream()" because "this.lspStreamProvider" is null
!STACK 0
java.lang.NullPointerException: Cannot invoke "org.eclipse.lsp4e.server.StreamConnectionProvider.getInputStream()" because "this.lspStreamProvider" is null
	at org.eclipse.lsp4e.LanguageServerWrapper.lambda$1(LanguageServerWrapper.java:284)
	at java.base/java.util.concurrent.CompletableFuture$UniApply.tryFire(CompletableFuture.java:646)
	at java.base/java.util.concurrent.CompletableFuture.postComplete(CompletableFuture.java:510)
	at java.base/java.util.concurrent.CompletableFuture$AsyncSupply.run(CompletableFuture.java:1773)
	at java.base/java.util.concurrent.CompletableFuture$AsyncSupply.exec(CompletableFuture.java:1760)
	at java.base/java.util.concurrent.ForkJoinTask.doExec(ForkJoinTask.java:373)
	at java.base/java.util.concurrent.ForkJoinPool$WorkQueue.topLevelExec(ForkJoinPool.java:1182)
	at java.base/java.util.concurrent.ForkJoinPool.scan(ForkJoinPool.java:1655)
	at java.base/java.util.concurrent.ForkJoinPool.runWorker(ForkJoinPool.java:1622)
	at java.base/java.util.concurrent.ForkJoinWorkerThread.run(ForkJoinWorkerThread.java:165)

!ENTRY org.eclipse.lsp4e 4 0 2025-12-27 07:28:05.939
!MESSAGE プラグイン "org.eclipse.wildwebdeveloper" は、クラス "org.eclipse.wildwebdeveloper.html.HTMLLanguageServer" をインスタンス化できませんでした。
!STACK 1
org.eclipse.core.runtime.CoreException: プラグイン "org.eclipse.wildwebdeveloper" は、クラス "org.eclipse.wildwebdeveloper.html.HTMLLanguageServer" をインスタンス化できませんでした。
	at org.eclipse.core.internal.registry.osgi.RegistryStrategyOSGI.throwException(RegistryStrategyOSGI.java:212)
	at org.eclipse.core.internal.registry.osgi.RegistryStrategyOSGI.createExecutableExtension(RegistryStrategyOSGI.java:206)
	at org.eclipse.core.internal.registry.ExtensionRegistry.createExecutableExtension(ExtensionRegistry.java:920)
	at org.eclipse.core.internal.registry.ConfigurationElement.createExecutableExtension(ConfigurationElement.java:246)
	at org.eclipse.core.internal.registry.ConfigurationElementHandle.createExecutableExtension(ConfigurationElementHandle.java:63)
	at org.eclipse.lsp4e.LanguageServersRegistry$ExtensionLanguageServerDefinition.createConnectionProvider(LanguageServersRegistry.java:161)
	at org.eclipse.lsp4e.LanguageServerWrapper.lambda$0(LanguageServerWrapper.java:233)
	at java.base/java.util.concurrent.CompletableFuture$AsyncSupply.run(CompletableFuture.java:1768)
	at java.base/java.util.concurrent.CompletableFuture$AsyncSupply.exec(CompletableFuture.java:1760)
	at java.base/java.util.concurrent.ForkJoinTask.doExec(ForkJoinTask.java:373)
	at java.base/java.util.concurrent.ForkJoinPool$WorkQueue.topLevelExec(ForkJoinPool.java:1182)
	at java.base/java.util.concurrent.ForkJoinPool.scan(ForkJoinPool.java:1655)
	at java.base/java.util.concurrent.ForkJoinPool.runWorker(ForkJoinPool.java:1622)
	at java.base/java.util.concurrent.ForkJoinWorkerThread.run(ForkJoinWorkerThread.java:165)
Caused by: java.lang.reflect.InvocationTargetException
	at jdk.internal.reflect.GeneratedConstructorAccessor102.newInstance(Unknown Source)
	at java.base/jdk.internal.reflect.DelegatingConstructorAccessorImpl.newInstance(DelegatingConstructorAccessorImpl.java:45)
	at java.base/java.lang.reflect.Constructor.newInstanceWithCaller(Constructor.java:499)
	at java.base/java.lang.reflect.Constructor.newInstance(Constructor.java:480)
	at org.eclipse.core.internal.registry.osgi.RegistryStrategyOSGI.createExecutableExtension(RegistryStrategyOSGI.java:204)
	... 12 more
Caused by: java.lang.NullPointerException: Cannot invoke "java.io.File.getAbsolutePath()" because the return value of "org.eclipse.wildwebdeveloper.embedder.node.NodeJSManager.getNodeJsLocation()" is null
	at org.eclipse.wildwebdeveloper.html.HTMLLanguageServer.<init>(HTMLLanguageServer.java:40)
	... 17 more
!SUBENTRY 1 org.eclipse.equinox.registry 4 1 2025-12-27 07:28:05.939
!MESSAGE プラグイン "org.eclipse.wildwebdeveloper" は、クラス "org.eclipse.wildwebdeveloper.html.HTMLLanguageServer" をインスタンス化できませんでした。
!STACK 0
java.lang.reflect.InvocationTargetException
	at jdk.internal.reflect.GeneratedConstructorAccessor102.newInstance(Unknown Source)
	at java.base/jdk.internal.reflect.DelegatingConstructorAccessorImpl.newInstance(DelegatingConstructorAccessorImpl.java:45)
	at java.base/java.lang.reflect.Constructor.newInstanceWithCaller(Constructor.java:499)
	at java.base/java.lang.reflect.Constructor.newInstance(Constructor.java:480)
	at org.eclipse.core.internal.registry.osgi.RegistryStrategyOSGI.createExecutableExtension(RegistryStrategyOSGI.java:204)
	at org.eclipse.core.internal.registry.ExtensionRegistry.createExecutableExtension(ExtensionRegistry.java:920)
	at org.eclipse.core.internal.registry.ConfigurationElement.createExecutableExtension(ConfigurationElement.java:246)
	at org.eclipse.core.internal.registry.ConfigurationElementHandle.createExecutableExtension(ConfigurationElementHandle.java:63)
	at org.eclipse.lsp4e.LanguageServersRegistry$ExtensionLanguageServerDefinition.createConnectionProvider(LanguageServersRegistry.java:161)
	at org.eclipse.lsp4e.LanguageServerWrapper.lambda$0(LanguageServerWrapper.java:233)
	at java.base/java.util.concurrent.CompletableFuture$AsyncSupply.run(CompletableFuture.java:1768)
	at java.base/java.util.concurrent.CompletableFuture$AsyncSupply.exec(CompletableFuture.java:1760)
	at java.base/java.util.concurrent.ForkJoinTask.doExec(ForkJoinTask.java:373)
	at java.base/java.util.concurrent.ForkJoinPool$WorkQueue.topLevelExec(ForkJoinPool.java:1182)
	at java.base/java.util.concurrent.ForkJoinPool.scan(ForkJoinPool.java:1655)
	at java.base/java.util.concurrent.ForkJoinPool.runWorker(ForkJoinPool.java:1622)
	at java.base/java.util.concurrent.ForkJoinWorkerThread.run(ForkJoinWorkerThread.java:165)
Caused by: java.lang.NullPointerException: Cannot invoke "java.io.File.getAbsolutePath()" because the return value of "org.eclipse.wildwebdeveloper.embedder.node.NodeJSManager.getNodeJsLocation()" is null
	at org.eclipse.wildwebdeveloper.html.HTMLLanguageServer.<init>(HTMLLanguageServer.java:40)
	... 17 more
Root exception:
java.lang.NullPointerException: Cannot invoke "java.io.File.getAbsolutePath()" because the return value of "org.eclipse.wildwebdeveloper.embedder.node.NodeJSManager.getNodeJsLocation()" is null
	at org.eclipse.wildwebdeveloper.html.HTMLLanguageServer.<init>(HTMLLanguageServer.java:40)
	at jdk.internal.reflect.GeneratedConstructorAccessor102.newInstance(Unknown Source)
	at java.base/jdk.internal.reflect.DelegatingConstructorAccessorImpl.newInstance(DelegatingConstructorAccessorImpl.java:45)
	at java.base/java.lang.reflect.Constructor.newInstanceWithCaller(Constructor.java:499)
	at java.base/java.lang.reflect.Constructor.newInstance(Constructor.java:480)
	at org.eclipse.core.internal.registry.osgi.RegistryStrategyOSGI.createExecutableExtension(RegistryStrategyOSGI.java:204)
	at org.eclipse.core.internal.registry.ExtensionRegistry.createExecutableExtension(ExtensionRegistry.java:920)
	at org.eclipse.core.internal.registry.ConfigurationElement.createExecutableExtension(ConfigurationElement.java:246)
	at org.eclipse.core.internal.registry.ConfigurationElementHandle.createExecutableExtension(ConfigurationElementHandle.java:63)
	at org.eclipse.lsp4e.LanguageServersRegistry$ExtensionLanguageServerDefinition.createConnectionProvider(LanguageServersRegistry.java:161)
	at org.eclipse.lsp4e.LanguageServerWrapper.lambda$0(LanguageServerWrapper.java:233)
	at java.base/java.util.concurrent.CompletableFuture$AsyncSupply.run(CompletableFuture.java:1768)
	at java.base/java.util.concurrent.CompletableFuture$AsyncSupply.exec(CompletableFuture.java:1760)
	at java.base/java.util.concurrent.ForkJoinTask.doExec(ForkJoinTask.java:373)
	at java.base/java.util.concurrent.ForkJoinPool$WorkQueue.topLevelExec(ForkJoinPool.java:1182)
	at java.base/java.util.concurrent.ForkJoinPool.scan(ForkJoinPool.java:1655)
	at java.base/java.util.concurrent.ForkJoinPool.runWorker(ForkJoinPool.java:1622)
	at java.base/java.util.concurrent.ForkJoinWorkerThread.run(ForkJoinWorkerThread.java:165)

!ENTRY org.eclipse.lsp4e 4 0 2025-12-27 07:28:05.941
!MESSAGE プラグイン "org.eclipse.wildwebdeveloper" は、クラス "org.eclipse.wildwebdeveloper.angular.AngularLanguageServer" をインスタンス化できませんでした。
!STACK 1
org.eclipse.core.runtime.CoreException: プラグイン "org.eclipse.wildwebdeveloper" は、クラス "org.eclipse.wildwebdeveloper.angular.AngularLanguageServer" をインスタンス化できませんでした。
	at org.eclipse.core.internal.registry.osgi.RegistryStrategyOSGI.throwException(RegistryStrategyOSGI.java:212)
	at org.eclipse.core.internal.registry.osgi.RegistryStrategyOSGI.createExecutableExtension(RegistryStrategyOSGI.java:206)
	at org.eclipse.core.internal.registry.ExtensionRegistry.createExecutableExtension(ExtensionRegistry.java:920)
	at org.eclipse.core.internal.registry.ConfigurationElement.createExecutableExtension(ConfigurationElement.java:246)
	at org.eclipse.core.internal.registry.ConfigurationElementHandle.createExecutableExtension(ConfigurationElementHandle.java:63)
	at org.eclipse.lsp4e.LanguageServersRegistry$ExtensionLanguageServerDefinition.createConnectionProvider(LanguageServersRegistry.java:161)
	at org.eclipse.lsp4e.LanguageServerWrapper.lambda$0(LanguageServerWrapper.java:233)
	at java.base/java.util.concurrent.CompletableFuture$AsyncSupply.run(CompletableFuture.java:1768)
	at java.base/java.util.concurrent.CompletableFuture$AsyncSupply.exec(CompletableFuture.java:1760)
	at java.base/java.util.concurrent.ForkJoinTask.doExec(ForkJoinTask.java:373)
	at java.base/java.util.concurrent.ForkJoinPool$WorkQueue.topLevelExec(ForkJoinPool.java:1182)
	at java.base/java.util.concurrent.ForkJoinPool.scan(ForkJoinPool.java:1655)
	at java.base/java.util.concurrent.ForkJoinPool.runWorker(ForkJoinPool.java:1622)
	at java.base/java.util.concurrent.ForkJoinWorkerThread.run(ForkJoinWorkerThread.java:165)
Caused by: java.lang.reflect.InvocationTargetException
	at jdk.internal.reflect.GeneratedConstructorAccessor101.newInstance(Unknown Source)
	at java.base/jdk.internal.reflect.DelegatingConstructorAccessorImpl.newInstance(DelegatingConstructorAccessorImpl.java:45)
	at java.base/java.lang.reflect.Constructor.newInstanceWithCaller(Constructor.java:499)
	at java.base/java.lang.reflect.Constructor.newInstance(Constructor.java:480)
	at org.eclipse.core.internal.registry.osgi.RegistryStrategyOSGI.createExecutableExtension(RegistryStrategyOSGI.java:204)
	... 12 more
Caused by: java.lang.NullPointerException: Cannot invoke "java.io.File.getAbsolutePath()" because the return value of "org.eclipse.wildwebdeveloper.embedder.node.NodeJSManager.getNodeJsLocation()" is null
	at org.eclipse.wildwebdeveloper.angular.AngularLanguageServer.<init>(AngularLanguageServer.java:43)
	... 17 more
!SUBENTRY 1 org.eclipse.equinox.registry 4 1 2025-12-27 07:28:05.941
!MESSAGE プラグイン "org.eclipse.wildwebdeveloper" は、クラス "org.eclipse.wildwebdeveloper.angular.AngularLanguageServer" をインスタンス化できませんでした。
!STACK 0
java.lang.reflect.InvocationTargetException
	at jdk.internal.reflect.GeneratedConstructorAccessor101.newInstance(Unknown Source)
	at java.base/jdk.internal.reflect.DelegatingConstructorAccessorImpl.newInstance(DelegatingConstructorAccessorImpl.java:45)
	at java.base/java.lang.reflect.Constructor.newInstanceWithCaller(Constructor.java:499)
	at java.base/java.lang.reflect.Constructor.newInstance(Constructor.java:480)
	at org.eclipse.core.internal.registry.osgi.RegistryStrategyOSGI.createExecutableExtension(RegistryStrategyOSGI.java:204)
	at org.eclipse.core.internal.registry.ExtensionRegistry.createExecutableExtension(ExtensionRegistry.java:920)
	at org.eclipse.core.internal.registry.ConfigurationElement.createExecutableExtension(ConfigurationElement.java:246)
	at org.eclipse.core.internal.registry.ConfigurationElementHandle.createExecutableExtension(ConfigurationElementHandle.java:63)
	at org.eclipse.lsp4e.LanguageServersRegistry$ExtensionLanguageServerDefinition.createConnectionProvider(LanguageServersRegistry.java:161)
	at org.eclipse.lsp4e.LanguageServerWrapper.lambda$0(LanguageServerWrapper.java:233)
	at java.base/java.util.concurrent.CompletableFuture$AsyncSupply.run(CompletableFuture.java:1768)
	at java.base/java.util.concurrent.CompletableFuture$AsyncSupply.exec(CompletableFuture.java:1760)
	at java.base/java.util.concurrent.ForkJoinTask.doExec(ForkJoinTask.java:373)
	at java.base/java.util.concurrent.ForkJoinPool$WorkQueue.topLevelExec(ForkJoinPool.java:1182)
	at java.base/java.util.concurrent.ForkJoinPool.scan(ForkJoinPool.java:1655)
	at java.base/java.util.concurrent.ForkJoinPool.runWorker(ForkJoinPool.java:1622)
	at java.base/java.util.concurrent.ForkJoinWorkerThread.run(ForkJoinWorkerThread.java:165)
Caused by: java.lang.NullPointerException: Cannot invoke "java.io.File.getAbsolutePath()" because the return value of "org.eclipse.wildwebdeveloper.embedder.node.NodeJSManager.getNodeJsLocation()" is null
	at org.eclipse.wildwebdeveloper.angular.AngularLanguageServer.<init>(AngularLanguageServer.java:43)
	... 17 more
Root exception:
java.lang.NullPointerException: Cannot invoke "java.io.File.getAbsolutePath()" because the return value of "org.eclipse.wildwebdeveloper.embedder.node.NodeJSManager.getNodeJsLocation()" is null
	at org.eclipse.wildwebdeveloper.angular.AngularLanguageServer.<init>(AngularLanguageServer.java:43)
	at jdk.internal.reflect.GeneratedConstructorAccessor101.newInstance(Unknown Source)
	at java.base/jdk.internal.reflect.DelegatingConstructorAccessorImpl.newInstance(DelegatingConstructorAccessorImpl.java:45)
	at java.base/java.lang.reflect.Constructor.newInstanceWithCaller(Constructor.java:499)
	at java.base/java.lang.reflect.Constructor.newInstance(Constructor.java:480)
	at org.eclipse.core.internal.registry.osgi.RegistryStrategyOSGI.createExecutableExtension(RegistryStrategyOSGI.java:204)
	at org.eclipse.core.internal.registry.ExtensionRegistry.createExecutableExtension(ExtensionRegistry.java:920)
	at org.eclipse.core.internal.registry.ConfigurationElement.createExecutableExtension(ConfigurationElement.java:246)
	at org.eclipse.core.internal.registry.ConfigurationElementHandle.createExecutableExtension(ConfigurationElementHandle.java:63)
	at org.eclipse.lsp4e.LanguageServersRegistry$ExtensionLanguageServerDefinition.createConnectionProvider(LanguageServersRegistry.java:161)
	at org.eclipse.lsp4e.LanguageServerWrapper.lambda$0(LanguageServerWrapper.java:233)
	at java.base/java.util.concurrent.CompletableFuture$AsyncSupply.run(CompletableFuture.java:1768)
	at java.base/java.util.concurrent.CompletableFuture$AsyncSupply.exec(CompletableFuture.java:1760)
	at java.base/java.util.concurrent.ForkJoinTask.doExec(ForkJoinTask.java:373)
	at java.base/java.util.concurrent.ForkJoinPool$WorkQueue.topLevelExec(ForkJoinPool.java:1182)
	at java.base/java.util.concurrent.ForkJoinPool.scan(ForkJoinPool.java:1655)
	at java.base/java.util.concurrent.ForkJoinPool.runWorker(ForkJoinPool.java:1622)
	at java.base/java.util.concurrent.ForkJoinWorkerThread.run(ForkJoinWorkerThread.java:165)

!ENTRY org.eclipse.lsp4e 4 0 2025-12-27 07:28:05.941
!MESSAGE Exception occurred while creating an instance of the stream connection provider
!STACK 0
java.lang.RuntimeException: Exception occurred while creating an instance of the stream connection provider
	at org.eclipse.lsp4e.LanguageServersRegistry$ExtensionLanguageServerDefinition.createConnectionProvider(LanguageServersRegistry.java:164)
	at org.eclipse.lsp4e.LanguageServerWrapper.lambda$0(LanguageServerWrapper.java:233)
	at java.base/java.util.concurrent.CompletableFuture$AsyncSupply.run(CompletableFuture.java:1768)
	at java.base/java.util.concurrent.CompletableFuture$AsyncSupply.exec(CompletableFuture.java:1760)
	at java.base/java.util.concurrent.ForkJoinTask.doExec(ForkJoinTask.java:373)
	at java.base/java.util.concurrent.ForkJoinPool$WorkQueue.topLevelExec(ForkJoinPool.java:1182)
	at java.base/java.util.concurrent.ForkJoinPool.scan(ForkJoinPool.java:1655)
	at java.base/java.util.concurrent.ForkJoinPool.runWorker(ForkJoinPool.java:1622)
	at java.base/java.util.concurrent.ForkJoinWorkerThread.run(ForkJoinWorkerThread.java:165)
Caused by: org.eclipse.core.runtime.CoreException: プラグイン "org.eclipse.wildwebdeveloper" は、クラス "org.eclipse.wildwebdeveloper.html.HTMLLanguageServer" をインスタンス化できませんでした。
	at org.eclipse.core.internal.registry.osgi.RegistryStrategyOSGI.throwException(RegistryStrategyOSGI.java:212)
	at org.eclipse.core.internal.registry.osgi.RegistryStrategyOSGI.createExecutableExtension(RegistryStrategyOSGI.java:206)
	at org.eclipse.core.internal.registry.ExtensionRegistry.createExecutableExtension(ExtensionRegistry.java:920)
	at org.eclipse.core.internal.registry.ConfigurationElement.createExecutableExtension(ConfigurationElement.java:246)
	at org.eclipse.core.internal.registry.ConfigurationElementHandle.createExecutableExtension(ConfigurationElementHandle.java:63)
	at org.eclipse.lsp4e.LanguageServersRegistry$ExtensionLanguageServerDefinition.createConnectionProvider(LanguageServersRegistry.java:161)
	... 8 more
Caused by: java.lang.reflect.InvocationTargetException
	at jdk.internal.reflect.GeneratedConstructorAccessor102.newInstance(Unknown Source)
	at java.base/jdk.internal.reflect.DelegatingConstructorAccessorImpl.newInstance(DelegatingConstructorAccessorImpl.java:45)
	at java.base/java.lang.reflect.Constructor.newInstanceWithCaller(Constructor.java:499)
	at java.base/java.lang.reflect.Constructor.newInstance(Constructor.java:480)
	at org.eclipse.core.internal.registry.osgi.RegistryStrategyOSGI.createExecutableExtension(RegistryStrategyOSGI.java:204)
	... 12 more
Caused by: java.lang.NullPointerException: Cannot invoke "java.io.File.getAbsolutePath()" because the return value of "org.eclipse.wildwebdeveloper.embedder.node.NodeJSManager.getNodeJsLocation()" is null
	at org.eclipse.wildwebdeveloper.html.HTMLLanguageServer.<init>(HTMLLanguageServer.java:40)
	... 17 more

!ENTRY org.eclipse.lsp4e 4 0 2025-12-27 07:28:05.941
!MESSAGE Exception occurred while creating an instance of the stream connection provider
!STACK 0
java.lang.RuntimeException: Exception occurred while creating an instance of the stream connection provider
	at org.eclipse.lsp4e.LanguageServersRegistry$ExtensionLanguageServerDefinition.createConnectionProvider(LanguageServersRegistry.java:164)
	at org.eclipse.lsp4e.LanguageServerWrapper.lambda$0(LanguageServerWrapper.java:233)
	at java.base/java.util.concurrent.CompletableFuture$AsyncSupply.run(CompletableFuture.java:1768)
	at java.base/java.util.concurrent.CompletableFuture$AsyncSupply.exec(CompletableFuture.java:1760)
	at java.base/java.util.concurrent.ForkJoinTask.doExec(ForkJoinTask.java:373)
	at java.base/java.util.concurrent.ForkJoinPool$WorkQueue.topLevelExec(ForkJoinPool.java:1182)
	at java.base/java.util.concurrent.ForkJoinPool.scan(ForkJoinPool.java:1655)
	at java.base/java.util.concurrent.ForkJoinPool.runWorker(ForkJoinPool.java:1622)
	at java.base/java.util.concurrent.ForkJoinWorkerThread.run(ForkJoinWorkerThread.java:165)
Caused by: org.eclipse.core.runtime.CoreException: プラグイン "org.eclipse.wildwebdeveloper" は、クラス "org.eclipse.wildwebdeveloper.angular.AngularLanguageServer" をインスタンス化できませんでした。
	at org.eclipse.core.internal.registry.osgi.RegistryStrategyOSGI.throwException(RegistryStrategyOSGI.java:212)
	at org.eclipse.core.internal.registry.osgi.RegistryStrategyOSGI.createExecutableExtension(RegistryStrategyOSGI.java:206)
	at org.eclipse.core.internal.registry.ExtensionRegistry.createExecutableExtension(ExtensionRegistry.java:920)
	at org.eclipse.core.internal.registry.ConfigurationElement.createExecutableExtension(ConfigurationElement.java:246)
	at org.eclipse.core.internal.registry.ConfigurationElementHandle.createExecutableExtension(ConfigurationElementHandle.java:63)
	at org.eclipse.lsp4e.LanguageServersRegistry$ExtensionLanguageServerDefinition.createConnectionProvider(LanguageServersRegistry.java:161)
	... 8 more
Caused by: java.lang.reflect.InvocationTargetException
	at jdk.internal.reflect.GeneratedConstructorAccessor101.newInstance(Unknown Source)
	at java.base/jdk.internal.reflect.DelegatingConstructorAccessorImpl.newInstance(DelegatingConstructorAccessorImpl.java:45)
	at java.base/java.lang.reflect.Constructor.newInstanceWithCaller(Constructor.java:499)
	at java.base/java.lang.reflect.Constructor.newInstance(Constructor.java:480)
	at org.eclipse.core.internal.registry.osgi.RegistryStrategyOSGI.createExecutableExtension(RegistryStrategyOSGI.java:204)
	... 12 more
Caused by: java.lang.NullPointerException: Cannot invoke "java.io.File.getAbsolutePath()" because the return value of "org.eclipse.wildwebdeveloper.embedder.node.NodeJSManager.getNodeJsLocation()" is null
	at org.eclipse.wildwebdeveloper.angular.AngularLanguageServer.<init>(AngularLanguageServer.java:43)
	... 17 more

!ENTRY org.eclipse.lsp4e 4 0 2025-12-27 07:28:05.942
!MESSAGE Cannot invoke "org.eclipse.lsp4e.server.StreamConnectionProvider.getInputStream()" because "this.lspStreamProvider" is null
!STACK 0
java.lang.NullPointerException: Cannot invoke "org.eclipse.lsp4e.server.StreamConnectionProvider.getInputStream()" because "this.lspStreamProvider" is null
	at org.eclipse.lsp4e.LanguageServerWrapper.lambda$1(LanguageServerWrapper.java:284)
	at java.base/java.util.concurrent.CompletableFuture$UniApply.tryFire(CompletableFuture.java:646)
	at java.base/java.util.concurrent.CompletableFuture.postComplete(CompletableFuture.java:510)
	at java.base/java.util.concurrent.CompletableFuture$AsyncSupply.run(CompletableFuture.java:1773)
	at java.base/java.util.concurrent.CompletableFuture$AsyncSupply.exec(CompletableFuture.java:1760)
	at java.base/java.util.concurrent.ForkJoinTask.doExec(ForkJoinTask.java:373)
	at java.base/java.util.concurrent.ForkJoinPool$WorkQueue.topLevelExec(ForkJoinPool.java:1182)
	at java.base/java.util.concurrent.ForkJoinPool.scan(ForkJoinPool.java:1655)
	at java.base/java.util.concurrent.ForkJoinPool.runWorker(ForkJoinPool.java:1622)
	at java.base/java.util.concurrent.ForkJoinWorkerThread.run(ForkJoinWorkerThread.java:165)

!ENTRY org.eclipse.lsp4e 4 0 2025-12-27 07:28:05.942
!MESSAGE Cannot invoke "org.eclipse.lsp4e.server.StreamConnectionProvider.getInputStream()" because "this.lspStreamProvider" is null
!STACK 0
java.lang.NullPointerException: Cannot invoke "org.eclipse.lsp4e.server.StreamConnectionProvider.getInputStream()" because "this.lspStreamProvider" is null
	at org.eclipse.lsp4e.LanguageServerWrapper.lambda$1(LanguageServerWrapper.java:284)
	at java.base/java.util.concurrent.CompletableFuture$UniApply.tryFire(CompletableFuture.java:646)
	at java.base/java.util.concurrent.CompletableFuture.postComplete(CompletableFuture.java:510)
	at java.base/java.util.concurrent.CompletableFuture$AsyncSupply.run(CompletableFuture.java:1773)
	at java.base/java.util.concurrent.CompletableFuture$AsyncSupply.exec(CompletableFuture.java:1760)
	at java.base/java.util.concurrent.ForkJoinTask.doExec(ForkJoinTask.java:373)
	at java.base/java.util.concurrent.ForkJoinPool$WorkQueue.topLevelExec(ForkJoinPool.java:1182)
	at java.base/java.util.concurrent.ForkJoinPool.scan(ForkJoinPool.java:1655)
	at java.base/java.util.concurrent.ForkJoinPool.runWorker(ForkJoinPool.java:1622)
	at java.base/java.util.concurrent.ForkJoinWorkerThread.run(ForkJoinWorkerThread.java:165)

!ENTRY org.eclipse.lsp4e 4 0 2025-12-27 07:28:09.728
!MESSAGE プラグイン "org.eclipse.wildwebdeveloper" は、クラス "org.eclipse.wildwebdeveloper.html.HTMLLanguageServer" をインスタンス化できませんでした。
!STACK 1
org.eclipse.core.runtime.CoreException: プラグイン "org.eclipse.wildwebdeveloper" は、クラス "org.eclipse.wildwebdeveloper.html.HTMLLanguageServer" をインスタンス化できませんでした。
	at org.eclipse.core.internal.registry.osgi.RegistryStrategyOSGI.throwException(RegistryStrategyOSGI.java:212)
	at org.eclipse.core.internal.registry.osgi.RegistryStrategyOSGI.createExecutableExtension(RegistryStrategyOSGI.java:206)
	at org.eclipse.core.internal.registry.ExtensionRegistry.createExecutableExtension(ExtensionRegistry.java:920)
	at org.eclipse.core.internal.registry.ConfigurationElement.createExecutableExtension(ConfigurationElement.java:246)
	at org.eclipse.core.internal.registry.ConfigurationElementHandle.createExecutableExtension(ConfigurationElementHandle.java:63)
	at org.eclipse.lsp4e.LanguageServersRegistry$ExtensionLanguageServerDefinition.createConnectionProvider(LanguageServersRegistry.java:161)
	at org.eclipse.lsp4e.LanguageServerWrapper.lambda$0(LanguageServerWrapper.java:233)
	at java.base/java.util.concurrent.CompletableFuture$AsyncSupply.run(CompletableFuture.java:1768)
	at java.base/java.util.concurrent.CompletableFuture$AsyncSupply.exec(CompletableFuture.java:1760)
	at java.base/java.util.concurrent.ForkJoinTask.doExec(ForkJoinTask.java:373)
	at java.base/java.util.concurrent.ForkJoinPool$WorkQueue.topLevelExec(ForkJoinPool.java:1182)
	at java.base/java.util.concurrent.ForkJoinPool.scan(ForkJoinPool.java:1655)
	at java.base/java.util.concurrent.ForkJoinPool.runWorker(ForkJoinPool.java:1622)
	at java.base/java.util.concurrent.ForkJoinWorkerThread.run(ForkJoinWorkerThread.java:165)
Caused by: java.lang.reflect.InvocationTargetException
	at jdk.internal.reflect.GeneratedConstructorAccessor102.newInstance(Unknown Source)
	at java.base/jdk.internal.reflect.DelegatingConstructorAccessorImpl.newInstance(DelegatingConstructorAccessorImpl.java:45)
	at java.base/java.lang.reflect.Constructor.newInstanceWithCaller(Constructor.java:499)
	at java.base/java.lang.reflect.Constructor.newInstance(Constructor.java:480)
	at org.eclipse.core.internal.registry.osgi.RegistryStrategyOSGI.createExecutableExtension(RegistryStrategyOSGI.java:204)
	... 12 more
Caused by: java.lang.NullPointerException: Cannot invoke "java.io.File.getAbsolutePath()" because the return value of "org.eclipse.wildwebdeveloper.embedder.node.NodeJSManager.getNodeJsLocation()" is null
	at org.eclipse.wildwebdeveloper.html.HTMLLanguageServer.<init>(HTMLLanguageServer.java:40)
	... 17 more
!SUBENTRY 1 org.eclipse.equinox.registry 4 1 2025-12-27 07:28:09.730
!MESSAGE プラグイン "org.eclipse.wildwebdeveloper" は、クラス "org.eclipse.wildwebdeveloper.html.HTMLLanguageServer" をインスタンス化できませんでした。
!STACK 0
java.lang.reflect.InvocationTargetException
	at jdk.internal.reflect.GeneratedConstructorAccessor102.newInstance(Unknown Source)
	at java.base/jdk.internal.reflect.DelegatingConstructorAccessorImpl.newInstance(DelegatingConstructorAccessorImpl.java:45)
	at java.base/java.lang.reflect.Constructor.newInstanceWithCaller(Constructor.java:499)
	at java.base/java.lang.reflect.Constructor.newInstance(Constructor.java:480)
	at org.eclipse.core.internal.registry.osgi.RegistryStrategyOSGI.createExecutableExtension(RegistryStrategyOSGI.java:204)
	at org.eclipse.core.internal.registry.ExtensionRegistry.createExecutableExtension(ExtensionRegistry.java:920)
	at org.eclipse.core.internal.registry.ConfigurationElement.createExecutableExtension(ConfigurationElement.java:246)
	at org.eclipse.core.internal.registry.ConfigurationElementHandle.createExecutableExtension(ConfigurationElementHandle.java:63)
	at org.eclipse.lsp4e.LanguageServersRegistry$ExtensionLanguageServerDefinition.createConnectionProvider(LanguageServersRegistry.java:161)
	at org.eclipse.lsp4e.LanguageServerWrapper.lambda$0(LanguageServerWrapper.java:233)
	at java.base/java.util.concurrent.CompletableFuture$AsyncSupply.run(CompletableFuture.java:1768)
	at java.base/java.util.concurrent.CompletableFuture$AsyncSupply.exec(CompletableFuture.java:1760)
	at java.base/java.util.concurrent.ForkJoinTask.doExec(ForkJoinTask.java:373)
	at java.base/java.util.concurrent.ForkJoinPool$WorkQueue.topLevelExec(ForkJoinPool.java:1182)
	at java.base/java.util.concurrent.ForkJoinPool.scan(ForkJoinPool.java:1655)
	at java.base/java.util.concurrent.ForkJoinPool.runWorker(ForkJoinPool.java:1622)
	at java.base/java.util.concurrent.ForkJoinWorkerThread.run(ForkJoinWorkerThread.java:165)
Caused by: java.lang.NullPointerException: Cannot invoke "java.io.File.getAbsolutePath()" because the return value of "org.eclipse.wildwebdeveloper.embedder.node.NodeJSManager.getNodeJsLocation()" is null
	at org.eclipse.wildwebdeveloper.html.HTMLLanguageServer.<init>(HTMLLanguageServer.java:40)
	... 17 more
Root exception:
java.lang.NullPointerException: Cannot invoke "java.io.File.getAbsolutePath()" because the return value of "org.eclipse.wildwebdeveloper.embedder.node.NodeJSManager.getNodeJsLocation()" is null
	at org.eclipse.wildwebdeveloper.html.HTMLLanguageServer.<init>(HTMLLanguageServer.java:40)
	at jdk.internal.reflect.GeneratedConstructorAccessor102.newInstance(Unknown Source)
	at java.base/jdk.internal.reflect.DelegatingConstructorAccessorImpl.newInstance(DelegatingConstructorAccessorImpl.java:45)
	at java.base/java.lang.reflect.Constructor.newInstanceWithCaller(Constructor.java:499)
	at java.base/java.lang.reflect.Constructor.newInstance(Constructor.java:480)
	at org.eclipse.core.internal.registry.osgi.RegistryStrategyOSGI.createExecutableExtension(RegistryStrategyOSGI.java:204)
	at org.eclipse.core.internal.registry.ExtensionRegistry.createExecutableExtension(ExtensionRegistry.java:920)
	at org.eclipse.core.internal.registry.ConfigurationElement.createExecutableExtension(ConfigurationElement.java:246)
	at org.eclipse.core.internal.registry.ConfigurationElementHandle.createExecutableExtension(ConfigurationElementHandle.java:63)
	at org.eclipse.lsp4e.LanguageServersRegistry$ExtensionLanguageServerDefinition.createConnectionProvider(LanguageServersRegistry.java:161)
	at org.eclipse.lsp4e.LanguageServerWrapper.lambda$0(LanguageServerWrapper.java:233)
	at java.base/java.util.concurrent.CompletableFuture$AsyncSupply.run(CompletableFuture.java:1768)
	at java.base/java.util.concurrent.CompletableFuture$AsyncSupply.exec(CompletableFuture.java:1760)
	at java.base/java.util.concurrent.ForkJoinTask.doExec(ForkJoinTask.java:373)
	at java.base/java.util.concurrent.ForkJoinPool$WorkQueue.topLevelExec(ForkJoinPool.java:1182)
	at java.base/java.util.concurrent.ForkJoinPool.scan(ForkJoinPool.java:1655)
	at java.base/java.util.concurrent.ForkJoinPool.runWorker(ForkJoinPool.java:1622)
	at java.base/java.util.concurrent.ForkJoinWorkerThread.run(ForkJoinWorkerThread.java:165)

!ENTRY org.eclipse.lsp4e 4 0 2025-12-27 07:28:09.730
!MESSAGE プラグイン "org.eclipse.wildwebdeveloper" は、クラス "org.eclipse.wildwebdeveloper.angular.AngularLanguageServer" をインスタンス化できませんでした。
!STACK 1
org.eclipse.core.runtime.CoreException: プラグイン "org.eclipse.wildwebdeveloper" は、クラス "org.eclipse.wildwebdeveloper.angular.AngularLanguageServer" をインスタンス化できませんでした。
	at org.eclipse.core.internal.registry.osgi.RegistryStrategyOSGI.throwException(RegistryStrategyOSGI.java:212)
	at org.eclipse.core.internal.registry.osgi.RegistryStrategyOSGI.createExecutableExtension(RegistryStrategyOSGI.java:206)
	at org.eclipse.core.internal.registry.ExtensionRegistry.createExecutableExtension(ExtensionRegistry.java:920)
	at org.eclipse.core.internal.registry.ConfigurationElement.createExecutableExtension(ConfigurationElement.java:246)
	at org.eclipse.core.internal.registry.ConfigurationElementHandle.createExecutableExtension(ConfigurationElementHandle.java:63)
	at org.eclipse.lsp4e.LanguageServersRegistry$ExtensionLanguageServerDefinition.createConnectionProvider(LanguageServersRegistry.java:161)
	at org.eclipse.lsp4e.LanguageServerWrapper.lambda$0(LanguageServerWrapper.java:233)
	at java.base/java.util.concurrent.CompletableFuture$AsyncSupply.run(CompletableFuture.java:1768)
	at java.base/java.util.concurrent.CompletableFuture$AsyncSupply.exec(CompletableFuture.java:1760)
	at java.base/java.util.concurrent.ForkJoinTask.doExec(ForkJoinTask.java:373)
	at java.base/java.util.concurrent.ForkJoinPool$WorkQueue.topLevelExec(ForkJoinPool.java:1182)
	at java.base/java.util.concurrent.ForkJoinPool.scan(ForkJoinPool.java:1655)
	at java.base/java.util.concurrent.ForkJoinPool.runWorker(ForkJoinPool.java:1622)
	at java.base/java.util.concurrent.ForkJoinWorkerThread.run(ForkJoinWorkerThread.java:165)
Caused by: java.lang.reflect.InvocationTargetException
	at jdk.internal.reflect.GeneratedConstructorAccessor101.newInstance(Unknown Source)
	at java.base/jdk.internal.reflect.DelegatingConstructorAccessorImpl.newInstance(DelegatingConstructorAccessorImpl.java:45)
	at java.base/java.lang.reflect.Constructor.newInstanceWithCaller(Constructor.java:499)
	at java.base/java.lang.reflect.Constructor.newInstance(Constructor.java:480)
	at org.eclipse.core.internal.registry.osgi.RegistryStrategyOSGI.createExecutableExtension(RegistryStrategyOSGI.java:204)
	... 12 more
Caused by: java.lang.NullPointerException: Cannot invoke "java.io.File.getAbsolutePath()" because the return value of "org.eclipse.wildwebdeveloper.embedder.node.NodeJSManager.getNodeJsLocation()" is null
	at org.eclipse.wildwebdeveloper.angular.AngularLanguageServer.<init>(AngularLanguageServer.java:43)
	... 17 more
!SUBENTRY 1 org.eclipse.equinox.registry 4 1 2025-12-27 07:28:09.730
!MESSAGE プラグイン "org.eclipse.wildwebdeveloper" は、クラス "org.eclipse.wildwebdeveloper.angular.AngularLanguageServer" をインスタンス化できませんでした。
!STACK 0
java.lang.reflect.InvocationTargetException
	at jdk.internal.reflect.GeneratedConstructorAccessor101.newInstance(Unknown Source)
	at java.base/jdk.internal.reflect.DelegatingConstructorAccessorImpl.newInstance(DelegatingConstructorAccessorImpl.java:45)
	at java.base/java.lang.reflect.Constructor.newInstanceWithCaller(Constructor.java:499)
	at java.base/java.lang.reflect.Constructor.newInstance(Constructor.java:480)
	at org.eclipse.core.internal.registry.osgi.RegistryStrategyOSGI.createExecutableExtension(RegistryStrategyOSGI.java:204)
	at org.eclipse.core.internal.registry.ExtensionRegistry.createExecutableExtension(ExtensionRegistry.java:920)
	at org.eclipse.core.internal.registry.ConfigurationElement.createExecutableExtension(ConfigurationElement.java:246)
	at org.eclipse.core.internal.registry.ConfigurationElementHandle.createExecutableExtension(ConfigurationElementHandle.java:63)
	at org.eclipse.lsp4e.LanguageServersRegistry$ExtensionLanguageServerDefinition.createConnectionProvider(LanguageServersRegistry.java:161)
	at org.eclipse.lsp4e.LanguageServerWrapper.lambda$0(LanguageServerWrapper.java:233)
	at java.base/java.util.concurrent.CompletableFuture$AsyncSupply.run(CompletableFuture.java:1768)
	at java.base/java.util.concurrent.CompletableFuture$AsyncSupply.exec(CompletableFuture.java:1760)
	at java.base/java.util.concurrent.ForkJoinTask.doExec(ForkJoinTask.java:373)
	at java.base/java.util.concurrent.ForkJoinPool$WorkQueue.topLevelExec(ForkJoinPool.java:1182)
	at java.base/java.util.concurrent.ForkJoinPool.scan(ForkJoinPool.java:1655)
	at java.base/java.util.concurrent.ForkJoinPool.runWorker(ForkJoinPool.java:1622)
	at java.base/java.util.concurrent.ForkJoinWorkerThread.run(ForkJoinWorkerThread.java:165)
Caused by: java.lang.NullPointerException: Cannot invoke "java.io.File.getAbsolutePath()" because the return value of "org.eclipse.wildwebdeveloper.embedder.node.NodeJSManager.getNodeJsLocation()" is null
	at org.eclipse.wildwebdeveloper.angular.AngularLanguageServer.<init>(AngularLanguageServer.java:43)
	... 17 more
Root exception:
java.lang.NullPointerException: Cannot invoke "java.io.File.getAbsolutePath()" because the return value of "org.eclipse.wildwebdeveloper.embedder.node.NodeJSManager.getNodeJsLocation()" is null
	at org.eclipse.wildwebdeveloper.angular.AngularLanguageServer.<init>(AngularLanguageServer.java:43)
	at jdk.internal.reflect.GeneratedConstructorAccessor101.newInstance(Unknown Source)
	at java.base/jdk.internal.reflect.DelegatingConstructorAccessorImpl.newInstance(DelegatingConstructorAccessorImpl.java:45)
	at java.base/java.lang.reflect.Constructor.newInstanceWithCaller(Constructor.java:499)
	at java.base/java.lang.reflect.Constructor.newInstance(Constructor.java:480)
	at org.eclipse.core.internal.registry.osgi.RegistryStrategyOSGI.createExecutableExtension(RegistryStrategyOSGI.java:204)
	at org.eclipse.core.internal.registry.ExtensionRegistry.createExecutableExtension(ExtensionRegistry.java:920)
	at org.eclipse.core.internal.registry.ConfigurationElement.createExecutableExtension(ConfigurationElement.java:246)
	at org.eclipse.core.internal.registry.ConfigurationElementHandle.createExecutableExtension(ConfigurationElementHandle.java:63)
	at org.eclipse.lsp4e.LanguageServersRegistry$ExtensionLanguageServerDefinition.createConnectionProvider(LanguageServersRegistry.java:161)
	at org.eclipse.lsp4e.LanguageServerWrapper.lambda$0(LanguageServerWrapper.java:233)
	at java.base/java.util.concurrent.CompletableFuture$AsyncSupply.run(CompletableFuture.java:1768)
	at java.base/java.util.concurrent.CompletableFuture$AsyncSupply.exec(CompletableFuture.java:1760)
	at java.base/java.util.concurrent.ForkJoinTask.doExec(ForkJoinTask.java:373)
	at java.base/java.util.concurrent.ForkJoinPool$WorkQueue.topLevelExec(ForkJoinPool.java:1182)
	at java.base/java.util.concurrent.ForkJoinPool.scan(ForkJoinPool.java:1655)
	at java.base/java.util.concurrent.ForkJoinPool.runWorker(ForkJoinPool.java:1622)
	at java.base/java.util.concurrent.ForkJoinWorkerThread.run(ForkJoinWorkerThread.java:165)

!ENTRY org.eclipse.lsp4e 4 0 2025-12-27 07:28:09.730
!MESSAGE Exception occurred while creating an instance of the stream connection provider
!STACK 0
java.lang.RuntimeException: Exception occurred while creating an instance of the stream connection provider
	at org.eclipse.lsp4e.LanguageServersRegistry$ExtensionLanguageServerDefinition.createConnectionProvider(LanguageServersRegistry.java:164)
	at org.eclipse.lsp4e.LanguageServerWrapper.lambda$0(LanguageServerWrapper.java:233)
	at java.base/java.util.concurrent.CompletableFuture$AsyncSupply.run(CompletableFuture.java:1768)
	at java.base/java.util.concurrent.CompletableFuture$AsyncSupply.exec(CompletableFuture.java:1760)
	at java.base/java.util.concurrent.ForkJoinTask.doExec(ForkJoinTask.java:373)
	at java.base/java.util.concurrent.ForkJoinPool$WorkQueue.topLevelExec(ForkJoinPool.java:1182)
	at java.base/java.util.concurrent.ForkJoinPool.scan(ForkJoinPool.java:1655)
	at java.base/java.util.concurrent.ForkJoinPool.runWorker(ForkJoinPool.java:1622)
	at java.base/java.util.concurrent.ForkJoinWorkerThread.run(ForkJoinWorkerThread.java:165)
Caused by: org.eclipse.core.runtime.CoreException: プラグイン "org.eclipse.wildwebdeveloper" は、クラス "org.eclipse.wildwebdeveloper.html.HTMLLanguageServer" をインスタンス化できませんでした。
	at org.eclipse.core.internal.registry.osgi.RegistryStrategyOSGI.throwException(RegistryStrategyOSGI.java:212)
	at org.eclipse.core.internal.registry.osgi.RegistryStrategyOSGI.createExecutableExtension(RegistryStrategyOSGI.java:206)
	at org.eclipse.core.internal.registry.ExtensionRegistry.createExecutableExtension(ExtensionRegistry.java:920)
	at org.eclipse.core.internal.registry.ConfigurationElement.createExecutableExtension(ConfigurationElement.java:246)
	at org.eclipse.core.internal.registry.ConfigurationElementHandle.createExecutableExtension(ConfigurationElementHandle.java:63)
	at org.eclipse.lsp4e.LanguageServersRegistry$ExtensionLanguageServerDefinition.createConnectionProvider(LanguageServersRegistry.java:161)
	... 8 more
Caused by: java.lang.reflect.InvocationTargetException
	at jdk.internal.reflect.GeneratedConstructorAccessor102.newInstance(Unknown Source)
	at java.base/jdk.internal.reflect.DelegatingConstructorAccessorImpl.newInstance(DelegatingConstructorAccessorImpl.java:45)
	at java.base/java.lang.reflect.Constructor.newInstanceWithCaller(Constructor.java:499)
	at java.base/java.lang.reflect.Constructor.newInstance(Constructor.java:480)
	at org.eclipse.core.internal.registry.osgi.RegistryStrategyOSGI.createExecutableExtension(RegistryStrategyOSGI.java:204)
	... 12 more
Caused by: java.lang.NullPointerException: Cannot invoke "java.io.File.getAbsolutePath()" because the return value of "org.eclipse.wildwebdeveloper.embedder.node.NodeJSManager.getNodeJsLocation()" is null
	at org.eclipse.wildwebdeveloper.html.HTMLLanguageServer.<init>(HTMLLanguageServer.java:40)
	... 17 more

!ENTRY org.eclipse.lsp4e 4 0 2025-12-27 07:28:09.730
!MESSAGE Exception occurred while creating an instance of the stream connection provider
!STACK 0
java.lang.RuntimeException: Exception occurred while creating an instance of the stream connection provider
	at org.eclipse.lsp4e.LanguageServersRegistry$ExtensionLanguageServerDefinition.createConnectionProvider(LanguageServersRegistry.java:164)
	at org.eclipse.lsp4e.LanguageServerWrapper.lambda$0(LanguageServerWrapper.java:233)
	at java.base/java.util.concurrent.CompletableFuture$AsyncSupply.run(CompletableFuture.java:1768)
	at java.base/java.util.concurrent.CompletableFuture$AsyncSupply.exec(CompletableFuture.java:1760)
	at java.base/java.util.concurrent.ForkJoinTask.doExec(ForkJoinTask.java:373)
	at java.base/java.util.concurrent.ForkJoinPool$WorkQueue.topLevelExec(ForkJoinPool.java:1182)
	at java.base/java.util.concurrent.ForkJoinPool.scan(ForkJoinPool.java:1655)
	at java.base/java.util.concurrent.ForkJoinPool.runWorker(ForkJoinPool.java:1622)
	at java.base/java.util.concurrent.ForkJoinWorkerThread.run(ForkJoinWorkerThread.java:165)
Caused by: org.eclipse.core.runtime.CoreException: プラグイン "org.eclipse.wildwebdeveloper" は、クラス "org.eclipse.wildwebdeveloper.angular.AngularLanguageServer" をインスタンス化できませんでした。
	at org.eclipse.core.internal.registry.osgi.RegistryStrategyOSGI.throwException(RegistryStrategyOSGI.java:212)
	at org.eclipse.core.internal.registry.osgi.RegistryStrategyOSGI.createExecutableExtension(RegistryStrategyOSGI.java:206)
	at org.eclipse.core.internal.registry.ExtensionRegistry.createExecutableExtension(ExtensionRegistry.java:920)
	at org.eclipse.core.internal.registry.ConfigurationElement.createExecutableExtension(ConfigurationElement.java:246)
	at org.eclipse.core.internal.registry.ConfigurationElementHandle.createExecutableExtension(ConfigurationElementHandle.java:63)
	at org.eclipse.lsp4e.LanguageServersRegistry$ExtensionLanguageServerDefinition.createConnectionProvider(LanguageServersRegistry.java:161)
	... 8 more
Caused by: java.lang.reflect.InvocationTargetException
	at jdk.internal.reflect.GeneratedConstructorAccessor101.newInstance(Unknown Source)
	at java.base/jdk.internal.reflect.DelegatingConstructorAccessorImpl.newInstance(DelegatingConstructorAccessorImpl.java:45)
	at java.base/java.lang.reflect.Constructor.newInstanceWithCaller(Constructor.java:499)
	at java.base/java.lang.reflect.Constructor.newInstance(Constructor.java:480)
	at org.eclipse.core.internal.registry.osgi.RegistryStrategyOSGI.createExecutableExtension(RegistryStrategyOSGI.java:204)
	... 12 more
Caused by: java.lang.NullPointerException: Cannot invoke "java.io.File.getAbsolutePath()" because the return value of "org.eclipse.wildwebdeveloper.embedder.node.NodeJSManager.getNodeJsLocation()" is null
	at org.eclipse.wildwebdeveloper.angular.AngularLanguageServer.<init>(AngularLanguageServer.java:43)
	... 17 more

!ENTRY org.eclipse.lsp4e 4 0 2025-12-27 07:28:09.732
!MESSAGE Cannot invoke "org.eclipse.lsp4e.server.StreamConnectionProvider.getInputStream()" because "this.lspStreamProvider" is null
!STACK 0
java.lang.NullPointerException: Cannot invoke "org.eclipse.lsp4e.server.StreamConnectionProvider.getInputStream()" because "this.lspStreamProvider" is null
	at org.eclipse.lsp4e.LanguageServerWrapper.lambda$1(LanguageServerWrapper.java:284)
	at java.base/java.util.concurrent.CompletableFuture$UniApply.tryFire(CompletableFuture.java:646)
	at java.base/java.util.concurrent.CompletableFuture.postComplete(CompletableFuture.java:510)
	at java.base/java.util.concurrent.CompletableFuture$AsyncSupply.run(CompletableFuture.java:1773)
	at java.base/java.util.concurrent.CompletableFuture$AsyncSupply.exec(CompletableFuture.java:1760)
	at java.base/java.util.concurrent.ForkJoinTask.doExec(ForkJoinTask.java:373)
	at java.base/java.util.concurrent.ForkJoinPool$WorkQueue.topLevelExec(ForkJoinPool.java:1182)
	at java.base/java.util.concurrent.ForkJoinPool.scan(ForkJoinPool.java:1655)
	at java.base/java.util.concurrent.ForkJoinPool.runWorker(ForkJoinPool.java:1622)
	at java.base/java.util.concurrent.ForkJoinWorkerThread.run(ForkJoinWorkerThread.java:165)

!ENTRY org.eclipse.lsp4e 4 0 2025-12-27 07:28:09.732
!MESSAGE Cannot invoke "org.eclipse.lsp4e.server.StreamConnectionProvider.getInputStream()" because "this.lspStreamProvider" is null
!STACK 0
java.lang.NullPointerException: Cannot invoke "org.eclipse.lsp4e.server.StreamConnectionProvider.getInputStream()" because "this.lspStreamProvider" is null
	at org.eclipse.lsp4e.LanguageServerWrapper.lambda$1(LanguageServerWrapper.java:284)
	at java.base/java.util.concurrent.CompletableFuture$UniApply.tryFire(CompletableFuture.java:646)
	at java.base/java.util.concurrent.CompletableFuture.postComplete(CompletableFuture.java:510)
	at java.base/java.util.concurrent.CompletableFuture$AsyncSupply.run(CompletableFuture.java:1773)
	at java.base/java.util.concurrent.CompletableFuture$AsyncSupply.exec(CompletableFuture.java:1760)
	at java.base/java.util.concurrent.ForkJoinTask.doExec(ForkJoinTask.java:373)
	at java.base/java.util.concurrent.ForkJoinPool$WorkQueue.topLevelExec(ForkJoinPool.java:1182)
	at java.base/java.util.concurrent.ForkJoinPool.scan(ForkJoinPool.java:1655)
	at java.base/java.util.concurrent.ForkJoinPool.runWorker(ForkJoinPool.java:1622)
	at java.base/java.util.concurrent.ForkJoinWorkerThread.run(ForkJoinWorkerThread.java:165)

!ENTRY org.eclipse.lsp4e 4 0 2025-12-27 07:28:09.803
!MESSAGE プラグイン "org.eclipse.wildwebdeveloper" は、クラス "org.eclipse.wildwebdeveloper.html.HTMLLanguageServer" をインスタンス化できませんでした。
!STACK 1
org.eclipse.core.runtime.CoreException: プラグイン "org.eclipse.wildwebdeveloper" は、クラス "org.eclipse.wildwebdeveloper.html.HTMLLanguageServer" をインスタンス化できませんでした。
	at org.eclipse.core.internal.registry.osgi.RegistryStrategyOSGI.throwException(RegistryStrategyOSGI.java:212)
	at org.eclipse.core.internal.registry.osgi.RegistryStrategyOSGI.createExecutableExtension(RegistryStrategyOSGI.java:206)
	at org.eclipse.core.internal.registry.ExtensionRegistry.createExecutableExtension(ExtensionRegistry.java:920)
	at org.eclipse.core.internal.registry.ConfigurationElement.createExecutableExtension(ConfigurationElement.java:246)
	at org.eclipse.core.internal.registry.ConfigurationElementHandle.createExecutableExtension(ConfigurationElementHandle.java:63)
	at org.eclipse.lsp4e.LanguageServersRegistry$ExtensionLanguageServerDefinition.createConnectionProvider(LanguageServersRegistry.java:161)
	at org.eclipse.lsp4e.LanguageServerWrapper.lambda$0(LanguageServerWrapper.java:233)
	at java.base/java.util.concurrent.CompletableFuture$AsyncSupply.run(CompletableFuture.java:1768)
	at java.base/java.util.concurrent.CompletableFuture$AsyncSupply.exec(CompletableFuture.java:1760)
	at java.base/java.util.concurrent.ForkJoinTask.doExec(ForkJoinTask.java:373)
	at java.base/java.util.concurrent.ForkJoinPool$WorkQueue.topLevelExec(ForkJoinPool.java:1182)
	at java.base/java.util.concurrent.ForkJoinPool.scan(ForkJoinPool.java:1655)
	at java.base/java.util.concurrent.ForkJoinPool.runWorker(ForkJoinPool.java:1622)
	at java.base/java.util.concurrent.ForkJoinWorkerThread.run(ForkJoinWorkerThread.java:165)
Caused by: java.lang.reflect.InvocationTargetException
	at jdk.internal.reflect.GeneratedConstructorAccessor102.newInstance(Unknown Source)
	at java.base/jdk.internal.reflect.DelegatingConstructorAccessorImpl.newInstance(DelegatingConstructorAccessorImpl.java:45)
	at java.base/java.lang.reflect.Constructor.newInstanceWithCaller(Constructor.java:499)
	at java.base/java.lang.reflect.Constructor.newInstance(Constructor.java:480)
	at org.eclipse.core.internal.registry.osgi.RegistryStrategyOSGI.createExecutableExtension(RegistryStrategyOSGI.java:204)
	... 12 more
Caused by: java.lang.NullPointerException: Cannot invoke "java.io.File.getAbsolutePath()" because the return value of "org.eclipse.wildwebdeveloper.embedder.node.NodeJSManager.getNodeJsLocation()" is null
	at org.eclipse.wildwebdeveloper.html.HTMLLanguageServer.<init>(HTMLLanguageServer.java:40)
	... 17 more
!SUBENTRY 1 org.eclipse.equinox.registry 4 1 2025-12-27 07:28:09.803
!MESSAGE プラグイン "org.eclipse.wildwebdeveloper" は、クラス "org.eclipse.wildwebdeveloper.html.HTMLLanguageServer" をインスタンス化できませんでした。
!STACK 0
java.lang.reflect.InvocationTargetException
	at jdk.internal.reflect.GeneratedConstructorAccessor102.newInstance(Unknown Source)
	at java.base/jdk.internal.reflect.DelegatingConstructorAccessorImpl.newInstance(DelegatingConstructorAccessorImpl.java:45)
	at java.base/java.lang.reflect.Constructor.newInstanceWithCaller(Constructor.java:499)
	at java.base/java.lang.reflect.Constructor.newInstance(Constructor.java:480)
	at org.eclipse.core.internal.registry.osgi.RegistryStrategyOSGI.createExecutableExtension(RegistryStrategyOSGI.java:204)
	at org.eclipse.core.internal.registry.ExtensionRegistry.createExecutableExtension(ExtensionRegistry.java:920)
	at org.eclipse.core.internal.registry.ConfigurationElement.createExecutableExtension(ConfigurationElement.java:246)
	at org.eclipse.core.internal.registry.ConfigurationElementHandle.createExecutableExtension(ConfigurationElementHandle.java:63)
	at org.eclipse.lsp4e.LanguageServersRegistry$ExtensionLanguageServerDefinition.createConnectionProvider(LanguageServersRegistry.java:161)
	at org.eclipse.lsp4e.LanguageServerWrapper.lambda$0(LanguageServerWrapper.java:233)
	at java.base/java.util.concurrent.CompletableFuture$AsyncSupply.run(CompletableFuture.java:1768)
	at java.base/java.util.concurrent.CompletableFuture$AsyncSupply.exec(CompletableFuture.java:1760)
	at java.base/java.util.concurrent.ForkJoinTask.doExec(ForkJoinTask.java:373)
	at java.base/java.util.concurrent.ForkJoinPool$WorkQueue.topLevelExec(ForkJoinPool.java:1182)
	at java.base/java.util.concurrent.ForkJoinPool.scan(ForkJoinPool.java:1655)
	at java.base/java.util.concurrent.ForkJoinPool.runWorker(ForkJoinPool.java:1622)
	at java.base/java.util.concurrent.ForkJoinWorkerThread.run(ForkJoinWorkerThread.java:165)
Caused by: java.lang.NullPointerException: Cannot invoke "java.io.File.getAbsolutePath()" because the return value of "org.eclipse.wildwebdeveloper.embedder.node.NodeJSManager.getNodeJsLocation()" is null
	at org.eclipse.wildwebdeveloper.html.HTMLLanguageServer.<init>(HTMLLanguageServer.java:40)
	... 17 more
Root exception:
java.lang.NullPointerException: Cannot invoke "java.io.File.getAbsolutePath()" because the return value of "org.eclipse.wildwebdeveloper.embedder.node.NodeJSManager.getNodeJsLocation()" is null
	at org.eclipse.wildwebdeveloper.html.HTMLLanguageServer.<init>(HTMLLanguageServer.java:40)
	at jdk.internal.reflect.GeneratedConstructorAccessor102.newInstance(Unknown Source)
	at java.base/jdk.internal.reflect.DelegatingConstructorAccessorImpl.newInstance(DelegatingConstructorAccessorImpl.java:45)
	at java.base/java.lang.reflect.Constructor.newInstanceWithCaller(Constructor.java:499)
	at java.base/java.lang.reflect.Constructor.newInstance(Constructor.java:480)
	at org.eclipse.core.internal.registry.osgi.RegistryStrategyOSGI.createExecutableExtension(RegistryStrategyOSGI.java:204)
	at org.eclipse.core.internal.registry.ExtensionRegistry.createExecutableExtension(ExtensionRegistry.java:920)
	at org.eclipse.core.internal.registry.ConfigurationElement.createExecutableExtension(ConfigurationElement.java:246)
	at org.eclipse.core.internal.registry.ConfigurationElementHandle.createExecutableExtension(ConfigurationElementHandle.java:63)
	at org.eclipse.lsp4e.LanguageServersRegistry$ExtensionLanguageServerDefinition.createConnectionProvider(LanguageServersRegistry.java:161)
	at org.eclipse.lsp4e.LanguageServerWrapper.lambda$0(LanguageServerWrapper.java:233)
	at java.base/java.util.concurrent.CompletableFuture$AsyncSupply.run(CompletableFuture.java:1768)
	at java.base/java.util.concurrent.CompletableFuture$AsyncSupply.exec(CompletableFuture.java:1760)
	at java.base/java.util.concurrent.ForkJoinTask.doExec(ForkJoinTask.java:373)
	at java.base/java.util.concurrent.ForkJoinPool$WorkQueue.topLevelExec(ForkJoinPool.java:1182)
	at java.base/java.util.concurrent.ForkJoinPool.scan(ForkJoinPool.java:1655)
	at java.base/java.util.concurrent.ForkJoinPool.runWorker(ForkJoinPool.java:1622)
	at java.base/java.util.concurrent.ForkJoinWorkerThread.run(ForkJoinWorkerThread.java:165)

!ENTRY org.eclipse.lsp4e 4 0 2025-12-27 07:28:09.804
!MESSAGE プラグイン "org.eclipse.wildwebdeveloper" は、クラス "org.eclipse.wildwebdeveloper.angular.AngularLanguageServer" をインスタンス化できませんでした。
!STACK 1
org.eclipse.core.runtime.CoreException: プラグイン "org.eclipse.wildwebdeveloper" は、クラス "org.eclipse.wildwebdeveloper.angular.AngularLanguageServer" をインスタンス化できませんでした。
	at org.eclipse.core.internal.registry.osgi.RegistryStrategyOSGI.throwException(RegistryStrategyOSGI.java:212)
	at org.eclipse.core.internal.registry.osgi.RegistryStrategyOSGI.createExecutableExtension(RegistryStrategyOSGI.java:206)
	at org.eclipse.core.internal.registry.ExtensionRegistry.createExecutableExtension(ExtensionRegistry.java:920)
	at org.eclipse.core.internal.registry.ConfigurationElement.createExecutableExtension(ConfigurationElement.java:246)
	at org.eclipse.core.internal.registry.ConfigurationElementHandle.createExecutableExtension(ConfigurationElementHandle.java:63)
	at org.eclipse.lsp4e.LanguageServersRegistry$ExtensionLanguageServerDefinition.createConnectionProvider(LanguageServersRegistry.java:161)
	at org.eclipse.lsp4e.LanguageServerWrapper.lambda$0(LanguageServerWrapper.java:233)
	at java.base/java.util.concurrent.CompletableFuture$AsyncSupply.run(CompletableFuture.java:1768)
	at java.base/java.util.concurrent.CompletableFuture$AsyncSupply.exec(CompletableFuture.java:1760)
	at java.base/java.util.concurrent.ForkJoinTask.doExec(ForkJoinTask.java:373)
	at java.base/java.util.concurrent.ForkJoinPool$WorkQueue.topLevelExec(ForkJoinPool.java:1182)
	at java.base/java.util.concurrent.ForkJoinPool.scan(ForkJoinPool.java:1655)
	at java.base/java.util.concurrent.ForkJoinPool.runWorker(ForkJoinPool.java:1622)
	at java.base/java.util.concurrent.ForkJoinWorkerThread.run(ForkJoinWorkerThread.java:165)
Caused by: java.lang.reflect.InvocationTargetException
	at jdk.internal.reflect.GeneratedConstructorAccessor101.newInstance(Unknown Source)
	at java.base/jdk.internal.reflect.DelegatingConstructorAccessorImpl.newInstance(DelegatingConstructorAccessorImpl.java:45)
	at java.base/java.lang.reflect.Constructor.newInstanceWithCaller(Constructor.java:499)
	at java.base/java.lang.reflect.Constructor.newInstance(Constructor.java:480)
	at org.eclipse.core.internal.registry.osgi.RegistryStrategyOSGI.createExecutableExtension(RegistryStrategyOSGI.java:204)
	... 12 more
Caused by: java.lang.NullPointerException: Cannot invoke "java.io.File.getAbsolutePath()" because the return value of "org.eclipse.wildwebdeveloper.embedder.node.NodeJSManager.getNodeJsLocation()" is null
	at org.eclipse.wildwebdeveloper.angular.AngularLanguageServer.<init>(AngularLanguageServer.java:43)
	... 17 more
!SUBENTRY 1 org.eclipse.equinox.registry 4 1 2025-12-27 07:28:09.804
!MESSAGE プラグイン "org.eclipse.wildwebdeveloper" は、クラス "org.eclipse.wildwebdeveloper.angular.AngularLanguageServer" をインスタンス化できませんでした。
!STACK 0
java.lang.reflect.InvocationTargetException
	at jdk.internal.reflect.GeneratedConstructorAccessor101.newInstance(Unknown Source)
	at java.base/jdk.internal.reflect.DelegatingConstructorAccessorImpl.newInstance(DelegatingConstructorAccessorImpl.java:45)
	at java.base/java.lang.reflect.Constructor.newInstanceWithCaller(Constructor.java:499)
	at java.base/java.lang.reflect.Constructor.newInstance(Constructor.java:480)
	at org.eclipse.core.internal.registry.osgi.RegistryStrategyOSGI.createExecutableExtension(RegistryStrategyOSGI.java:204)
	at org.eclipse.core.internal.registry.ExtensionRegistry.createExecutableExtension(ExtensionRegistry.java:920)
	at org.eclipse.core.internal.registry.ConfigurationElement.createExecutableExtension(ConfigurationElement.java:246)
	at org.eclipse.core.internal.registry.ConfigurationElementHandle.createExecutableExtension(ConfigurationElementHandle.java:63)
	at org.eclipse.lsp4e.LanguageServersRegistry$ExtensionLanguageServerDefinition.createConnectionProvider(LanguageServersRegistry.java:161)
	at org.eclipse.lsp4e.LanguageServerWrapper.lambda$0(LanguageServerWrapper.java:233)
	at java.base/java.util.concurrent.CompletableFuture$AsyncSupply.run(CompletableFuture.java:1768)
	at java.base/java.util.concurrent.CompletableFuture$AsyncSupply.exec(CompletableFuture.java:1760)
	at java.base/java.util.concurrent.ForkJoinTask.doExec(ForkJoinTask.java:373)
	at java.base/java.util.concurrent.ForkJoinPool$WorkQueue.topLevelExec(ForkJoinPool.java:1182)
	at java.base/java.util.concurrent.ForkJoinPool.scan(ForkJoinPool.java:1655)
	at java.base/java.util.concurrent.ForkJoinPool.runWorker(ForkJoinPool.java:1622)
	at java.base/java.util.concurrent.ForkJoinWorkerThread.run(ForkJoinWorkerThread.java:165)
Caused by: java.lang.NullPointerException: Cannot invoke "java.io.File.getAbsolutePath()" because the return value of "org.eclipse.wildwebdeveloper.embedder.node.NodeJSManager.getNodeJsLocation()" is null
	at org.eclipse.wildwebdeveloper.angular.AngularLanguageServer.<init>(AngularLanguageServer.java:43)
	... 17 more
Root exception:
java.lang.NullPointerException: Cannot invoke "java.io.File.getAbsolutePath()" because the return value of "org.eclipse.wildwebdeveloper.embedder.node.NodeJSManager.getNodeJsLocation()" is null
	at org.eclipse.wildwebdeveloper.angular.AngularLanguageServer.<init>(AngularLanguageServer.java:43)
	at jdk.internal.reflect.GeneratedConstructorAccessor101.newInstance(Unknown Source)
	at java.base/jdk.internal.reflect.DelegatingConstructorAccessorImpl.newInstance(DelegatingConstructorAccessorImpl.java:45)
	at java.base/java.lang.reflect.Constructor.newInstanceWithCaller(Constructor.java:499)
	at java.base/java.lang.reflect.Constructor.newInstance(Constructor.java:480)
	at org.eclipse.core.internal.registry.osgi.RegistryStrategyOSGI.createExecutableExtension(RegistryStrategyOSGI.java:204)
	at org.eclipse.core.internal.registry.ExtensionRegistry.createExecutableExtension(ExtensionRegistry.java:920)
	at org.eclipse.core.internal.registry.ConfigurationElement.createExecutableExtension(ConfigurationElement.java:246)
	at org.eclipse.core.internal.registry.ConfigurationElementHandle.createExecutableExtension(ConfigurationElementHandle.java:63)
	at org.eclipse.lsp4e.LanguageServersRegistry$ExtensionLanguageServerDefinition.createConnectionProvider(LanguageServersRegistry.java:161)
	at org.eclipse.lsp4e.LanguageServerWrapper.lambda$0(LanguageServerWrapper.java:233)
	at java.base/java.util.concurrent.CompletableFuture$AsyncSupply.run(CompletableFuture.java:1768)
	at java.base/java.util.concurrent.CompletableFuture$AsyncSupply.exec(CompletableFuture.java:1760)
	at java.base/java.util.concurrent.ForkJoinTask.doExec(ForkJoinTask.java:373)
	at java.base/java.util.concurrent.ForkJoinPool$WorkQueue.topLevelExec(ForkJoinPool.java:1182)
	at java.base/java.util.concurrent.ForkJoinPool.scan(ForkJoinPool.java:1655)
	at java.base/java.util.concurrent.ForkJoinPool.runWorker(ForkJoinPool.java:1622)
	at java.base/java.util.concurrent.ForkJoinWorkerThread.run(ForkJoinWorkerThread.java:165)

!ENTRY org.eclipse.lsp4e 4 0 2025-12-27 07:28:09.805
!MESSAGE Exception occurred while creating an instance of the stream connection provider
!STACK 0
java.lang.RuntimeException: Exception occurred while creating an instance of the stream connection provider
	at org.eclipse.lsp4e.LanguageServersRegistry$ExtensionLanguageServerDefinition.createConnectionProvider(LanguageServersRegistry.java:164)
	at org.eclipse.lsp4e.LanguageServerWrapper.lambda$0(LanguageServerWrapper.java:233)
	at java.base/java.util.concurrent.CompletableFuture$AsyncSupply.run(CompletableFuture.java:1768)
	at java.base/java.util.concurrent.CompletableFuture$AsyncSupply.exec(CompletableFuture.java:1760)
	at java.base/java.util.concurrent.ForkJoinTask.doExec(ForkJoinTask.java:373)
	at java.base/java.util.concurrent.ForkJoinPool$WorkQueue.topLevelExec(ForkJoinPool.java:1182)
	at java.base/java.util.concurrent.ForkJoinPool.scan(ForkJoinPool.java:1655)
	at java.base/java.util.concurrent.ForkJoinPool.runWorker(ForkJoinPool.java:1622)
	at java.base/java.util.concurrent.ForkJoinWorkerThread.run(ForkJoinWorkerThread.java:165)
Caused by: org.eclipse.core.runtime.CoreException: プラグイン "org.eclipse.wildwebdeveloper" は、クラス "org.eclipse.wildwebdeveloper.angular.AngularLanguageServer" をインスタンス化できませんでした。
	at org.eclipse.core.internal.registry.osgi.RegistryStrategyOSGI.throwException(RegistryStrategyOSGI.java:212)
	at org.eclipse.core.internal.registry.osgi.RegistryStrategyOSGI.createExecutableExtension(RegistryStrategyOSGI.java:206)
	at org.eclipse.core.internal.registry.ExtensionRegistry.createExecutableExtension(ExtensionRegistry.java:920)
	at org.eclipse.core.internal.registry.ConfigurationElement.createExecutableExtension(ConfigurationElement.java:246)
	at org.eclipse.core.internal.registry.ConfigurationElementHandle.createExecutableExtension(ConfigurationElementHandle.java:63)
	at org.eclipse.lsp4e.LanguageServersRegistry$ExtensionLanguageServerDefinition.createConnectionProvider(LanguageServersRegistry.java:161)
	... 8 more
Caused by: java.lang.reflect.InvocationTargetException
	at jdk.internal.reflect.GeneratedConstructorAccessor101.newInstance(Unknown Source)
	at java.base/jdk.internal.reflect.DelegatingConstructorAccessorImpl.newInstance(DelegatingConstructorAccessorImpl.java:45)
	at java.base/java.lang.reflect.Constructor.newInstanceWithCaller(Constructor.java:499)
	at java.base/java.lang.reflect.Constructor.newInstance(Constructor.java:480)
	at org.eclipse.core.internal.registry.osgi.RegistryStrategyOSGI.createExecutableExtension(RegistryStrategyOSGI.java:204)
	... 12 more
Caused by: java.lang.NullPointerException: Cannot invoke "java.io.File.getAbsolutePath()" because the return value of "org.eclipse.wildwebdeveloper.embedder.node.NodeJSManager.getNodeJsLocation()" is null
	at org.eclipse.wildwebdeveloper.angular.AngularLanguageServer.<init>(AngularLanguageServer.java:43)
	... 17 more

!ENTRY org.eclipse.lsp4e 4 0 2025-12-27 07:28:09.805
!MESSAGE Exception occurred while creating an instance of the stream connection provider
!STACK 0
java.lang.RuntimeException: Exception occurred while creating an instance of the stream connection provider
	at org.eclipse.lsp4e.LanguageServersRegistry$ExtensionLanguageServerDefinition.createConnectionProvider(LanguageServersRegistry.java:164)
	at org.eclipse.lsp4e.LanguageServerWrapper.lambda$0(LanguageServerWrapper.java:233)
	at java.base/java.util.concurrent.CompletableFuture$AsyncSupply.run(CompletableFuture.java:1768)
	at java.base/java.util.concurrent.CompletableFuture$AsyncSupply.exec(CompletableFuture.java:1760)
	at java.base/java.util.concurrent.ForkJoinTask.doExec(ForkJoinTask.java:373)
	at java.base/java.util.concurrent.ForkJoinPool$WorkQueue.topLevelExec(ForkJoinPool.java:1182)
	at java.base/java.util.concurrent.ForkJoinPool.scan(ForkJoinPool.java:1655)
	at java.base/java.util.concurrent.ForkJoinPool.runWorker(ForkJoinPool.java:1622)
	at java.base/java.util.concurrent.ForkJoinWorkerThread.run(ForkJoinWorkerThread.java:165)
Caused by: org.eclipse.core.runtime.CoreException: プラグイン "org.eclipse.wildwebdeveloper" は、クラス "org.eclipse.wildwebdeveloper.html.HTMLLanguageServer" をインスタンス化できませんでした。
	at org.eclipse.core.internal.registry.osgi.RegistryStrategyOSGI.throwException(RegistryStrategyOSGI.java:212)
	at org.eclipse.core.internal.registry.osgi.RegistryStrategyOSGI.createExecutableExtension(RegistryStrategyOSGI.java:206)
	at org.eclipse.core.internal.registry.ExtensionRegistry.createExecutableExtension(ExtensionRegistry.java:920)
	at org.eclipse.core.internal.registry.ConfigurationElement.createExecutableExtension(ConfigurationElement.java:246)
	at org.eclipse.core.internal.registry.ConfigurationElementHandle.createExecutableExtension(ConfigurationElementHandle.java:63)
	at org.eclipse.lsp4e.LanguageServersRegistry$ExtensionLanguageServerDefinition.createConnectionProvider(LanguageServersRegistry.java:161)
	... 8 more
Caused by: java.lang.reflect.InvocationTargetException
	at jdk.internal.reflect.GeneratedConstructorAccessor102.newInstance(Unknown Source)
	at java.base/jdk.internal.reflect.DelegatingConstructorAccessorImpl.newInstance(DelegatingConstructorAccessorImpl.java:45)
	at java.base/java.lang.reflect.Constructor.newInstanceWithCaller(Constructor.java:499)
	at java.base/java.lang.reflect.Constructor.newInstance(Constructor.java:480)
	at org.eclipse.core.internal.registry.osgi.RegistryStrategyOSGI.createExecutableExtension(RegistryStrategyOSGI.java:204)
	... 12 more
Caused by: java.lang.NullPointerException: Cannot invoke "java.io.File.getAbsolutePath()" because the return value of "org.eclipse.wildwebdeveloper.embedder.node.NodeJSManager.getNodeJsLocation()" is null
	at org.eclipse.wildwebdeveloper.html.HTMLLanguageServer.<init>(HTMLLanguageServer.java:40)
	... 17 more

!ENTRY org.eclipse.lsp4e 4 0 2025-12-27 07:28:09.805
!MESSAGE Cannot invoke "org.eclipse.lsp4e.server.StreamConnectionProvider.getInputStream()" because "this.lspStreamProvider" is null
!STACK 0
java.lang.NullPointerException: Cannot invoke "org.eclipse.lsp4e.server.StreamConnectionProvider.getInputStream()" because "this.lspStreamProvider" is null
	at org.eclipse.lsp4e.LanguageServerWrapper.lambda$1(LanguageServerWrapper.java:284)
	at java.base/java.util.concurrent.CompletableFuture$UniApply.tryFire(CompletableFuture.java:646)
	at java.base/java.util.concurrent.CompletableFuture.postComplete(CompletableFuture.java:510)
	at java.base/java.util.concurrent.CompletableFuture$AsyncSupply.run(CompletableFuture.java:1773)
	at java.base/java.util.concurrent.CompletableFuture$AsyncSupply.exec(CompletableFuture.java:1760)
	at java.base/java.util.concurrent.ForkJoinTask.doExec(ForkJoinTask.java:373)
	at java.base/java.util.concurrent.ForkJoinPool$WorkQueue.topLevelExec(ForkJoinPool.java:1182)
	at java.base/java.util.concurrent.ForkJoinPool.scan(ForkJoinPool.java:1655)
	at java.base/java.util.concurrent.ForkJoinPool.runWorker(ForkJoinPool.java:1622)
	at java.base/java.util.concurrent.ForkJoinWorkerThread.run(ForkJoinWorkerThread.java:165)

!ENTRY org.eclipse.lsp4e 4 0 2025-12-27 07:28:09.806
!MESSAGE Cannot invoke "org.eclipse.lsp4e.server.StreamConnectionProvider.getInputStream()" because "this.lspStreamProvider" is null
!STACK 0
java.lang.NullPointerException: Cannot invoke "org.eclipse.lsp4e.server.StreamConnectionProvider.getInputStream()" because "this.lspStreamProvider" is null
	at org.eclipse.lsp4e.LanguageServerWrapper.lambda$1(LanguageServerWrapper.java:284)
	at java.base/java.util.concurrent.CompletableFuture$UniApply.tryFire(CompletableFuture.java:646)
	at java.base/java.util.concurrent.CompletableFuture.postComplete(CompletableFuture.java:510)
	at java.base/java.util.concurrent.CompletableFuture$AsyncSupply.run(CompletableFuture.java:1773)
	at java.base/java.util.concurrent.CompletableFuture$AsyncSupply.exec(CompletableFuture.java:1760)
	at java.base/java.util.concurrent.ForkJoinTask.doExec(ForkJoinTask.java:373)
	at java.base/java.util.concurrent.ForkJoinPool$WorkQueue.topLevelExec(ForkJoinPool.java:1182)
	at java.base/java.util.concurrent.ForkJoinPool.scan(ForkJoinPool.java:1655)
	at java.base/java.util.concurrent.ForkJoinPool.runWorker(ForkJoinPool.java:1622)
	at java.base/java.util.concurrent.ForkJoinWorkerThread.run(ForkJoinWorkerThread.java:165)

!ENTRY org.eclipse.lsp4e 4 0 2025-12-27 07:28:09.874
!MESSAGE プラグイン "org.eclipse.wildwebdeveloper" は、クラス "org.eclipse.wildwebdeveloper.html.HTMLLanguageServer" をインスタンス化できませんでした。
!STACK 1
org.eclipse.core.runtime.CoreException: プラグイン "org.eclipse.wildwebdeveloper" は、クラス "org.eclipse.wildwebdeveloper.html.HTMLLanguageServer" をインスタンス化できませんでした。
	at org.eclipse.core.internal.registry.osgi.RegistryStrategyOSGI.throwException(RegistryStrategyOSGI.java:212)
	at org.eclipse.core.internal.registry.osgi.RegistryStrategyOSGI.createExecutableExtension(RegistryStrategyOSGI.java:206)
	at org.eclipse.core.internal.registry.ExtensionRegistry.createExecutableExtension(ExtensionRegistry.java:920)
	at org.eclipse.core.internal.registry.ConfigurationElement.createExecutableExtension(ConfigurationElement.java:246)
	at org.eclipse.core.internal.registry.ConfigurationElementHandle.createExecutableExtension(ConfigurationElementHandle.java:63)
	at org.eclipse.lsp4e.LanguageServersRegistry$ExtensionLanguageServerDefinition.createConnectionProvider(LanguageServersRegistry.java:161)
	at org.eclipse.lsp4e.LanguageServerWrapper.lambda$0(LanguageServerWrapper.java:233)
	at java.base/java.util.concurrent.CompletableFuture$AsyncSupply.run(CompletableFuture.java:1768)
	at java.base/java.util.concurrent.CompletableFuture$AsyncSupply.exec(CompletableFuture.java:1760)
	at java.base/java.util.concurrent.ForkJoinTask.doExec(ForkJoinTask.java:373)
	at java.base/java.util.concurrent.ForkJoinPool$WorkQueue.topLevelExec(ForkJoinPool.java:1182)
	at java.base/java.util.concurrent.ForkJoinPool.scan(ForkJoinPool.java:1655)
	at java.base/java.util.concurrent.ForkJoinPool.runWorker(ForkJoinPool.java:1622)
	at java.base/java.util.concurrent.ForkJoinWorkerThread.run(ForkJoinWorkerThread.java:165)
Caused by: java.lang.reflect.InvocationTargetException
	at jdk.internal.reflect.GeneratedConstructorAccessor102.newInstance(Unknown Source)
	at java.base/jdk.internal.reflect.DelegatingConstructorAccessorImpl.newInstance(DelegatingConstructorAccessorImpl.java:45)
	at java.base/java.lang.reflect.Constructor.newInstanceWithCaller(Constructor.java:499)
	at java.base/java.lang.reflect.Constructor.newInstance(Constructor.java:480)
	at org.eclipse.core.internal.registry.osgi.RegistryStrategyOSGI.createExecutableExtension(RegistryStrategyOSGI.java:204)
	... 12 more
Caused by: java.lang.NullPointerException: Cannot invoke "java.io.File.getAbsolutePath()" because the return value of "org.eclipse.wildwebdeveloper.embedder.node.NodeJSManager.getNodeJsLocation()" is null
	at org.eclipse.wildwebdeveloper.html.HTMLLanguageServer.<init>(HTMLLanguageServer.java:40)
	... 17 more
!SUBENTRY 1 org.eclipse.equinox.registry 4 1 2025-12-27 07:28:09.874
!MESSAGE プラグイン "org.eclipse.wildwebdeveloper" は、クラス "org.eclipse.wildwebdeveloper.html.HTMLLanguageServer" をインスタンス化できませんでした。
!STACK 0
java.lang.reflect.InvocationTargetException
	at jdk.internal.reflect.GeneratedConstructorAccessor102.newInstance(Unknown Source)
	at java.base/jdk.internal.reflect.DelegatingConstructorAccessorImpl.newInstance(DelegatingConstructorAccessorImpl.java:45)
	at java.base/java.lang.reflect.Constructor.newInstanceWithCaller(Constructor.java:499)
	at java.base/java.lang.reflect.Constructor.newInstance(Constructor.java:480)
	at org.eclipse.core.internal.registry.osgi.RegistryStrategyOSGI.createExecutableExtension(RegistryStrategyOSGI.java:204)
	at org.eclipse.core.internal.registry.ExtensionRegistry.createExecutableExtension(ExtensionRegistry.java:920)
	at org.eclipse.core.internal.registry.ConfigurationElement.createExecutableExtension(ConfigurationElement.java:246)
	at org.eclipse.core.internal.registry.ConfigurationElementHandle.createExecutableExtension(ConfigurationElementHandle.java:63)
	at org.eclipse.lsp4e.LanguageServersRegistry$ExtensionLanguageServerDefinition.createConnectionProvider(LanguageServersRegistry.java:161)
	at org.eclipse.lsp4e.LanguageServerWrapper.lambda$0(LanguageServerWrapper.java:233)
	at java.base/java.util.concurrent.CompletableFuture$AsyncSupply.run(CompletableFuture.java:1768)
	at java.base/java.util.concurrent.CompletableFuture$AsyncSupply.exec(CompletableFuture.java:1760)
	at java.base/java.util.concurrent.ForkJoinTask.doExec(ForkJoinTask.java:373)
	at java.base/java.util.concurrent.ForkJoinPool$WorkQueue.topLevelExec(ForkJoinPool.java:1182)
	at java.base/java.util.concurrent.ForkJoinPool.scan(ForkJoinPool.java:1655)
	at java.base/java.util.concurrent.ForkJoinPool.runWorker(ForkJoinPool.java:1622)
	at java.base/java.util.concurrent.ForkJoinWorkerThread.run(ForkJoinWorkerThread.java:165)
Caused by: java.lang.NullPointerException: Cannot invoke "java.io.File.getAbsolutePath()" because the return value of "org.eclipse.wildwebdeveloper.embedder.node.NodeJSManager.getNodeJsLocation()" is null
	at org.eclipse.wildwebdeveloper.html.HTMLLanguageServer.<init>(HTMLLanguageServer.java:40)
	... 17 more
Root exception:
java.lang.NullPointerException: Cannot invoke "java.io.File.getAbsolutePath()" because the return value of "org.eclipse.wildwebdeveloper.embedder.node.NodeJSManager.getNodeJsLocation()" is null
	at org.eclipse.wildwebdeveloper.html.HTMLLanguageServer.<init>(HTMLLanguageServer.java:40)
	at jdk.internal.reflect.GeneratedConstructorAccessor102.newInstance(Unknown Source)
	at java.base/jdk.internal.reflect.DelegatingConstructorAccessorImpl.newInstance(DelegatingConstructorAccessorImpl.java:45)
	at java.base/java.lang.reflect.Constructor.newInstanceWithCaller(Constructor.java:499)
	at java.base/java.lang.reflect.Constructor.newInstance(Constructor.java:480)
	at org.eclipse.core.internal.registry.osgi.RegistryStrategyOSGI.createExecutableExtension(RegistryStrategyOSGI.java:204)
	at org.eclipse.core.internal.registry.ExtensionRegistry.createExecutableExtension(ExtensionRegistry.java:920)
	at org.eclipse.core.internal.registry.ConfigurationElement.createExecutableExtension(ConfigurationElement.java:246)
	at org.eclipse.core.internal.registry.ConfigurationElementHandle.createExecutableExtension(ConfigurationElementHandle.java:63)
	at org.eclipse.lsp4e.LanguageServersRegistry$ExtensionLanguageServerDefinition.createConnectionProvider(LanguageServersRegistry.java:161)
	at org.eclipse.lsp4e.LanguageServerWrapper.lambda$0(LanguageServerWrapper.java:233)
	at java.base/java.util.concurrent.CompletableFuture$AsyncSupply.run(CompletableFuture.java:1768)
	at java.base/java.util.concurrent.CompletableFuture$AsyncSupply.exec(CompletableFuture.java:1760)
	at java.base/java.util.concurrent.ForkJoinTask.doExec(ForkJoinTask.java:373)
	at java.base/java.util.concurrent.ForkJoinPool$WorkQueue.topLevelExec(ForkJoinPool.java:1182)
	at java.base/java.util.concurrent.ForkJoinPool.scan(ForkJoinPool.java:1655)
	at java.base/java.util.concurrent.ForkJoinPool.runWorker(ForkJoinPool.java:1622)
	at java.base/java.util.concurrent.ForkJoinWorkerThread.run(ForkJoinWorkerThread.java:165)

!ENTRY org.eclipse.lsp4e 4 0 2025-12-27 07:28:09.874
!MESSAGE Exception occurred while creating an instance of the stream connection provider
!STACK 0
java.lang.RuntimeException: Exception occurred while creating an instance of the stream connection provider
	at org.eclipse.lsp4e.LanguageServersRegistry$ExtensionLanguageServerDefinition.createConnectionProvider(LanguageServersRegistry.java:164)
	at org.eclipse.lsp4e.LanguageServerWrapper.lambda$0(LanguageServerWrapper.java:233)
	at java.base/java.util.concurrent.CompletableFuture$AsyncSupply.run(CompletableFuture.java:1768)
	at java.base/java.util.concurrent.CompletableFuture$AsyncSupply.exec(CompletableFuture.java:1760)
	at java.base/java.util.concurrent.ForkJoinTask.doExec(ForkJoinTask.java:373)
	at java.base/java.util.concurrent.ForkJoinPool$WorkQueue.topLevelExec(ForkJoinPool.java:1182)
	at java.base/java.util.concurrent.ForkJoinPool.scan(ForkJoinPool.java:1655)
	at java.base/java.util.concurrent.ForkJoinPool.runWorker(ForkJoinPool.java:1622)
	at java.base/java.util.concurrent.ForkJoinWorkerThread.run(ForkJoinWorkerThread.java:165)
Caused by: org.eclipse.core.runtime.CoreException: プラグイン "org.eclipse.wildwebdeveloper" は、クラス "org.eclipse.wildwebdeveloper.html.HTMLLanguageServer" をインスタンス化できませんでした。
	at org.eclipse.core.internal.registry.osgi.RegistryStrategyOSGI.throwException(RegistryStrategyOSGI.java:212)
	at org.eclipse.core.internal.registry.osgi.RegistryStrategyOSGI.createExecutableExtension(RegistryStrategyOSGI.java:206)
	at org.eclipse.core.internal.registry.ExtensionRegistry.createExecutableExtension(ExtensionRegistry.java:920)
	at org.eclipse.core.internal.registry.ConfigurationElement.createExecutableExtension(ConfigurationElement.java:246)
	at org.eclipse.core.internal.registry.ConfigurationElementHandle.createExecutableExtension(ConfigurationElementHandle.java:63)
	at org.eclipse.lsp4e.LanguageServersRegistry$ExtensionLanguageServerDefinition.createConnectionProvider(LanguageServersRegistry.java:161)
	... 8 more
Caused by: java.lang.reflect.InvocationTargetException
	at jdk.internal.reflect.GeneratedConstructorAccessor102.newInstance(Unknown Source)
	at java.base/jdk.internal.reflect.DelegatingConstructorAccessorImpl.newInstance(DelegatingConstructorAccessorImpl.java:45)
	at java.base/java.lang.reflect.Constructor.newInstanceWithCaller(Constructor.java:499)
	at java.base/java.lang.reflect.Constructor.newInstance(Constructor.java:480)
	at org.eclipse.core.internal.registry.osgi.RegistryStrategyOSGI.createExecutableExtension(RegistryStrategyOSGI.java:204)
	... 12 more
Caused by: java.lang.NullPointerException: Cannot invoke "java.io.File.getAbsolutePath()" because the return value of "org.eclipse.wildwebdeveloper.embedder.node.NodeJSManager.getNodeJsLocation()" is null
	at org.eclipse.wildwebdeveloper.html.HTMLLanguageServer.<init>(HTMLLanguageServer.java:40)
	... 17 more

!ENTRY org.eclipse.lsp4e 4 0 2025-12-27 07:28:09.875
!MESSAGE プラグイン "org.eclipse.wildwebdeveloper" は、クラス "org.eclipse.wildwebdeveloper.angular.AngularLanguageServer" をインスタンス化できませんでした。
!STACK 1
org.eclipse.core.runtime.CoreException: プラグイン "org.eclipse.wildwebdeveloper" は、クラス "org.eclipse.wildwebdeveloper.angular.AngularLanguageServer" をインスタンス化できませんでした。
	at org.eclipse.core.internal.registry.osgi.RegistryStrategyOSGI.throwException(RegistryStrategyOSGI.java:212)
	at org.eclipse.core.internal.registry.osgi.RegistryStrategyOSGI.createExecutableExtension(RegistryStrategyOSGI.java:206)
	at org.eclipse.core.internal.registry.ExtensionRegistry.createExecutableExtension(ExtensionRegistry.java:920)
	at org.eclipse.core.internal.registry.ConfigurationElement.createExecutableExtension(ConfigurationElement.java:246)
	at org.eclipse.core.internal.registry.ConfigurationElementHandle.createExecutableExtension(ConfigurationElementHandle.java:63)
	at org.eclipse.lsp4e.LanguageServersRegistry$ExtensionLanguageServerDefinition.createConnectionProvider(LanguageServersRegistry.java:161)
	at org.eclipse.lsp4e.LanguageServerWrapper.lambda$0(LanguageServerWrapper.java:233)
	at java.base/java.util.concurrent.CompletableFuture$AsyncSupply.run(CompletableFuture.java:1768)
	at java.base/java.util.concurrent.CompletableFuture$AsyncSupply.exec(CompletableFuture.java:1760)
	at java.base/java.util.concurrent.ForkJoinTask.doExec(ForkJoinTask.java:373)
	at java.base/java.util.concurrent.ForkJoinPool$WorkQueue.topLevelExec(ForkJoinPool.java:1182)
	at java.base/java.util.concurrent.ForkJoinPool.scan(ForkJoinPool.java:1655)
	at java.base/java.util.concurrent.ForkJoinPool.runWorker(ForkJoinPool.java:1622)
	at java.base/java.util.concurrent.ForkJoinWorkerThread.run(ForkJoinWorkerThread.java:165)
Caused by: java.lang.reflect.InvocationTargetException
	at jdk.internal.reflect.GeneratedConstructorAccessor101.newInstance(Unknown Source)
	at java.base/jdk.internal.reflect.DelegatingConstructorAccessorImpl.newInstance(DelegatingConstructorAccessorImpl.java:45)
	at java.base/java.lang.reflect.Constructor.newInstanceWithCaller(Constructor.java:499)
	at java.base/java.lang.reflect.Constructor.newInstance(Constructor.java:480)
	at org.eclipse.core.internal.registry.osgi.RegistryStrategyOSGI.createExecutableExtension(RegistryStrategyOSGI.java:204)
	... 12 more
Caused by: java.lang.NullPointerException: Cannot invoke "java.io.File.getAbsolutePath()" because the return value of "org.eclipse.wildwebdeveloper.embedder.node.NodeJSManager.getNodeJsLocation()" is null
	at org.eclipse.wildwebdeveloper.angular.AngularLanguageServer.<init>(AngularLanguageServer.java:43)
	... 17 more
!SUBENTRY 1 org.eclipse.equinox.registry 4 1 2025-12-27 07:28:09.875
!MESSAGE プラグイン "org.eclipse.wildwebdeveloper" は、クラス "org.eclipse.wildwebdeveloper.angular.AngularLanguageServer" をインスタンス化できませんでした。
!STACK 0
java.lang.reflect.InvocationTargetException
	at jdk.internal.reflect.GeneratedConstructorAccessor101.newInstance(Unknown Source)
	at java.base/jdk.internal.reflect.DelegatingConstructorAccessorImpl.newInstance(DelegatingConstructorAccessorImpl.java:45)
	at java.base/java.lang.reflect.Constructor.newInstanceWithCaller(Constructor.java:499)
	at java.base/java.lang.reflect.Constructor.newInstance(Constructor.java:480)
	at org.eclipse.core.internal.registry.osgi.RegistryStrategyOSGI.createExecutableExtension(RegistryStrategyOSGI.java:204)
	at org.eclipse.core.internal.registry.ExtensionRegistry.createExecutableExtension(ExtensionRegistry.java:920)
	at org.eclipse.core.internal.registry.ConfigurationElement.createExecutableExtension(ConfigurationElement.java:246)
	at org.eclipse.core.internal.registry.ConfigurationElementHandle.createExecutableExtension(ConfigurationElementHandle.java:63)
	at org.eclipse.lsp4e.LanguageServersRegistry$ExtensionLanguageServerDefinition.createConnectionProvider(LanguageServersRegistry.java:161)
	at org.eclipse.lsp4e.LanguageServerWrapper.lambda$0(LanguageServerWrapper.java:233)
	at java.base/java.util.concurrent.CompletableFuture$AsyncSupply.run(CompletableFuture.java:1768)
	at java.base/java.util.concurrent.CompletableFuture$AsyncSupply.exec(CompletableFuture.java:1760)
	at java.base/java.util.concurrent.ForkJoinTask.doExec(ForkJoinTask.java:373)
	at java.base/java.util.concurrent.ForkJoinPool$WorkQueue.topLevelExec(ForkJoinPool.java:1182)
	at java.base/java.util.concurrent.ForkJoinPool.scan(ForkJoinPool.java:1655)
	at java.base/java.util.concurrent.ForkJoinPool.runWorker(ForkJoinPool.java:1622)
	at java.base/java.util.concurrent.ForkJoinWorkerThread.run(ForkJoinWorkerThread.java:165)
Caused by: java.lang.NullPointerException: Cannot invoke "java.io.File.getAbsolutePath()" because the return value of "org.eclipse.wildwebdeveloper.embedder.node.NodeJSManager.getNodeJsLocation()" is null
	at org.eclipse.wildwebdeveloper.angular.AngularLanguageServer.<init>(AngularLanguageServer.java:43)
	... 17 more
Root exception:
java.lang.NullPointerException: Cannot invoke "java.io.File.getAbsolutePath()" because the return value of "org.eclipse.wildwebdeveloper.embedder.node.NodeJSManager.getNodeJsLocation()" is null
	at org.eclipse.wildwebdeveloper.angular.AngularLanguageServer.<init>(AngularLanguageServer.java:43)
	at jdk.internal.reflect.GeneratedConstructorAccessor101.newInstance(Unknown Source)
	at java.base/jdk.internal.reflect.DelegatingConstructorAccessorImpl.newInstance(DelegatingConstructorAccessorImpl.java:45)
	at java.base/java.lang.reflect.Constructor.newInstanceWithCaller(Constructor.java:499)
	at java.base/java.lang.reflect.Constructor.newInstance(Constructor.java:480)
	at org.eclipse.core.internal.registry.osgi.RegistryStrategyOSGI.createExecutableExtension(RegistryStrategyOSGI.java:204)
	at org.eclipse.core.internal.registry.ExtensionRegistry.createExecutableExtension(ExtensionRegistry.java:920)
	at org.eclipse.core.internal.registry.ConfigurationElement.createExecutableExtension(ConfigurationElement.java:246)
	at org.eclipse.core.internal.registry.ConfigurationElementHandle.createExecutableExtension(ConfigurationElementHandle.java:63)
	at org.eclipse.lsp4e.LanguageServersRegistry$ExtensionLanguageServerDefinition.createConnectionProvider(LanguageServersRegistry.java:161)
	at org.eclipse.lsp4e.LanguageServerWrapper.lambda$0(LanguageServerWrapper.java:233)
	at java.base/java.util.concurrent.CompletableFuture$AsyncSupply.run(CompletableFuture.java:1768)
	at java.base/java.util.concurrent.CompletableFuture$AsyncSupply.exec(CompletableFuture.java:1760)
	at java.base/java.util.concurrent.ForkJoinTask.doExec(ForkJoinTask.java:373)
	at java.base/java.util.concurrent.ForkJoinPool$WorkQueue.topLevelExec(ForkJoinPool.java:1182)
	at java.base/java.util.concurrent.ForkJoinPool.scan(ForkJoinPool.java:1655)
	at java.base/java.util.concurrent.ForkJoinPool.runWorker(ForkJoinPool.java:1622)
	at java.base/java.util.concurrent.ForkJoinWorkerThread.run(ForkJoinWorkerThread.java:165)

!ENTRY org.eclipse.lsp4e 4 0 2025-12-27 07:28:09.875
!MESSAGE Cannot invoke "org.eclipse.lsp4e.server.StreamConnectionProvider.getInputStream()" because "this.lspStreamProvider" is null
!STACK 0
java.lang.NullPointerException: Cannot invoke "org.eclipse.lsp4e.server.StreamConnectionProvider.getInputStream()" because "this.lspStreamProvider" is null
	at org.eclipse.lsp4e.LanguageServerWrapper.lambda$1(LanguageServerWrapper.java:284)
	at java.base/java.util.concurrent.CompletableFuture$UniApply.tryFire(CompletableFuture.java:646)
	at java.base/java.util.concurrent.CompletableFuture.postComplete(CompletableFuture.java:510)
	at java.base/java.util.concurrent.CompletableFuture$AsyncSupply.run(CompletableFuture.java:1773)
	at java.base/java.util.concurrent.CompletableFuture$AsyncSupply.exec(CompletableFuture.java:1760)
	at java.base/java.util.concurrent.ForkJoinTask.doExec(ForkJoinTask.java:373)
	at java.base/java.util.concurrent.ForkJoinPool$WorkQueue.topLevelExec(ForkJoinPool.java:1182)
	at java.base/java.util.concurrent.ForkJoinPool.scan(ForkJoinPool.java:1655)
	at java.base/java.util.concurrent.ForkJoinPool.runWorker(ForkJoinPool.java:1622)
	at java.base/java.util.concurrent.ForkJoinWorkerThread.run(ForkJoinWorkerThread.java:165)

!ENTRY org.eclipse.lsp4e 4 0 2025-12-27 07:28:09.875
!MESSAGE Exception occurred while creating an instance of the stream connection provider
!STACK 0
java.lang.RuntimeException: Exception occurred while creating an instance of the stream connection provider
	at org.eclipse.lsp4e.LanguageServersRegistry$ExtensionLanguageServerDefinition.createConnectionProvider(LanguageServersRegistry.java:164)
	at org.eclipse.lsp4e.LanguageServerWrapper.lambda$0(LanguageServerWrapper.java:233)
	at java.base/java.util.concurrent.CompletableFuture$AsyncSupply.run(CompletableFuture.java:1768)
	at java.base/java.util.concurrent.CompletableFuture$AsyncSupply.exec(CompletableFuture.java:1760)
	at java.base/java.util.concurrent.ForkJoinTask.doExec(ForkJoinTask.java:373)
	at java.base/java.util.concurrent.ForkJoinPool$WorkQueue.topLevelExec(ForkJoinPool.java:1182)
	at java.base/java.util.concurrent.ForkJoinPool.scan(ForkJoinPool.java:1655)
	at java.base/java.util.concurrent.ForkJoinPool.runWorker(ForkJoinPool.java:1622)
	at java.base/java.util.concurrent.ForkJoinWorkerThread.run(ForkJoinWorkerThread.java:165)
Caused by: org.eclipse.core.runtime.CoreException: プラグイン "org.eclipse.wildwebdeveloper" は、クラス "org.eclipse.wildwebdeveloper.angular.AngularLanguageServer" をインスタンス化できませんでした。
	at org.eclipse.core.internal.registry.osgi.RegistryStrategyOSGI.throwException(RegistryStrategyOSGI.java:212)
	at org.eclipse.core.internal.registry.osgi.RegistryStrategyOSGI.createExecutableExtension(RegistryStrategyOSGI.java:206)
	at org.eclipse.core.internal.registry.ExtensionRegistry.createExecutableExtension(ExtensionRegistry.java:920)
	at org.eclipse.core.internal.registry.ConfigurationElement.createExecutableExtension(ConfigurationElement.java:246)
	at org.eclipse.core.internal.registry.ConfigurationElementHandle.createExecutableExtension(ConfigurationElementHandle.java:63)
	at org.eclipse.lsp4e.LanguageServersRegistry$ExtensionLanguageServerDefinition.createConnectionProvider(LanguageServersRegistry.java:161)
	... 8 more
Caused by: java.lang.reflect.InvocationTargetException
	at jdk.internal.reflect.GeneratedConstructorAccessor101.newInstance(Unknown Source)
	at java.base/jdk.internal.reflect.DelegatingConstructorAccessorImpl.newInstance(DelegatingConstructorAccessorImpl.java:45)
	at java.base/java.lang.reflect.Constructor.newInstanceWithCaller(Constructor.java:499)
	at java.base/java.lang.reflect.Constructor.newInstance(Constructor.java:480)
	at org.eclipse.core.internal.registry.osgi.RegistryStrategyOSGI.createExecutableExtension(RegistryStrategyOSGI.java:204)
	... 12 more
Caused by: java.lang.NullPointerException: Cannot invoke "java.io.File.getAbsolutePath()" because the return value of "org.eclipse.wildwebdeveloper.embedder.node.NodeJSManager.getNodeJsLocation()" is null
	at org.eclipse.wildwebdeveloper.angular.AngularLanguageServer.<init>(AngularLanguageServer.java:43)
	... 17 more

!ENTRY org.eclipse.lsp4e 4 0 2025-12-27 07:28:09.877
!MESSAGE Cannot invoke "org.eclipse.lsp4e.server.StreamConnectionProvider.getInputStream()" because "this.lspStreamProvider" is null
!STACK 0
java.lang.NullPointerException: Cannot invoke "org.eclipse.lsp4e.server.StreamConnectionProvider.getInputStream()" because "this.lspStreamProvider" is null
	at org.eclipse.lsp4e.LanguageServerWrapper.lambda$1(LanguageServerWrapper.java:284)
	at java.base/java.util.concurrent.CompletableFuture$UniApply.tryFire(CompletableFuture.java:646)
	at java.base/java.util.concurrent.CompletableFuture.postComplete(CompletableFuture.java:510)
	at java.base/java.util.concurrent.CompletableFuture$AsyncSupply.run(CompletableFuture.java:1773)
	at java.base/java.util.concurrent.CompletableFuture$AsyncSupply.exec(CompletableFuture.java:1760)
	at java.base/java.util.concurrent.ForkJoinTask.doExec(ForkJoinTask.java:373)
	at java.base/java.util.concurrent.ForkJoinPool$WorkQueue.topLevelExec(ForkJoinPool.java:1182)
	at java.base/java.util.concurrent.ForkJoinPool.scan(ForkJoinPool.java:1655)
	at java.base/java.util.concurrent.ForkJoinPool.runWorker(ForkJoinPool.java:1622)
	at java.base/java.util.concurrent.ForkJoinWorkerThread.run(ForkJoinWorkerThread.java:165)

!ENTRY org.eclipse.lsp4e 4 0 2025-12-27 07:28:09.961
!MESSAGE プラグイン "org.eclipse.wildwebdeveloper" は、クラス "org.eclipse.wildwebdeveloper.html.HTMLLanguageServer" をインスタンス化できませんでした。
!STACK 1
org.eclipse.core.runtime.CoreException: プラグイン "org.eclipse.wildwebdeveloper" は、クラス "org.eclipse.wildwebdeveloper.html.HTMLLanguageServer" をインスタンス化できませんでした。
	at org.eclipse.core.internal.registry.osgi.RegistryStrategyOSGI.throwException(RegistryStrategyOSGI.java:212)
	at org.eclipse.core.internal.registry.osgi.RegistryStrategyOSGI.createExecutableExtension(RegistryStrategyOSGI.java:206)
	at org.eclipse.core.internal.registry.ExtensionRegistry.createExecutableExtension(ExtensionRegistry.java:920)
	at org.eclipse.core.internal.registry.ConfigurationElement.createExecutableExtension(ConfigurationElement.java:246)
	at org.eclipse.core.internal.registry.ConfigurationElementHandle.createExecutableExtension(ConfigurationElementHandle.java:63)
	at org.eclipse.lsp4e.LanguageServersRegistry$ExtensionLanguageServerDefinition.createConnectionProvider(LanguageServersRegistry.java:161)
	at org.eclipse.lsp4e.LanguageServerWrapper.lambda$0(LanguageServerWrapper.java:233)
	at java.base/java.util.concurrent.CompletableFuture$AsyncSupply.run(CompletableFuture.java:1768)
	at java.base/java.util.concurrent.CompletableFuture$AsyncSupply.exec(CompletableFuture.java:1760)
	at java.base/java.util.concurrent.ForkJoinTask.doExec(ForkJoinTask.java:373)
	at java.base/java.util.concurrent.ForkJoinPool$WorkQueue.topLevelExec(ForkJoinPool.java:1182)
	at java.base/java.util.concurrent.ForkJoinPool.scan(ForkJoinPool.java:1655)
	at java.base/java.util.concurrent.ForkJoinPool.runWorker(ForkJoinPool.java:1622)
	at java.base/java.util.concurrent.ForkJoinWorkerThread.run(ForkJoinWorkerThread.java:165)
Caused by: java.lang.reflect.InvocationTargetException
	at jdk.internal.reflect.GeneratedConstructorAccessor102.newInstance(Unknown Source)
	at java.base/jdk.internal.reflect.DelegatingConstructorAccessorImpl.newInstance(DelegatingConstructorAccessorImpl.java:45)
	at java.base/java.lang.reflect.Constructor.newInstanceWithCaller(Constructor.java:499)
	at java.base/java.lang.reflect.Constructor.newInstance(Constructor.java:480)
	at org.eclipse.core.internal.registry.osgi.RegistryStrategyOSGI.createExecutableExtension(RegistryStrategyOSGI.java:204)
	... 12 more
Caused by: java.lang.NullPointerException: Cannot invoke "java.io.File.getAbsolutePath()" because the return value of "org.eclipse.wildwebdeveloper.embedder.node.NodeJSManager.getNodeJsLocation()" is null
	at org.eclipse.wildwebdeveloper.html.HTMLLanguageServer.<init>(HTMLLanguageServer.java:40)
	... 17 more
!SUBENTRY 1 org.eclipse.equinox.registry 4 1 2025-12-27 07:28:09.961
!MESSAGE プラグイン "org.eclipse.wildwebdeveloper" は、クラス "org.eclipse.wildwebdeveloper.html.HTMLLanguageServer" をインスタンス化できませんでした。
!STACK 0
java.lang.reflect.InvocationTargetException
	at jdk.internal.reflect.GeneratedConstructorAccessor102.newInstance(Unknown Source)
	at java.base/jdk.internal.reflect.DelegatingConstructorAccessorImpl.newInstance(DelegatingConstructorAccessorImpl.java:45)
	at java.base/java.lang.reflect.Constructor.newInstanceWithCaller(Constructor.java:499)
	at java.base/java.lang.reflect.Constructor.newInstance(Constructor.java:480)
	at org.eclipse.core.internal.registry.osgi.RegistryStrategyOSGI.createExecutableExtension(RegistryStrategyOSGI.java:204)
	at org.eclipse.core.internal.registry.ExtensionRegistry.createExecutableExtension(ExtensionRegistry.java:920)
	at org.eclipse.core.internal.registry.ConfigurationElement.createExecutableExtension(ConfigurationElement.java:246)
	at org.eclipse.core.internal.registry.ConfigurationElementHandle.createExecutableExtension(ConfigurationElementHandle.java:63)
	at org.eclipse.lsp4e.LanguageServersRegistry$ExtensionLanguageServerDefinition.createConnectionProvider(LanguageServersRegistry.java:161)
	at org.eclipse.lsp4e.LanguageServerWrapper.lambda$0(LanguageServerWrapper.java:233)
	at java.base/java.util.concurrent.CompletableFuture$AsyncSupply.run(CompletableFuture.java:1768)
	at java.base/java.util.concurrent.CompletableFuture$AsyncSupply.exec(CompletableFuture.java:1760)
	at java.base/java.util.concurrent.ForkJoinTask.doExec(ForkJoinTask.java:373)
	at java.base/java.util.concurrent.ForkJoinPool$WorkQueue.topLevelExec(ForkJoinPool.java:1182)
	at java.base/java.util.concurrent.ForkJoinPool.scan(ForkJoinPool.java:1655)
	at java.base/java.util.concurrent.ForkJoinPool.runWorker(ForkJoinPool.java:1622)
	at java.base/java.util.concurrent.ForkJoinWorkerThread.run(ForkJoinWorkerThread.java:165)
Caused by: java.lang.NullPointerException: Cannot invoke "java.io.File.getAbsolutePath()" because the return value of "org.eclipse.wildwebdeveloper.embedder.node.NodeJSManager.getNodeJsLocation()" is null
	at org.eclipse.wildwebdeveloper.html.HTMLLanguageServer.<init>(HTMLLanguageServer.java:40)
	... 17 more
Root exception:
java.lang.NullPointerException: Cannot invoke "java.io.File.getAbsolutePath()" because the return value of "org.eclipse.wildwebdeveloper.embedder.node.NodeJSManager.getNodeJsLocation()" is null
	at org.eclipse.wildwebdeveloper.html.HTMLLanguageServer.<init>(HTMLLanguageServer.java:40)
	at jdk.internal.reflect.GeneratedConstructorAccessor102.newInstance(Unknown Source)
	at java.base/jdk.internal.reflect.DelegatingConstructorAccessorImpl.newInstance(DelegatingConstructorAccessorImpl.java:45)
	at java.base/java.lang.reflect.Constructor.newInstanceWithCaller(Constructor.java:499)
	at java.base/java.lang.reflect.Constructor.newInstance(Constructor.java:480)
	at org.eclipse.core.internal.registry.osgi.RegistryStrategyOSGI.createExecutableExtension(RegistryStrategyOSGI.java:204)
	at org.eclipse.core.internal.registry.ExtensionRegistry.createExecutableExtension(ExtensionRegistry.java:920)
	at org.eclipse.core.internal.registry.ConfigurationElement.createExecutableExtension(ConfigurationElement.java:246)
	at org.eclipse.core.internal.registry.ConfigurationElementHandle.createExecutableExtension(ConfigurationElementHandle.java:63)
	at org.eclipse.lsp4e.LanguageServersRegistry$ExtensionLanguageServerDefinition.createConnectionProvider(LanguageServersRegistry.java:161)
	at org.eclipse.lsp4e.LanguageServerWrapper.lambda$0(LanguageServerWrapper.java:233)
	at java.base/java.util.concurrent.CompletableFuture$AsyncSupply.run(CompletableFuture.java:1768)
	at java.base/java.util.concurrent.CompletableFuture$AsyncSupply.exec(CompletableFuture.java:1760)
	at java.base/java.util.concurrent.ForkJoinTask.doExec(ForkJoinTask.java:373)
	at java.base/java.util.concurrent.ForkJoinPool$WorkQueue.topLevelExec(ForkJoinPool.java:1182)
	at java.base/java.util.concurrent.ForkJoinPool.scan(ForkJoinPool.java:1655)
	at java.base/java.util.concurrent.ForkJoinPool.runWorker(ForkJoinPool.java:1622)
	at java.base/java.util.concurrent.ForkJoinWorkerThread.run(ForkJoinWorkerThread.java:165)

!ENTRY org.eclipse.lsp4e 4 0 2025-12-27 07:28:09.962
!MESSAGE Exception occurred while creating an instance of the stream connection provider
!STACK 0
java.lang.RuntimeException: Exception occurred while creating an instance of the stream connection provider
	at org.eclipse.lsp4e.LanguageServersRegistry$ExtensionLanguageServerDefinition.createConnectionProvider(LanguageServersRegistry.java:164)
	at org.eclipse.lsp4e.LanguageServerWrapper.lambda$0(LanguageServerWrapper.java:233)
	at java.base/java.util.concurrent.CompletableFuture$AsyncSupply.run(CompletableFuture.java:1768)
	at java.base/java.util.concurrent.CompletableFuture$AsyncSupply.exec(CompletableFuture.java:1760)
	at java.base/java.util.concurrent.ForkJoinTask.doExec(ForkJoinTask.java:373)
	at java.base/java.util.concurrent.ForkJoinPool$WorkQueue.topLevelExec(ForkJoinPool.java:1182)
	at java.base/java.util.concurrent.ForkJoinPool.scan(ForkJoinPool.java:1655)
	at java.base/java.util.concurrent.ForkJoinPool.runWorker(ForkJoinPool.java:1622)
	at java.base/java.util.concurrent.ForkJoinWorkerThread.run(ForkJoinWorkerThread.java:165)
Caused by: org.eclipse.core.runtime.CoreException: プラグイン "org.eclipse.wildwebdeveloper" は、クラス "org.eclipse.wildwebdeveloper.html.HTMLLanguageServer" をインスタンス化できませんでした。
	at org.eclipse.core.internal.registry.osgi.RegistryStrategyOSGI.throwException(RegistryStrategyOSGI.java:212)
	at org.eclipse.core.internal.registry.osgi.RegistryStrategyOSGI.createExecutableExtension(RegistryStrategyOSGI.java:206)
	at org.eclipse.core.internal.registry.ExtensionRegistry.createExecutableExtension(ExtensionRegistry.java:920)
	at org.eclipse.core.internal.registry.ConfigurationElement.createExecutableExtension(ConfigurationElement.java:246)
	at org.eclipse.core.internal.registry.ConfigurationElementHandle.createExecutableExtension(ConfigurationElementHandle.java:63)
	at org.eclipse.lsp4e.LanguageServersRegistry$ExtensionLanguageServerDefinition.createConnectionProvider(LanguageServersRegistry.java:161)
	... 8 more
Caused by: java.lang.reflect.InvocationTargetException
	at jdk.internal.reflect.GeneratedConstructorAccessor102.newInstance(Unknown Source)
	at java.base/jdk.internal.reflect.DelegatingConstructorAccessorImpl.newInstance(DelegatingConstructorAccessorImpl.java:45)
	at java.base/java.lang.reflect.Constructor.newInstanceWithCaller(Constructor.java:499)
	at java.base/java.lang.reflect.Constructor.newInstance(Constructor.java:480)
	at org.eclipse.core.internal.registry.osgi.RegistryStrategyOSGI.createExecutableExtension(RegistryStrategyOSGI.java:204)
	... 12 more
Caused by: java.lang.NullPointerException: Cannot invoke "java.io.File.getAbsolutePath()" because the return value of "org.eclipse.wildwebdeveloper.embedder.node.NodeJSManager.getNodeJsLocation()" is null
	at org.eclipse.wildwebdeveloper.html.HTMLLanguageServer.<init>(HTMLLanguageServer.java:40)
	... 17 more

!ENTRY org.eclipse.lsp4e 4 0 2025-12-27 07:28:09.963
!MESSAGE Cannot invoke "org.eclipse.lsp4e.server.StreamConnectionProvider.getInputStream()" because "this.lspStreamProvider" is null
!STACK 0
java.lang.NullPointerException: Cannot invoke "org.eclipse.lsp4e.server.StreamConnectionProvider.getInputStream()" because "this.lspStreamProvider" is null
	at org.eclipse.lsp4e.LanguageServerWrapper.lambda$1(LanguageServerWrapper.java:284)
	at java.base/java.util.concurrent.CompletableFuture$UniApply.tryFire(CompletableFuture.java:646)
	at java.base/java.util.concurrent.CompletableFuture.postComplete(CompletableFuture.java:510)
	at java.base/java.util.concurrent.CompletableFuture$AsyncSupply.run(CompletableFuture.java:1773)
	at java.base/java.util.concurrent.CompletableFuture$AsyncSupply.exec(CompletableFuture.java:1760)
	at java.base/java.util.concurrent.ForkJoinTask.doExec(ForkJoinTask.java:373)
	at java.base/java.util.concurrent.ForkJoinPool$WorkQueue.topLevelExec(ForkJoinPool.java:1182)
	at java.base/java.util.concurrent.ForkJoinPool.scan(ForkJoinPool.java:1655)
	at java.base/java.util.concurrent.ForkJoinPool.runWorker(ForkJoinPool.java:1622)
	at java.base/java.util.concurrent.ForkJoinWorkerThread.run(ForkJoinWorkerThread.java:165)

!ENTRY org.eclipse.lsp4e 4 0 2025-12-27 07:28:09.967
!MESSAGE プラグイン "org.eclipse.wildwebdeveloper" は、クラス "org.eclipse.wildwebdeveloper.angular.AngularLanguageServer" をインスタンス化できませんでした。
!STACK 1
org.eclipse.core.runtime.CoreException: プラグイン "org.eclipse.wildwebdeveloper" は、クラス "org.eclipse.wildwebdeveloper.angular.AngularLanguageServer" をインスタンス化できませんでした。
	at org.eclipse.core.internal.registry.osgi.RegistryStrategyOSGI.throwException(RegistryStrategyOSGI.java:212)
	at org.eclipse.core.internal.registry.osgi.RegistryStrategyOSGI.createExecutableExtension(RegistryStrategyOSGI.java:206)
	at org.eclipse.core.internal.registry.ExtensionRegistry.createExecutableExtension(ExtensionRegistry.java:920)
	at org.eclipse.core.internal.registry.ConfigurationElement.createExecutableExtension(ConfigurationElement.java:246)
	at org.eclipse.core.internal.registry.ConfigurationElementHandle.createExecutableExtension(ConfigurationElementHandle.java:63)
	at org.eclipse.lsp4e.LanguageServersRegistry$ExtensionLanguageServerDefinition.createConnectionProvider(LanguageServersRegistry.java:161)
	at org.eclipse.lsp4e.LanguageServerWrapper.lambda$0(LanguageServerWrapper.java:233)
	at java.base/java.util.concurrent.CompletableFuture$AsyncSupply.run(CompletableFuture.java:1768)
	at java.base/java.util.concurrent.CompletableFuture$AsyncSupply.exec(CompletableFuture.java:1760)
	at java.base/java.util.concurrent.ForkJoinTask.doExec(ForkJoinTask.java:373)
	at java.base/java.util.concurrent.ForkJoinPool$WorkQueue.topLevelExec(ForkJoinPool.java:1182)
	at java.base/java.util.concurrent.ForkJoinPool.scan(ForkJoinPool.java:1655)
	at java.base/java.util.concurrent.ForkJoinPool.runWorker(ForkJoinPool.java:1622)
	at java.base/java.util.concurrent.ForkJoinWorkerThread.run(ForkJoinWorkerThread.java:165)
Caused by: java.lang.reflect.InvocationTargetException
	at jdk.internal.reflect.GeneratedConstructorAccessor101.newInstance(Unknown Source)
	at java.base/jdk.internal.reflect.DelegatingConstructorAccessorImpl.newInstance(DelegatingConstructorAccessorImpl.java:45)
	at java.base/java.lang.reflect.Constructor.newInstanceWithCaller(Constructor.java:499)
	at java.base/java.lang.reflect.Constructor.newInstance(Constructor.java:480)
	at org.eclipse.core.internal.registry.osgi.RegistryStrategyOSGI.createExecutableExtension(RegistryStrategyOSGI.java:204)
	... 12 more
Caused by: java.lang.NullPointerException: Cannot invoke "java.io.File.getAbsolutePath()" because the return value of "org.eclipse.wildwebdeveloper.embedder.node.NodeJSManager.getNodeJsLocation()" is null
	at org.eclipse.wildwebdeveloper.angular.AngularLanguageServer.<init>(AngularLanguageServer.java:43)
	... 17 more
!SUBENTRY 1 org.eclipse.equinox.registry 4 1 2025-12-27 07:28:09.967
!MESSAGE プラグイン "org.eclipse.wildwebdeveloper" は、クラス "org.eclipse.wildwebdeveloper.angular.AngularLanguageServer" をインスタンス化できませんでした。
!STACK 0
java.lang.reflect.InvocationTargetException
	at jdk.internal.reflect.GeneratedConstructorAccessor101.newInstance(Unknown Source)
	at java.base/jdk.internal.reflect.DelegatingConstructorAccessorImpl.newInstance(DelegatingConstructorAccessorImpl.java:45)
	at java.base/java.lang.reflect.Constructor.newInstanceWithCaller(Constructor.java:499)
	at java.base/java.lang.reflect.Constructor.newInstance(Constructor.java:480)
	at org.eclipse.core.internal.registry.osgi.RegistryStrategyOSGI.createExecutableExtension(RegistryStrategyOSGI.java:204)
	at org.eclipse.core.internal.registry.ExtensionRegistry.createExecutableExtension(ExtensionRegistry.java:920)
	at org.eclipse.core.internal.registry.ConfigurationElement.createExecutableExtension(ConfigurationElement.java:246)
	at org.eclipse.core.internal.registry.ConfigurationElementHandle.createExecutableExtension(ConfigurationElementHandle.java:63)
	at org.eclipse.lsp4e.LanguageServersRegistry$ExtensionLanguageServerDefinition.createConnectionProvider(LanguageServersRegistry.java:161)
	at org.eclipse.lsp4e.LanguageServerWrapper.lambda$0(LanguageServerWrapper.java:233)
	at java.base/java.util.concurrent.CompletableFuture$AsyncSupply.run(CompletableFuture.java:1768)
	at java.base/java.util.concurrent.CompletableFuture$AsyncSupply.exec(CompletableFuture.java:1760)
	at java.base/java.util.concurrent.ForkJoinTask.doExec(ForkJoinTask.java:373)
	at java.base/java.util.concurrent.ForkJoinPool$WorkQueue.topLevelExec(ForkJoinPool.java:1182)
	at java.base/java.util.concurrent.ForkJoinPool.scan(ForkJoinPool.java:1655)
	at java.base/java.util.concurrent.ForkJoinPool.runWorker(ForkJoinPool.java:1622)
	at java.base/java.util.concurrent.ForkJoinWorkerThread.run(ForkJoinWorkerThread.java:165)
Caused by: java.lang.NullPointerException: Cannot invoke "java.io.File.getAbsolutePath()" because the return value of "org.eclipse.wildwebdeveloper.embedder.node.NodeJSManager.getNodeJsLocation()" is null
	at org.eclipse.wildwebdeveloper.angular.AngularLanguageServer.<init>(AngularLanguageServer.java:43)
	... 17 more
Root exception:
java.lang.NullPointerException: Cannot invoke "java.io.File.getAbsolutePath()" because the return value of "org.eclipse.wildwebdeveloper.embedder.node.NodeJSManager.getNodeJsLocation()" is null
	at org.eclipse.wildwebdeveloper.angular.AngularLanguageServer.<init>(AngularLanguageServer.java:43)
	at jdk.internal.reflect.GeneratedConstructorAccessor101.newInstance(Unknown Source)
	at java.base/jdk.internal.reflect.DelegatingConstructorAccessorImpl.newInstance(DelegatingConstructorAccessorImpl.java:45)
	at java.base/java.lang.reflect.Constructor.newInstanceWithCaller(Constructor.java:499)
	at java.base/java.lang.reflect.Constructor.newInstance(Constructor.java:480)
	at org.eclipse.core.internal.registry.osgi.RegistryStrategyOSGI.createExecutableExtension(RegistryStrategyOSGI.java:204)
	at org.eclipse.core.internal.registry.ExtensionRegistry.createExecutableExtension(ExtensionRegistry.java:920)
	at org.eclipse.core.internal.registry.ConfigurationElement.createExecutableExtension(ConfigurationElement.java:246)
	at org.eclipse.core.internal.registry.ConfigurationElementHandle.createExecutableExtension(ConfigurationElementHandle.java:63)
	at org.eclipse.lsp4e.LanguageServersRegistry$ExtensionLanguageServerDefinition.createConnectionProvider(LanguageServersRegistry.java:161)
	at org.eclipse.lsp4e.LanguageServerWrapper.lambda$0(LanguageServerWrapper.java:233)
	at java.base/java.util.concurrent.CompletableFuture$AsyncSupply.run(CompletableFuture.java:1768)
	at java.base/java.util.concurrent.CompletableFuture$AsyncSupply.exec(CompletableFuture.java:1760)
	at java.base/java.util.concurrent.ForkJoinTask.doExec(ForkJoinTask.java:373)
	at java.base/java.util.concurrent.ForkJoinPool$WorkQueue.topLevelExec(ForkJoinPool.java:1182)
	at java.base/java.util.concurrent.ForkJoinPool.scan(ForkJoinPool.java:1655)
	at java.base/java.util.concurrent.ForkJoinPool.runWorker(ForkJoinPool.java:1622)
	at java.base/java.util.concurrent.ForkJoinWorkerThread.run(ForkJoinWorkerThread.java:165)

!ENTRY org.eclipse.lsp4e 4 0 2025-12-27 07:28:09.967
!MESSAGE Exception occurred while creating an instance of the stream connection provider
!STACK 0
java.lang.RuntimeException: Exception occurred while creating an instance of the stream connection provider
	at org.eclipse.lsp4e.LanguageServersRegistry$ExtensionLanguageServerDefinition.createConnectionProvider(LanguageServersRegistry.java:164)
	at org.eclipse.lsp4e.LanguageServerWrapper.lambda$0(LanguageServerWrapper.java:233)
	at java.base/java.util.concurrent.CompletableFuture$AsyncSupply.run(CompletableFuture.java:1768)
	at java.base/java.util.concurrent.CompletableFuture$AsyncSupply.exec(CompletableFuture.java:1760)
	at java.base/java.util.concurrent.ForkJoinTask.doExec(ForkJoinTask.java:373)
	at java.base/java.util.concurrent.ForkJoinPool$WorkQueue.topLevelExec(ForkJoinPool.java:1182)
	at java.base/java.util.concurrent.ForkJoinPool.scan(ForkJoinPool.java:1655)
	at java.base/java.util.concurrent.ForkJoinPool.runWorker(ForkJoinPool.java:1622)
	at java.base/java.util.concurrent.ForkJoinWorkerThread.run(ForkJoinWorkerThread.java:165)
Caused by: org.eclipse.core.runtime.CoreException: プラグイン "org.eclipse.wildwebdeveloper" は、クラス "org.eclipse.wildwebdeveloper.angular.AngularLanguageServer" をインスタンス化できませんでした。
	at org.eclipse.core.internal.registry.osgi.RegistryStrategyOSGI.throwException(RegistryStrategyOSGI.java:212)
	at org.eclipse.core.internal.registry.osgi.RegistryStrategyOSGI.createExecutableExtension(RegistryStrategyOSGI.java:206)
	at org.eclipse.core.internal.registry.ExtensionRegistry.createExecutableExtension(ExtensionRegistry.java:920)
	at org.eclipse.core.internal.registry.ConfigurationElement.createExecutableExtension(ConfigurationElement.java:246)
	at org.eclipse.core.internal.registry.ConfigurationElementHandle.createExecutableExtension(ConfigurationElementHandle.java:63)
	at org.eclipse.lsp4e.LanguageServersRegistry$ExtensionLanguageServerDefinition.createConnectionProvider(LanguageServersRegistry.java:161)
	... 8 more
Caused by: java.lang.reflect.InvocationTargetException
	at jdk.internal.reflect.GeneratedConstructorAccessor101.newInstance(Unknown Source)
	at java.base/jdk.internal.reflect.DelegatingConstructorAccessorImpl.newInstance(DelegatingConstructorAccessorImpl.java:45)
	at java.base/java.lang.reflect.Constructor.newInstanceWithCaller(Constructor.java:499)
	at java.base/java.lang.reflect.Constructor.newInstance(Constructor.java:480)
	at org.eclipse.core.internal.registry.osgi.RegistryStrategyOSGI.createExecutableExtension(RegistryStrategyOSGI.java:204)
	... 12 more
Caused by: java.lang.NullPointerException: Cannot invoke "java.io.File.getAbsolutePath()" because the return value of "org.eclipse.wildwebdeveloper.embedder.node.NodeJSManager.getNodeJsLocation()" is null
	at org.eclipse.wildwebdeveloper.angular.AngularLanguageServer.<init>(AngularLanguageServer.java:43)
	... 17 more

!ENTRY org.eclipse.lsp4e 4 0 2025-12-27 07:28:09.968
!MESSAGE Cannot invoke "org.eclipse.lsp4e.server.StreamConnectionProvider.getInputStream()" because "this.lspStreamProvider" is null
!STACK 0
java.lang.NullPointerException: Cannot invoke "org.eclipse.lsp4e.server.StreamConnectionProvider.getInputStream()" because "this.lspStreamProvider" is null
	at org.eclipse.lsp4e.LanguageServerWrapper.lambda$1(LanguageServerWrapper.java:284)
	at java.base/java.util.concurrent.CompletableFuture$UniApply.tryFire(CompletableFuture.java:646)
	at java.base/java.util.concurrent.CompletableFuture.postComplete(CompletableFuture.java:510)
	at java.base/java.util.concurrent.CompletableFuture$AsyncSupply.run(CompletableFuture.java:1773)
	at java.base/java.util.concurrent.CompletableFuture$AsyncSupply.exec(CompletableFuture.java:1760)
	at java.base/java.util.concurrent.ForkJoinTask.doExec(ForkJoinTask.java:373)
	at java.base/java.util.concurrent.ForkJoinPool$WorkQueue.topLevelExec(ForkJoinPool.java:1182)
	at java.base/java.util.concurrent.ForkJoinPool.scan(ForkJoinPool.java:1655)
	at java.base/java.util.concurrent.ForkJoinPool.runWorker(ForkJoinPool.java:1622)
	at java.base/java.util.concurrent.ForkJoinWorkerThread.run(ForkJoinWorkerThread.java:165)

!ENTRY org.eclipse.lsp4e 4 0 2025-12-27 07:28:15.731
!MESSAGE プラグイン "org.eclipse.wildwebdeveloper" は、クラス "org.eclipse.wildwebdeveloper.angular.AngularLanguageServer" をインスタンス化できませんでした。
!STACK 1
org.eclipse.core.runtime.CoreException: プラグイン "org.eclipse.wildwebdeveloper" は、クラス "org.eclipse.wildwebdeveloper.angular.AngularLanguageServer" をインスタンス化できませんでした。
	at org.eclipse.core.internal.registry.osgi.RegistryStrategyOSGI.throwException(RegistryStrategyOSGI.java:212)
	at org.eclipse.core.internal.registry.osgi.RegistryStrategyOSGI.createExecutableExtension(RegistryStrategyOSGI.java:206)
	at org.eclipse.core.internal.registry.ExtensionRegistry.createExecutableExtension(ExtensionRegistry.java:920)
	at org.eclipse.core.internal.registry.ConfigurationElement.createExecutableExtension(ConfigurationElement.java:246)
	at org.eclipse.core.internal.registry.ConfigurationElementHandle.createExecutableExtension(ConfigurationElementHandle.java:63)
	at org.eclipse.lsp4e.LanguageServersRegistry$ExtensionLanguageServerDefinition.createConnectionProvider(LanguageServersRegistry.java:161)
	at org.eclipse.lsp4e.LanguageServerWrapper.lambda$0(LanguageServerWrapper.java:233)
	at java.base/java.util.concurrent.CompletableFuture$AsyncSupply.run(CompletableFuture.java:1768)
	at java.base/java.util.concurrent.CompletableFuture$AsyncSupply.exec(CompletableFuture.java:1760)
	at java.base/java.util.concurrent.ForkJoinTask.doExec(ForkJoinTask.java:373)
	at java.base/java.util.concurrent.ForkJoinPool$WorkQueue.topLevelExec(ForkJoinPool.java:1182)
	at java.base/java.util.concurrent.ForkJoinPool.scan(ForkJoinPool.java:1655)
	at java.base/java.util.concurrent.ForkJoinPool.runWorker(ForkJoinPool.java:1622)
	at java.base/java.util.concurrent.ForkJoinWorkerThread.run(ForkJoinWorkerThread.java:165)
Caused by: java.lang.reflect.InvocationTargetException
	at jdk.internal.reflect.GeneratedConstructorAccessor101.newInstance(Unknown Source)
	at java.base/jdk.internal.reflect.DelegatingConstructorAccessorImpl.newInstance(DelegatingConstructorAccessorImpl.java:45)
	at java.base/java.lang.reflect.Constructor.newInstanceWithCaller(Constructor.java:499)
	at java.base/java.lang.reflect.Constructor.newInstance(Constructor.java:480)
	at org.eclipse.core.internal.registry.osgi.RegistryStrategyOSGI.createExecutableExtension(RegistryStrategyOSGI.java:204)
	... 12 more
Caused by: java.lang.NullPointerException: Cannot invoke "java.io.File.getAbsolutePath()" because the return value of "org.eclipse.wildwebdeveloper.embedder.node.NodeJSManager.getNodeJsLocation()" is null
	at org.eclipse.wildwebdeveloper.angular.AngularLanguageServer.<init>(AngularLanguageServer.java:43)
	... 17 more
!SUBENTRY 1 org.eclipse.equinox.registry 4 1 2025-12-27 07:28:15.731
!MESSAGE プラグイン "org.eclipse.wildwebdeveloper" は、クラス "org.eclipse.wildwebdeveloper.angular.AngularLanguageServer" をインスタンス化できませんでした。
!STACK 0
java.lang.reflect.InvocationTargetException
	at jdk.internal.reflect.GeneratedConstructorAccessor101.newInstance(Unknown Source)
	at java.base/jdk.internal.reflect.DelegatingConstructorAccessorImpl.newInstance(DelegatingConstructorAccessorImpl.java:45)
	at java.base/java.lang.reflect.Constructor.newInstanceWithCaller(Constructor.java:499)
	at java.base/java.lang.reflect.Constructor.newInstance(Constructor.java:480)
	at org.eclipse.core.internal.registry.osgi.RegistryStrategyOSGI.createExecutableExtension(RegistryStrategyOSGI.java:204)
	at org.eclipse.core.internal.registry.ExtensionRegistry.createExecutableExtension(ExtensionRegistry.java:920)
	at org.eclipse.core.internal.registry.ConfigurationElement.createExecutableExtension(ConfigurationElement.java:246)
	at org.eclipse.core.internal.registry.ConfigurationElementHandle.createExecutableExtension(ConfigurationElementHandle.java:63)
	at org.eclipse.lsp4e.LanguageServersRegistry$ExtensionLanguageServerDefinition.createConnectionProvider(LanguageServersRegistry.java:161)
	at org.eclipse.lsp4e.LanguageServerWrapper.lambda$0(LanguageServerWrapper.java:233)
	at java.base/java.util.concurrent.CompletableFuture$AsyncSupply.run(CompletableFuture.java:1768)
	at java.base/java.util.concurrent.CompletableFuture$AsyncSupply.exec(CompletableFuture.java:1760)
	at java.base/java.util.concurrent.ForkJoinTask.doExec(ForkJoinTask.java:373)
	at java.base/java.util.concurrent.ForkJoinPool$WorkQueue.topLevelExec(ForkJoinPool.java:1182)
	at java.base/java.util.concurrent.ForkJoinPool.scan(ForkJoinPool.java:1655)
	at java.base/java.util.concurrent.ForkJoinPool.runWorker(ForkJoinPool.java:1622)
	at java.base/java.util.concurrent.ForkJoinWorkerThread.run(ForkJoinWorkerThread.java:165)
Caused by: java.lang.NullPointerException: Cannot invoke "java.io.File.getAbsolutePath()" because the return value of "org.eclipse.wildwebdeveloper.embedder.node.NodeJSManager.getNodeJsLocation()" is null
	at org.eclipse.wildwebdeveloper.angular.AngularLanguageServer.<init>(AngularLanguageServer.java:43)
	... 17 more
Root exception:
java.lang.NullPointerException: Cannot invoke "java.io.File.getAbsolutePath()" because the return value of "org.eclipse.wildwebdeveloper.embedder.node.NodeJSManager.getNodeJsLocation()" is null
	at org.eclipse.wildwebdeveloper.angular.AngularLanguageServer.<init>(AngularLanguageServer.java:43)
	at jdk.internal.reflect.GeneratedConstructorAccessor101.newInstance(Unknown Source)
	at java.base/jdk.internal.reflect.DelegatingConstructorAccessorImpl.newInstance(DelegatingConstructorAccessorImpl.java:45)
	at java.base/java.lang.reflect.Constructor.newInstanceWithCaller(Constructor.java:499)
	at java.base/java.lang.reflect.Constructor.newInstance(Constructor.java:480)
	at org.eclipse.core.internal.registry.osgi.RegistryStrategyOSGI.createExecutableExtension(RegistryStrategyOSGI.java:204)
	at org.eclipse.core.internal.registry.ExtensionRegistry.createExecutableExtension(ExtensionRegistry.java:920)
	at org.eclipse.core.internal.registry.ConfigurationElement.createExecutableExtension(ConfigurationElement.java:246)
	at org.eclipse.core.internal.registry.ConfigurationElementHandle.createExecutableExtension(ConfigurationElementHandle.java:63)
	at org.eclipse.lsp4e.LanguageServersRegistry$ExtensionLanguageServerDefinition.createConnectionProvider(LanguageServersRegistry.java:161)
	at org.eclipse.lsp4e.LanguageServerWrapper.lambda$0(LanguageServerWrapper.java:233)
	at java.base/java.util.concurrent.CompletableFuture$AsyncSupply.run(CompletableFuture.java:1768)
	at java.base/java.util.concurrent.CompletableFuture$AsyncSupply.exec(CompletableFuture.java:1760)
	at java.base/java.util.concurrent.ForkJoinTask.doExec(ForkJoinTask.java:373)
	at java.base/java.util.concurrent.ForkJoinPool$WorkQueue.topLevelExec(ForkJoinPool.java:1182)
	at java.base/java.util.concurrent.ForkJoinPool.scan(ForkJoinPool.java:1655)
	at java.base/java.util.concurrent.ForkJoinPool.runWorker(ForkJoinPool.java:1622)
	at java.base/java.util.concurrent.ForkJoinWorkerThread.run(ForkJoinWorkerThread.java:165)

!ENTRY org.eclipse.lsp4e 4 0 2025-12-27 07:28:15.732
!MESSAGE Exception occurred while creating an instance of the stream connection provider
!STACK 0
java.lang.RuntimeException: Exception occurred while creating an instance of the stream connection provider
	at org.eclipse.lsp4e.LanguageServersRegistry$ExtensionLanguageServerDefinition.createConnectionProvider(LanguageServersRegistry.java:164)
	at org.eclipse.lsp4e.LanguageServerWrapper.lambda$0(LanguageServerWrapper.java:233)
	at java.base/java.util.concurrent.CompletableFuture$AsyncSupply.run(CompletableFuture.java:1768)
	at java.base/java.util.concurrent.CompletableFuture$AsyncSupply.exec(CompletableFuture.java:1760)
	at java.base/java.util.concurrent.ForkJoinTask.doExec(ForkJoinTask.java:373)
	at java.base/java.util.concurrent.ForkJoinPool$WorkQueue.topLevelExec(ForkJoinPool.java:1182)
	at java.base/java.util.concurrent.ForkJoinPool.scan(ForkJoinPool.java:1655)
	at java.base/java.util.concurrent.ForkJoinPool.runWorker(ForkJoinPool.java:1622)
	at java.base/java.util.concurrent.ForkJoinWorkerThread.run(ForkJoinWorkerThread.java:165)
Caused by: org.eclipse.core.runtime.CoreException: プラグイン "org.eclipse.wildwebdeveloper" は、クラス "org.eclipse.wildwebdeveloper.angular.AngularLanguageServer" をインスタンス化できませんでした。
	at org.eclipse.core.internal.registry.osgi.RegistryStrategyOSGI.throwException(RegistryStrategyOSGI.java:212)
	at org.eclipse.core.internal.registry.osgi.RegistryStrategyOSGI.createExecutableExtension(RegistryStrategyOSGI.java:206)
	at org.eclipse.core.internal.registry.ExtensionRegistry.createExecutableExtension(ExtensionRegistry.java:920)
	at org.eclipse.core.internal.registry.ConfigurationElement.createExecutableExtension(ConfigurationElement.java:246)
	at org.eclipse.core.internal.registry.ConfigurationElementHandle.createExecutableExtension(ConfigurationElementHandle.java:63)
	at org.eclipse.lsp4e.LanguageServersRegistry$ExtensionLanguageServerDefinition.createConnectionProvider(LanguageServersRegistry.java:161)
	... 8 more
Caused by: java.lang.reflect.InvocationTargetException
	at jdk.internal.reflect.GeneratedConstructorAccessor101.newInstance(Unknown Source)
	at java.base/jdk.internal.reflect.DelegatingConstructorAccessorImpl.newInstance(DelegatingConstructorAccessorImpl.java:45)
	at java.base/java.lang.reflect.Constructor.newInstanceWithCaller(Constructor.java:499)
	at java.base/java.lang.reflect.Constructor.newInstance(Constructor.java:480)
	at org.eclipse.core.internal.registry.osgi.RegistryStrategyOSGI.createExecutableExtension(RegistryStrategyOSGI.java:204)
	... 12 more
Caused by: java.lang.NullPointerException: Cannot invoke "java.io.File.getAbsolutePath()" because the return value of "org.eclipse.wildwebdeveloper.embedder.node.NodeJSManager.getNodeJsLocation()" is null
	at org.eclipse.wildwebdeveloper.angular.AngularLanguageServer.<init>(AngularLanguageServer.java:43)
	... 17 more

!ENTRY org.eclipse.lsp4e 4 0 2025-12-27 07:28:15.732
!MESSAGE Cannot invoke "org.eclipse.lsp4e.server.StreamConnectionProvider.getInputStream()" because "this.lspStreamProvider" is null
!STACK 0
java.lang.NullPointerException: Cannot invoke "org.eclipse.lsp4e.server.StreamConnectionProvider.getInputStream()" because "this.lspStreamProvider" is null
	at org.eclipse.lsp4e.LanguageServerWrapper.lambda$1(LanguageServerWrapper.java:284)
	at java.base/java.util.concurrent.CompletableFuture$UniApply.tryFire(CompletableFuture.java:646)
	at java.base/java.util.concurrent.CompletableFuture.postComplete(CompletableFuture.java:510)
	at java.base/java.util.concurrent.CompletableFuture$AsyncSupply.run(CompletableFuture.java:1773)
	at java.base/java.util.concurrent.CompletableFuture$AsyncSupply.exec(CompletableFuture.java:1760)
	at java.base/java.util.concurrent.ForkJoinTask.doExec(ForkJoinTask.java:373)
	at java.base/java.util.concurrent.ForkJoinPool$WorkQueue.topLevelExec(ForkJoinPool.java:1182)
	at java.base/java.util.concurrent.ForkJoinPool.scan(ForkJoinPool.java:1655)
	at java.base/java.util.concurrent.ForkJoinPool.runWorker(ForkJoinPool.java:1622)
	at java.base/java.util.concurrent.ForkJoinWorkerThread.run(ForkJoinWorkerThread.java:165)

!ENTRY org.eclipse.lsp4e 4 0 2025-12-27 07:28:15.733
!MESSAGE プラグイン "org.eclipse.wildwebdeveloper" は、クラス "org.eclipse.wildwebdeveloper.html.HTMLLanguageServer" をインスタンス化できませんでした。
!STACK 1
org.eclipse.core.runtime.CoreException: プラグイン "org.eclipse.wildwebdeveloper" は、クラス "org.eclipse.wildwebdeveloper.html.HTMLLanguageServer" をインスタンス化できませんでした。
	at org.eclipse.core.internal.registry.osgi.RegistryStrategyOSGI.throwException(RegistryStrategyOSGI.java:212)
	at org.eclipse.core.internal.registry.osgi.RegistryStrategyOSGI.createExecutableExtension(RegistryStrategyOSGI.java:206)
	at org.eclipse.core.internal.registry.ExtensionRegistry.createExecutableExtension(ExtensionRegistry.java:920)
	at org.eclipse.core.internal.registry.ConfigurationElement.createExecutableExtension(ConfigurationElement.java:246)
	at org.eclipse.core.internal.registry.ConfigurationElementHandle.createExecutableExtension(ConfigurationElementHandle.java:63)
	at org.eclipse.lsp4e.LanguageServersRegistry$ExtensionLanguageServerDefinition.createConnectionProvider(LanguageServersRegistry.java:161)
	at org.eclipse.lsp4e.LanguageServerWrapper.lambda$0(LanguageServerWrapper.java:233)
	at java.base/java.util.concurrent.CompletableFuture$AsyncSupply.run(CompletableFuture.java:1768)
	at java.base/java.util.concurrent.CompletableFuture$AsyncSupply.exec(CompletableFuture.java:1760)
	at java.base/java.util.concurrent.ForkJoinTask.doExec(ForkJoinTask.java:373)
	at java.base/java.util.concurrent.ForkJoinPool$WorkQueue.topLevelExec(ForkJoinPool.java:1182)
	at java.base/java.util.concurrent.ForkJoinPool.scan(ForkJoinPool.java:1655)
	at java.base/java.util.concurrent.ForkJoinPool.runWorker(ForkJoinPool.java:1622)
	at java.base/java.util.concurrent.ForkJoinWorkerThread.run(ForkJoinWorkerThread.java:165)
Caused by: java.lang.reflect.InvocationTargetException
	at jdk.internal.reflect.GeneratedConstructorAccessor102.newInstance(Unknown Source)
	at java.base/jdk.internal.reflect.DelegatingConstructorAccessorImpl.newInstance(DelegatingConstructorAccessorImpl.java:45)
	at java.base/java.lang.reflect.Constructor.newInstanceWithCaller(Constructor.java:499)
	at java.base/java.lang.reflect.Constructor.newInstance(Constructor.java:480)
	at org.eclipse.core.internal.registry.osgi.RegistryStrategyOSGI.createExecutableExtension(RegistryStrategyOSGI.java:204)
	... 12 more
Caused by: java.lang.NullPointerException: Cannot invoke "java.io.File.getAbsolutePath()" because the return value of "org.eclipse.wildwebdeveloper.embedder.node.NodeJSManager.getNodeJsLocation()" is null
	at org.eclipse.wildwebdeveloper.html.HTMLLanguageServer.<init>(HTMLLanguageServer.java:40)
	... 17 more
!SUBENTRY 1 org.eclipse.equinox.registry 4 1 2025-12-27 07:28:15.733
!MESSAGE プラグイン "org.eclipse.wildwebdeveloper" は、クラス "org.eclipse.wildwebdeveloper.html.HTMLLanguageServer" をインスタンス化できませんでした。
!STACK 0
java.lang.reflect.InvocationTargetException
	at jdk.internal.reflect.GeneratedConstructorAccessor102.newInstance(Unknown Source)
	at java.base/jdk.internal.reflect.DelegatingConstructorAccessorImpl.newInstance(DelegatingConstructorAccessorImpl.java:45)
	at java.base/java.lang.reflect.Constructor.newInstanceWithCaller(Constructor.java:499)
	at java.base/java.lang.reflect.Constructor.newInstance(Constructor.java:480)
	at org.eclipse.core.internal.registry.osgi.RegistryStrategyOSGI.createExecutableExtension(RegistryStrategyOSGI.java:204)
	at org.eclipse.core.internal.registry.ExtensionRegistry.createExecutableExtension(ExtensionRegistry.java:920)
	at org.eclipse.core.internal.registry.ConfigurationElement.createExecutableExtension(ConfigurationElement.java:246)
	at org.eclipse.core.internal.registry.ConfigurationElementHandle.createExecutableExtension(ConfigurationElementHandle.java:63)
	at org.eclipse.lsp4e.LanguageServersRegistry$ExtensionLanguageServerDefinition.createConnectionProvider(LanguageServersRegistry.java:161)
	at org.eclipse.lsp4e.LanguageServerWrapper.lambda$0(LanguageServerWrapper.java:233)
	at java.base/java.util.concurrent.CompletableFuture$AsyncSupply.run(CompletableFuture.java:1768)
	at java.base/java.util.concurrent.CompletableFuture$AsyncSupply.exec(CompletableFuture.java:1760)
	at java.base/java.util.concurrent.ForkJoinTask.doExec(ForkJoinTask.java:373)
	at java.base/java.util.concurrent.ForkJoinPool$WorkQueue.topLevelExec(ForkJoinPool.java:1182)
	at java.base/java.util.concurrent.ForkJoinPool.scan(ForkJoinPool.java:1655)
	at java.base/java.util.concurrent.ForkJoinPool.runWorker(ForkJoinPool.java:1622)
	at java.base/java.util.concurrent.ForkJoinWorkerThread.run(ForkJoinWorkerThread.java:165)
Caused by: java.lang.NullPointerException: Cannot invoke "java.io.File.getAbsolutePath()" because the return value of "org.eclipse.wildwebdeveloper.embedder.node.NodeJSManager.getNodeJsLocation()" is null
	at org.eclipse.wildwebdeveloper.html.HTMLLanguageServer.<init>(HTMLLanguageServer.java:40)
	... 17 more
Root exception:
java.lang.NullPointerException: Cannot invoke "java.io.File.getAbsolutePath()" because the return value of "org.eclipse.wildwebdeveloper.embedder.node.NodeJSManager.getNodeJsLocation()" is null
	at org.eclipse.wildwebdeveloper.html.HTMLLanguageServer.<init>(HTMLLanguageServer.java:40)
	at jdk.internal.reflect.GeneratedConstructorAccessor102.newInstance(Unknown Source)
	at java.base/jdk.internal.reflect.DelegatingConstructorAccessorImpl.newInstance(DelegatingConstructorAccessorImpl.java:45)
	at java.base/java.lang.reflect.Constructor.newInstanceWithCaller(Constructor.java:499)
	at java.base/java.lang.reflect.Constructor.newInstance(Constructor.java:480)
	at org.eclipse.core.internal.registry.osgi.RegistryStrategyOSGI.createExecutableExtension(RegistryStrategyOSGI.java:204)
	at org.eclipse.core.internal.registry.ExtensionRegistry.createExecutableExtension(ExtensionRegistry.java:920)
	at org.eclipse.core.internal.registry.ConfigurationElement.createExecutableExtension(ConfigurationElement.java:246)
	at org.eclipse.core.internal.registry.ConfigurationElementHandle.createExecutableExtension(ConfigurationElementHandle.java:63)
	at org.eclipse.lsp4e.LanguageServersRegistry$ExtensionLanguageServerDefinition.createConnectionProvider(LanguageServersRegistry.java:161)
	at org.eclipse.lsp4e.LanguageServerWrapper.lambda$0(LanguageServerWrapper.java:233)
	at java.base/java.util.concurrent.CompletableFuture$AsyncSupply.run(CompletableFuture.java:1768)
	at java.base/java.util.concurrent.CompletableFuture$AsyncSupply.exec(CompletableFuture.java:1760)
	at java.base/java.util.concurrent.ForkJoinTask.doExec(ForkJoinTask.java:373)
	at java.base/java.util.concurrent.ForkJoinPool$WorkQueue.topLevelExec(ForkJoinPool.java:1182)
	at java.base/java.util.concurrent.ForkJoinPool.scan(ForkJoinPool.java:1655)
	at java.base/java.util.concurrent.ForkJoinPool.runWorker(ForkJoinPool.java:1622)
	at java.base/java.util.concurrent.ForkJoinWorkerThread.run(ForkJoinWorkerThread.java:165)

!ENTRY org.eclipse.lsp4e 4 0 2025-12-27 07:28:15.734
!MESSAGE Exception occurred while creating an instance of the stream connection provider
!STACK 0
java.lang.RuntimeException: Exception occurred while creating an instance of the stream connection provider
	at org.eclipse.lsp4e.LanguageServersRegistry$ExtensionLanguageServerDefinition.createConnectionProvider(LanguageServersRegistry.java:164)
	at org.eclipse.lsp4e.LanguageServerWrapper.lambda$0(LanguageServerWrapper.java:233)
	at java.base/java.util.concurrent.CompletableFuture$AsyncSupply.run(CompletableFuture.java:1768)
	at java.base/java.util.concurrent.CompletableFuture$AsyncSupply.exec(CompletableFuture.java:1760)
	at java.base/java.util.concurrent.ForkJoinTask.doExec(ForkJoinTask.java:373)
	at java.base/java.util.concurrent.ForkJoinPool$WorkQueue.topLevelExec(ForkJoinPool.java:1182)
	at java.base/java.util.concurrent.ForkJoinPool.scan(ForkJoinPool.java:1655)
	at java.base/java.util.concurrent.ForkJoinPool.runWorker(ForkJoinPool.java:1622)
	at java.base/java.util.concurrent.ForkJoinWorkerThread.run(ForkJoinWorkerThread.java:165)
Caused by: org.eclipse.core.runtime.CoreException: プラグイン "org.eclipse.wildwebdeveloper" は、クラス "org.eclipse.wildwebdeveloper.html.HTMLLanguageServer" をインスタンス化できませんでした。
	at org.eclipse.core.internal.registry.osgi.RegistryStrategyOSGI.throwException(RegistryStrategyOSGI.java:212)
	at org.eclipse.core.internal.registry.osgi.RegistryStrategyOSGI.createExecutableExtension(RegistryStrategyOSGI.java:206)
	at org.eclipse.core.internal.registry.ExtensionRegistry.createExecutableExtension(ExtensionRegistry.java:920)
	at org.eclipse.core.internal.registry.ConfigurationElement.createExecutableExtension(ConfigurationElement.java:246)
	at org.eclipse.core.internal.registry.ConfigurationElementHandle.createExecutableExtension(ConfigurationElementHandle.java:63)
	at org.eclipse.lsp4e.LanguageServersRegistry$ExtensionLanguageServerDefinition.createConnectionProvider(LanguageServersRegistry.java:161)
	... 8 more
Caused by: java.lang.reflect.InvocationTargetException
	at jdk.internal.reflect.GeneratedConstructorAccessor102.newInstance(Unknown Source)
	at java.base/jdk.internal.reflect.DelegatingConstructorAccessorImpl.newInstance(DelegatingConstructorAccessorImpl.java:45)
	at java.base/java.lang.reflect.Constructor.newInstanceWithCaller(Constructor.java:499)
	at java.base/java.lang.reflect.Constructor.newInstance(Constructor.java:480)
	at org.eclipse.core.internal.registry.osgi.RegistryStrategyOSGI.createExecutableExtension(RegistryStrategyOSGI.java:204)
	... 12 more
Caused by: java.lang.NullPointerException: Cannot invoke "java.io.File.getAbsolutePath()" because the return value of "org.eclipse.wildwebdeveloper.embedder.node.NodeJSManager.getNodeJsLocation()" is null
	at org.eclipse.wildwebdeveloper.html.HTMLLanguageServer.<init>(HTMLLanguageServer.java:40)
	... 17 more

!ENTRY org.eclipse.jface.text 4 0 2025-12-27 07:28:15.734
!MESSAGE java.lang.RuntimeException: Exception occurred while creating an instance of the stream connection provider
!STACK 0
java.util.concurrent.CompletionException: java.lang.RuntimeException: Exception occurred while creating an instance of the stream connection provider
	at java.base/java.util.concurrent.CompletableFuture.encodeThrowable(CompletableFuture.java:332)
	at java.base/java.util.concurrent.CompletableFuture.completeThrowable(CompletableFuture.java:347)
	at java.base/java.util.concurrent.CompletableFuture$UniApply.tryFire(CompletableFuture.java:636)
	at java.base/java.util.concurrent.CompletableFuture.postComplete(CompletableFuture.java:510)
	at java.base/java.util.concurrent.CompletableFuture.completeExceptionally(CompletableFuture.java:2162)
	at org.eclipse.lsp4e.LanguageServerWrapper.lambda$0(LanguageServerWrapper.java:238)
	at java.base/java.util.concurrent.CompletableFuture$AsyncSupply.run(CompletableFuture.java:1768)
	at java.base/java.util.concurrent.CompletableFuture$AsyncSupply.exec(CompletableFuture.java:1760)
	at java.base/java.util.concurrent.ForkJoinTask.doExec(ForkJoinTask.java:373)
	at java.base/java.util.concurrent.ForkJoinPool$WorkQueue.topLevelExec(ForkJoinPool.java:1182)
	at java.base/java.util.concurrent.ForkJoinPool.scan(ForkJoinPool.java:1655)
	at java.base/java.util.concurrent.ForkJoinPool.runWorker(ForkJoinPool.java:1622)
	at java.base/java.util.concurrent.ForkJoinWorkerThread.run(ForkJoinWorkerThread.java:165)
Caused by: java.lang.RuntimeException: Exception occurred while creating an instance of the stream connection provider
	at org.eclipse.lsp4e.LanguageServersRegistry$ExtensionLanguageServerDefinition.createConnectionProvider(LanguageServersRegistry.java:164)
	at org.eclipse.lsp4e.LanguageServerWrapper.lambda$0(LanguageServerWrapper.java:233)
	... 7 more
Caused by: org.eclipse.core.runtime.CoreException: プラグイン "org.eclipse.wildwebdeveloper" は、クラス "org.eclipse.wildwebdeveloper.html.HTMLLanguageServer" をインスタンス化できませんでした。
	at org.eclipse.core.internal.registry.osgi.RegistryStrategyOSGI.throwException(RegistryStrategyOSGI.java:212)
	at org.eclipse.core.internal.registry.osgi.RegistryStrategyOSGI.createExecutableExtension(RegistryStrategyOSGI.java:206)
	at org.eclipse.core.internal.registry.ExtensionRegistry.createExecutableExtension(ExtensionRegistry.java:920)
	at org.eclipse.core.internal.registry.ConfigurationElement.createExecutableExtension(ConfigurationElement.java:246)
	at org.eclipse.core.internal.registry.ConfigurationElementHandle.createExecutableExtension(ConfigurationElementHandle.java:63)
	at org.eclipse.lsp4e.LanguageServersRegistry$ExtensionLanguageServerDefinition.createConnectionProvider(LanguageServersRegistry.java:161)
	... 8 more
Caused by: java.lang.reflect.InvocationTargetException
	at jdk.internal.reflect.GeneratedConstructorAccessor102.newInstance(Unknown Source)
	at java.base/jdk.internal.reflect.DelegatingConstructorAccessorImpl.newInstance(DelegatingConstructorAccessorImpl.java:45)
	at java.base/java.lang.reflect.Constructor.newInstanceWithCaller(Constructor.java:499)
	at java.base/java.lang.reflect.Constructor.newInstance(Constructor.java:480)
	at org.eclipse.core.internal.registry.osgi.RegistryStrategyOSGI.createExecutableExtension(RegistryStrategyOSGI.java:204)
	... 12 more
Caused by: java.lang.NullPointerException: Cannot invoke "java.io.File.getAbsolutePath()" because the return value of "org.eclipse.wildwebdeveloper.embedder.node.NodeJSManager.getNodeJsLocation()" is null
	at org.eclipse.wildwebdeveloper.html.HTMLLanguageServer.<init>(HTMLLanguageServer.java:40)
	... 17 more

!ENTRY org.eclipse.jface.text 4 0 2025-12-27 07:28:15.734
!MESSAGE java.lang.RuntimeException: Exception occurred while creating an instance of the stream connection provider
!STACK 0
java.util.concurrent.CompletionException: java.lang.RuntimeException: Exception occurred while creating an instance of the stream connection provider
	at java.base/java.util.concurrent.CompletableFuture.encodeThrowable(CompletableFuture.java:332)
	at java.base/java.util.concurrent.CompletableFuture.completeThrowable(CompletableFuture.java:347)
	at java.base/java.util.concurrent.CompletableFuture$UniApply.tryFire(CompletableFuture.java:636)
	at java.base/java.util.concurrent.CompletableFuture.postComplete(CompletableFuture.java:510)
	at java.base/java.util.concurrent.CompletableFuture.completeExceptionally(CompletableFuture.java:2162)
	at org.eclipse.lsp4e.LanguageServerWrapper.lambda$0(LanguageServerWrapper.java:238)
	at java.base/java.util.concurrent.CompletableFuture$AsyncSupply.run(CompletableFuture.java:1768)
	at java.base/java.util.concurrent.CompletableFuture$AsyncSupply.exec(CompletableFuture.java:1760)
	at java.base/java.util.concurrent.ForkJoinTask.doExec(ForkJoinTask.java:373)
	at java.base/java.util.concurrent.ForkJoinPool$WorkQueue.topLevelExec(ForkJoinPool.java:1182)
	at java.base/java.util.concurrent.ForkJoinPool.scan(ForkJoinPool.java:1655)
	at java.base/java.util.concurrent.ForkJoinPool.runWorker(ForkJoinPool.java:1622)
	at java.base/java.util.concurrent.ForkJoinWorkerThread.run(ForkJoinWorkerThread.java:165)
Caused by: java.lang.RuntimeException: Exception occurred while creating an instance of the stream connection provider
	at org.eclipse.lsp4e.LanguageServersRegistry$ExtensionLanguageServerDefinition.createConnectionProvider(LanguageServersRegistry.java:164)
	at org.eclipse.lsp4e.LanguageServerWrapper.lambda$0(LanguageServerWrapper.java:233)
	... 7 more
Caused by: org.eclipse.core.runtime.CoreException: プラグイン "org.eclipse.wildwebdeveloper" は、クラス "org.eclipse.wildwebdeveloper.html.HTMLLanguageServer" をインスタンス化できませんでした。
	at org.eclipse.core.internal.registry.osgi.RegistryStrategyOSGI.throwException(RegistryStrategyOSGI.java:212)
	at org.eclipse.core.internal.registry.osgi.RegistryStrategyOSGI.createExecutableExtension(RegistryStrategyOSGI.java:206)
	at org.eclipse.core.internal.registry.ExtensionRegistry.createExecutableExtension(ExtensionRegistry.java:920)
	at org.eclipse.core.internal.registry.ConfigurationElement.createExecutableExtension(ConfigurationElement.java:246)
	at org.eclipse.core.internal.registry.ConfigurationElementHandle.createExecutableExtension(ConfigurationElementHandle.java:63)
	at org.eclipse.lsp4e.LanguageServersRegistry$ExtensionLanguageServerDefinition.createConnectionProvider(LanguageServersRegistry.java:161)
	... 8 more
Caused by: java.lang.reflect.InvocationTargetException
	at jdk.internal.reflect.GeneratedConstructorAccessor102.newInstance(Unknown Source)
	at java.base/jdk.internal.reflect.DelegatingConstructorAccessorImpl.newInstance(DelegatingConstructorAccessorImpl.java:45)
	at java.base/java.lang.reflect.Constructor.newInstanceWithCaller(Constructor.java:499)
	at java.base/java.lang.reflect.Constructor.newInstance(Constructor.java:480)
	at org.eclipse.core.internal.registry.osgi.RegistryStrategyOSGI.createExecutableExtension(RegistryStrategyOSGI.java:204)
	... 12 more
Caused by: java.lang.NullPointerException: Cannot invoke "java.io.File.getAbsolutePath()" because the return value of "org.eclipse.wildwebdeveloper.embedder.node.NodeJSManager.getNodeJsLocation()" is null
	at org.eclipse.wildwebdeveloper.html.HTMLLanguageServer.<init>(HTMLLanguageServer.java:40)
	... 17 more

!ENTRY org.eclipse.lsp4e 4 0 2025-12-27 07:28:15.735
!MESSAGE Cannot invoke "org.eclipse.lsp4e.server.StreamConnectionProvider.getInputStream()" because "this.lspStreamProvider" is null
!STACK 0
java.lang.NullPointerException: Cannot invoke "org.eclipse.lsp4e.server.StreamConnectionProvider.getInputStream()" because "this.lspStreamProvider" is null
	at org.eclipse.lsp4e.LanguageServerWrapper.lambda$1(LanguageServerWrapper.java:284)
	at java.base/java.util.concurrent.CompletableFuture$UniApply.tryFire(CompletableFuture.java:646)
	at java.base/java.util.concurrent.CompletableFuture.postComplete(CompletableFuture.java:510)
	at java.base/java.util.concurrent.CompletableFuture$AsyncSupply.run(CompletableFuture.java:1773)
	at java.base/java.util.concurrent.CompletableFuture$AsyncSupply.exec(CompletableFuture.java:1760)
	at java.base/java.util.concurrent.ForkJoinTask.doExec(ForkJoinTask.java:373)
	at java.base/java.util.concurrent.ForkJoinPool$WorkQueue.topLevelExec(ForkJoinPool.java:1182)
	at java.base/java.util.concurrent.ForkJoinPool.scan(ForkJoinPool.java:1655)
	at java.base/java.util.concurrent.ForkJoinPool.runWorker(ForkJoinPool.java:1622)
	at java.base/java.util.concurrent.ForkJoinWorkerThread.run(ForkJoinWorkerThread.java:165)

!ENTRY org.eclipse.lsp4e 4 0 2025-12-27 07:28:15.863
!MESSAGE プラグイン "org.eclipse.wildwebdeveloper" は、クラス "org.eclipse.wildwebdeveloper.html.HTMLLanguageServer" をインスタンス化できませんでした。
!STACK 1
org.eclipse.core.runtime.CoreException: プラグイン "org.eclipse.wildwebdeveloper" は、クラス "org.eclipse.wildwebdeveloper.html.HTMLLanguageServer" をインスタンス化できませんでした。
	at org.eclipse.core.internal.registry.osgi.RegistryStrategyOSGI.throwException(RegistryStrategyOSGI.java:212)
	at org.eclipse.core.internal.registry.osgi.RegistryStrategyOSGI.createExecutableExtension(RegistryStrategyOSGI.java:206)
	at org.eclipse.core.internal.registry.ExtensionRegistry.createExecutableExtension(ExtensionRegistry.java:920)
	at org.eclipse.core.internal.registry.ConfigurationElement.createExecutableExtension(ConfigurationElement.java:246)
	at org.eclipse.core.internal.registry.ConfigurationElementHandle.createExecutableExtension(ConfigurationElementHandle.java:63)
	at org.eclipse.lsp4e.LanguageServersRegistry$ExtensionLanguageServerDefinition.createConnectionProvider(LanguageServersRegistry.java:161)
	at org.eclipse.lsp4e.LanguageServerWrapper.lambda$0(LanguageServerWrapper.java:233)
	at java.base/java.util.concurrent.CompletableFuture$AsyncSupply.run(CompletableFuture.java:1768)
	at java.base/java.util.concurrent.CompletableFuture$AsyncSupply.exec(CompletableFuture.java:1760)
	at java.base/java.util.concurrent.ForkJoinTask.doExec(ForkJoinTask.java:373)
	at java.base/java.util.concurrent.ForkJoinPool$WorkQueue.topLevelExec(ForkJoinPool.java:1182)
	at java.base/java.util.concurrent.ForkJoinPool.scan(ForkJoinPool.java:1655)
	at java.base/java.util.concurrent.ForkJoinPool.runWorker(ForkJoinPool.java:1622)
	at java.base/java.util.concurrent.ForkJoinWorkerThread.run(ForkJoinWorkerThread.java:165)
Caused by: java.lang.reflect.InvocationTargetException
	at jdk.internal.reflect.GeneratedConstructorAccessor102.newInstance(Unknown Source)
	at java.base/jdk.internal.reflect.DelegatingConstructorAccessorImpl.newInstance(DelegatingConstructorAccessorImpl.java:45)
	at java.base/java.lang.reflect.Constructor.newInstanceWithCaller(Constructor.java:499)
	at java.base/java.lang.reflect.Constructor.newInstance(Constructor.java:480)
	at org.eclipse.core.internal.registry.osgi.RegistryStrategyOSGI.createExecutableExtension(RegistryStrategyOSGI.java:204)
	... 12 more
Caused by: java.lang.NullPointerException: Cannot invoke "java.io.File.getAbsolutePath()" because the return value of "org.eclipse.wildwebdeveloper.embedder.node.NodeJSManager.getNodeJsLocation()" is null
	at org.eclipse.wildwebdeveloper.html.HTMLLanguageServer.<init>(HTMLLanguageServer.java:40)
	... 17 more
!SUBENTRY 1 org.eclipse.equinox.registry 4 1 2025-12-27 07:28:15.863
!MESSAGE プラグイン "org.eclipse.wildwebdeveloper" は、クラス "org.eclipse.wildwebdeveloper.html.HTMLLanguageServer" をインスタンス化できませんでした。
!STACK 0
java.lang.reflect.InvocationTargetException
	at jdk.internal.reflect.GeneratedConstructorAccessor102.newInstance(Unknown Source)
	at java.base/jdk.internal.reflect.DelegatingConstructorAccessorImpl.newInstance(DelegatingConstructorAccessorImpl.java:45)
	at java.base/java.lang.reflect.Constructor.newInstanceWithCaller(Constructor.java:499)
	at java.base/java.lang.reflect.Constructor.newInstance(Constructor.java:480)
	at org.eclipse.core.internal.registry.osgi.RegistryStrategyOSGI.createExecutableExtension(RegistryStrategyOSGI.java:204)
	at org.eclipse.core.internal.registry.ExtensionRegistry.createExecutableExtension(ExtensionRegistry.java:920)
	at org.eclipse.core.internal.registry.ConfigurationElement.createExecutableExtension(ConfigurationElement.java:246)
	at org.eclipse.core.internal.registry.ConfigurationElementHandle.createExecutableExtension(ConfigurationElementHandle.java:63)
	at org.eclipse.lsp4e.LanguageServersRegistry$ExtensionLanguageServerDefinition.createConnectionProvider(LanguageServersRegistry.java:161)
	at org.eclipse.lsp4e.LanguageServerWrapper.lambda$0(LanguageServerWrapper.java:233)
	at java.base/java.util.concurrent.CompletableFuture$AsyncSupply.run(CompletableFuture.java:1768)
	at java.base/java.util.concurrent.CompletableFuture$AsyncSupply.exec(CompletableFuture.java:1760)
	at java.base/java.util.concurrent.ForkJoinTask.doExec(ForkJoinTask.java:373)
	at java.base/java.util.concurrent.ForkJoinPool$WorkQueue.topLevelExec(ForkJoinPool.java:1182)
	at java.base/java.util.concurrent.ForkJoinPool.scan(ForkJoinPool.java:1655)
	at java.base/java.util.concurrent.ForkJoinPool.runWorker(ForkJoinPool.java:1622)
	at java.base/java.util.concurrent.ForkJoinWorkerThread.run(ForkJoinWorkerThread.java:165)
Caused by: java.lang.NullPointerException: Cannot invoke "java.io.File.getAbsolutePath()" because the return value of "org.eclipse.wildwebdeveloper.embedder.node.NodeJSManager.getNodeJsLocation()" is null
	at org.eclipse.wildwebdeveloper.html.HTMLLanguageServer.<init>(HTMLLanguageServer.java:40)
	... 17 more
Root exception:
java.lang.NullPointerException: Cannot invoke "java.io.File.getAbsolutePath()" because the return value of "org.eclipse.wildwebdeveloper.embedder.node.NodeJSManager.getNodeJsLocation()" is null
	at org.eclipse.wildwebdeveloper.html.HTMLLanguageServer.<init>(HTMLLanguageServer.java:40)
	at jdk.internal.reflect.GeneratedConstructorAccessor102.newInstance(Unknown Source)
	at java.base/jdk.internal.reflect.DelegatingConstructorAccessorImpl.newInstance(DelegatingConstructorAccessorImpl.java:45)
	at java.base/java.lang.reflect.Constructor.newInstanceWithCaller(Constructor.java:499)
	at java.base/java.lang.reflect.Constructor.newInstance(Constructor.java:480)
	at org.eclipse.core.internal.registry.osgi.RegistryStrategyOSGI.createExecutableExtension(RegistryStrategyOSGI.java:204)
	at org.eclipse.core.internal.registry.ExtensionRegistry.createExecutableExtension(ExtensionRegistry.java:920)
	at org.eclipse.core.internal.registry.ConfigurationElement.createExecutableExtension(ConfigurationElement.java:246)
	at org.eclipse.core.internal.registry.ConfigurationElementHandle.createExecutableExtension(ConfigurationElementHandle.java:63)
	at org.eclipse.lsp4e.LanguageServersRegistry$ExtensionLanguageServerDefinition.createConnectionProvider(LanguageServersRegistry.java:161)
	at org.eclipse.lsp4e.LanguageServerWrapper.lambda$0(LanguageServerWrapper.java:233)
	at java.base/java.util.concurrent.CompletableFuture$AsyncSupply.run(CompletableFuture.java:1768)
	at java.base/java.util.concurrent.CompletableFuture$AsyncSupply.exec(CompletableFuture.java:1760)
	at java.base/java.util.concurrent.ForkJoinTask.doExec(ForkJoinTask.java:373)
	at java.base/java.util.concurrent.ForkJoinPool$WorkQueue.topLevelExec(ForkJoinPool.java:1182)
	at java.base/java.util.concurrent.ForkJoinPool.scan(ForkJoinPool.java:1655)
	at java.base/java.util.concurrent.ForkJoinPool.runWorker(ForkJoinPool.java:1622)
	at java.base/java.util.concurrent.ForkJoinWorkerThread.run(ForkJoinWorkerThread.java:165)

!ENTRY org.eclipse.lsp4e 4 0 2025-12-27 07:28:15.863
!MESSAGE Exception occurred while creating an instance of the stream connection provider
!STACK 0
java.lang.RuntimeException: Exception occurred while creating an instance of the stream connection provider
	at org.eclipse.lsp4e.LanguageServersRegistry$ExtensionLanguageServerDefinition.createConnectionProvider(LanguageServersRegistry.java:164)
	at org.eclipse.lsp4e.LanguageServerWrapper.lambda$0(LanguageServerWrapper.java:233)
	at java.base/java.util.concurrent.CompletableFuture$AsyncSupply.run(CompletableFuture.java:1768)
	at java.base/java.util.concurrent.CompletableFuture$AsyncSupply.exec(CompletableFuture.java:1760)
	at java.base/java.util.concurrent.ForkJoinTask.doExec(ForkJoinTask.java:373)
	at java.base/java.util.concurrent.ForkJoinPool$WorkQueue.topLevelExec(ForkJoinPool.java:1182)
	at java.base/java.util.concurrent.ForkJoinPool.scan(ForkJoinPool.java:1655)
	at java.base/java.util.concurrent.ForkJoinPool.runWorker(ForkJoinPool.java:1622)
	at java.base/java.util.concurrent.ForkJoinWorkerThread.run(ForkJoinWorkerThread.java:165)
Caused by: org.eclipse.core.runtime.CoreException: プラグイン "org.eclipse.wildwebdeveloper" は、クラス "org.eclipse.wildwebdeveloper.html.HTMLLanguageServer" をインスタンス化できませんでした。
	at org.eclipse.core.internal.registry.osgi.RegistryStrategyOSGI.throwException(RegistryStrategyOSGI.java:212)
	at org.eclipse.core.internal.registry.osgi.RegistryStrategyOSGI.createExecutableExtension(RegistryStrategyOSGI.java:206)
	at org.eclipse.core.internal.registry.ExtensionRegistry.createExecutableExtension(ExtensionRegistry.java:920)
	at org.eclipse.core.internal.registry.ConfigurationElement.createExecutableExtension(ConfigurationElement.java:246)
	at org.eclipse.core.internal.registry.ConfigurationElementHandle.createExecutableExtension(ConfigurationElementHandle.java:63)
	at org.eclipse.lsp4e.LanguageServersRegistry$ExtensionLanguageServerDefinition.createConnectionProvider(LanguageServersRegistry.java:161)
	... 8 more
Caused by: java.lang.reflect.InvocationTargetException
	at jdk.internal.reflect.GeneratedConstructorAccessor102.newInstance(Unknown Source)
	at java.base/jdk.internal.reflect.DelegatingConstructorAccessorImpl.newInstance(DelegatingConstructorAccessorImpl.java:45)
	at java.base/java.lang.reflect.Constructor.newInstanceWithCaller(Constructor.java:499)
	at java.base/java.lang.reflect.Constructor.newInstance(Constructor.java:480)
	at org.eclipse.core.internal.registry.osgi.RegistryStrategyOSGI.createExecutableExtension(RegistryStrategyOSGI.java:204)
	... 12 more
Caused by: java.lang.NullPointerException: Cannot invoke "java.io.File.getAbsolutePath()" because the return value of "org.eclipse.wildwebdeveloper.embedder.node.NodeJSManager.getNodeJsLocation()" is null
	at org.eclipse.wildwebdeveloper.html.HTMLLanguageServer.<init>(HTMLLanguageServer.java:40)
	... 17 more

!ENTRY org.eclipse.lsp4e 4 0 2025-12-27 07:28:15.864
!MESSAGE Cannot invoke "org.eclipse.lsp4e.server.StreamConnectionProvider.getInputStream()" because "this.lspStreamProvider" is null
!STACK 0
java.lang.NullPointerException: Cannot invoke "org.eclipse.lsp4e.server.StreamConnectionProvider.getInputStream()" because "this.lspStreamProvider" is null
	at org.eclipse.lsp4e.LanguageServerWrapper.lambda$1(LanguageServerWrapper.java:284)
	at java.base/java.util.concurrent.CompletableFuture$UniApply.tryFire(CompletableFuture.java:646)
	at java.base/java.util.concurrent.CompletableFuture.postComplete(CompletableFuture.java:510)
	at java.base/java.util.concurrent.CompletableFuture$AsyncSupply.run(CompletableFuture.java:1773)
	at java.base/java.util.concurrent.CompletableFuture$AsyncSupply.exec(CompletableFuture.java:1760)
	at java.base/java.util.concurrent.ForkJoinTask.doExec(ForkJoinTask.java:373)
	at java.base/java.util.concurrent.ForkJoinPool$WorkQueue.topLevelExec(ForkJoinPool.java:1182)
	at java.base/java.util.concurrent.ForkJoinPool.scan(ForkJoinPool.java:1655)
	at java.base/java.util.concurrent.ForkJoinPool.runWorker(ForkJoinPool.java:1622)
	at java.base/java.util.concurrent.ForkJoinWorkerThread.run(ForkJoinWorkerThread.java:165)

!ENTRY org.eclipse.lsp4e 4 0 2025-12-27 07:28:15.866
!MESSAGE プラグイン "org.eclipse.wildwebdeveloper" は、クラス "org.eclipse.wildwebdeveloper.angular.AngularLanguageServer" をインスタンス化できませんでした。
!STACK 1
org.eclipse.core.runtime.CoreException: プラグイン "org.eclipse.wildwebdeveloper" は、クラス "org.eclipse.wildwebdeveloper.angular.AngularLanguageServer" をインスタンス化できませんでした。
	at org.eclipse.core.internal.registry.osgi.RegistryStrategyOSGI.throwException(RegistryStrategyOSGI.java:212)
	at org.eclipse.core.internal.registry.osgi.RegistryStrategyOSGI.createExecutableExtension(RegistryStrategyOSGI.java:206)
	at org.eclipse.core.internal.registry.ExtensionRegistry.createExecutableExtension(ExtensionRegistry.java:920)
	at org.eclipse.core.internal.registry.ConfigurationElement.createExecutableExtension(ConfigurationElement.java:246)
	at org.eclipse.core.internal.registry.ConfigurationElementHandle.createExecutableExtension(ConfigurationElementHandle.java:63)
	at org.eclipse.lsp4e.LanguageServersRegistry$ExtensionLanguageServerDefinition.createConnectionProvider(LanguageServersRegistry.java:161)
	at org.eclipse.lsp4e.LanguageServerWrapper.lambda$0(LanguageServerWrapper.java:233)
	at java.base/java.util.concurrent.CompletableFuture$AsyncSupply.run(CompletableFuture.java:1768)
	at java.base/java.util.concurrent.CompletableFuture$AsyncSupply.exec(CompletableFuture.java:1760)
	at java.base/java.util.concurrent.ForkJoinTask.doExec(ForkJoinTask.java:373)
	at java.base/java.util.concurrent.ForkJoinPool$WorkQueue.topLevelExec(ForkJoinPool.java:1182)
	at java.base/java.util.concurrent.ForkJoinPool.scan(ForkJoinPool.java:1655)
	at java.base/java.util.concurrent.ForkJoinPool.runWorker(ForkJoinPool.java:1622)
	at java.base/java.util.concurrent.ForkJoinWorkerThread.run(ForkJoinWorkerThread.java:165)
Caused by: java.lang.reflect.InvocationTargetException
	at jdk.internal.reflect.GeneratedConstructorAccessor101.newInstance(Unknown Source)
	at java.base/jdk.internal.reflect.DelegatingConstructorAccessorImpl.newInstance(DelegatingConstructorAccessorImpl.java:45)
	at java.base/java.lang.reflect.Constructor.newInstanceWithCaller(Constructor.java:499)
	at java.base/java.lang.reflect.Constructor.newInstance(Constructor.java:480)
	at org.eclipse.core.internal.registry.osgi.RegistryStrategyOSGI.createExecutableExtension(RegistryStrategyOSGI.java:204)
	... 12 more
Caused by: java.lang.NullPointerException: Cannot invoke "java.io.File.getAbsolutePath()" because the return value of "org.eclipse.wildwebdeveloper.embedder.node.NodeJSManager.getNodeJsLocation()" is null
	at org.eclipse.wildwebdeveloper.angular.AngularLanguageServer.<init>(AngularLanguageServer.java:43)
	... 17 more
!SUBENTRY 1 org.eclipse.equinox.registry 4 1 2025-12-27 07:28:15.866
!MESSAGE プラグイン "org.eclipse.wildwebdeveloper" は、クラス "org.eclipse.wildwebdeveloper.angular.AngularLanguageServer" をインスタンス化できませんでした。
!STACK 0
java.lang.reflect.InvocationTargetException
	at jdk.internal.reflect.GeneratedConstructorAccessor101.newInstance(Unknown Source)
	at java.base/jdk.internal.reflect.DelegatingConstructorAccessorImpl.newInstance(DelegatingConstructorAccessorImpl.java:45)
	at java.base/java.lang.reflect.Constructor.newInstanceWithCaller(Constructor.java:499)
	at java.base/java.lang.reflect.Constructor.newInstance(Constructor.java:480)
	at org.eclipse.core.internal.registry.osgi.RegistryStrategyOSGI.createExecutableExtension(RegistryStrategyOSGI.java:204)
	at org.eclipse.core.internal.registry.ExtensionRegistry.createExecutableExtension(ExtensionRegistry.java:920)
	at org.eclipse.core.internal.registry.ConfigurationElement.createExecutableExtension(ConfigurationElement.java:246)
	at org.eclipse.core.internal.registry.ConfigurationElementHandle.createExecutableExtension(ConfigurationElementHandle.java:63)
	at org.eclipse.lsp4e.LanguageServersRegistry$ExtensionLanguageServerDefinition.createConnectionProvider(LanguageServersRegistry.java:161)
	at org.eclipse.lsp4e.LanguageServerWrapper.lambda$0(LanguageServerWrapper.java:233)
	at java.base/java.util.concurrent.CompletableFuture$AsyncSupply.run(CompletableFuture.java:1768)
	at java.base/java.util.concurrent.CompletableFuture$AsyncSupply.exec(CompletableFuture.java:1760)
	at java.base/java.util.concurrent.ForkJoinTask.doExec(ForkJoinTask.java:373)
	at java.base/java.util.concurrent.ForkJoinPool$WorkQueue.topLevelExec(ForkJoinPool.java:1182)
	at java.base/java.util.concurrent.ForkJoinPool.scan(ForkJoinPool.java:1655)
	at java.base/java.util.concurrent.ForkJoinPool.runWorker(ForkJoinPool.java:1622)
	at java.base/java.util.concurrent.ForkJoinWorkerThread.run(ForkJoinWorkerThread.java:165)
Caused by: java.lang.NullPointerException: Cannot invoke "java.io.File.getAbsolutePath()" because the return value of "org.eclipse.wildwebdeveloper.embedder.node.NodeJSManager.getNodeJsLocation()" is null
	at org.eclipse.wildwebdeveloper.angular.AngularLanguageServer.<init>(AngularLanguageServer.java:43)
	... 17 more
Root exception:
java.lang.NullPointerException: Cannot invoke "java.io.File.getAbsolutePath()" because the return value of "org.eclipse.wildwebdeveloper.embedder.node.NodeJSManager.getNodeJsLocation()" is null
	at org.eclipse.wildwebdeveloper.angular.AngularLanguageServer.<init>(AngularLanguageServer.java:43)
	at jdk.internal.reflect.GeneratedConstructorAccessor101.newInstance(Unknown Source)
	at java.base/jdk.internal.reflect.DelegatingConstructorAccessorImpl.newInstance(DelegatingConstructorAccessorImpl.java:45)
	at java.base/java.lang.reflect.Constructor.newInstanceWithCaller(Constructor.java:499)
	at java.base/java.lang.reflect.Constructor.newInstance(Constructor.java:480)
	at org.eclipse.core.internal.registry.osgi.RegistryStrategyOSGI.createExecutableExtension(RegistryStrategyOSGI.java:204)
	at org.eclipse.core.internal.registry.ExtensionRegistry.createExecutableExtension(ExtensionRegistry.java:920)
	at org.eclipse.core.internal.registry.ConfigurationElement.createExecutableExtension(ConfigurationElement.java:246)
	at org.eclipse.core.internal.registry.ConfigurationElementHandle.createExecutableExtension(ConfigurationElementHandle.java:63)
	at org.eclipse.lsp4e.LanguageServersRegistry$ExtensionLanguageServerDefinition.createConnectionProvider(LanguageServersRegistry.java:161)
	at org.eclipse.lsp4e.LanguageServerWrapper.lambda$0(LanguageServerWrapper.java:233)
	at java.base/java.util.concurrent.CompletableFuture$AsyncSupply.run(CompletableFuture.java:1768)
	at java.base/java.util.concurrent.CompletableFuture$AsyncSupply.exec(CompletableFuture.java:1760)
	at java.base/java.util.concurrent.ForkJoinTask.doExec(ForkJoinTask.java:373)
	at java.base/java.util.concurrent.ForkJoinPool$WorkQueue.topLevelExec(ForkJoinPool.java:1182)
	at java.base/java.util.concurrent.ForkJoinPool.scan(ForkJoinPool.java:1655)
	at java.base/java.util.concurrent.ForkJoinPool.runWorker(ForkJoinPool.java:1622)
	at java.base/java.util.concurrent.ForkJoinWorkerThread.run(ForkJoinWorkerThread.java:165)

!ENTRY org.eclipse.lsp4e 4 0 2025-12-27 07:28:15.867
!MESSAGE Exception occurred while creating an instance of the stream connection provider
!STACK 0
java.lang.RuntimeException: Exception occurred while creating an instance of the stream connection provider
	at org.eclipse.lsp4e.LanguageServersRegistry$ExtensionLanguageServerDefinition.createConnectionProvider(LanguageServersRegistry.java:164)
	at org.eclipse.lsp4e.LanguageServerWrapper.lambda$0(LanguageServerWrapper.java:233)
	at java.base/java.util.concurrent.CompletableFuture$AsyncSupply.run(CompletableFuture.java:1768)
	at java.base/java.util.concurrent.CompletableFuture$AsyncSupply.exec(CompletableFuture.java:1760)
	at java.base/java.util.concurrent.ForkJoinTask.doExec(ForkJoinTask.java:373)
	at java.base/java.util.concurrent.ForkJoinPool$WorkQueue.topLevelExec(ForkJoinPool.java:1182)
	at java.base/java.util.concurrent.ForkJoinPool.scan(ForkJoinPool.java:1655)
	at java.base/java.util.concurrent.ForkJoinPool.runWorker(ForkJoinPool.java:1622)
	at java.base/java.util.concurrent.ForkJoinWorkerThread.run(ForkJoinWorkerThread.java:165)
Caused by: org.eclipse.core.runtime.CoreException: プラグイン "org.eclipse.wildwebdeveloper" は、クラス "org.eclipse.wildwebdeveloper.angular.AngularLanguageServer" をインスタンス化できませんでした。
	at org.eclipse.core.internal.registry.osgi.RegistryStrategyOSGI.throwException(RegistryStrategyOSGI.java:212)
	at org.eclipse.core.internal.registry.osgi.RegistryStrategyOSGI.createExecutableExtension(RegistryStrategyOSGI.java:206)
	at org.eclipse.core.internal.registry.ExtensionRegistry.createExecutableExtension(ExtensionRegistry.java:920)
	at org.eclipse.core.internal.registry.ConfigurationElement.createExecutableExtension(ConfigurationElement.java:246)
	at org.eclipse.core.internal.registry.ConfigurationElementHandle.createExecutableExtension(ConfigurationElementHandle.java:63)
	at org.eclipse.lsp4e.LanguageServersRegistry$ExtensionLanguageServerDefinition.createConnectionProvider(LanguageServersRegistry.java:161)
	... 8 more
Caused by: java.lang.reflect.InvocationTargetException
	at jdk.internal.reflect.GeneratedConstructorAccessor101.newInstance(Unknown Source)
	at java.base/jdk.internal.reflect.DelegatingConstructorAccessorImpl.newInstance(DelegatingConstructorAccessorImpl.java:45)
	at java.base/java.lang.reflect.Constructor.newInstanceWithCaller(Constructor.java:499)
	at java.base/java.lang.reflect.Constructor.newInstance(Constructor.java:480)
	at org.eclipse.core.internal.registry.osgi.RegistryStrategyOSGI.createExecutableExtension(RegistryStrategyOSGI.java:204)
	... 12 more
Caused by: java.lang.NullPointerException: Cannot invoke "java.io.File.getAbsolutePath()" because the return value of "org.eclipse.wildwebdeveloper.embedder.node.NodeJSManager.getNodeJsLocation()" is null
	at org.eclipse.wildwebdeveloper.angular.AngularLanguageServer.<init>(AngularLanguageServer.java:43)
	... 17 more

!ENTRY org.eclipse.lsp4e 4 0 2025-12-27 07:28:15.868
!MESSAGE Cannot invoke "org.eclipse.lsp4e.server.StreamConnectionProvider.getInputStream()" because "this.lspStreamProvider" is null
!STACK 0
java.lang.NullPointerException: Cannot invoke "org.eclipse.lsp4e.server.StreamConnectionProvider.getInputStream()" because "this.lspStreamProvider" is null
	at org.eclipse.lsp4e.LanguageServerWrapper.lambda$1(LanguageServerWrapper.java:284)
	at java.base/java.util.concurrent.CompletableFuture$UniApply.tryFire(CompletableFuture.java:646)
	at java.base/java.util.concurrent.CompletableFuture.postComplete(CompletableFuture.java:510)
	at java.base/java.util.concurrent.CompletableFuture$AsyncSupply.run(CompletableFuture.java:1773)
	at java.base/java.util.concurrent.CompletableFuture$AsyncSupply.exec(CompletableFuture.java:1760)
	at java.base/java.util.concurrent.ForkJoinTask.doExec(ForkJoinTask.java:373)
	at java.base/java.util.concurrent.ForkJoinPool$WorkQueue.topLevelExec(ForkJoinPool.java:1182)
	at java.base/java.util.concurrent.ForkJoinPool.scan(ForkJoinPool.java:1655)
	at java.base/java.util.concurrent.ForkJoinPool.runWorker(ForkJoinPool.java:1622)
	at java.base/java.util.concurrent.ForkJoinWorkerThread.run(ForkJoinWorkerThread.java:165)

!ENTRY org.eclipse.lsp4e 4 0 2025-12-27 07:28:17.711
!MESSAGE プラグイン "org.eclipse.wildwebdeveloper" は、クラス "org.eclipse.wildwebdeveloper.html.HTMLLanguageServer" をインスタンス化できませんでした。
!STACK 1
org.eclipse.core.runtime.CoreException: プラグイン "org.eclipse.wildwebdeveloper" は、クラス "org.eclipse.wildwebdeveloper.html.HTMLLanguageServer" をインスタンス化できませんでした。
	at org.eclipse.core.internal.registry.osgi.RegistryStrategyOSGI.throwException(RegistryStrategyOSGI.java:212)
	at org.eclipse.core.internal.registry.osgi.RegistryStrategyOSGI.createExecutableExtension(RegistryStrategyOSGI.java:206)
	at org.eclipse.core.internal.registry.ExtensionRegistry.createExecutableExtension(ExtensionRegistry.java:920)
	at org.eclipse.core.internal.registry.ConfigurationElement.createExecutableExtension(ConfigurationElement.java:246)
	at org.eclipse.core.internal.registry.ConfigurationElementHandle.createExecutableExtension(ConfigurationElementHandle.java:63)
	at org.eclipse.lsp4e.LanguageServersRegistry$ExtensionLanguageServerDefinition.createConnectionProvider(LanguageServersRegistry.java:161)
	at org.eclipse.lsp4e.LanguageServerWrapper.lambda$0(LanguageServerWrapper.java:233)
	at java.base/java.util.concurrent.CompletableFuture$AsyncSupply.run(CompletableFuture.java:1768)
	at java.base/java.util.concurrent.CompletableFuture$AsyncSupply.exec(CompletableFuture.java:1760)
	at java.base/java.util.concurrent.ForkJoinTask.doExec(ForkJoinTask.java:373)
	at java.base/java.util.concurrent.ForkJoinPool$WorkQueue.topLevelExec(ForkJoinPool.java:1182)
	at java.base/java.util.concurrent.ForkJoinPool.scan(ForkJoinPool.java:1655)
	at java.base/java.util.concurrent.ForkJoinPool.runWorker(ForkJoinPool.java:1622)
	at java.base/java.util.concurrent.ForkJoinWorkerThread.run(ForkJoinWorkerThread.java:165)
Caused by: java.lang.reflect.InvocationTargetException
	at jdk.internal.reflect.GeneratedConstructorAccessor102.newInstance(Unknown Source)
	at java.base/jdk.internal.reflect.DelegatingConstructorAccessorImpl.newInstance(DelegatingConstructorAccessorImpl.java:45)
	at java.base/java.lang.reflect.Constructor.newInstanceWithCaller(Constructor.java:499)
	at java.base/java.lang.reflect.Constructor.newInstance(Constructor.java:480)
	at org.eclipse.core.internal.registry.osgi.RegistryStrategyOSGI.createExecutableExtension(RegistryStrategyOSGI.java:204)
	... 12 more
Caused by: java.lang.NullPointerException: Cannot invoke "java.io.File.getAbsolutePath()" because the return value of "org.eclipse.wildwebdeveloper.embedder.node.NodeJSManager.getNodeJsLocation()" is null
	at org.eclipse.wildwebdeveloper.html.HTMLLanguageServer.<init>(HTMLLanguageServer.java:40)
	... 17 more
!SUBENTRY 1 org.eclipse.equinox.registry 4 1 2025-12-27 07:28:17.711
!MESSAGE プラグイン "org.eclipse.wildwebdeveloper" は、クラス "org.eclipse.wildwebdeveloper.html.HTMLLanguageServer" をインスタンス化できませんでした。
!STACK 0
java.lang.reflect.InvocationTargetException
	at jdk.internal.reflect.GeneratedConstructorAccessor102.newInstance(Unknown Source)
	at java.base/jdk.internal.reflect.DelegatingConstructorAccessorImpl.newInstance(DelegatingConstructorAccessorImpl.java:45)
	at java.base/java.lang.reflect.Constructor.newInstanceWithCaller(Constructor.java:499)
	at java.base/java.lang.reflect.Constructor.newInstance(Constructor.java:480)
	at org.eclipse.core.internal.registry.osgi.RegistryStrategyOSGI.createExecutableExtension(RegistryStrategyOSGI.java:204)
	at org.eclipse.core.internal.registry.ExtensionRegistry.createExecutableExtension(ExtensionRegistry.java:920)
	at org.eclipse.core.internal.registry.ConfigurationElement.createExecutableExtension(ConfigurationElement.java:246)
	at org.eclipse.core.internal.registry.ConfigurationElementHandle.createExecutableExtension(ConfigurationElementHandle.java:63)
	at org.eclipse.lsp4e.LanguageServersRegistry$ExtensionLanguageServerDefinition.createConnectionProvider(LanguageServersRegistry.java:161)
	at org.eclipse.lsp4e.LanguageServerWrapper.lambda$0(LanguageServerWrapper.java:233)
	at java.base/java.util.concurrent.CompletableFuture$AsyncSupply.run(CompletableFuture.java:1768)
	at java.base/java.util.concurrent.CompletableFuture$AsyncSupply.exec(CompletableFuture.java:1760)
	at java.base/java.util.concurrent.ForkJoinTask.doExec(ForkJoinTask.java:373)
	at java.base/java.util.concurrent.ForkJoinPool$WorkQueue.topLevelExec(ForkJoinPool.java:1182)
	at java.base/java.util.concurrent.ForkJoinPool.scan(ForkJoinPool.java:1655)
	at java.base/java.util.concurrent.ForkJoinPool.runWorker(ForkJoinPool.java:1622)
	at java.base/java.util.concurrent.ForkJoinWorkerThread.run(ForkJoinWorkerThread.java:165)
Caused by: java.lang.NullPointerException: Cannot invoke "java.io.File.getAbsolutePath()" because the return value of "org.eclipse.wildwebdeveloper.embedder.node.NodeJSManager.getNodeJsLocation()" is null
	at org.eclipse.wildwebdeveloper.html.HTMLLanguageServer.<init>(HTMLLanguageServer.java:40)
	... 17 more
Root exception:
java.lang.NullPointerException: Cannot invoke "java.io.File.getAbsolutePath()" because the return value of "org.eclipse.wildwebdeveloper.embedder.node.NodeJSManager.getNodeJsLocation()" is null
	at org.eclipse.wildwebdeveloper.html.HTMLLanguageServer.<init>(HTMLLanguageServer.java:40)
	at jdk.internal.reflect.GeneratedConstructorAccessor102.newInstance(Unknown Source)
	at java.base/jdk.internal.reflect.DelegatingConstructorAccessorImpl.newInstance(DelegatingConstructorAccessorImpl.java:45)
	at java.base/java.lang.reflect.Constructor.newInstanceWithCaller(Constructor.java:499)
	at java.base/java.lang.reflect.Constructor.newInstance(Constructor.java:480)
	at org.eclipse.core.internal.registry.osgi.RegistryStrategyOSGI.createExecutableExtension(RegistryStrategyOSGI.java:204)
	at org.eclipse.core.internal.registry.ExtensionRegistry.createExecutableExtension(ExtensionRegistry.java:920)
	at org.eclipse.core.internal.registry.ConfigurationElement.createExecutableExtension(ConfigurationElement.java:246)
	at org.eclipse.core.internal.registry.ConfigurationElementHandle.createExecutableExtension(ConfigurationElementHandle.java:63)
	at org.eclipse.lsp4e.LanguageServersRegistry$ExtensionLanguageServerDefinition.createConnectionProvider(LanguageServersRegistry.java:161)
	at org.eclipse.lsp4e.LanguageServerWrapper.lambda$0(LanguageServerWrapper.java:233)
	at java.base/java.util.concurrent.CompletableFuture$AsyncSupply.run(CompletableFuture.java:1768)
	at java.base/java.util.concurrent.CompletableFuture$AsyncSupply.exec(CompletableFuture.java:1760)
	at java.base/java.util.concurrent.ForkJoinTask.doExec(ForkJoinTask.java:373)
	at java.base/java.util.concurrent.ForkJoinPool$WorkQueue.topLevelExec(ForkJoinPool.java:1182)
	at java.base/java.util.concurrent.ForkJoinPool.scan(ForkJoinPool.java:1655)
	at java.base/java.util.concurrent.ForkJoinPool.runWorker(ForkJoinPool.java:1622)
	at java.base/java.util.concurrent.ForkJoinWorkerThread.run(ForkJoinWorkerThread.java:165)

!ENTRY org.eclipse.lsp4e 4 0 2025-12-27 07:28:17.711
!MESSAGE プラグイン "org.eclipse.wildwebdeveloper" は、クラス "org.eclipse.wildwebdeveloper.angular.AngularLanguageServer" をインスタンス化できませんでした。
!STACK 1
org.eclipse.core.runtime.CoreException: プラグイン "org.eclipse.wildwebdeveloper" は、クラス "org.eclipse.wildwebdeveloper.angular.AngularLanguageServer" をインスタンス化できませんでした。
	at org.eclipse.core.internal.registry.osgi.RegistryStrategyOSGI.throwException(RegistryStrategyOSGI.java:212)
	at org.eclipse.core.internal.registry.osgi.RegistryStrategyOSGI.createExecutableExtension(RegistryStrategyOSGI.java:206)
	at org.eclipse.core.internal.registry.ExtensionRegistry.createExecutableExtension(ExtensionRegistry.java:920)
	at org.eclipse.core.internal.registry.ConfigurationElement.createExecutableExtension(ConfigurationElement.java:246)
	at org.eclipse.core.internal.registry.ConfigurationElementHandle.createExecutableExtension(ConfigurationElementHandle.java:63)
	at org.eclipse.lsp4e.LanguageServersRegistry$ExtensionLanguageServerDefinition.createConnectionProvider(LanguageServersRegistry.java:161)
	at org.eclipse.lsp4e.LanguageServerWrapper.lambda$0(LanguageServerWrapper.java:233)
	at java.base/java.util.concurrent.CompletableFuture$AsyncSupply.run(CompletableFuture.java:1768)
	at java.base/java.util.concurrent.CompletableFuture$AsyncSupply.exec(CompletableFuture.java:1760)
	at java.base/java.util.concurrent.ForkJoinTask.doExec(ForkJoinTask.java:373)
	at java.base/java.util.concurrent.ForkJoinPool$WorkQueue.topLevelExec(ForkJoinPool.java:1182)
	at java.base/java.util.concurrent.ForkJoinPool.scan(ForkJoinPool.java:1655)
	at java.base/java.util.concurrent.ForkJoinPool.runWorker(ForkJoinPool.java:1622)
	at java.base/java.util.concurrent.ForkJoinWorkerThread.run(ForkJoinWorkerThread.java:165)
Caused by: java.lang.reflect.InvocationTargetException
	at jdk.internal.reflect.GeneratedConstructorAccessor101.newInstance(Unknown Source)
	at java.base/jdk.internal.reflect.DelegatingConstructorAccessorImpl.newInstance(DelegatingConstructorAccessorImpl.java:45)
	at java.base/java.lang.reflect.Constructor.newInstanceWithCaller(Constructor.java:499)
	at java.base/java.lang.reflect.Constructor.newInstance(Constructor.java:480)
	at org.eclipse.core.internal.registry.osgi.RegistryStrategyOSGI.createExecutableExtension(RegistryStrategyOSGI.java:204)
	... 12 more
Caused by: java.lang.NullPointerException: Cannot invoke "java.io.File.getAbsolutePath()" because the return value of "org.eclipse.wildwebdeveloper.embedder.node.NodeJSManager.getNodeJsLocation()" is null
	at org.eclipse.wildwebdeveloper.angular.AngularLanguageServer.<init>(AngularLanguageServer.java:43)
	... 17 more
!SUBENTRY 1 org.eclipse.equinox.registry 4 1 2025-12-27 07:28:17.711
!MESSAGE プラグイン "org.eclipse.wildwebdeveloper" は、クラス "org.eclipse.wildwebdeveloper.angular.AngularLanguageServer" をインスタンス化できませんでした。
!STACK 0
java.lang.reflect.InvocationTargetException
	at jdk.internal.reflect.GeneratedConstructorAccessor101.newInstance(Unknown Source)
	at java.base/jdk.internal.reflect.DelegatingConstructorAccessorImpl.newInstance(DelegatingConstructorAccessorImpl.java:45)
	at java.base/java.lang.reflect.Constructor.newInstanceWithCaller(Constructor.java:499)
	at java.base/java.lang.reflect.Constructor.newInstance(Constructor.java:480)
	at org.eclipse.core.internal.registry.osgi.RegistryStrategyOSGI.createExecutableExtension(RegistryStrategyOSGI.java:204)
	at org.eclipse.core.internal.registry.ExtensionRegistry.createExecutableExtension(ExtensionRegistry.java:920)
	at org.eclipse.core.internal.registry.ConfigurationElement.createExecutableExtension(ConfigurationElement.java:246)
	at org.eclipse.core.internal.registry.ConfigurationElementHandle.createExecutableExtension(ConfigurationElementHandle.java:63)
	at org.eclipse.lsp4e.LanguageServersRegistry$ExtensionLanguageServerDefinition.createConnectionProvider(LanguageServersRegistry.java:161)
	at org.eclipse.lsp4e.LanguageServerWrapper.lambda$0(LanguageServerWrapper.java:233)
	at java.base/java.util.concurrent.CompletableFuture$AsyncSupply.run(CompletableFuture.java:1768)
	at java.base/java.util.concurrent.CompletableFuture$AsyncSupply.exec(CompletableFuture.java:1760)
	at java.base/java.util.concurrent.ForkJoinTask.doExec(ForkJoinTask.java:373)
	at java.base/java.util.concurrent.ForkJoinPool$WorkQueue.topLevelExec(ForkJoinPool.java:1182)
	at java.base/java.util.concurrent.ForkJoinPool.scan(ForkJoinPool.java:1655)
	at java.base/java.util.concurrent.ForkJoinPool.runWorker(ForkJoinPool.java:1622)
	at java.base/java.util.concurrent.ForkJoinWorkerThread.run(ForkJoinWorkerThread.java:165)
Caused by: java.lang.NullPointerException: Cannot invoke "java.io.File.getAbsolutePath()" because the return value of "org.eclipse.wildwebdeveloper.embedder.node.NodeJSManager.getNodeJsLocation()" is null
	at org.eclipse.wildwebdeveloper.angular.AngularLanguageServer.<init>(AngularLanguageServer.java:43)
	... 17 more
Root exception:
java.lang.NullPointerException: Cannot invoke "java.io.File.getAbsolutePath()" because the return value of "org.eclipse.wildwebdeveloper.embedder.node.NodeJSManager.getNodeJsLocation()" is null
	at org.eclipse.wildwebdeveloper.angular.AngularLanguageServer.<init>(AngularLanguageServer.java:43)
	at jdk.internal.reflect.GeneratedConstructorAccessor101.newInstance(Unknown Source)
	at java.base/jdk.internal.reflect.DelegatingConstructorAccessorImpl.newInstance(DelegatingConstructorAccessorImpl.java:45)
	at java.base/java.lang.reflect.Constructor.newInstanceWithCaller(Constructor.java:499)
	at java.base/java.lang.reflect.Constructor.newInstance(Constructor.java:480)
	at org.eclipse.core.internal.registry.osgi.RegistryStrategyOSGI.createExecutableExtension(RegistryStrategyOSGI.java:204)
	at org.eclipse.core.internal.registry.ExtensionRegistry.createExecutableExtension(ExtensionRegistry.java:920)
	at org.eclipse.core.internal.registry.ConfigurationElement.createExecutableExtension(ConfigurationElement.java:246)
	at org.eclipse.core.internal.registry.ConfigurationElementHandle.createExecutableExtension(ConfigurationElementHandle.java:63)
	at org.eclipse.lsp4e.LanguageServersRegistry$ExtensionLanguageServerDefinition.createConnectionProvider(LanguageServersRegistry.java:161)
	at org.eclipse.lsp4e.LanguageServerWrapper.lambda$0(LanguageServerWrapper.java:233)
	at java.base/java.util.concurrent.CompletableFuture$AsyncSupply.run(CompletableFuture.java:1768)
	at java.base/java.util.concurrent.CompletableFuture$AsyncSupply.exec(CompletableFuture.java:1760)
	at java.base/java.util.concurrent.ForkJoinTask.doExec(ForkJoinTask.java:373)
	at java.base/java.util.concurrent.ForkJoinPool$WorkQueue.topLevelExec(ForkJoinPool.java:1182)
	at java.base/java.util.concurrent.ForkJoinPool.scan(ForkJoinPool.java:1655)
	at java.base/java.util.concurrent.ForkJoinPool.runWorker(ForkJoinPool.java:1622)
	at java.base/java.util.concurrent.ForkJoinWorkerThread.run(ForkJoinWorkerThread.java:165)

!ENTRY org.eclipse.lsp4e 4 0 2025-12-27 07:28:17.711
!MESSAGE Exception occurred while creating an instance of the stream connection provider
!STACK 0
java.lang.RuntimeException: Exception occurred while creating an instance of the stream connection provider
	at org.eclipse.lsp4e.LanguageServersRegistry$ExtensionLanguageServerDefinition.createConnectionProvider(LanguageServersRegistry.java:164)
	at org.eclipse.lsp4e.LanguageServerWrapper.lambda$0(LanguageServerWrapper.java:233)
	at java.base/java.util.concurrent.CompletableFuture$AsyncSupply.run(CompletableFuture.java:1768)
	at java.base/java.util.concurrent.CompletableFuture$AsyncSupply.exec(CompletableFuture.java:1760)
	at java.base/java.util.concurrent.ForkJoinTask.doExec(ForkJoinTask.java:373)
	at java.base/java.util.concurrent.ForkJoinPool$WorkQueue.topLevelExec(ForkJoinPool.java:1182)
	at java.base/java.util.concurrent.ForkJoinPool.scan(ForkJoinPool.java:1655)
	at java.base/java.util.concurrent.ForkJoinPool.runWorker(ForkJoinPool.java:1622)
	at java.base/java.util.concurrent.ForkJoinWorkerThread.run(ForkJoinWorkerThread.java:165)
Caused by: org.eclipse.core.runtime.CoreException: プラグイン "org.eclipse.wildwebdeveloper" は、クラス "org.eclipse.wildwebdeveloper.html.HTMLLanguageServer" をインスタンス化できませんでした。
	at org.eclipse.core.internal.registry.osgi.RegistryStrategyOSGI.throwException(RegistryStrategyOSGI.java:212)
	at org.eclipse.core.internal.registry.osgi.RegistryStrategyOSGI.createExecutableExtension(RegistryStrategyOSGI.java:206)
	at org.eclipse.core.internal.registry.ExtensionRegistry.createExecutableExtension(ExtensionRegistry.java:920)
	at org.eclipse.core.internal.registry.ConfigurationElement.createExecutableExtension(ConfigurationElement.java:246)
	at org.eclipse.core.internal.registry.ConfigurationElementHandle.createExecutableExtension(ConfigurationElementHandle.java:63)
	at org.eclipse.lsp4e.LanguageServersRegistry$ExtensionLanguageServerDefinition.createConnectionProvider(LanguageServersRegistry.java:161)
	... 8 more
Caused by: java.lang.reflect.InvocationTargetException
	at jdk.internal.reflect.GeneratedConstructorAccessor102.newInstance(Unknown Source)
	at java.base/jdk.internal.reflect.DelegatingConstructorAccessorImpl.newInstance(DelegatingConstructorAccessorImpl.java:45)
	at java.base/java.lang.reflect.Constructor.newInstanceWithCaller(Constructor.java:499)
	at java.base/java.lang.reflect.Constructor.newInstance(Constructor.java:480)
	at org.eclipse.core.internal.registry.osgi.RegistryStrategyOSGI.createExecutableExtension(RegistryStrategyOSGI.java:204)
	... 12 more
Caused by: java.lang.NullPointerException: Cannot invoke "java.io.File.getAbsolutePath()" because the return value of "org.eclipse.wildwebdeveloper.embedder.node.NodeJSManager.getNodeJsLocation()" is null
	at org.eclipse.wildwebdeveloper.html.HTMLLanguageServer.<init>(HTMLLanguageServer.java:40)
	... 17 more

!ENTRY org.eclipse.lsp4e 4 0 2025-12-27 07:28:17.711
!MESSAGE Exception occurred while creating an instance of the stream connection provider
!STACK 0
java.lang.RuntimeException: Exception occurred while creating an instance of the stream connection provider
	at org.eclipse.lsp4e.LanguageServersRegistry$ExtensionLanguageServerDefinition.createConnectionProvider(LanguageServersRegistry.java:164)
	at org.eclipse.lsp4e.LanguageServerWrapper.lambda$0(LanguageServerWrapper.java:233)
	at java.base/java.util.concurrent.CompletableFuture$AsyncSupply.run(CompletableFuture.java:1768)
	at java.base/java.util.concurrent.CompletableFuture$AsyncSupply.exec(CompletableFuture.java:1760)
	at java.base/java.util.concurrent.ForkJoinTask.doExec(ForkJoinTask.java:373)
	at java.base/java.util.concurrent.ForkJoinPool$WorkQueue.topLevelExec(ForkJoinPool.java:1182)
	at java.base/java.util.concurrent.ForkJoinPool.scan(ForkJoinPool.java:1655)
	at java.base/java.util.concurrent.ForkJoinPool.runWorker(ForkJoinPool.java:1622)
	at java.base/java.util.concurrent.ForkJoinWorkerThread.run(ForkJoinWorkerThread.java:165)
Caused by: org.eclipse.core.runtime.CoreException: プラグイン "org.eclipse.wildwebdeveloper" は、クラス "org.eclipse.wildwebdeveloper.angular.AngularLanguageServer" をインスタンス化できませんでした。
	at org.eclipse.core.internal.registry.osgi.RegistryStrategyOSGI.throwException(RegistryStrategyOSGI.java:212)
	at org.eclipse.core.internal.registry.osgi.RegistryStrategyOSGI.createExecutableExtension(RegistryStrategyOSGI.java:206)
	at org.eclipse.core.internal.registry.ExtensionRegistry.createExecutableExtension(ExtensionRegistry.java:920)
	at org.eclipse.core.internal.registry.ConfigurationElement.createExecutableExtension(ConfigurationElement.java:246)
	at org.eclipse.core.internal.registry.ConfigurationElementHandle.createExecutableExtension(ConfigurationElementHandle.java:63)
	at org.eclipse.lsp4e.LanguageServersRegistry$ExtensionLanguageServerDefinition.createConnectionProvider(LanguageServersRegistry.java:161)
	... 8 more
Caused by: java.lang.reflect.InvocationTargetException
	at jdk.internal.reflect.GeneratedConstructorAccessor101.newInstance(Unknown Source)
	at java.base/jdk.internal.reflect.DelegatingConstructorAccessorImpl.newInstance(DelegatingConstructorAccessorImpl.java:45)
	at java.base/java.lang.reflect.Constructor.newInstanceWithCaller(Constructor.java:499)
	at java.base/java.lang.reflect.Constructor.newInstance(Constructor.java:480)
	at org.eclipse.core.internal.registry.osgi.RegistryStrategyOSGI.createExecutableExtension(RegistryStrategyOSGI.java:204)
	... 12 more
Caused by: java.lang.NullPointerException: Cannot invoke "java.io.File.getAbsolutePath()" because the return value of "org.eclipse.wildwebdeveloper.embedder.node.NodeJSManager.getNodeJsLocation()" is null
	at org.eclipse.wildwebdeveloper.angular.AngularLanguageServer.<init>(AngularLanguageServer.java:43)
	... 17 more

!ENTRY org.eclipse.jface.text 4 0 2025-12-27 07:28:17.712
!MESSAGE java.lang.RuntimeException: Exception occurred while creating an instance of the stream connection provider
!STACK 0
java.util.concurrent.CompletionException: java.lang.RuntimeException: Exception occurred while creating an instance of the stream connection provider
	at java.base/java.util.concurrent.CompletableFuture.encodeThrowable(CompletableFuture.java:332)
	at java.base/java.util.concurrent.CompletableFuture.completeThrowable(CompletableFuture.java:347)
	at java.base/java.util.concurrent.CompletableFuture$UniApply.tryFire(CompletableFuture.java:636)
	at java.base/java.util.concurrent.CompletableFuture.postComplete(CompletableFuture.java:510)
	at java.base/java.util.concurrent.CompletableFuture.completeExceptionally(CompletableFuture.java:2162)
	at org.eclipse.lsp4e.LanguageServerWrapper.lambda$0(LanguageServerWrapper.java:238)
	at java.base/java.util.concurrent.CompletableFuture$AsyncSupply.run(CompletableFuture.java:1768)
	at java.base/java.util.concurrent.CompletableFuture$AsyncSupply.exec(CompletableFuture.java:1760)
	at java.base/java.util.concurrent.ForkJoinTask.doExec(ForkJoinTask.java:373)
	at java.base/java.util.concurrent.ForkJoinPool$WorkQueue.topLevelExec(ForkJoinPool.java:1182)
	at java.base/java.util.concurrent.ForkJoinPool.scan(ForkJoinPool.java:1655)
	at java.base/java.util.concurrent.ForkJoinPool.runWorker(ForkJoinPool.java:1622)
	at java.base/java.util.concurrent.ForkJoinWorkerThread.run(ForkJoinWorkerThread.java:165)
Caused by: java.lang.RuntimeException: Exception occurred while creating an instance of the stream connection provider
	at org.eclipse.lsp4e.LanguageServersRegistry$ExtensionLanguageServerDefinition.createConnectionProvider(LanguageServersRegistry.java:164)
	at org.eclipse.lsp4e.LanguageServerWrapper.lambda$0(LanguageServerWrapper.java:233)
	... 7 more
Caused by: org.eclipse.core.runtime.CoreException: プラグイン "org.eclipse.wildwebdeveloper" は、クラス "org.eclipse.wildwebdeveloper.html.HTMLLanguageServer" をインスタンス化できませんでした。
	at org.eclipse.core.internal.registry.osgi.RegistryStrategyOSGI.throwException(RegistryStrategyOSGI.java:212)
	at org.eclipse.core.internal.registry.osgi.RegistryStrategyOSGI.createExecutableExtension(RegistryStrategyOSGI.java:206)
	at org.eclipse.core.internal.registry.ExtensionRegistry.createExecutableExtension(ExtensionRegistry.java:920)
	at org.eclipse.core.internal.registry.ConfigurationElement.createExecutableExtension(ConfigurationElement.java:246)
	at org.eclipse.core.internal.registry.ConfigurationElementHandle.createExecutableExtension(ConfigurationElementHandle.java:63)
	at org.eclipse.lsp4e.LanguageServersRegistry$ExtensionLanguageServerDefinition.createConnectionProvider(LanguageServersRegistry.java:161)
	... 8 more
Caused by: java.lang.reflect.InvocationTargetException
	at jdk.internal.reflect.GeneratedConstructorAccessor102.newInstance(Unknown Source)
	at java.base/jdk.internal.reflect.DelegatingConstructorAccessorImpl.newInstance(DelegatingConstructorAccessorImpl.java:45)
	at java.base/java.lang.reflect.Constructor.newInstanceWithCaller(Constructor.java:499)
	at java.base/java.lang.reflect.Constructor.newInstance(Constructor.java:480)
	at org.eclipse.core.internal.registry.osgi.RegistryStrategyOSGI.createExecutableExtension(RegistryStrategyOSGI.java:204)
	... 12 more
Caused by: java.lang.NullPointerException: Cannot invoke "java.io.File.getAbsolutePath()" because the return value of "org.eclipse.wildwebdeveloper.embedder.node.NodeJSManager.getNodeJsLocation()" is null
	at org.eclipse.wildwebdeveloper.html.HTMLLanguageServer.<init>(HTMLLanguageServer.java:40)
	... 17 more

!ENTRY org.eclipse.lsp4e 4 0 2025-12-27 07:28:17.712
!MESSAGE Cannot invoke "org.eclipse.lsp4e.server.StreamConnectionProvider.getInputStream()" because "this.lspStreamProvider" is null
!STACK 0
java.lang.NullPointerException: Cannot invoke "org.eclipse.lsp4e.server.StreamConnectionProvider.getInputStream()" because "this.lspStreamProvider" is null
	at org.eclipse.lsp4e.LanguageServerWrapper.lambda$1(LanguageServerWrapper.java:284)
	at java.base/java.util.concurrent.CompletableFuture$UniApply.tryFire(CompletableFuture.java:646)
	at java.base/java.util.concurrent.CompletableFuture.postComplete(CompletableFuture.java:510)
	at java.base/java.util.concurrent.CompletableFuture$AsyncSupply.run(CompletableFuture.java:1773)
	at java.base/java.util.concurrent.CompletableFuture$AsyncSupply.exec(CompletableFuture.java:1760)
	at java.base/java.util.concurrent.ForkJoinTask.doExec(ForkJoinTask.java:373)
	at java.base/java.util.concurrent.ForkJoinPool$WorkQueue.topLevelExec(ForkJoinPool.java:1182)
	at java.base/java.util.concurrent.ForkJoinPool.scan(ForkJoinPool.java:1655)
	at java.base/java.util.concurrent.ForkJoinPool.runWorker(ForkJoinPool.java:1622)
	at java.base/java.util.concurrent.ForkJoinWorkerThread.run(ForkJoinWorkerThread.java:165)

!ENTRY org.eclipse.jface.text 4 0 2025-12-27 07:28:17.712
!MESSAGE java.lang.RuntimeException: Exception occurred while creating an instance of the stream connection provider
!STACK 0
java.util.concurrent.CompletionException: java.lang.RuntimeException: Exception occurred while creating an instance of the stream connection provider
	at java.base/java.util.concurrent.CompletableFuture.encodeThrowable(CompletableFuture.java:332)
	at java.base/java.util.concurrent.CompletableFuture.completeThrowable(CompletableFuture.java:347)
	at java.base/java.util.concurrent.CompletableFuture$UniApply.tryFire(CompletableFuture.java:636)
	at java.base/java.util.concurrent.CompletableFuture.postComplete(CompletableFuture.java:510)
	at java.base/java.util.concurrent.CompletableFuture.completeExceptionally(CompletableFuture.java:2162)
	at org.eclipse.lsp4e.LanguageServerWrapper.lambda$0(LanguageServerWrapper.java:238)
	at java.base/java.util.concurrent.CompletableFuture$AsyncSupply.run(CompletableFuture.java:1768)
	at java.base/java.util.concurrent.CompletableFuture$AsyncSupply.exec(CompletableFuture.java:1760)
	at java.base/java.util.concurrent.ForkJoinTask.doExec(ForkJoinTask.java:373)
	at java.base/java.util.concurrent.ForkJoinPool$WorkQueue.topLevelExec(ForkJoinPool.java:1182)
	at java.base/java.util.concurrent.ForkJoinPool.scan(ForkJoinPool.java:1655)
	at java.base/java.util.concurrent.ForkJoinPool.runWorker(ForkJoinPool.java:1622)
	at java.base/java.util.concurrent.ForkJoinWorkerThread.run(ForkJoinWorkerThread.java:165)
Caused by: java.lang.RuntimeException: Exception occurred while creating an instance of the stream connection provider
	at org.eclipse.lsp4e.LanguageServersRegistry$ExtensionLanguageServerDefinition.createConnectionProvider(LanguageServersRegistry.java:164)
	at org.eclipse.lsp4e.LanguageServerWrapper.lambda$0(LanguageServerWrapper.java:233)
	... 7 more
Caused by: org.eclipse.core.runtime.CoreException: プラグイン "org.eclipse.wildwebdeveloper" は、クラス "org.eclipse.wildwebdeveloper.html.HTMLLanguageServer" をインスタンス化できませんでした。
	at org.eclipse.core.internal.registry.osgi.RegistryStrategyOSGI.throwException(RegistryStrategyOSGI.java:212)
	at org.eclipse.core.internal.registry.osgi.RegistryStrategyOSGI.createExecutableExtension(RegistryStrategyOSGI.java:206)
	at org.eclipse.core.internal.registry.ExtensionRegistry.createExecutableExtension(ExtensionRegistry.java:920)
	at org.eclipse.core.internal.registry.ConfigurationElement.createExecutableExtension(ConfigurationElement.java:246)
	at org.eclipse.core.internal.registry.ConfigurationElementHandle.createExecutableExtension(ConfigurationElementHandle.java:63)
	at org.eclipse.lsp4e.LanguageServersRegistry$ExtensionLanguageServerDefinition.createConnectionProvider(LanguageServersRegistry.java:161)
	... 8 more
Caused by: java.lang.reflect.InvocationTargetException
	at jdk.internal.reflect.GeneratedConstructorAccessor102.newInstance(Unknown Source)
	at java.base/jdk.internal.reflect.DelegatingConstructorAccessorImpl.newInstance(DelegatingConstructorAccessorImpl.java:45)
	at java.base/java.lang.reflect.Constructor.newInstanceWithCaller(Constructor.java:499)
	at java.base/java.lang.reflect.Constructor.newInstance(Constructor.java:480)
	at org.eclipse.core.internal.registry.osgi.RegistryStrategyOSGI.createExecutableExtension(RegistryStrategyOSGI.java:204)
	... 12 more
Caused by: java.lang.NullPointerException: Cannot invoke "java.io.File.getAbsolutePath()" because the return value of "org.eclipse.wildwebdeveloper.embedder.node.NodeJSManager.getNodeJsLocation()" is null
	at org.eclipse.wildwebdeveloper.html.HTMLLanguageServer.<init>(HTMLLanguageServer.java:40)
	... 17 more

!ENTRY org.eclipse.lsp4e 4 0 2025-12-27 07:28:17.713
!MESSAGE Cannot invoke "org.eclipse.lsp4e.server.StreamConnectionProvider.getInputStream()" because "this.lspStreamProvider" is null
!STACK 0
java.lang.NullPointerException: Cannot invoke "org.eclipse.lsp4e.server.StreamConnectionProvider.getInputStream()" because "this.lspStreamProvider" is null
	at org.eclipse.lsp4e.LanguageServerWrapper.lambda$1(LanguageServerWrapper.java:284)
	at java.base/java.util.concurrent.CompletableFuture$UniApply.tryFire(CompletableFuture.java:646)
	at java.base/java.util.concurrent.CompletableFuture.postComplete(CompletableFuture.java:510)
	at java.base/java.util.concurrent.CompletableFuture$AsyncSupply.run(CompletableFuture.java:1773)
	at java.base/java.util.concurrent.CompletableFuture$AsyncSupply.exec(CompletableFuture.java:1760)
	at java.base/java.util.concurrent.ForkJoinTask.doExec(ForkJoinTask.java:373)
	at java.base/java.util.concurrent.ForkJoinPool$WorkQueue.topLevelExec(ForkJoinPool.java:1182)
	at java.base/java.util.concurrent.ForkJoinPool.scan(ForkJoinPool.java:1655)
	at java.base/java.util.concurrent.ForkJoinPool.runWorker(ForkJoinPool.java:1622)
	at java.base/java.util.concurrent.ForkJoinWorkerThread.run(ForkJoinWorkerThread.java:165)

!ENTRY org.eclipse.lsp4e 4 0 2025-12-27 07:28:17.844
!MESSAGE プラグイン "org.eclipse.wildwebdeveloper" は、クラス "org.eclipse.wildwebdeveloper.angular.AngularLanguageServer" をインスタンス化できませんでした。
!STACK 1
org.eclipse.core.runtime.CoreException: プラグイン "org.eclipse.wildwebdeveloper" は、クラス "org.eclipse.wildwebdeveloper.angular.AngularLanguageServer" をインスタンス化できませんでした。
	at org.eclipse.core.internal.registry.osgi.RegistryStrategyOSGI.throwException(RegistryStrategyOSGI.java:212)
	at org.eclipse.core.internal.registry.osgi.RegistryStrategyOSGI.createExecutableExtension(RegistryStrategyOSGI.java:206)
	at org.eclipse.core.internal.registry.ExtensionRegistry.createExecutableExtension(ExtensionRegistry.java:920)
	at org.eclipse.core.internal.registry.ConfigurationElement.createExecutableExtension(ConfigurationElement.java:246)
	at org.eclipse.core.internal.registry.ConfigurationElementHandle.createExecutableExtension(ConfigurationElementHandle.java:63)
	at org.eclipse.lsp4e.LanguageServersRegistry$ExtensionLanguageServerDefinition.createConnectionProvider(LanguageServersRegistry.java:161)
	at org.eclipse.lsp4e.LanguageServerWrapper.lambda$0(LanguageServerWrapper.java:233)
	at java.base/java.util.concurrent.CompletableFuture$AsyncSupply.run(CompletableFuture.java:1768)
	at java.base/java.util.concurrent.CompletableFuture$AsyncSupply.exec(CompletableFuture.java:1760)
	at java.base/java.util.concurrent.ForkJoinTask.doExec(ForkJoinTask.java:373)
	at java.base/java.util.concurrent.ForkJoinPool$WorkQueue.topLevelExec(ForkJoinPool.java:1182)
	at java.base/java.util.concurrent.ForkJoinPool.scan(ForkJoinPool.java:1655)
	at java.base/java.util.concurrent.ForkJoinPool.runWorker(ForkJoinPool.java:1622)
	at java.base/java.util.concurrent.ForkJoinWorkerThread.run(ForkJoinWorkerThread.java:165)
Caused by: java.lang.reflect.InvocationTargetException
	at jdk.internal.reflect.GeneratedConstructorAccessor101.newInstance(Unknown Source)
	at java.base/jdk.internal.reflect.DelegatingConstructorAccessorImpl.newInstance(DelegatingConstructorAccessorImpl.java:45)
	at java.base/java.lang.reflect.Constructor.newInstanceWithCaller(Constructor.java:499)
	at java.base/java.lang.reflect.Constructor.newInstance(Constructor.java:480)
	at org.eclipse.core.internal.registry.osgi.RegistryStrategyOSGI.createExecutableExtension(RegistryStrategyOSGI.java:204)
	... 12 more
Caused by: java.lang.NullPointerException: Cannot invoke "java.io.File.getAbsolutePath()" because the return value of "org.eclipse.wildwebdeveloper.embedder.node.NodeJSManager.getNodeJsLocation()" is null
	at org.eclipse.wildwebdeveloper.angular.AngularLanguageServer.<init>(AngularLanguageServer.java:43)
	... 17 more
!SUBENTRY 1 org.eclipse.equinox.registry 4 1 2025-12-27 07:28:17.844
!MESSAGE プラグイン "org.eclipse.wildwebdeveloper" は、クラス "org.eclipse.wildwebdeveloper.angular.AngularLanguageServer" をインスタンス化できませんでした。
!STACK 0
java.lang.reflect.InvocationTargetException
	at jdk.internal.reflect.GeneratedConstructorAccessor101.newInstance(Unknown Source)
	at java.base/jdk.internal.reflect.DelegatingConstructorAccessorImpl.newInstance(DelegatingConstructorAccessorImpl.java:45)
	at java.base/java.lang.reflect.Constructor.newInstanceWithCaller(Constructor.java:499)
	at java.base/java.lang.reflect.Constructor.newInstance(Constructor.java:480)
	at org.eclipse.core.internal.registry.osgi.RegistryStrategyOSGI.createExecutableExtension(RegistryStrategyOSGI.java:204)
	at org.eclipse.core.internal.registry.ExtensionRegistry.createExecutableExtension(ExtensionRegistry.java:920)
	at org.eclipse.core.internal.registry.ConfigurationElement.createExecutableExtension(ConfigurationElement.java:246)
	at org.eclipse.core.internal.registry.ConfigurationElementHandle.createExecutableExtension(ConfigurationElementHandle.java:63)
	at org.eclipse.lsp4e.LanguageServersRegistry$ExtensionLanguageServerDefinition.createConnectionProvider(LanguageServersRegistry.java:161)
	at org.eclipse.lsp4e.LanguageServerWrapper.lambda$0(LanguageServerWrapper.java:233)
	at java.base/java.util.concurrent.CompletableFuture$AsyncSupply.run(CompletableFuture.java:1768)
	at java.base/java.util.concurrent.CompletableFuture$AsyncSupply.exec(CompletableFuture.java:1760)
	at java.base/java.util.concurrent.ForkJoinTask.doExec(ForkJoinTask.java:373)
	at java.base/java.util.concurrent.ForkJoinPool$WorkQueue.topLevelExec(ForkJoinPool.java:1182)
	at java.base/java.util.concurrent.ForkJoinPool.scan(ForkJoinPool.java:1655)
	at java.base/java.util.concurrent.ForkJoinPool.runWorker(ForkJoinPool.java:1622)
	at java.base/java.util.concurrent.ForkJoinWorkerThread.run(ForkJoinWorkerThread.java:165)
Caused by: java.lang.NullPointerException: Cannot invoke "java.io.File.getAbsolutePath()" because the return value of "org.eclipse.wildwebdeveloper.embedder.node.NodeJSManager.getNodeJsLocation()" is null
	at org.eclipse.wildwebdeveloper.angular.AngularLanguageServer.<init>(AngularLanguageServer.java:43)
	... 17 more
Root exception:
java.lang.NullPointerException: Cannot invoke "java.io.File.getAbsolutePath()" because the return value of "org.eclipse.wildwebdeveloper.embedder.node.NodeJSManager.getNodeJsLocation()" is null
	at org.eclipse.wildwebdeveloper.angular.AngularLanguageServer.<init>(AngularLanguageServer.java:43)
	at jdk.internal.reflect.GeneratedConstructorAccessor101.newInstance(Unknown Source)
	at java.base/jdk.internal.reflect.DelegatingConstructorAccessorImpl.newInstance(DelegatingConstructorAccessorImpl.java:45)
	at java.base/java.lang.reflect.Constructor.newInstanceWithCaller(Constructor.java:499)
	at java.base/java.lang.reflect.Constructor.newInstance(Constructor.java:480)
	at org.eclipse.core.internal.registry.osgi.RegistryStrategyOSGI.createExecutableExtension(RegistryStrategyOSGI.java:204)
	at org.eclipse.core.internal.registry.ExtensionRegistry.createExecutableExtension(ExtensionRegistry.java:920)
	at org.eclipse.core.internal.registry.ConfigurationElement.createExecutableExtension(ConfigurationElement.java:246)
	at org.eclipse.core.internal.registry.ConfigurationElementHandle.createExecutableExtension(ConfigurationElementHandle.java:63)
	at org.eclipse.lsp4e.LanguageServersRegistry$ExtensionLanguageServerDefinition.createConnectionProvider(LanguageServersRegistry.java:161)
	at org.eclipse.lsp4e.LanguageServerWrapper.lambda$0(LanguageServerWrapper.java:233)
	at java.base/java.util.concurrent.CompletableFuture$AsyncSupply.run(CompletableFuture.java:1768)
	at java.base/java.util.concurrent.CompletableFuture$AsyncSupply.exec(CompletableFuture.java:1760)
	at java.base/java.util.concurrent.ForkJoinTask.doExec(ForkJoinTask.java:373)
	at java.base/java.util.concurrent.ForkJoinPool$WorkQueue.topLevelExec(ForkJoinPool.java:1182)
	at java.base/java.util.concurrent.ForkJoinPool.scan(ForkJoinPool.java:1655)
	at java.base/java.util.concurrent.ForkJoinPool.runWorker(ForkJoinPool.java:1622)
	at java.base/java.util.concurrent.ForkJoinWorkerThread.run(ForkJoinWorkerThread.java:165)

!ENTRY org.eclipse.lsp4e 4 0 2025-12-27 07:28:17.845
!MESSAGE Exception occurred while creating an instance of the stream connection provider
!STACK 0
java.lang.RuntimeException: Exception occurred while creating an instance of the stream connection provider
	at org.eclipse.lsp4e.LanguageServersRegistry$ExtensionLanguageServerDefinition.createConnectionProvider(LanguageServersRegistry.java:164)
	at org.eclipse.lsp4e.LanguageServerWrapper.lambda$0(LanguageServerWrapper.java:233)
	at java.base/java.util.concurrent.CompletableFuture$AsyncSupply.run(CompletableFuture.java:1768)
	at java.base/java.util.concurrent.CompletableFuture$AsyncSupply.exec(CompletableFuture.java:1760)
	at java.base/java.util.concurrent.ForkJoinTask.doExec(ForkJoinTask.java:373)
	at java.base/java.util.concurrent.ForkJoinPool$WorkQueue.topLevelExec(ForkJoinPool.java:1182)
	at java.base/java.util.concurrent.ForkJoinPool.scan(ForkJoinPool.java:1655)
	at java.base/java.util.concurrent.ForkJoinPool.runWorker(ForkJoinPool.java:1622)
	at java.base/java.util.concurrent.ForkJoinWorkerThread.run(ForkJoinWorkerThread.java:165)
Caused by: org.eclipse.core.runtime.CoreException: プラグイン "org.eclipse.wildwebdeveloper" は、クラス "org.eclipse.wildwebdeveloper.angular.AngularLanguageServer" をインスタンス化できませんでした。
	at org.eclipse.core.internal.registry.osgi.RegistryStrategyOSGI.throwException(RegistryStrategyOSGI.java:212)
	at org.eclipse.core.internal.registry.osgi.RegistryStrategyOSGI.createExecutableExtension(RegistryStrategyOSGI.java:206)
	at org.eclipse.core.internal.registry.ExtensionRegistry.createExecutableExtension(ExtensionRegistry.java:920)
	at org.eclipse.core.internal.registry.ConfigurationElement.createExecutableExtension(ConfigurationElement.java:246)
	at org.eclipse.core.internal.registry.ConfigurationElementHandle.createExecutableExtension(ConfigurationElementHandle.java:63)
	at org.eclipse.lsp4e.LanguageServersRegistry$ExtensionLanguageServerDefinition.createConnectionProvider(LanguageServersRegistry.java:161)
	... 8 more
Caused by: java.lang.reflect.InvocationTargetException
	at jdk.internal.reflect.GeneratedConstructorAccessor101.newInstance(Unknown Source)
	at java.base/jdk.internal.reflect.DelegatingConstructorAccessorImpl.newInstance(DelegatingConstructorAccessorImpl.java:45)
	at java.base/java.lang.reflect.Constructor.newInstanceWithCaller(Constructor.java:499)
	at java.base/java.lang.reflect.Constructor.newInstance(Constructor.java:480)
	at org.eclipse.core.internal.registry.osgi.RegistryStrategyOSGI.createExecutableExtension(RegistryStrategyOSGI.java:204)
	... 12 more
Caused by: java.lang.NullPointerException: Cannot invoke "java.io.File.getAbsolutePath()" because the return value of "org.eclipse.wildwebdeveloper.embedder.node.NodeJSManager.getNodeJsLocation()" is null
	at org.eclipse.wildwebdeveloper.angular.AngularLanguageServer.<init>(AngularLanguageServer.java:43)
	... 17 more

!ENTRY org.eclipse.lsp4e 4 0 2025-12-27 07:28:17.845
!MESSAGE Cannot invoke "org.eclipse.lsp4e.server.StreamConnectionProvider.getInputStream()" because "this.lspStreamProvider" is null
!STACK 0
java.lang.NullPointerException: Cannot invoke "org.eclipse.lsp4e.server.StreamConnectionProvider.getInputStream()" because "this.lspStreamProvider" is null
	at org.eclipse.lsp4e.LanguageServerWrapper.lambda$1(LanguageServerWrapper.java:284)
	at java.base/java.util.concurrent.CompletableFuture$UniApply.tryFire(CompletableFuture.java:646)
	at java.base/java.util.concurrent.CompletableFuture.postComplete(CompletableFuture.java:510)
	at java.base/java.util.concurrent.CompletableFuture$AsyncSupply.run(CompletableFuture.java:1773)
	at java.base/java.util.concurrent.CompletableFuture$AsyncSupply.exec(CompletableFuture.java:1760)
	at java.base/java.util.concurrent.ForkJoinTask.doExec(ForkJoinTask.java:373)
	at java.base/java.util.concurrent.ForkJoinPool$WorkQueue.topLevelExec(ForkJoinPool.java:1182)
	at java.base/java.util.concurrent.ForkJoinPool.scan(ForkJoinPool.java:1655)
	at java.base/java.util.concurrent.ForkJoinPool.runWorker(ForkJoinPool.java:1622)
	at java.base/java.util.concurrent.ForkJoinWorkerThread.run(ForkJoinWorkerThread.java:165)

!ENTRY org.eclipse.lsp4e 4 0 2025-12-27 07:28:17.847
!MESSAGE プラグイン "org.eclipse.wildwebdeveloper" は、クラス "org.eclipse.wildwebdeveloper.html.HTMLLanguageServer" をインスタンス化できませんでした。
!STACK 1
org.eclipse.core.runtime.CoreException: プラグイン "org.eclipse.wildwebdeveloper" は、クラス "org.eclipse.wildwebdeveloper.html.HTMLLanguageServer" をインスタンス化できませんでした。
	at org.eclipse.core.internal.registry.osgi.RegistryStrategyOSGI.throwException(RegistryStrategyOSGI.java:212)
	at org.eclipse.core.internal.registry.osgi.RegistryStrategyOSGI.createExecutableExtension(RegistryStrategyOSGI.java:206)
	at org.eclipse.core.internal.registry.ExtensionRegistry.createExecutableExtension(ExtensionRegistry.java:920)
	at org.eclipse.core.internal.registry.ConfigurationElement.createExecutableExtension(ConfigurationElement.java:246)
	at org.eclipse.core.internal.registry.ConfigurationElementHandle.createExecutableExtension(ConfigurationElementHandle.java:63)
	at org.eclipse.lsp4e.LanguageServersRegistry$ExtensionLanguageServerDefinition.createConnectionProvider(LanguageServersRegistry.java:161)
	at org.eclipse.lsp4e.LanguageServerWrapper.lambda$0(LanguageServerWrapper.java:233)
	at java.base/java.util.concurrent.CompletableFuture$AsyncSupply.run(CompletableFuture.java:1768)
	at java.base/java.util.concurrent.CompletableFuture$AsyncSupply.exec(CompletableFuture.java:1760)
	at java.base/java.util.concurrent.ForkJoinTask.doExec(ForkJoinTask.java:373)
	at java.base/java.util.concurrent.ForkJoinPool$WorkQueue.topLevelExec(ForkJoinPool.java:1182)
	at java.base/java.util.concurrent.ForkJoinPool.scan(ForkJoinPool.java:1655)
	at java.base/java.util.concurrent.ForkJoinPool.runWorker(ForkJoinPool.java:1622)
	at java.base/java.util.concurrent.ForkJoinWorkerThread.run(ForkJoinWorkerThread.java:165)
Caused by: java.lang.reflect.InvocationTargetException
	at jdk.internal.reflect.GeneratedConstructorAccessor102.newInstance(Unknown Source)
	at java.base/jdk.internal.reflect.DelegatingConstructorAccessorImpl.newInstance(DelegatingConstructorAccessorImpl.java:45)
	at java.base/java.lang.reflect.Constructor.newInstanceWithCaller(Constructor.java:499)
	at java.base/java.lang.reflect.Constructor.newInstance(Constructor.java:480)
	at org.eclipse.core.internal.registry.osgi.RegistryStrategyOSGI.createExecutableExtension(RegistryStrategyOSGI.java:204)
	... 12 more
Caused by: java.lang.NullPointerException: Cannot invoke "java.io.File.getAbsolutePath()" because the return value of "org.eclipse.wildwebdeveloper.embedder.node.NodeJSManager.getNodeJsLocation()" is null
	at org.eclipse.wildwebdeveloper.html.HTMLLanguageServer.<init>(HTMLLanguageServer.java:40)
	... 17 more
!SUBENTRY 1 org.eclipse.equinox.registry 4 1 2025-12-27 07:28:17.847
!MESSAGE プラグイン "org.eclipse.wildwebdeveloper" は、クラス "org.eclipse.wildwebdeveloper.html.HTMLLanguageServer" をインスタンス化できませんでした。
!STACK 0
java.lang.reflect.InvocationTargetException
	at jdk.internal.reflect.GeneratedConstructorAccessor102.newInstance(Unknown Source)
	at java.base/jdk.internal.reflect.DelegatingConstructorAccessorImpl.newInstance(DelegatingConstructorAccessorImpl.java:45)
	at java.base/java.lang.reflect.Constructor.newInstanceWithCaller(Constructor.java:499)
	at java.base/java.lang.reflect.Constructor.newInstance(Constructor.java:480)
	at org.eclipse.core.internal.registry.osgi.RegistryStrategyOSGI.createExecutableExtension(RegistryStrategyOSGI.java:204)
	at org.eclipse.core.internal.registry.ExtensionRegistry.createExecutableExtension(ExtensionRegistry.java:920)
	at org.eclipse.core.internal.registry.ConfigurationElement.createExecutableExtension(ConfigurationElement.java:246)
	at org.eclipse.core.internal.registry.ConfigurationElementHandle.createExecutableExtension(ConfigurationElementHandle.java:63)
	at org.eclipse.lsp4e.LanguageServersRegistry$ExtensionLanguageServerDefinition.createConnectionProvider(LanguageServersRegistry.java:161)
	at org.eclipse.lsp4e.LanguageServerWrapper.lambda$0(LanguageServerWrapper.java:233)
	at java.base/java.util.concurrent.CompletableFuture$AsyncSupply.run(CompletableFuture.java:1768)
	at java.base/java.util.concurrent.CompletableFuture$AsyncSupply.exec(CompletableFuture.java:1760)
	at java.base/java.util.concurrent.ForkJoinTask.doExec(ForkJoinTask.java:373)
	at java.base/java.util.concurrent.ForkJoinPool$WorkQueue.topLevelExec(ForkJoinPool.java:1182)
	at java.base/java.util.concurrent.ForkJoinPool.scan(ForkJoinPool.java:1655)
	at java.base/java.util.concurrent.ForkJoinPool.runWorker(ForkJoinPool.java:1622)
	at java.base/java.util.concurrent.ForkJoinWorkerThread.run(ForkJoinWorkerThread.java:165)
Caused by: java.lang.NullPointerException: Cannot invoke "java.io.File.getAbsolutePath()" because the return value of "org.eclipse.wildwebdeveloper.embedder.node.NodeJSManager.getNodeJsLocation()" is null
	at org.eclipse.wildwebdeveloper.html.HTMLLanguageServer.<init>(HTMLLanguageServer.java:40)
	... 17 more
Root exception:
java.lang.NullPointerException: Cannot invoke "java.io.File.getAbsolutePath()" because the return value of "org.eclipse.wildwebdeveloper.embedder.node.NodeJSManager.getNodeJsLocation()" is null
	at org.eclipse.wildwebdeveloper.html.HTMLLanguageServer.<init>(HTMLLanguageServer.java:40)
	at jdk.internal.reflect.GeneratedConstructorAccessor102.newInstance(Unknown Source)
	at java.base/jdk.internal.reflect.DelegatingConstructorAccessorImpl.newInstance(DelegatingConstructorAccessorImpl.java:45)
	at java.base/java.lang.reflect.Constructor.newInstanceWithCaller(Constructor.java:499)
	at java.base/java.lang.reflect.Constructor.newInstance(Constructor.java:480)
	at org.eclipse.core.internal.registry.osgi.RegistryStrategyOSGI.createExecutableExtension(RegistryStrategyOSGI.java:204)
	at org.eclipse.core.internal.registry.ExtensionRegistry.createExecutableExtension(ExtensionRegistry.java:920)
	at org.eclipse.core.internal.registry.ConfigurationElement.createExecutableExtension(ConfigurationElement.java:246)
	at org.eclipse.core.internal.registry.ConfigurationElementHandle.createExecutableExtension(ConfigurationElementHandle.java:63)
	at org.eclipse.lsp4e.LanguageServersRegistry$ExtensionLanguageServerDefinition.createConnectionProvider(LanguageServersRegistry.java:161)
	at org.eclipse.lsp4e.LanguageServerWrapper.lambda$0(LanguageServerWrapper.java:233)
	at java.base/java.util.concurrent.CompletableFuture$AsyncSupply.run(CompletableFuture.java:1768)
	at java.base/java.util.concurrent.CompletableFuture$AsyncSupply.exec(CompletableFuture.java:1760)
	at java.base/java.util.concurrent.ForkJoinTask.doExec(ForkJoinTask.java:373)
	at java.base/java.util.concurrent.ForkJoinPool$WorkQueue.topLevelExec(ForkJoinPool.java:1182)
	at java.base/java.util.concurrent.ForkJoinPool.scan(ForkJoinPool.java:1655)
	at java.base/java.util.concurrent.ForkJoinPool.runWorker(ForkJoinPool.java:1622)
	at java.base/java.util.concurrent.ForkJoinWorkerThread.run(ForkJoinWorkerThread.java:165)

!ENTRY org.eclipse.lsp4e 4 0 2025-12-27 07:28:17.848
!MESSAGE Exception occurred while creating an instance of the stream connection provider
!STACK 0
java.lang.RuntimeException: Exception occurred while creating an instance of the stream connection provider
	at org.eclipse.lsp4e.LanguageServersRegistry$ExtensionLanguageServerDefinition.createConnectionProvider(LanguageServersRegistry.java:164)
	at org.eclipse.lsp4e.LanguageServerWrapper.lambda$0(LanguageServerWrapper.java:233)
	at java.base/java.util.concurrent.CompletableFuture$AsyncSupply.run(CompletableFuture.java:1768)
	at java.base/java.util.concurrent.CompletableFuture$AsyncSupply.exec(CompletableFuture.java:1760)
	at java.base/java.util.concurrent.ForkJoinTask.doExec(ForkJoinTask.java:373)
	at java.base/java.util.concurrent.ForkJoinPool$WorkQueue.topLevelExec(ForkJoinPool.java:1182)
	at java.base/java.util.concurrent.ForkJoinPool.scan(ForkJoinPool.java:1655)
	at java.base/java.util.concurrent.ForkJoinPool.runWorker(ForkJoinPool.java:1622)
	at java.base/java.util.concurrent.ForkJoinWorkerThread.run(ForkJoinWorkerThread.java:165)
Caused by: org.eclipse.core.runtime.CoreException: プラグイン "org.eclipse.wildwebdeveloper" は、クラス "org.eclipse.wildwebdeveloper.html.HTMLLanguageServer" をインスタンス化できませんでした。
	at org.eclipse.core.internal.registry.osgi.RegistryStrategyOSGI.throwException(RegistryStrategyOSGI.java:212)
	at org.eclipse.core.internal.registry.osgi.RegistryStrategyOSGI.createExecutableExtension(RegistryStrategyOSGI.java:206)
	at org.eclipse.core.internal.registry.ExtensionRegistry.createExecutableExtension(ExtensionRegistry.java:920)
	at org.eclipse.core.internal.registry.ConfigurationElement.createExecutableExtension(ConfigurationElement.java:246)
	at org.eclipse.core.internal.registry.ConfigurationElementHandle.createExecutableExtension(ConfigurationElementHandle.java:63)
	at org.eclipse.lsp4e.LanguageServersRegistry$ExtensionLanguageServerDefinition.createConnectionProvider(LanguageServersRegistry.java:161)
	... 8 more
Caused by: java.lang.reflect.InvocationTargetException
	at jdk.internal.reflect.GeneratedConstructorAccessor102.newInstance(Unknown Source)
	at java.base/jdk.internal.reflect.DelegatingConstructorAccessorImpl.newInstance(DelegatingConstructorAccessorImpl.java:45)
	at java.base/java.lang.reflect.Constructor.newInstanceWithCaller(Constructor.java:499)
	at java.base/java.lang.reflect.Constructor.newInstance(Constructor.java:480)
	at org.eclipse.core.internal.registry.osgi.RegistryStrategyOSGI.createExecutableExtension(RegistryStrategyOSGI.java:204)
	... 12 more
Caused by: java.lang.NullPointerException: Cannot invoke "java.io.File.getAbsolutePath()" because the return value of "org.eclipse.wildwebdeveloper.embedder.node.NodeJSManager.getNodeJsLocation()" is null
	at org.eclipse.wildwebdeveloper.html.HTMLLanguageServer.<init>(HTMLLanguageServer.java:40)
	... 17 more

!ENTRY org.eclipse.lsp4e 4 0 2025-12-27 07:28:17.848
!MESSAGE Cannot invoke "org.eclipse.lsp4e.server.StreamConnectionProvider.getInputStream()" because "this.lspStreamProvider" is null
!STACK 0
java.lang.NullPointerException: Cannot invoke "org.eclipse.lsp4e.server.StreamConnectionProvider.getInputStream()" because "this.lspStreamProvider" is null
	at org.eclipse.lsp4e.LanguageServerWrapper.lambda$1(LanguageServerWrapper.java:284)
	at java.base/java.util.concurrent.CompletableFuture$UniApply.tryFire(CompletableFuture.java:646)
	at java.base/java.util.concurrent.CompletableFuture.postComplete(CompletableFuture.java:510)
	at java.base/java.util.concurrent.CompletableFuture$AsyncSupply.run(CompletableFuture.java:1773)
	at java.base/java.util.concurrent.CompletableFuture$AsyncSupply.exec(CompletableFuture.java:1760)
	at java.base/java.util.concurrent.ForkJoinTask.doExec(ForkJoinTask.java:373)
	at java.base/java.util.concurrent.ForkJoinPool$WorkQueue.topLevelExec(ForkJoinPool.java:1182)
	at java.base/java.util.concurrent.ForkJoinPool.scan(ForkJoinPool.java:1655)
	at java.base/java.util.concurrent.ForkJoinPool.runWorker(ForkJoinPool.java:1622)
	at java.base/java.util.concurrent.ForkJoinWorkerThread.run(ForkJoinWorkerThread.java:165)

!ENTRY org.eclipse.lsp4e 4 0 2025-12-27 07:28:32.538
!MESSAGE プラグイン "org.eclipse.wildwebdeveloper" は、クラス "org.eclipse.wildwebdeveloper.angular.AngularLanguageServer" をインスタンス化できませんでした。
!STACK 1
org.eclipse.core.runtime.CoreException: プラグイン "org.eclipse.wildwebdeveloper" は、クラス "org.eclipse.wildwebdeveloper.angular.AngularLanguageServer" をインスタンス化できませんでした。
	at org.eclipse.core.internal.registry.osgi.RegistryStrategyOSGI.throwException(RegistryStrategyOSGI.java:212)
	at org.eclipse.core.internal.registry.osgi.RegistryStrategyOSGI.createExecutableExtension(RegistryStrategyOSGI.java:206)
	at org.eclipse.core.internal.registry.ExtensionRegistry.createExecutableExtension(ExtensionRegistry.java:920)
	at org.eclipse.core.internal.registry.ConfigurationElement.createExecutableExtension(ConfigurationElement.java:246)
	at org.eclipse.core.internal.registry.ConfigurationElementHandle.createExecutableExtension(ConfigurationElementHandle.java:63)
	at org.eclipse.lsp4e.LanguageServersRegistry$ExtensionLanguageServerDefinition.createConnectionProvider(LanguageServersRegistry.java:161)
	at org.eclipse.lsp4e.LanguageServerWrapper.lambda$0(LanguageServerWrapper.java:233)
	at java.base/java.util.concurrent.CompletableFuture$AsyncSupply.run(CompletableFuture.java:1768)
	at java.base/java.util.concurrent.CompletableFuture$AsyncSupply.exec(CompletableFuture.java:1760)
	at java.base/java.util.concurrent.ForkJoinTask.doExec(ForkJoinTask.java:373)
	at java.base/java.util.concurrent.ForkJoinPool$WorkQueue.topLevelExec(ForkJoinPool.java:1182)
	at java.base/java.util.concurrent.ForkJoinPool.scan(ForkJoinPool.java:1655)
	at java.base/java.util.concurrent.ForkJoinPool.runWorker(ForkJoinPool.java:1622)
	at java.base/java.util.concurrent.ForkJoinWorkerThread.run(ForkJoinWorkerThread.java:165)
Caused by: java.lang.reflect.InvocationTargetException
	at jdk.internal.reflect.GeneratedConstructorAccessor101.newInstance(Unknown Source)
	at java.base/jdk.internal.reflect.DelegatingConstructorAccessorImpl.newInstance(DelegatingConstructorAccessorImpl.java:45)
	at java.base/java.lang.reflect.Constructor.newInstanceWithCaller(Constructor.java:499)
	at java.base/java.lang.reflect.Constructor.newInstance(Constructor.java:480)
	at org.eclipse.core.internal.registry.osgi.RegistryStrategyOSGI.createExecutableExtension(RegistryStrategyOSGI.java:204)
	... 12 more
Caused by: java.lang.NullPointerException: Cannot invoke "java.io.File.getAbsolutePath()" because the return value of "org.eclipse.wildwebdeveloper.embedder.node.NodeJSManager.getNodeJsLocation()" is null
	at org.eclipse.wildwebdeveloper.angular.AngularLanguageServer.<init>(AngularLanguageServer.java:43)
	... 17 more
!SUBENTRY 1 org.eclipse.equinox.registry 4 1 2025-12-27 07:28:32.538
!MESSAGE プラグイン "org.eclipse.wildwebdeveloper" は、クラス "org.eclipse.wildwebdeveloper.angular.AngularLanguageServer" をインスタンス化できませんでした。
!STACK 0
java.lang.reflect.InvocationTargetException
	at jdk.internal.reflect.GeneratedConstructorAccessor101.newInstance(Unknown Source)
	at java.base/jdk.internal.reflect.DelegatingConstructorAccessorImpl.newInstance(DelegatingConstructorAccessorImpl.java:45)
	at java.base/java.lang.reflect.Constructor.newInstanceWithCaller(Constructor.java:499)
	at java.base/java.lang.reflect.Constructor.newInstance(Constructor.java:480)
	at org.eclipse.core.internal.registry.osgi.RegistryStrategyOSGI.createExecutableExtension(RegistryStrategyOSGI.java:204)
	at org.eclipse.core.internal.registry.ExtensionRegistry.createExecutableExtension(ExtensionRegistry.java:920)
	at org.eclipse.core.internal.registry.ConfigurationElement.createExecutableExtension(ConfigurationElement.java:246)
	at org.eclipse.core.internal.registry.ConfigurationElementHandle.createExecutableExtension(ConfigurationElementHandle.java:63)
	at org.eclipse.lsp4e.LanguageServersRegistry$ExtensionLanguageServerDefinition.createConnectionProvider(LanguageServersRegistry.java:161)
	at org.eclipse.lsp4e.LanguageServerWrapper.lambda$0(LanguageServerWrapper.java:233)
	at java.base/java.util.concurrent.CompletableFuture$AsyncSupply.run(CompletableFuture.java:1768)
	at java.base/java.util.concurrent.CompletableFuture$AsyncSupply.exec(CompletableFuture.java:1760)
	at java.base/java.util.concurrent.ForkJoinTask.doExec(ForkJoinTask.java:373)
	at java.base/java.util.concurrent.ForkJoinPool$WorkQueue.topLevelExec(ForkJoinPool.java:1182)
	at java.base/java.util.concurrent.ForkJoinPool.scan(ForkJoinPool.java:1655)
	at java.base/java.util.concurrent.ForkJoinPool.runWorker(ForkJoinPool.java:1622)
	at java.base/java.util.concurrent.ForkJoinWorkerThread.run(ForkJoinWorkerThread.java:165)
Caused by: java.lang.NullPointerException: Cannot invoke "java.io.File.getAbsolutePath()" because the return value of "org.eclipse.wildwebdeveloper.embedder.node.NodeJSManager.getNodeJsLocation()" is null
	at org.eclipse.wildwebdeveloper.angular.AngularLanguageServer.<init>(AngularLanguageServer.java:43)
	... 17 more
Root exception:
java.lang.NullPointerException: Cannot invoke "java.io.File.getAbsolutePath()" because the return value of "org.eclipse.wildwebdeveloper.embedder.node.NodeJSManager.getNodeJsLocation()" is null
	at org.eclipse.wildwebdeveloper.angular.AngularLanguageServer.<init>(AngularLanguageServer.java:43)
	at jdk.internal.reflect.GeneratedConstructorAccessor101.newInstance(Unknown Source)
	at java.base/jdk.internal.reflect.DelegatingConstructorAccessorImpl.newInstance(DelegatingConstructorAccessorImpl.java:45)
	at java.base/java.lang.reflect.Constructor.newInstanceWithCaller(Constructor.java:499)
	at java.base/java.lang.reflect.Constructor.newInstance(Constructor.java:480)
	at org.eclipse.core.internal.registry.osgi.RegistryStrategyOSGI.createExecutableExtension(RegistryStrategyOSGI.java:204)
	at org.eclipse.core.internal.registry.ExtensionRegistry.createExecutableExtension(ExtensionRegistry.java:920)
	at org.eclipse.core.internal.registry.ConfigurationElement.createExecutableExtension(ConfigurationElement.java:246)
	at org.eclipse.core.internal.registry.ConfigurationElementHandle.createExecutableExtension(ConfigurationElementHandle.java:63)
	at org.eclipse.lsp4e.LanguageServersRegistry$ExtensionLanguageServerDefinition.createConnectionProvider(LanguageServersRegistry.java:161)
	at org.eclipse.lsp4e.LanguageServerWrapper.lambda$0(LanguageServerWrapper.java:233)
	at java.base/java.util.concurrent.CompletableFuture$AsyncSupply.run(CompletableFuture.java:1768)
	at java.base/java.util.concurrent.CompletableFuture$AsyncSupply.exec(CompletableFuture.java:1760)
	at java.base/java.util.concurrent.ForkJoinTask.doExec(ForkJoinTask.java:373)
	at java.base/java.util.concurrent.ForkJoinPool$WorkQueue.topLevelExec(ForkJoinPool.java:1182)
	at java.base/java.util.concurrent.ForkJoinPool.scan(ForkJoinPool.java:1655)
	at java.base/java.util.concurrent.ForkJoinPool.runWorker(ForkJoinPool.java:1622)
	at java.base/java.util.concurrent.ForkJoinWorkerThread.run(ForkJoinWorkerThread.java:165)

!ENTRY org.eclipse.lsp4e 4 0 2025-12-27 07:28:32.539
!MESSAGE プラグイン "org.eclipse.wildwebdeveloper" は、クラス "org.eclipse.wildwebdeveloper.html.HTMLLanguageServer" をインスタンス化できませんでした。
!STACK 1
org.eclipse.core.runtime.CoreException: プラグイン "org.eclipse.wildwebdeveloper" は、クラス "org.eclipse.wildwebdeveloper.html.HTMLLanguageServer" をインスタンス化できませんでした。
	at org.eclipse.core.internal.registry.osgi.RegistryStrategyOSGI.throwException(RegistryStrategyOSGI.java:212)
	at org.eclipse.core.internal.registry.osgi.RegistryStrategyOSGI.createExecutableExtension(RegistryStrategyOSGI.java:206)
	at org.eclipse.core.internal.registry.ExtensionRegistry.createExecutableExtension(ExtensionRegistry.java:920)
	at org.eclipse.core.internal.registry.ConfigurationElement.createExecutableExtension(ConfigurationElement.java:246)
	at org.eclipse.core.internal.registry.ConfigurationElementHandle.createExecutableExtension(ConfigurationElementHandle.java:63)
	at org.eclipse.lsp4e.LanguageServersRegistry$ExtensionLanguageServerDefinition.createConnectionProvider(LanguageServersRegistry.java:161)
	at org.eclipse.lsp4e.LanguageServerWrapper.lambda$0(LanguageServerWrapper.java:233)
	at java.base/java.util.concurrent.CompletableFuture$AsyncSupply.run(CompletableFuture.java:1768)
	at java.base/java.util.concurrent.CompletableFuture$AsyncSupply.exec(CompletableFuture.java:1760)
	at java.base/java.util.concurrent.ForkJoinTask.doExec(ForkJoinTask.java:373)
	at java.base/java.util.concurrent.ForkJoinPool$WorkQueue.topLevelExec(ForkJoinPool.java:1182)
	at java.base/java.util.concurrent.ForkJoinPool.scan(ForkJoinPool.java:1655)
	at java.base/java.util.concurrent.ForkJoinPool.runWorker(ForkJoinPool.java:1622)
	at java.base/java.util.concurrent.ForkJoinWorkerThread.run(ForkJoinWorkerThread.java:165)
Caused by: java.lang.reflect.InvocationTargetException
	at jdk.internal.reflect.GeneratedConstructorAccessor102.newInstance(Unknown Source)
	at java.base/jdk.internal.reflect.DelegatingConstructorAccessorImpl.newInstance(DelegatingConstructorAccessorImpl.java:45)
	at java.base/java.lang.reflect.Constructor.newInstanceWithCaller(Constructor.java:499)
	at java.base/java.lang.reflect.Constructor.newInstance(Constructor.java:480)
	at org.eclipse.core.internal.registry.osgi.RegistryStrategyOSGI.createExecutableExtension(RegistryStrategyOSGI.java:204)
	... 12 more
Caused by: java.lang.NullPointerException: Cannot invoke "java.io.File.getAbsolutePath()" because the return value of "org.eclipse.wildwebdeveloper.embedder.node.NodeJSManager.getNodeJsLocation()" is null
	at org.eclipse.wildwebdeveloper.html.HTMLLanguageServer.<init>(HTMLLanguageServer.java:40)
	... 17 more
!SUBENTRY 1 org.eclipse.equinox.registry 4 1 2025-12-27 07:28:32.539
!MESSAGE プラグイン "org.eclipse.wildwebdeveloper" は、クラス "org.eclipse.wildwebdeveloper.html.HTMLLanguageServer" をインスタンス化できませんでした。
!STACK 0
java.lang.reflect.InvocationTargetException
	at jdk.internal.reflect.GeneratedConstructorAccessor102.newInstance(Unknown Source)
	at java.base/jdk.internal.reflect.DelegatingConstructorAccessorImpl.newInstance(DelegatingConstructorAccessorImpl.java:45)
	at java.base/java.lang.reflect.Constructor.newInstanceWithCaller(Constructor.java:499)
	at java.base/java.lang.reflect.Constructor.newInstance(Constructor.java:480)
	at org.eclipse.core.internal.registry.osgi.RegistryStrategyOSGI.createExecutableExtension(RegistryStrategyOSGI.java:204)
	at org.eclipse.core.internal.registry.ExtensionRegistry.createExecutableExtension(ExtensionRegistry.java:920)
	at org.eclipse.core.internal.registry.ConfigurationElement.createExecutableExtension(ConfigurationElement.java:246)
	at org.eclipse.core.internal.registry.ConfigurationElementHandle.createExecutableExtension(ConfigurationElementHandle.java:63)
	at org.eclipse.lsp4e.LanguageServersRegistry$ExtensionLanguageServerDefinition.createConnectionProvider(LanguageServersRegistry.java:161)
	at org.eclipse.lsp4e.LanguageServerWrapper.lambda$0(LanguageServerWrapper.java:233)
	at java.base/java.util.concurrent.CompletableFuture$AsyncSupply.run(CompletableFuture.java:1768)
	at java.base/java.util.concurrent.CompletableFuture$AsyncSupply.exec(CompletableFuture.java:1760)
	at java.base/java.util.concurrent.ForkJoinTask.doExec(ForkJoinTask.java:373)
	at java.base/java.util.concurrent.ForkJoinPool$WorkQueue.topLevelExec(ForkJoinPool.java:1182)
	at java.base/java.util.concurrent.ForkJoinPool.scan(ForkJoinPool.java:1655)
	at java.base/java.util.concurrent.ForkJoinPool.runWorker(ForkJoinPool.java:1622)
	at java.base/java.util.concurrent.ForkJoinWorkerThread.run(ForkJoinWorkerThread.java:165)
Caused by: java.lang.NullPointerException: Cannot invoke "java.io.File.getAbsolutePath()" because the return value of "org.eclipse.wildwebdeveloper.embedder.node.NodeJSManager.getNodeJsLocation()" is null
	at org.eclipse.wildwebdeveloper.html.HTMLLanguageServer.<init>(HTMLLanguageServer.java:40)
	... 17 more
Root exception:
java.lang.NullPointerException: Cannot invoke "java.io.File.getAbsolutePath()" because the return value of "org.eclipse.wildwebdeveloper.embedder.node.NodeJSManager.getNodeJsLocation()" is null
	at org.eclipse.wildwebdeveloper.html.HTMLLanguageServer.<init>(HTMLLanguageServer.java:40)
	at jdk.internal.reflect.GeneratedConstructorAccessor102.newInstance(Unknown Source)
	at java.base/jdk.internal.reflect.DelegatingConstructorAccessorImpl.newInstance(DelegatingConstructorAccessorImpl.java:45)
	at java.base/java.lang.reflect.Constructor.newInstanceWithCaller(Constructor.java:499)
	at java.base/java.lang.reflect.Constructor.newInstance(Constructor.java:480)
	at org.eclipse.core.internal.registry.osgi.RegistryStrategyOSGI.createExecutableExtension(RegistryStrategyOSGI.java:204)
	at org.eclipse.core.internal.registry.ExtensionRegistry.createExecutableExtension(ExtensionRegistry.java:920)
	at org.eclipse.core.internal.registry.ConfigurationElement.createExecutableExtension(ConfigurationElement.java:246)
	at org.eclipse.core.internal.registry.ConfigurationElementHandle.createExecutableExtension(ConfigurationElementHandle.java:63)
	at org.eclipse.lsp4e.LanguageServersRegistry$ExtensionLanguageServerDefinition.createConnectionProvider(LanguageServersRegistry.java:161)
	at org.eclipse.lsp4e.LanguageServerWrapper.lambda$0(LanguageServerWrapper.java:233)
	at java.base/java.util.concurrent.CompletableFuture$AsyncSupply.run(CompletableFuture.java:1768)
	at java.base/java.util.concurrent.CompletableFuture$AsyncSupply.exec(CompletableFuture.java:1760)
	at java.base/java.util.concurrent.ForkJoinTask.doExec(ForkJoinTask.java:373)
	at java.base/java.util.concurrent.ForkJoinPool$WorkQueue.topLevelExec(ForkJoinPool.java:1182)
	at java.base/java.util.concurrent.ForkJoinPool.scan(ForkJoinPool.java:1655)
	at java.base/java.util.concurrent.ForkJoinPool.runWorker(ForkJoinPool.java:1622)
	at java.base/java.util.concurrent.ForkJoinWorkerThread.run(ForkJoinWorkerThread.java:165)

!ENTRY org.eclipse.lsp4e 4 0 2025-12-27 07:28:32.539
!MESSAGE Exception occurred while creating an instance of the stream connection provider
!STACK 0
java.lang.RuntimeException: Exception occurred while creating an instance of the stream connection provider
	at org.eclipse.lsp4e.LanguageServersRegistry$ExtensionLanguageServerDefinition.createConnectionProvider(LanguageServersRegistry.java:164)
	at org.eclipse.lsp4e.LanguageServerWrapper.lambda$0(LanguageServerWrapper.java:233)
	at java.base/java.util.concurrent.CompletableFuture$AsyncSupply.run(CompletableFuture.java:1768)
	at java.base/java.util.concurrent.CompletableFuture$AsyncSupply.exec(CompletableFuture.java:1760)
	at java.base/java.util.concurrent.ForkJoinTask.doExec(ForkJoinTask.java:373)
	at java.base/java.util.concurrent.ForkJoinPool$WorkQueue.topLevelExec(ForkJoinPool.java:1182)
	at java.base/java.util.concurrent.ForkJoinPool.scan(ForkJoinPool.java:1655)
	at java.base/java.util.concurrent.ForkJoinPool.runWorker(ForkJoinPool.java:1622)
	at java.base/java.util.concurrent.ForkJoinWorkerThread.run(ForkJoinWorkerThread.java:165)
Caused by: org.eclipse.core.runtime.CoreException: プラグイン "org.eclipse.wildwebdeveloper" は、クラス "org.eclipse.wildwebdeveloper.angular.AngularLanguageServer" をインスタンス化できませんでした。
	at org.eclipse.core.internal.registry.osgi.RegistryStrategyOSGI.throwException(RegistryStrategyOSGI.java:212)
	at org.eclipse.core.internal.registry.osgi.RegistryStrategyOSGI.createExecutableExtension(RegistryStrategyOSGI.java:206)
	at org.eclipse.core.internal.registry.ExtensionRegistry.createExecutableExtension(ExtensionRegistry.java:920)
	at org.eclipse.core.internal.registry.ConfigurationElement.createExecutableExtension(ConfigurationElement.java:246)
	at org.eclipse.core.internal.registry.ConfigurationElementHandle.createExecutableExtension(ConfigurationElementHandle.java:63)
	at org.eclipse.lsp4e.LanguageServersRegistry$ExtensionLanguageServerDefinition.createConnectionProvider(LanguageServersRegistry.java:161)
	... 8 more
Caused by: java.lang.reflect.InvocationTargetException
	at jdk.internal.reflect.GeneratedConstructorAccessor101.newInstance(Unknown Source)
	at java.base/jdk.internal.reflect.DelegatingConstructorAccessorImpl.newInstance(DelegatingConstructorAccessorImpl.java:45)
	at java.base/java.lang.reflect.Constructor.newInstanceWithCaller(Constructor.java:499)
	at java.base/java.lang.reflect.Constructor.newInstance(Constructor.java:480)
	at org.eclipse.core.internal.registry.osgi.RegistryStrategyOSGI.createExecutableExtension(RegistryStrategyOSGI.java:204)
	... 12 more
Caused by: java.lang.NullPointerException: Cannot invoke "java.io.File.getAbsolutePath()" because the return value of "org.eclipse.wildwebdeveloper.embedder.node.NodeJSManager.getNodeJsLocation()" is null
	at org.eclipse.wildwebdeveloper.angular.AngularLanguageServer.<init>(AngularLanguageServer.java:43)
	... 17 more

!ENTRY org.eclipse.lsp4e 4 0 2025-12-27 07:28:32.539
!MESSAGE Exception occurred while creating an instance of the stream connection provider
!STACK 0
java.lang.RuntimeException: Exception occurred while creating an instance of the stream connection provider
	at org.eclipse.lsp4e.LanguageServersRegistry$ExtensionLanguageServerDefinition.createConnectionProvider(LanguageServersRegistry.java:164)
	at org.eclipse.lsp4e.LanguageServerWrapper.lambda$0(LanguageServerWrapper.java:233)
	at java.base/java.util.concurrent.CompletableFuture$AsyncSupply.run(CompletableFuture.java:1768)
	at java.base/java.util.concurrent.CompletableFuture$AsyncSupply.exec(CompletableFuture.java:1760)
	at java.base/java.util.concurrent.ForkJoinTask.doExec(ForkJoinTask.java:373)
	at java.base/java.util.concurrent.ForkJoinPool$WorkQueue.topLevelExec(ForkJoinPool.java:1182)
	at java.base/java.util.concurrent.ForkJoinPool.scan(ForkJoinPool.java:1655)
	at java.base/java.util.concurrent.ForkJoinPool.runWorker(ForkJoinPool.java:1622)
	at java.base/java.util.concurrent.ForkJoinWorkerThread.run(ForkJoinWorkerThread.java:165)
Caused by: org.eclipse.core.runtime.CoreException: プラグイン "org.eclipse.wildwebdeveloper" は、クラス "org.eclipse.wildwebdeveloper.html.HTMLLanguageServer" をインスタンス化できませんでした。
	at org.eclipse.core.internal.registry.osgi.RegistryStrategyOSGI.throwException(RegistryStrategyOSGI.java:212)
	at org.eclipse.core.internal.registry.osgi.RegistryStrategyOSGI.createExecutableExtension(RegistryStrategyOSGI.java:206)
	at org.eclipse.core.internal.registry.ExtensionRegistry.createExecutableExtension(ExtensionRegistry.java:920)
	at org.eclipse.core.internal.registry.ConfigurationElement.createExecutableExtension(ConfigurationElement.java:246)
	at org.eclipse.core.internal.registry.ConfigurationElementHandle.createExecutableExtension(ConfigurationElementHandle.java:63)
	at org.eclipse.lsp4e.LanguageServersRegistry$ExtensionLanguageServerDefinition.createConnectionProvider(LanguageServersRegistry.java:161)
	... 8 more
Caused by: java.lang.reflect.InvocationTargetException
	at jdk.internal.reflect.GeneratedConstructorAccessor102.newInstance(Unknown Source)
	at java.base/jdk.internal.reflect.DelegatingConstructorAccessorImpl.newInstance(DelegatingConstructorAccessorImpl.java:45)
	at java.base/java.lang.reflect.Constructor.newInstanceWithCaller(Constructor.java:499)
	at java.base/java.lang.reflect.Constructor.newInstance(Constructor.java:480)
	at org.eclipse.core.internal.registry.osgi.RegistryStrategyOSGI.createExecutableExtension(RegistryStrategyOSGI.java:204)
	... 12 more
Caused by: java.lang.NullPointerException: Cannot invoke "java.io.File.getAbsolutePath()" because the return value of "org.eclipse.wildwebdeveloper.embedder.node.NodeJSManager.getNodeJsLocation()" is null
	at org.eclipse.wildwebdeveloper.html.HTMLLanguageServer.<init>(HTMLLanguageServer.java:40)
	... 17 more

!ENTRY org.eclipse.jface.text 4 0 2025-12-27 07:28:32.540
!MESSAGE java.lang.RuntimeException: Exception occurred while creating an instance of the stream connection provider
!STACK 0
java.util.concurrent.CompletionException: java.lang.RuntimeException: Exception occurred while creating an instance of the stream connection provider
	at java.base/java.util.concurrent.CompletableFuture.encodeThrowable(CompletableFuture.java:332)
	at java.base/java.util.concurrent.CompletableFuture.completeThrowable(CompletableFuture.java:347)
	at java.base/java.util.concurrent.CompletableFuture$UniApply.tryFire(CompletableFuture.java:636)
	at java.base/java.util.concurrent.CompletableFuture.postComplete(CompletableFuture.java:510)
	at java.base/java.util.concurrent.CompletableFuture.completeExceptionally(CompletableFuture.java:2162)
	at org.eclipse.lsp4e.LanguageServerWrapper.lambda$0(LanguageServerWrapper.java:238)
	at java.base/java.util.concurrent.CompletableFuture$AsyncSupply.run(CompletableFuture.java:1768)
	at java.base/java.util.concurrent.CompletableFuture$AsyncSupply.exec(CompletableFuture.java:1760)
	at java.base/java.util.concurrent.ForkJoinTask.doExec(ForkJoinTask.java:373)
	at java.base/java.util.concurrent.ForkJoinPool$WorkQueue.topLevelExec(ForkJoinPool.java:1182)
	at java.base/java.util.concurrent.ForkJoinPool.scan(ForkJoinPool.java:1655)
	at java.base/java.util.concurrent.ForkJoinPool.runWorker(ForkJoinPool.java:1622)
	at java.base/java.util.concurrent.ForkJoinWorkerThread.run(ForkJoinWorkerThread.java:165)
Caused by: java.lang.RuntimeException: Exception occurred while creating an instance of the stream connection provider
	at org.eclipse.lsp4e.LanguageServersRegistry$ExtensionLanguageServerDefinition.createConnectionProvider(LanguageServersRegistry.java:164)
	at org.eclipse.lsp4e.LanguageServerWrapper.lambda$0(LanguageServerWrapper.java:233)
	... 7 more
Caused by: org.eclipse.core.runtime.CoreException: プラグイン "org.eclipse.wildwebdeveloper" は、クラス "org.eclipse.wildwebdeveloper.html.HTMLLanguageServer" をインスタンス化できませんでした。
	at org.eclipse.core.internal.registry.osgi.RegistryStrategyOSGI.throwException(RegistryStrategyOSGI.java:212)
	at org.eclipse.core.internal.registry.osgi.RegistryStrategyOSGI.createExecutableExtension(RegistryStrategyOSGI.java:206)
	at org.eclipse.core.internal.registry.ExtensionRegistry.createExecutableExtension(ExtensionRegistry.java:920)
	at org.eclipse.core.internal.registry.ConfigurationElement.createExecutableExtension(ConfigurationElement.java:246)
	at org.eclipse.core.internal.registry.ConfigurationElementHandle.createExecutableExtension(ConfigurationElementHandle.java:63)
	at org.eclipse.lsp4e.LanguageServersRegistry$ExtensionLanguageServerDefinition.createConnectionProvider(LanguageServersRegistry.java:161)
	... 8 more
Caused by: java.lang.reflect.InvocationTargetException
	at jdk.internal.reflect.GeneratedConstructorAccessor102.newInstance(Unknown Source)
	at java.base/jdk.internal.reflect.DelegatingConstructorAccessorImpl.newInstance(DelegatingConstructorAccessorImpl.java:45)
	at java.base/java.lang.reflect.Constructor.newInstanceWithCaller(Constructor.java:499)
	at java.base/java.lang.reflect.Constructor.newInstance(Constructor.java:480)
	at org.eclipse.core.internal.registry.osgi.RegistryStrategyOSGI.createExecutableExtension(RegistryStrategyOSGI.java:204)
	... 12 more
Caused by: java.lang.NullPointerException: Cannot invoke "java.io.File.getAbsolutePath()" because the return value of "org.eclipse.wildwebdeveloper.embedder.node.NodeJSManager.getNodeJsLocation()" is null
	at org.eclipse.wildwebdeveloper.html.HTMLLanguageServer.<init>(HTMLLanguageServer.java:40)
	... 17 more

!ENTRY org.eclipse.lsp4e 4 0 2025-12-27 07:28:32.540
!MESSAGE Cannot invoke "org.eclipse.lsp4e.server.StreamConnectionProvider.getInputStream()" because "this.lspStreamProvider" is null
!STACK 0
java.lang.NullPointerException: Cannot invoke "org.eclipse.lsp4e.server.StreamConnectionProvider.getInputStream()" because "this.lspStreamProvider" is null
	at org.eclipse.lsp4e.LanguageServerWrapper.lambda$1(LanguageServerWrapper.java:284)
	at java.base/java.util.concurrent.CompletableFuture$UniApply.tryFire(CompletableFuture.java:646)
	at java.base/java.util.concurrent.CompletableFuture.postComplete(CompletableFuture.java:510)
	at java.base/java.util.concurrent.CompletableFuture$AsyncSupply.run(CompletableFuture.java:1773)
	at java.base/java.util.concurrent.CompletableFuture$AsyncSupply.exec(CompletableFuture.java:1760)
	at java.base/java.util.concurrent.ForkJoinTask.doExec(ForkJoinTask.java:373)
	at java.base/java.util.concurrent.ForkJoinPool$WorkQueue.topLevelExec(ForkJoinPool.java:1182)
	at java.base/java.util.concurrent.ForkJoinPool.scan(ForkJoinPool.java:1655)
	at java.base/java.util.concurrent.ForkJoinPool.runWorker(ForkJoinPool.java:1622)
	at java.base/java.util.concurrent.ForkJoinWorkerThread.run(ForkJoinWorkerThread.java:165)

!ENTRY org.eclipse.jface.text 4 0 2025-12-27 07:28:32.541
!MESSAGE java.lang.RuntimeException: Exception occurred while creating an instance of the stream connection provider
!STACK 0
java.util.concurrent.CompletionException: java.lang.RuntimeException: Exception occurred while creating an instance of the stream connection provider
	at java.base/java.util.concurrent.CompletableFuture.encodeThrowable(CompletableFuture.java:332)
	at java.base/java.util.concurrent.CompletableFuture.completeThrowable(CompletableFuture.java:347)
	at java.base/java.util.concurrent.CompletableFuture$UniApply.tryFire(CompletableFuture.java:636)
	at java.base/java.util.concurrent.CompletableFuture.postComplete(CompletableFuture.java:510)
	at java.base/java.util.concurrent.CompletableFuture.completeExceptionally(CompletableFuture.java:2162)
	at org.eclipse.lsp4e.LanguageServerWrapper.lambda$0(LanguageServerWrapper.java:238)
	at java.base/java.util.concurrent.CompletableFuture$AsyncSupply.run(CompletableFuture.java:1768)
	at java.base/java.util.concurrent.CompletableFuture$AsyncSupply.exec(CompletableFuture.java:1760)
	at java.base/java.util.concurrent.ForkJoinTask.doExec(ForkJoinTask.java:373)
	at java.base/java.util.concurrent.ForkJoinPool$WorkQueue.topLevelExec(ForkJoinPool.java:1182)
	at java.base/java.util.concurrent.ForkJoinPool.scan(ForkJoinPool.java:1655)
	at java.base/java.util.concurrent.ForkJoinPool.runWorker(ForkJoinPool.java:1622)
	at java.base/java.util.concurrent.ForkJoinWorkerThread.run(ForkJoinWorkerThread.java:165)
Caused by: java.lang.RuntimeException: Exception occurred while creating an instance of the stream connection provider
	at org.eclipse.lsp4e.LanguageServersRegistry$ExtensionLanguageServerDefinition.createConnectionProvider(LanguageServersRegistry.java:164)
	at org.eclipse.lsp4e.LanguageServerWrapper.lambda$0(LanguageServerWrapper.java:233)
	... 7 more
Caused by: org.eclipse.core.runtime.CoreException: プラグイン "org.eclipse.wildwebdeveloper" は、クラス "org.eclipse.wildwebdeveloper.html.HTMLLanguageServer" をインスタンス化できませんでした。
	at org.eclipse.core.internal.registry.osgi.RegistryStrategyOSGI.throwException(RegistryStrategyOSGI.java:212)
	at org.eclipse.core.internal.registry.osgi.RegistryStrategyOSGI.createExecutableExtension(RegistryStrategyOSGI.java:206)
	at org.eclipse.core.internal.registry.ExtensionRegistry.createExecutableExtension(ExtensionRegistry.java:920)
	at org.eclipse.core.internal.registry.ConfigurationElement.createExecutableExtension(ConfigurationElement.java:246)
	at org.eclipse.core.internal.registry.ConfigurationElementHandle.createExecutableExtension(ConfigurationElementHandle.java:63)
	at org.eclipse.lsp4e.LanguageServersRegistry$ExtensionLanguageServerDefinition.createConnectionProvider(LanguageServersRegistry.java:161)
	... 8 more
Caused by: java.lang.reflect.InvocationTargetException
	at jdk.internal.reflect.GeneratedConstructorAccessor102.newInstance(Unknown Source)
	at java.base/jdk.internal.reflect.DelegatingConstructorAccessorImpl.newInstance(DelegatingConstructorAccessorImpl.java:45)
	at java.base/java.lang.reflect.Constructor.newInstanceWithCaller(Constructor.java:499)
	at java.base/java.lang.reflect.Constructor.newInstance(Constructor.java:480)
	at org.eclipse.core.internal.registry.osgi.RegistryStrategyOSGI.createExecutableExtension(RegistryStrategyOSGI.java:204)
	... 12 more
Caused by: java.lang.NullPointerException: Cannot invoke "java.io.File.getAbsolutePath()" because the return value of "org.eclipse.wildwebdeveloper.embedder.node.NodeJSManager.getNodeJsLocation()" is null
	at org.eclipse.wildwebdeveloper.html.HTMLLanguageServer.<init>(HTMLLanguageServer.java:40)
	... 17 more

!ENTRY org.eclipse.lsp4e 4 0 2025-12-27 07:28:32.541
!MESSAGE Cannot invoke "org.eclipse.lsp4e.server.StreamConnectionProvider.getInputStream()" because "this.lspStreamProvider" is null
!STACK 0
java.lang.NullPointerException: Cannot invoke "org.eclipse.lsp4e.server.StreamConnectionProvider.getInputStream()" because "this.lspStreamProvider" is null
	at org.eclipse.lsp4e.LanguageServerWrapper.lambda$1(LanguageServerWrapper.java:284)
	at java.base/java.util.concurrent.CompletableFuture$UniApply.tryFire(CompletableFuture.java:646)
	at java.base/java.util.concurrent.CompletableFuture.postComplete(CompletableFuture.java:510)
	at java.base/java.util.concurrent.CompletableFuture$AsyncSupply.run(CompletableFuture.java:1773)
	at java.base/java.util.concurrent.CompletableFuture$AsyncSupply.exec(CompletableFuture.java:1760)
	at java.base/java.util.concurrent.ForkJoinTask.doExec(ForkJoinTask.java:373)
	at java.base/java.util.concurrent.ForkJoinPool$WorkQueue.topLevelExec(ForkJoinPool.java:1182)
	at java.base/java.util.concurrent.ForkJoinPool.scan(ForkJoinPool.java:1655)
	at java.base/java.util.concurrent.ForkJoinPool.runWorker(ForkJoinPool.java:1622)
	at java.base/java.util.concurrent.ForkJoinWorkerThread.run(ForkJoinWorkerThread.java:165)

!ENTRY org.eclipse.lsp4e 4 0 2025-12-27 07:28:32.618
!MESSAGE プラグイン "org.eclipse.wildwebdeveloper" は、クラス "org.eclipse.wildwebdeveloper.angular.AngularLanguageServer" をインスタンス化できませんでした。
!STACK 1
org.eclipse.core.runtime.CoreException: プラグイン "org.eclipse.wildwebdeveloper" は、クラス "org.eclipse.wildwebdeveloper.angular.AngularLanguageServer" をインスタンス化できませんでした。
	at org.eclipse.core.internal.registry.osgi.RegistryStrategyOSGI.throwException(RegistryStrategyOSGI.java:212)
	at org.eclipse.core.internal.registry.osgi.RegistryStrategyOSGI.createExecutableExtension(RegistryStrategyOSGI.java:206)
	at org.eclipse.core.internal.registry.ExtensionRegistry.createExecutableExtension(ExtensionRegistry.java:920)
	at org.eclipse.core.internal.registry.ConfigurationElement.createExecutableExtension(ConfigurationElement.java:246)
	at org.eclipse.core.internal.registry.ConfigurationElementHandle.createExecutableExtension(ConfigurationElementHandle.java:63)
	at org.eclipse.lsp4e.LanguageServersRegistry$ExtensionLanguageServerDefinition.createConnectionProvider(LanguageServersRegistry.java:161)
	at org.eclipse.lsp4e.LanguageServerWrapper.lambda$0(LanguageServerWrapper.java:233)
	at java.base/java.util.concurrent.CompletableFuture$AsyncSupply.run(CompletableFuture.java:1768)
	at java.base/java.util.concurrent.CompletableFuture$AsyncSupply.exec(CompletableFuture.java:1760)
	at java.base/java.util.concurrent.ForkJoinTask.doExec(ForkJoinTask.java:373)
	at java.base/java.util.concurrent.ForkJoinPool$WorkQueue.topLevelExec(ForkJoinPool.java:1182)
	at java.base/java.util.concurrent.ForkJoinPool.scan(ForkJoinPool.java:1655)
	at java.base/java.util.concurrent.ForkJoinPool.runWorker(ForkJoinPool.java:1622)
	at java.base/java.util.concurrent.ForkJoinWorkerThread.run(ForkJoinWorkerThread.java:165)
Caused by: java.lang.reflect.InvocationTargetException
	at jdk.internal.reflect.GeneratedConstructorAccessor101.newInstance(Unknown Source)
	at java.base/jdk.internal.reflect.DelegatingConstructorAccessorImpl.newInstance(DelegatingConstructorAccessorImpl.java:45)
	at java.base/java.lang.reflect.Constructor.newInstanceWithCaller(Constructor.java:499)
	at java.base/java.lang.reflect.Constructor.newInstance(Constructor.java:480)
	at org.eclipse.core.internal.registry.osgi.RegistryStrategyOSGI.createExecutableExtension(RegistryStrategyOSGI.java:204)
	... 12 more
Caused by: java.lang.NullPointerException: Cannot invoke "java.io.File.getAbsolutePath()" because the return value of "org.eclipse.wildwebdeveloper.embedder.node.NodeJSManager.getNodeJsLocation()" is null
	at org.eclipse.wildwebdeveloper.angular.AngularLanguageServer.<init>(AngularLanguageServer.java:43)
	... 17 more
!SUBENTRY 1 org.eclipse.equinox.registry 4 1 2025-12-27 07:28:32.618
!MESSAGE プラグイン "org.eclipse.wildwebdeveloper" は、クラス "org.eclipse.wildwebdeveloper.angular.AngularLanguageServer" をインスタンス化できませんでした。
!STACK 0
java.lang.reflect.InvocationTargetException
	at jdk.internal.reflect.GeneratedConstructorAccessor101.newInstance(Unknown Source)
	at java.base/jdk.internal.reflect.DelegatingConstructorAccessorImpl.newInstance(DelegatingConstructorAccessorImpl.java:45)
	at java.base/java.lang.reflect.Constructor.newInstanceWithCaller(Constructor.java:499)
	at java.base/java.lang.reflect.Constructor.newInstance(Constructor.java:480)
	at org.eclipse.core.internal.registry.osgi.RegistryStrategyOSGI.createExecutableExtension(RegistryStrategyOSGI.java:204)
	at org.eclipse.core.internal.registry.ExtensionRegistry.createExecutableExtension(ExtensionRegistry.java:920)
	at org.eclipse.core.internal.registry.ConfigurationElement.createExecutableExtension(ConfigurationElement.java:246)
	at org.eclipse.core.internal.registry.ConfigurationElementHandle.createExecutableExtension(ConfigurationElementHandle.java:63)
	at org.eclipse.lsp4e.LanguageServersRegistry$ExtensionLanguageServerDefinition.createConnectionProvider(LanguageServersRegistry.java:161)
	at org.eclipse.lsp4e.LanguageServerWrapper.lambda$0(LanguageServerWrapper.java:233)
	at java.base/java.util.concurrent.CompletableFuture$AsyncSupply.run(CompletableFuture.java:1768)
	at java.base/java.util.concurrent.CompletableFuture$AsyncSupply.exec(CompletableFuture.java:1760)
	at java.base/java.util.concurrent.ForkJoinTask.doExec(ForkJoinTask.java:373)
	at java.base/java.util.concurrent.ForkJoinPool$WorkQueue.topLevelExec(ForkJoinPool.java:1182)
	at java.base/java.util.concurrent.ForkJoinPool.scan(ForkJoinPool.java:1655)
	at java.base/java.util.concurrent.ForkJoinPool.runWorker(ForkJoinPool.java:1622)
	at java.base/java.util.concurrent.ForkJoinWorkerThread.run(ForkJoinWorkerThread.java:165)
Caused by: java.lang.NullPointerException: Cannot invoke "java.io.File.getAbsolutePath()" because the return value of "org.eclipse.wildwebdeveloper.embedder.node.NodeJSManager.getNodeJsLocation()" is null
	at org.eclipse.wildwebdeveloper.angular.AngularLanguageServer.<init>(AngularLanguageServer.java:43)
	... 17 more
Root exception:
java.lang.NullPointerException: Cannot invoke "java.io.File.getAbsolutePath()" because the return value of "org.eclipse.wildwebdeveloper.embedder.node.NodeJSManager.getNodeJsLocation()" is null
	at org.eclipse.wildwebdeveloper.angular.AngularLanguageServer.<init>(AngularLanguageServer.java:43)
	at jdk.internal.reflect.GeneratedConstructorAccessor101.newInstance(Unknown Source)
	at java.base/jdk.internal.reflect.DelegatingConstructorAccessorImpl.newInstance(DelegatingConstructorAccessorImpl.java:45)
	at java.base/java.lang.reflect.Constructor.newInstanceWithCaller(Constructor.java:499)
	at java.base/java.lang.reflect.Constructor.newInstance(Constructor.java:480)
	at org.eclipse.core.internal.registry.osgi.RegistryStrategyOSGI.createExecutableExtension(RegistryStrategyOSGI.java:204)
	at org.eclipse.core.internal.registry.ExtensionRegistry.createExecutableExtension(ExtensionRegistry.java:920)
	at org.eclipse.core.internal.registry.ConfigurationElement.createExecutableExtension(ConfigurationElement.java:246)
	at org.eclipse.core.internal.registry.ConfigurationElementHandle.createExecutableExtension(ConfigurationElementHandle.java:63)
	at org.eclipse.lsp4e.LanguageServersRegistry$ExtensionLanguageServerDefinition.createConnectionProvider(LanguageServersRegistry.java:161)
	at org.eclipse.lsp4e.LanguageServerWrapper.lambda$0(LanguageServerWrapper.java:233)
	at java.base/java.util.concurrent.CompletableFuture$AsyncSupply.run(CompletableFuture.java:1768)
	at java.base/java.util.concurrent.CompletableFuture$AsyncSupply.exec(CompletableFuture.java:1760)
	at java.base/java.util.concurrent.ForkJoinTask.doExec(ForkJoinTask.java:373)
	at java.base/java.util.concurrent.ForkJoinPool$WorkQueue.topLevelExec(ForkJoinPool.java:1182)
	at java.base/java.util.concurrent.ForkJoinPool.scan(ForkJoinPool.java:1655)
	at java.base/java.util.concurrent.ForkJoinPool.runWorker(ForkJoinPool.java:1622)
	at java.base/java.util.concurrent.ForkJoinWorkerThread.run(ForkJoinWorkerThread.java:165)

!ENTRY org.eclipse.lsp4e 4 0 2025-12-27 07:28:32.618
!MESSAGE Exception occurred while creating an instance of the stream connection provider
!STACK 0
java.lang.RuntimeException: Exception occurred while creating an instance of the stream connection provider
	at org.eclipse.lsp4e.LanguageServersRegistry$ExtensionLanguageServerDefinition.createConnectionProvider(LanguageServersRegistry.java:164)
	at org.eclipse.lsp4e.LanguageServerWrapper.lambda$0(LanguageServerWrapper.java:233)
	at java.base/java.util.concurrent.CompletableFuture$AsyncSupply.run(CompletableFuture.java:1768)
	at java.base/java.util.concurrent.CompletableFuture$AsyncSupply.exec(CompletableFuture.java:1760)
	at java.base/java.util.concurrent.ForkJoinTask.doExec(ForkJoinTask.java:373)
	at java.base/java.util.concurrent.ForkJoinPool$WorkQueue.topLevelExec(ForkJoinPool.java:1182)
	at java.base/java.util.concurrent.ForkJoinPool.scan(ForkJoinPool.java:1655)
	at java.base/java.util.concurrent.ForkJoinPool.runWorker(ForkJoinPool.java:1622)
	at java.base/java.util.concurrent.ForkJoinWorkerThread.run(ForkJoinWorkerThread.java:165)
Caused by: org.eclipse.core.runtime.CoreException: プラグイン "org.eclipse.wildwebdeveloper" は、クラス "org.eclipse.wildwebdeveloper.angular.AngularLanguageServer" をインスタンス化できませんでした。
	at org.eclipse.core.internal.registry.osgi.RegistryStrategyOSGI.throwException(RegistryStrategyOSGI.java:212)
	at org.eclipse.core.internal.registry.osgi.RegistryStrategyOSGI.createExecutableExtension(RegistryStrategyOSGI.java:206)
	at org.eclipse.core.internal.registry.ExtensionRegistry.createExecutableExtension(ExtensionRegistry.java:920)
	at org.eclipse.core.internal.registry.ConfigurationElement.createExecutableExtension(ConfigurationElement.java:246)
	at org.eclipse.core.internal.registry.ConfigurationElementHandle.createExecutableExtension(ConfigurationElementHandle.java:63)
	at org.eclipse.lsp4e.LanguageServersRegistry$ExtensionLanguageServerDefinition.createConnectionProvider(LanguageServersRegistry.java:161)
	... 8 more
Caused by: java.lang.reflect.InvocationTargetException
	at jdk.internal.reflect.GeneratedConstructorAccessor101.newInstance(Unknown Source)
	at java.base/jdk.internal.reflect.DelegatingConstructorAccessorImpl.newInstance(DelegatingConstructorAccessorImpl.java:45)
	at java.base/java.lang.reflect.Constructor.newInstanceWithCaller(Constructor.java:499)
	at java.base/java.lang.reflect.Constructor.newInstance(Constructor.java:480)
	at org.eclipse.core.internal.registry.osgi.RegistryStrategyOSGI.createExecutableExtension(RegistryStrategyOSGI.java:204)
	... 12 more
Caused by: java.lang.NullPointerException: Cannot invoke "java.io.File.getAbsolutePath()" because the return value of "org.eclipse.wildwebdeveloper.embedder.node.NodeJSManager.getNodeJsLocation()" is null
	at org.eclipse.wildwebdeveloper.angular.AngularLanguageServer.<init>(AngularLanguageServer.java:43)
	... 17 more

!ENTRY org.eclipse.lsp4e 4 0 2025-12-27 07:28:32.620
!MESSAGE Cannot invoke "org.eclipse.lsp4e.server.StreamConnectionProvider.getInputStream()" because "this.lspStreamProvider" is null
!STACK 0
java.lang.NullPointerException: Cannot invoke "org.eclipse.lsp4e.server.StreamConnectionProvider.getInputStream()" because "this.lspStreamProvider" is null
	at org.eclipse.lsp4e.LanguageServerWrapper.lambda$1(LanguageServerWrapper.java:284)
	at java.base/java.util.concurrent.CompletableFuture$UniApply.tryFire(CompletableFuture.java:646)
	at java.base/java.util.concurrent.CompletableFuture.postComplete(CompletableFuture.java:510)
	at java.base/java.util.concurrent.CompletableFuture$AsyncSupply.run(CompletableFuture.java:1773)
	at java.base/java.util.concurrent.CompletableFuture$AsyncSupply.exec(CompletableFuture.java:1760)
	at java.base/java.util.concurrent.ForkJoinTask.doExec(ForkJoinTask.java:373)
	at java.base/java.util.concurrent.ForkJoinPool$WorkQueue.topLevelExec(ForkJoinPool.java:1182)
	at java.base/java.util.concurrent.ForkJoinPool.scan(ForkJoinPool.java:1655)
	at java.base/java.util.concurrent.ForkJoinPool.runWorker(ForkJoinPool.java:1622)
	at java.base/java.util.concurrent.ForkJoinWorkerThread.run(ForkJoinWorkerThread.java:165)

!ENTRY org.eclipse.lsp4e 4 0 2025-12-27 07:28:32.622
!MESSAGE プラグイン "org.eclipse.wildwebdeveloper" は、クラス "org.eclipse.wildwebdeveloper.html.HTMLLanguageServer" をインスタンス化できませんでした。
!STACK 1
org.eclipse.core.runtime.CoreException: プラグイン "org.eclipse.wildwebdeveloper" は、クラス "org.eclipse.wildwebdeveloper.html.HTMLLanguageServer" をインスタンス化できませんでした。
	at org.eclipse.core.internal.registry.osgi.RegistryStrategyOSGI.throwException(RegistryStrategyOSGI.java:212)
	at org.eclipse.core.internal.registry.osgi.RegistryStrategyOSGI.createExecutableExtension(RegistryStrategyOSGI.java:206)
	at org.eclipse.core.internal.registry.ExtensionRegistry.createExecutableExtension(ExtensionRegistry.java:920)
	at org.eclipse.core.internal.registry.ConfigurationElement.createExecutableExtension(ConfigurationElement.java:246)
	at org.eclipse.core.internal.registry.ConfigurationElementHandle.createExecutableExtension(ConfigurationElementHandle.java:63)
	at org.eclipse.lsp4e.LanguageServersRegistry$ExtensionLanguageServerDefinition.createConnectionProvider(LanguageServersRegistry.java:161)
	at org.eclipse.lsp4e.LanguageServerWrapper.lambda$0(LanguageServerWrapper.java:233)
	at java.base/java.util.concurrent.CompletableFuture$AsyncSupply.run(CompletableFuture.java:1768)
	at java.base/java.util.concurrent.CompletableFuture$AsyncSupply.exec(CompletableFuture.java:1760)
	at java.base/java.util.concurrent.ForkJoinTask.doExec(ForkJoinTask.java:373)
	at java.base/java.util.concurrent.ForkJoinPool$WorkQueue.topLevelExec(ForkJoinPool.java:1182)
	at java.base/java.util.concurrent.ForkJoinPool.scan(ForkJoinPool.java:1655)
	at java.base/java.util.concurrent.ForkJoinPool.runWorker(ForkJoinPool.java:1622)
	at java.base/java.util.concurrent.ForkJoinWorkerThread.run(ForkJoinWorkerThread.java:165)
Caused by: java.lang.reflect.InvocationTargetException
	at jdk.internal.reflect.GeneratedConstructorAccessor102.newInstance(Unknown Source)
	at java.base/jdk.internal.reflect.DelegatingConstructorAccessorImpl.newInstance(DelegatingConstructorAccessorImpl.java:45)
	at java.base/java.lang.reflect.Constructor.newInstanceWithCaller(Constructor.java:499)
	at java.base/java.lang.reflect.Constructor.newInstance(Constructor.java:480)
	at org.eclipse.core.internal.registry.osgi.RegistryStrategyOSGI.createExecutableExtension(RegistryStrategyOSGI.java:204)
	... 12 more
Caused by: java.lang.NullPointerException: Cannot invoke "java.io.File.getAbsolutePath()" because the return value of "org.eclipse.wildwebdeveloper.embedder.node.NodeJSManager.getNodeJsLocation()" is null
	at org.eclipse.wildwebdeveloper.html.HTMLLanguageServer.<init>(HTMLLanguageServer.java:40)
	... 17 more
!SUBENTRY 1 org.eclipse.equinox.registry 4 1 2025-12-27 07:28:32.622
!MESSAGE プラグイン "org.eclipse.wildwebdeveloper" は、クラス "org.eclipse.wildwebdeveloper.html.HTMLLanguageServer" をインスタンス化できませんでした。
!STACK 0
java.lang.reflect.InvocationTargetException
	at jdk.internal.reflect.GeneratedConstructorAccessor102.newInstance(Unknown Source)
	at java.base/jdk.internal.reflect.DelegatingConstructorAccessorImpl.newInstance(DelegatingConstructorAccessorImpl.java:45)
	at java.base/java.lang.reflect.Constructor.newInstanceWithCaller(Constructor.java:499)
	at java.base/java.lang.reflect.Constructor.newInstance(Constructor.java:480)
	at org.eclipse.core.internal.registry.osgi.RegistryStrategyOSGI.createExecutableExtension(RegistryStrategyOSGI.java:204)
	at org.eclipse.core.internal.registry.ExtensionRegistry.createExecutableExtension(ExtensionRegistry.java:920)
	at org.eclipse.core.internal.registry.ConfigurationElement.createExecutableExtension(ConfigurationElement.java:246)
	at org.eclipse.core.internal.registry.ConfigurationElementHandle.createExecutableExtension(ConfigurationElementHandle.java:63)
	at org.eclipse.lsp4e.LanguageServersRegistry$ExtensionLanguageServerDefinition.createConnectionProvider(LanguageServersRegistry.java:161)
	at org.eclipse.lsp4e.LanguageServerWrapper.lambda$0(LanguageServerWrapper.java:233)
	at java.base/java.util.concurrent.CompletableFuture$AsyncSupply.run(CompletableFuture.java:1768)
	at java.base/java.util.concurrent.CompletableFuture$AsyncSupply.exec(CompletableFuture.java:1760)
	at java.base/java.util.concurrent.ForkJoinTask.doExec(ForkJoinTask.java:373)
	at java.base/java.util.concurrent.ForkJoinPool$WorkQueue.topLevelExec(ForkJoinPool.java:1182)
	at java.base/java.util.concurrent.ForkJoinPool.scan(ForkJoinPool.java:1655)
	at java.base/java.util.concurrent.ForkJoinPool.runWorker(ForkJoinPool.java:1622)
	at java.base/java.util.concurrent.ForkJoinWorkerThread.run(ForkJoinWorkerThread.java:165)
Caused by: java.lang.NullPointerException: Cannot invoke "java.io.File.getAbsolutePath()" because the return value of "org.eclipse.wildwebdeveloper.embedder.node.NodeJSManager.getNodeJsLocation()" is null
	at org.eclipse.wildwebdeveloper.html.HTMLLanguageServer.<init>(HTMLLanguageServer.java:40)
	... 17 more
Root exception:
java.lang.NullPointerException: Cannot invoke "java.io.File.getAbsolutePath()" because the return value of "org.eclipse.wildwebdeveloper.embedder.node.NodeJSManager.getNodeJsLocation()" is null
	at org.eclipse.wildwebdeveloper.html.HTMLLanguageServer.<init>(HTMLLanguageServer.java:40)
	at jdk.internal.reflect.GeneratedConstructorAccessor102.newInstance(Unknown Source)
	at java.base/jdk.internal.reflect.DelegatingConstructorAccessorImpl.newInstance(DelegatingConstructorAccessorImpl.java:45)
	at java.base/java.lang.reflect.Constructor.newInstanceWithCaller(Constructor.java:499)
	at java.base/java.lang.reflect.Constructor.newInstance(Constructor.java:480)
	at org.eclipse.core.internal.registry.osgi.RegistryStrategyOSGI.createExecutableExtension(RegistryStrategyOSGI.java:204)
	at org.eclipse.core.internal.registry.ExtensionRegistry.createExecutableExtension(ExtensionRegistry.java:920)
	at org.eclipse.core.internal.registry.ConfigurationElement.createExecutableExtension(ConfigurationElement.java:246)
	at org.eclipse.core.internal.registry.ConfigurationElementHandle.createExecutableExtension(ConfigurationElementHandle.java:63)
	at org.eclipse.lsp4e.LanguageServersRegistry$ExtensionLanguageServerDefinition.createConnectionProvider(LanguageServersRegistry.java:161)
	at org.eclipse.lsp4e.LanguageServerWrapper.lambda$0(LanguageServerWrapper.java:233)
	at java.base/java.util.concurrent.CompletableFuture$AsyncSupply.run(CompletableFuture.java:1768)
	at java.base/java.util.concurrent.CompletableFuture$AsyncSupply.exec(CompletableFuture.java:1760)
	at java.base/java.util.concurrent.ForkJoinTask.doExec(ForkJoinTask.java:373)
	at java.base/java.util.concurrent.ForkJoinPool$WorkQueue.topLevelExec(ForkJoinPool.java:1182)
	at java.base/java.util.concurrent.ForkJoinPool.scan(ForkJoinPool.java:1655)
	at java.base/java.util.concurrent.ForkJoinPool.runWorker(ForkJoinPool.java:1622)
	at java.base/java.util.concurrent.ForkJoinWorkerThread.run(ForkJoinWorkerThread.java:165)

!ENTRY org.eclipse.lsp4e 4 0 2025-12-27 07:28:32.622
!MESSAGE Exception occurred while creating an instance of the stream connection provider
!STACK 0
java.lang.RuntimeException: Exception occurred while creating an instance of the stream connection provider
	at org.eclipse.lsp4e.LanguageServersRegistry$ExtensionLanguageServerDefinition.createConnectionProvider(LanguageServersRegistry.java:164)
	at org.eclipse.lsp4e.LanguageServerWrapper.lambda$0(LanguageServerWrapper.java:233)
	at java.base/java.util.concurrent.CompletableFuture$AsyncSupply.run(CompletableFuture.java:1768)
	at java.base/java.util.concurrent.CompletableFuture$AsyncSupply.exec(CompletableFuture.java:1760)
	at java.base/java.util.concurrent.ForkJoinTask.doExec(ForkJoinTask.java:373)
	at java.base/java.util.concurrent.ForkJoinPool$WorkQueue.topLevelExec(ForkJoinPool.java:1182)
	at java.base/java.util.concurrent.ForkJoinPool.scan(ForkJoinPool.java:1655)
	at java.base/java.util.concurrent.ForkJoinPool.runWorker(ForkJoinPool.java:1622)
	at java.base/java.util.concurrent.ForkJoinWorkerThread.run(ForkJoinWorkerThread.java:165)
Caused by: org.eclipse.core.runtime.CoreException: プラグイン "org.eclipse.wildwebdeveloper" は、クラス "org.eclipse.wildwebdeveloper.html.HTMLLanguageServer" をインスタンス化できませんでした。
	at org.eclipse.core.internal.registry.osgi.RegistryStrategyOSGI.throwException(RegistryStrategyOSGI.java:212)
	at org.eclipse.core.internal.registry.osgi.RegistryStrategyOSGI.createExecutableExtension(RegistryStrategyOSGI.java:206)
	at org.eclipse.core.internal.registry.ExtensionRegistry.createExecutableExtension(ExtensionRegistry.java:920)
	at org.eclipse.core.internal.registry.ConfigurationElement.createExecutableExtension(ConfigurationElement.java:246)
	at org.eclipse.core.internal.registry.ConfigurationElementHandle.createExecutableExtension(ConfigurationElementHandle.java:63)
	at org.eclipse.lsp4e.LanguageServersRegistry$ExtensionLanguageServerDefinition.createConnectionProvider(LanguageServersRegistry.java:161)
	... 8 more
Caused by: java.lang.reflect.InvocationTargetException
	at jdk.internal.reflect.GeneratedConstructorAccessor102.newInstance(Unknown Source)
	at java.base/jdk.internal.reflect.DelegatingConstructorAccessorImpl.newInstance(DelegatingConstructorAccessorImpl.java:45)
	at java.base/java.lang.reflect.Constructor.newInstanceWithCaller(Constructor.java:499)
	at java.base/java.lang.reflect.Constructor.newInstance(Constructor.java:480)
	at org.eclipse.core.internal.registry.osgi.RegistryStrategyOSGI.createExecutableExtension(RegistryStrategyOSGI.java:204)
	... 12 more
Caused by: java.lang.NullPointerException: Cannot invoke "java.io.File.getAbsolutePath()" because the return value of "org.eclipse.wildwebdeveloper.embedder.node.NodeJSManager.getNodeJsLocation()" is null
	at org.eclipse.wildwebdeveloper.html.HTMLLanguageServer.<init>(HTMLLanguageServer.java:40)
	... 17 more

!ENTRY org.eclipse.lsp4e 4 0 2025-12-27 07:28:32.623
!MESSAGE Cannot invoke "org.eclipse.lsp4e.server.StreamConnectionProvider.getInputStream()" because "this.lspStreamProvider" is null
!STACK 0
java.lang.NullPointerException: Cannot invoke "org.eclipse.lsp4e.server.StreamConnectionProvider.getInputStream()" because "this.lspStreamProvider" is null
	at org.eclipse.lsp4e.LanguageServerWrapper.lambda$1(LanguageServerWrapper.java:284)
	at java.base/java.util.concurrent.CompletableFuture$UniApply.tryFire(CompletableFuture.java:646)
	at java.base/java.util.concurrent.CompletableFuture.postComplete(CompletableFuture.java:510)
	at java.base/java.util.concurrent.CompletableFuture$AsyncSupply.run(CompletableFuture.java:1773)
	at java.base/java.util.concurrent.CompletableFuture$AsyncSupply.exec(CompletableFuture.java:1760)
	at java.base/java.util.concurrent.ForkJoinTask.doExec(ForkJoinTask.java:373)
	at java.base/java.util.concurrent.ForkJoinPool$WorkQueue.topLevelExec(ForkJoinPool.java:1182)
	at java.base/java.util.concurrent.ForkJoinPool.scan(ForkJoinPool.java:1655)
	at java.base/java.util.concurrent.ForkJoinPool.runWorker(ForkJoinPool.java:1622)
	at java.base/java.util.concurrent.ForkJoinWorkerThread.run(ForkJoinWorkerThread.java:165)

!ENTRY org.eclipse.lsp4e 4 0 2025-12-27 07:28:32.688
!MESSAGE プラグイン "org.eclipse.wildwebdeveloper" は、クラス "org.eclipse.wildwebdeveloper.angular.AngularLanguageServer" をインスタンス化できませんでした。
!STACK 1
org.eclipse.core.runtime.CoreException: プラグイン "org.eclipse.wildwebdeveloper" は、クラス "org.eclipse.wildwebdeveloper.angular.AngularLanguageServer" をインスタンス化できませんでした。
	at org.eclipse.core.internal.registry.osgi.RegistryStrategyOSGI.throwException(RegistryStrategyOSGI.java:212)
	at org.eclipse.core.internal.registry.osgi.RegistryStrategyOSGI.createExecutableExtension(RegistryStrategyOSGI.java:206)
	at org.eclipse.core.internal.registry.ExtensionRegistry.createExecutableExtension(ExtensionRegistry.java:920)
	at org.eclipse.core.internal.registry.ConfigurationElement.createExecutableExtension(ConfigurationElement.java:246)
	at org.eclipse.core.internal.registry.ConfigurationElementHandle.createExecutableExtension(ConfigurationElementHandle.java:63)
	at org.eclipse.lsp4e.LanguageServersRegistry$ExtensionLanguageServerDefinition.createConnectionProvider(LanguageServersRegistry.java:161)
	at org.eclipse.lsp4e.LanguageServerWrapper.lambda$0(LanguageServerWrapper.java:233)
	at java.base/java.util.concurrent.CompletableFuture$AsyncSupply.run(CompletableFuture.java:1768)
	at java.base/java.util.concurrent.CompletableFuture$AsyncSupply.exec(CompletableFuture.java:1760)
	at java.base/java.util.concurrent.ForkJoinTask.doExec(ForkJoinTask.java:373)
	at java.base/java.util.concurrent.ForkJoinPool$WorkQueue.topLevelExec(ForkJoinPool.java:1182)
	at java.base/java.util.concurrent.ForkJoinPool.scan(ForkJoinPool.java:1655)
	at java.base/java.util.concurrent.ForkJoinPool.runWorker(ForkJoinPool.java:1622)
	at java.base/java.util.concurrent.ForkJoinWorkerThread.run(ForkJoinWorkerThread.java:165)
Caused by: java.lang.reflect.InvocationTargetException
	at jdk.internal.reflect.GeneratedConstructorAccessor101.newInstance(Unknown Source)
	at java.base/jdk.internal.reflect.DelegatingConstructorAccessorImpl.newInstance(DelegatingConstructorAccessorImpl.java:45)
	at java.base/java.lang.reflect.Constructor.newInstanceWithCaller(Constructor.java:499)
	at java.base/java.lang.reflect.Constructor.newInstance(Constructor.java:480)
	at org.eclipse.core.internal.registry.osgi.RegistryStrategyOSGI.createExecutableExtension(RegistryStrategyOSGI.java:204)
	... 12 more
Caused by: java.lang.NullPointerException: Cannot invoke "java.io.File.getAbsolutePath()" because the return value of "org.eclipse.wildwebdeveloper.embedder.node.NodeJSManager.getNodeJsLocation()" is null
	at org.eclipse.wildwebdeveloper.angular.AngularLanguageServer.<init>(AngularLanguageServer.java:43)
	... 17 more
!SUBENTRY 1 org.eclipse.equinox.registry 4 1 2025-12-27 07:28:32.688
!MESSAGE プラグイン "org.eclipse.wildwebdeveloper" は、クラス "org.eclipse.wildwebdeveloper.angular.AngularLanguageServer" をインスタンス化できませんでした。
!STACK 0
java.lang.reflect.InvocationTargetException
	at jdk.internal.reflect.GeneratedConstructorAccessor101.newInstance(Unknown Source)
	at java.base/jdk.internal.reflect.DelegatingConstructorAccessorImpl.newInstance(DelegatingConstructorAccessorImpl.java:45)
	at java.base/java.lang.reflect.Constructor.newInstanceWithCaller(Constructor.java:499)
	at java.base/java.lang.reflect.Constructor.newInstance(Constructor.java:480)
	at org.eclipse.core.internal.registry.osgi.RegistryStrategyOSGI.createExecutableExtension(RegistryStrategyOSGI.java:204)
	at org.eclipse.core.internal.registry.ExtensionRegistry.createExecutableExtension(ExtensionRegistry.java:920)
	at org.eclipse.core.internal.registry.ConfigurationElement.createExecutableExtension(ConfigurationElement.java:246)
	at org.eclipse.core.internal.registry.ConfigurationElementHandle.createExecutableExtension(ConfigurationElementHandle.java:63)
	at org.eclipse.lsp4e.LanguageServersRegistry$ExtensionLanguageServerDefinition.createConnectionProvider(LanguageServersRegistry.java:161)
	at org.eclipse.lsp4e.LanguageServerWrapper.lambda$0(LanguageServerWrapper.java:233)
	at java.base/java.util.concurrent.CompletableFuture$AsyncSupply.run(CompletableFuture.java:1768)
	at java.base/java.util.concurrent.CompletableFuture$AsyncSupply.exec(CompletableFuture.java:1760)
	at java.base/java.util.concurrent.ForkJoinTask.doExec(ForkJoinTask.java:373)
	at java.base/java.util.concurrent.ForkJoinPool$WorkQueue.topLevelExec(ForkJoinPool.java:1182)
	at java.base/java.util.concurrent.ForkJoinPool.scan(ForkJoinPool.java:1655)
	at java.base/java.util.concurrent.ForkJoinPool.runWorker(ForkJoinPool.java:1622)
	at java.base/java.util.concurrent.ForkJoinWorkerThread.run(ForkJoinWorkerThread.java:165)
Caused by: java.lang.NullPointerException: Cannot invoke "java.io.File.getAbsolutePath()" because the return value of "org.eclipse.wildwebdeveloper.embedder.node.NodeJSManager.getNodeJsLocation()" is null
	at org.eclipse.wildwebdeveloper.angular.AngularLanguageServer.<init>(AngularLanguageServer.java:43)
	... 17 more
Root exception:
java.lang.NullPointerException: Cannot invoke "java.io.File.getAbsolutePath()" because the return value of "org.eclipse.wildwebdeveloper.embedder.node.NodeJSManager.getNodeJsLocation()" is null
	at org.eclipse.wildwebdeveloper.angular.AngularLanguageServer.<init>(AngularLanguageServer.java:43)
	at jdk.internal.reflect.GeneratedConstructorAccessor101.newInstance(Unknown Source)
	at java.base/jdk.internal.reflect.DelegatingConstructorAccessorImpl.newInstance(DelegatingConstructorAccessorImpl.java:45)
	at java.base/java.lang.reflect.Constructor.newInstanceWithCaller(Constructor.java:499)
	at java.base/java.lang.reflect.Constructor.newInstance(Constructor.java:480)
	at org.eclipse.core.internal.registry.osgi.RegistryStrategyOSGI.createExecutableExtension(RegistryStrategyOSGI.java:204)
	at org.eclipse.core.internal.registry.ExtensionRegistry.createExecutableExtension(ExtensionRegistry.java:920)
	at org.eclipse.core.internal.registry.ConfigurationElement.createExecutableExtension(ConfigurationElement.java:246)
	at org.eclipse.core.internal.registry.ConfigurationElementHandle.createExecutableExtension(ConfigurationElementHandle.java:63)
	at org.eclipse.lsp4e.LanguageServersRegistry$ExtensionLanguageServerDefinition.createConnectionProvider(LanguageServersRegistry.java:161)
	at org.eclipse.lsp4e.LanguageServerWrapper.lambda$0(LanguageServerWrapper.java:233)
	at java.base/java.util.concurrent.CompletableFuture$AsyncSupply.run(CompletableFuture.java:1768)
	at java.base/java.util.concurrent.CompletableFuture$AsyncSupply.exec(CompletableFuture.java:1760)
	at java.base/java.util.concurrent.ForkJoinTask.doExec(ForkJoinTask.java:373)
	at java.base/java.util.concurrent.ForkJoinPool$WorkQueue.topLevelExec(ForkJoinPool.java:1182)
	at java.base/java.util.concurrent.ForkJoinPool.scan(ForkJoinPool.java:1655)
	at java.base/java.util.concurrent.ForkJoinPool.runWorker(ForkJoinPool.java:1622)
	at java.base/java.util.concurrent.ForkJoinWorkerThread.run(ForkJoinWorkerThread.java:165)

!ENTRY org.eclipse.lsp4e 4 0 2025-12-27 07:28:32.688
!MESSAGE Exception occurred while creating an instance of the stream connection provider
!STACK 0
java.lang.RuntimeException: Exception occurred while creating an instance of the stream connection provider
	at org.eclipse.lsp4e.LanguageServersRegistry$ExtensionLanguageServerDefinition.createConnectionProvider(LanguageServersRegistry.java:164)
	at org.eclipse.lsp4e.LanguageServerWrapper.lambda$0(LanguageServerWrapper.java:233)
	at java.base/java.util.concurrent.CompletableFuture$AsyncSupply.run(CompletableFuture.java:1768)
	at java.base/java.util.concurrent.CompletableFuture$AsyncSupply.exec(CompletableFuture.java:1760)
	at java.base/java.util.concurrent.ForkJoinTask.doExec(ForkJoinTask.java:373)
	at java.base/java.util.concurrent.ForkJoinPool$WorkQueue.topLevelExec(ForkJoinPool.java:1182)
	at java.base/java.util.concurrent.ForkJoinPool.scan(ForkJoinPool.java:1655)
	at java.base/java.util.concurrent.ForkJoinPool.runWorker(ForkJoinPool.java:1622)
	at java.base/java.util.concurrent.ForkJoinWorkerThread.run(ForkJoinWorkerThread.java:165)
Caused by: org.eclipse.core.runtime.CoreException: プラグイン "org.eclipse.wildwebdeveloper" は、クラス "org.eclipse.wildwebdeveloper.angular.AngularLanguageServer" をインスタンス化できませんでした。
	at org.eclipse.core.internal.registry.osgi.RegistryStrategyOSGI.throwException(RegistryStrategyOSGI.java:212)
	at org.eclipse.core.internal.registry.osgi.RegistryStrategyOSGI.createExecutableExtension(RegistryStrategyOSGI.java:206)
	at org.eclipse.core.internal.registry.ExtensionRegistry.createExecutableExtension(ExtensionRegistry.java:920)
	at org.eclipse.core.internal.registry.ConfigurationElement.createExecutableExtension(ConfigurationElement.java:246)
	at org.eclipse.core.internal.registry.ConfigurationElementHandle.createExecutableExtension(ConfigurationElementHandle.java:63)
	at org.eclipse.lsp4e.LanguageServersRegistry$ExtensionLanguageServerDefinition.createConnectionProvider(LanguageServersRegistry.java:161)
	... 8 more
Caused by: java.lang.reflect.InvocationTargetException
	at jdk.internal.reflect.GeneratedConstructorAccessor101.newInstance(Unknown Source)
	at java.base/jdk.internal.reflect.DelegatingConstructorAccessorImpl.newInstance(DelegatingConstructorAccessorImpl.java:45)
	at java.base/java.lang.reflect.Constructor.newInstanceWithCaller(Constructor.java:499)
	at java.base/java.lang.reflect.Constructor.newInstance(Constructor.java:480)
	at org.eclipse.core.internal.registry.osgi.RegistryStrategyOSGI.createExecutableExtension(RegistryStrategyOSGI.java:204)
	... 12 more
Caused by: java.lang.NullPointerException: Cannot invoke "java.io.File.getAbsolutePath()" because the return value of "org.eclipse.wildwebdeveloper.embedder.node.NodeJSManager.getNodeJsLocation()" is null
	at org.eclipse.wildwebdeveloper.angular.AngularLanguageServer.<init>(AngularLanguageServer.java:43)
	... 17 more

!ENTRY org.eclipse.lsp4e 4 0 2025-12-27 07:28:32.689
!MESSAGE Cannot invoke "org.eclipse.lsp4e.server.StreamConnectionProvider.getInputStream()" because "this.lspStreamProvider" is null
!STACK 0
java.lang.NullPointerException: Cannot invoke "org.eclipse.lsp4e.server.StreamConnectionProvider.getInputStream()" because "this.lspStreamProvider" is null
	at org.eclipse.lsp4e.LanguageServerWrapper.lambda$1(LanguageServerWrapper.java:284)
	at java.base/java.util.concurrent.CompletableFuture$UniApply.tryFire(CompletableFuture.java:646)
	at java.base/java.util.concurrent.CompletableFuture.postComplete(CompletableFuture.java:510)
	at java.base/java.util.concurrent.CompletableFuture$AsyncSupply.run(CompletableFuture.java:1773)
	at java.base/java.util.concurrent.CompletableFuture$AsyncSupply.exec(CompletableFuture.java:1760)
	at java.base/java.util.concurrent.ForkJoinTask.doExec(ForkJoinTask.java:373)
	at java.base/java.util.concurrent.ForkJoinPool$WorkQueue.topLevelExec(ForkJoinPool.java:1182)
	at java.base/java.util.concurrent.ForkJoinPool.scan(ForkJoinPool.java:1655)
	at java.base/java.util.concurrent.ForkJoinPool.runWorker(ForkJoinPool.java:1622)
	at java.base/java.util.concurrent.ForkJoinWorkerThread.run(ForkJoinWorkerThread.java:165)

!ENTRY org.eclipse.lsp4e 4 0 2025-12-27 07:28:32.691
!MESSAGE プラグイン "org.eclipse.wildwebdeveloper" は、クラス "org.eclipse.wildwebdeveloper.html.HTMLLanguageServer" をインスタンス化できませんでした。
!STACK 1
org.eclipse.core.runtime.CoreException: プラグイン "org.eclipse.wildwebdeveloper" は、クラス "org.eclipse.wildwebdeveloper.html.HTMLLanguageServer" をインスタンス化できませんでした。
	at org.eclipse.core.internal.registry.osgi.RegistryStrategyOSGI.throwException(RegistryStrategyOSGI.java:212)
	at org.eclipse.core.internal.registry.osgi.RegistryStrategyOSGI.createExecutableExtension(RegistryStrategyOSGI.java:206)
	at org.eclipse.core.internal.registry.ExtensionRegistry.createExecutableExtension(ExtensionRegistry.java:920)
	at org.eclipse.core.internal.registry.ConfigurationElement.createExecutableExtension(ConfigurationElement.java:246)
	at org.eclipse.core.internal.registry.ConfigurationElementHandle.createExecutableExtension(ConfigurationElementHandle.java:63)
	at org.eclipse.lsp4e.LanguageServersRegistry$ExtensionLanguageServerDefinition.createConnectionProvider(LanguageServersRegistry.java:161)
	at org.eclipse.lsp4e.LanguageServerWrapper.lambda$0(LanguageServerWrapper.java:233)
	at java.base/java.util.concurrent.CompletableFuture$AsyncSupply.run(CompletableFuture.java:1768)
	at java.base/java.util.concurrent.CompletableFuture$AsyncSupply.exec(CompletableFuture.java:1760)
	at java.base/java.util.concurrent.ForkJoinTask.doExec(ForkJoinTask.java:373)
	at java.base/java.util.concurrent.ForkJoinPool$WorkQueue.topLevelExec(ForkJoinPool.java:1182)
	at java.base/java.util.concurrent.ForkJoinPool.scan(ForkJoinPool.java:1655)
	at java.base/java.util.concurrent.ForkJoinPool.runWorker(ForkJoinPool.java:1622)
	at java.base/java.util.concurrent.ForkJoinWorkerThread.run(ForkJoinWorkerThread.java:165)
Caused by: java.lang.reflect.InvocationTargetException
	at jdk.internal.reflect.GeneratedConstructorAccessor102.newInstance(Unknown Source)
	at java.base/jdk.internal.reflect.DelegatingConstructorAccessorImpl.newInstance(DelegatingConstructorAccessorImpl.java:45)
	at java.base/java.lang.reflect.Constructor.newInstanceWithCaller(Constructor.java:499)
	at java.base/java.lang.reflect.Constructor.newInstance(Constructor.java:480)
	at org.eclipse.core.internal.registry.osgi.RegistryStrategyOSGI.createExecutableExtension(RegistryStrategyOSGI.java:204)
	... 12 more
Caused by: java.lang.NullPointerException: Cannot invoke "java.io.File.getAbsolutePath()" because the return value of "org.eclipse.wildwebdeveloper.embedder.node.NodeJSManager.getNodeJsLocation()" is null
	at org.eclipse.wildwebdeveloper.html.HTMLLanguageServer.<init>(HTMLLanguageServer.java:40)
	... 17 more
!SUBENTRY 1 org.eclipse.equinox.registry 4 1 2025-12-27 07:28:32.691
!MESSAGE プラグイン "org.eclipse.wildwebdeveloper" は、クラス "org.eclipse.wildwebdeveloper.html.HTMLLanguageServer" をインスタンス化できませんでした。
!STACK 0
java.lang.reflect.InvocationTargetException
	at jdk.internal.reflect.GeneratedConstructorAccessor102.newInstance(Unknown Source)
	at java.base/jdk.internal.reflect.DelegatingConstructorAccessorImpl.newInstance(DelegatingConstructorAccessorImpl.java:45)
	at java.base/java.lang.reflect.Constructor.newInstanceWithCaller(Constructor.java:499)
	at java.base/java.lang.reflect.Constructor.newInstance(Constructor.java:480)
	at org.eclipse.core.internal.registry.osgi.RegistryStrategyOSGI.createExecutableExtension(RegistryStrategyOSGI.java:204)
	at org.eclipse.core.internal.registry.ExtensionRegistry.createExecutableExtension(ExtensionRegistry.java:920)
	at org.eclipse.core.internal.registry.ConfigurationElement.createExecutableExtension(ConfigurationElement.java:246)
	at org.eclipse.core.internal.registry.ConfigurationElementHandle.createExecutableExtension(ConfigurationElementHandle.java:63)
	at org.eclipse.lsp4e.LanguageServersRegistry$ExtensionLanguageServerDefinition.createConnectionProvider(LanguageServersRegistry.java:161)
	at org.eclipse.lsp4e.LanguageServerWrapper.lambda$0(LanguageServerWrapper.java:233)
	at java.base/java.util.concurrent.CompletableFuture$AsyncSupply.run(CompletableFuture.java:1768)
	at java.base/java.util.concurrent.CompletableFuture$AsyncSupply.exec(CompletableFuture.java:1760)
	at java.base/java.util.concurrent.ForkJoinTask.doExec(ForkJoinTask.java:373)
	at java.base/java.util.concurrent.ForkJoinPool$WorkQueue.topLevelExec(ForkJoinPool.java:1182)
	at java.base/java.util.concurrent.ForkJoinPool.scan(ForkJoinPool.java:1655)
	at java.base/java.util.concurrent.ForkJoinPool.runWorker(ForkJoinPool.java:1622)
	at java.base/java.util.concurrent.ForkJoinWorkerThread.run(ForkJoinWorkerThread.java:165)
Caused by: java.lang.NullPointerException: Cannot invoke "java.io.File.getAbsolutePath()" because the return value of "org.eclipse.wildwebdeveloper.embedder.node.NodeJSManager.getNodeJsLocation()" is null
	at org.eclipse.wildwebdeveloper.html.HTMLLanguageServer.<init>(HTMLLanguageServer.java:40)
	... 17 more
Root exception:
java.lang.NullPointerException: Cannot invoke "java.io.File.getAbsolutePath()" because the return value of "org.eclipse.wildwebdeveloper.embedder.node.NodeJSManager.getNodeJsLocation()" is null
	at org.eclipse.wildwebdeveloper.html.HTMLLanguageServer.<init>(HTMLLanguageServer.java:40)
	at jdk.internal.reflect.GeneratedConstructorAccessor102.newInstance(Unknown Source)
	at java.base/jdk.internal.reflect.DelegatingConstructorAccessorImpl.newInstance(DelegatingConstructorAccessorImpl.java:45)
	at java.base/java.lang.reflect.Constructor.newInstanceWithCaller(Constructor.java:499)
	at java.base/java.lang.reflect.Constructor.newInstance(Constructor.java:480)
	at org.eclipse.core.internal.registry.osgi.RegistryStrategyOSGI.createExecutableExtension(RegistryStrategyOSGI.java:204)
	at org.eclipse.core.internal.registry.ExtensionRegistry.createExecutableExtension(ExtensionRegistry.java:920)
	at org.eclipse.core.internal.registry.ConfigurationElement.createExecutableExtension(ConfigurationElement.java:246)
	at org.eclipse.core.internal.registry.ConfigurationElementHandle.createExecutableExtension(ConfigurationElementHandle.java:63)
	at org.eclipse.lsp4e.LanguageServersRegistry$ExtensionLanguageServerDefinition.createConnectionProvider(LanguageServersRegistry.java:161)
	at org.eclipse.lsp4e.LanguageServerWrapper.lambda$0(LanguageServerWrapper.java:233)
	at java.base/java.util.concurrent.CompletableFuture$AsyncSupply.run(CompletableFuture.java:1768)
	at java.base/java.util.concurrent.CompletableFuture$AsyncSupply.exec(CompletableFuture.java:1760)
	at java.base/java.util.concurrent.ForkJoinTask.doExec(ForkJoinTask.java:373)
	at java.base/java.util.concurrent.ForkJoinPool$WorkQueue.topLevelExec(ForkJoinPool.java:1182)
	at java.base/java.util.concurrent.ForkJoinPool.scan(ForkJoinPool.java:1655)
	at java.base/java.util.concurrent.ForkJoinPool.runWorker(ForkJoinPool.java:1622)
	at java.base/java.util.concurrent.ForkJoinWorkerThread.run(ForkJoinWorkerThread.java:165)

!ENTRY org.eclipse.lsp4e 4 0 2025-12-27 07:28:32.692
!MESSAGE Exception occurred while creating an instance of the stream connection provider
!STACK 0
java.lang.RuntimeException: Exception occurred while creating an instance of the stream connection provider
	at org.eclipse.lsp4e.LanguageServersRegistry$ExtensionLanguageServerDefinition.createConnectionProvider(LanguageServersRegistry.java:164)
	at org.eclipse.lsp4e.LanguageServerWrapper.lambda$0(LanguageServerWrapper.java:233)
	at java.base/java.util.concurrent.CompletableFuture$AsyncSupply.run(CompletableFuture.java:1768)
	at java.base/java.util.concurrent.CompletableFuture$AsyncSupply.exec(CompletableFuture.java:1760)
	at java.base/java.util.concurrent.ForkJoinTask.doExec(ForkJoinTask.java:373)
	at java.base/java.util.concurrent.ForkJoinPool$WorkQueue.topLevelExec(ForkJoinPool.java:1182)
	at java.base/java.util.concurrent.ForkJoinPool.scan(ForkJoinPool.java:1655)
	at java.base/java.util.concurrent.ForkJoinPool.runWorker(ForkJoinPool.java:1622)
	at java.base/java.util.concurrent.ForkJoinWorkerThread.run(ForkJoinWorkerThread.java:165)
Caused by: org.eclipse.core.runtime.CoreException: プラグイン "org.eclipse.wildwebdeveloper" は、クラス "org.eclipse.wildwebdeveloper.html.HTMLLanguageServer" をインスタンス化できませんでした。
	at org.eclipse.core.internal.registry.osgi.RegistryStrategyOSGI.throwException(RegistryStrategyOSGI.java:212)
	at org.eclipse.core.internal.registry.osgi.RegistryStrategyOSGI.createExecutableExtension(RegistryStrategyOSGI.java:206)
	at org.eclipse.core.internal.registry.ExtensionRegistry.createExecutableExtension(ExtensionRegistry.java:920)
	at org.eclipse.core.internal.registry.ConfigurationElement.createExecutableExtension(ConfigurationElement.java:246)
	at org.eclipse.core.internal.registry.ConfigurationElementHandle.createExecutableExtension(ConfigurationElementHandle.java:63)
	at org.eclipse.lsp4e.LanguageServersRegistry$ExtensionLanguageServerDefinition.createConnectionProvider(LanguageServersRegistry.java:161)
	... 8 more
Caused by: java.lang.reflect.InvocationTargetException
	at jdk.internal.reflect.GeneratedConstructorAccessor102.newInstance(Unknown Source)
	at java.base/jdk.internal.reflect.DelegatingConstructorAccessorImpl.newInstance(DelegatingConstructorAccessorImpl.java:45)
	at java.base/java.lang.reflect.Constructor.newInstanceWithCaller(Constructor.java:499)
	at java.base/java.lang.reflect.Constructor.newInstance(Constructor.java:480)
	at org.eclipse.core.internal.registry.osgi.RegistryStrategyOSGI.createExecutableExtension(RegistryStrategyOSGI.java:204)
	... 12 more
Caused by: java.lang.NullPointerException: Cannot invoke "java.io.File.getAbsolutePath()" because the return value of "org.eclipse.wildwebdeveloper.embedder.node.NodeJSManager.getNodeJsLocation()" is null
	at org.eclipse.wildwebdeveloper.html.HTMLLanguageServer.<init>(HTMLLanguageServer.java:40)
	... 17 more

!ENTRY org.eclipse.lsp4e 4 0 2025-12-27 07:28:32.692
!MESSAGE Cannot invoke "org.eclipse.lsp4e.server.StreamConnectionProvider.getInputStream()" because "this.lspStreamProvider" is null
!STACK 0
java.lang.NullPointerException: Cannot invoke "org.eclipse.lsp4e.server.StreamConnectionProvider.getInputStream()" because "this.lspStreamProvider" is null
	at org.eclipse.lsp4e.LanguageServerWrapper.lambda$1(LanguageServerWrapper.java:284)
	at java.base/java.util.concurrent.CompletableFuture$UniApply.tryFire(CompletableFuture.java:646)
	at java.base/java.util.concurrent.CompletableFuture.postComplete(CompletableFuture.java:510)
	at java.base/java.util.concurrent.CompletableFuture$AsyncSupply.run(CompletableFuture.java:1773)
	at java.base/java.util.concurrent.CompletableFuture$AsyncSupply.exec(CompletableFuture.java:1760)
	at java.base/java.util.concurrent.ForkJoinTask.doExec(ForkJoinTask.java:373)
	at java.base/java.util.concurrent.ForkJoinPool$WorkQueue.topLevelExec(ForkJoinPool.java:1182)
	at java.base/java.util.concurrent.ForkJoinPool.scan(ForkJoinPool.java:1655)
	at java.base/java.util.concurrent.ForkJoinPool.runWorker(ForkJoinPool.java:1622)
	at java.base/java.util.concurrent.ForkJoinWorkerThread.run(ForkJoinWorkerThread.java:165)

!ENTRY org.eclipse.lsp4e 4 0 2025-12-27 07:28:32.756
!MESSAGE プラグイン "org.eclipse.wildwebdeveloper" は、クラス "org.eclipse.wildwebdeveloper.html.HTMLLanguageServer" をインスタンス化できませんでした。
!STACK 1
org.eclipse.core.runtime.CoreException: プラグイン "org.eclipse.wildwebdeveloper" は、クラス "org.eclipse.wildwebdeveloper.html.HTMLLanguageServer" をインスタンス化できませんでした。
	at org.eclipse.core.internal.registry.osgi.RegistryStrategyOSGI.throwException(RegistryStrategyOSGI.java:212)
	at org.eclipse.core.internal.registry.osgi.RegistryStrategyOSGI.createExecutableExtension(RegistryStrategyOSGI.java:206)
	at org.eclipse.core.internal.registry.ExtensionRegistry.createExecutableExtension(ExtensionRegistry.java:920)
	at org.eclipse.core.internal.registry.ConfigurationElement.createExecutableExtension(ConfigurationElement.java:246)
	at org.eclipse.core.internal.registry.ConfigurationElementHandle.createExecutableExtension(ConfigurationElementHandle.java:63)
	at org.eclipse.lsp4e.LanguageServersRegistry$ExtensionLanguageServerDefinition.createConnectionProvider(LanguageServersRegistry.java:161)
	at org.eclipse.lsp4e.LanguageServerWrapper.lambda$0(LanguageServerWrapper.java:233)
	at java.base/java.util.concurrent.CompletableFuture$AsyncSupply.run(CompletableFuture.java:1768)
	at java.base/java.util.concurrent.CompletableFuture$AsyncSupply.exec(CompletableFuture.java:1760)
	at java.base/java.util.concurrent.ForkJoinTask.doExec(ForkJoinTask.java:373)
	at java.base/java.util.concurrent.ForkJoinPool$WorkQueue.topLevelExec(ForkJoinPool.java:1182)
	at java.base/java.util.concurrent.ForkJoinPool.scan(ForkJoinPool.java:1655)
	at java.base/java.util.concurrent.ForkJoinPool.runWorker(ForkJoinPool.java:1622)
	at java.base/java.util.concurrent.ForkJoinWorkerThread.run(ForkJoinWorkerThread.java:165)
Caused by: java.lang.reflect.InvocationTargetException
	at jdk.internal.reflect.GeneratedConstructorAccessor102.newInstance(Unknown Source)
	at java.base/jdk.internal.reflect.DelegatingConstructorAccessorImpl.newInstance(DelegatingConstructorAccessorImpl.java:45)
	at java.base/java.lang.reflect.Constructor.newInstanceWithCaller(Constructor.java:499)
	at java.base/java.lang.reflect.Constructor.newInstance(Constructor.java:480)
	at org.eclipse.core.internal.registry.osgi.RegistryStrategyOSGI.createExecutableExtension(RegistryStrategyOSGI.java:204)
	... 12 more
Caused by: java.lang.NullPointerException: Cannot invoke "java.io.File.getAbsolutePath()" because the return value of "org.eclipse.wildwebdeveloper.embedder.node.NodeJSManager.getNodeJsLocation()" is null
	at org.eclipse.wildwebdeveloper.html.HTMLLanguageServer.<init>(HTMLLanguageServer.java:40)
	... 17 more
!SUBENTRY 1 org.eclipse.equinox.registry 4 1 2025-12-27 07:28:32.756
!MESSAGE プラグイン "org.eclipse.wildwebdeveloper" は、クラス "org.eclipse.wildwebdeveloper.html.HTMLLanguageServer" をインスタンス化できませんでした。
!STACK 0
java.lang.reflect.InvocationTargetException
	at jdk.internal.reflect.GeneratedConstructorAccessor102.newInstance(Unknown Source)
	at java.base/jdk.internal.reflect.DelegatingConstructorAccessorImpl.newInstance(DelegatingConstructorAccessorImpl.java:45)
	at java.base/java.lang.reflect.Constructor.newInstanceWithCaller(Constructor.java:499)
	at java.base/java.lang.reflect.Constructor.newInstance(Constructor.java:480)
	at org.eclipse.core.internal.registry.osgi.RegistryStrategyOSGI.createExecutableExtension(RegistryStrategyOSGI.java:204)
	at org.eclipse.core.internal.registry.ExtensionRegistry.createExecutableExtension(ExtensionRegistry.java:920)
	at org.eclipse.core.internal.registry.ConfigurationElement.createExecutableExtension(ConfigurationElement.java:246)
	at org.eclipse.core.internal.registry.ConfigurationElementHandle.createExecutableExtension(ConfigurationElementHandle.java:63)
	at org.eclipse.lsp4e.LanguageServersRegistry$ExtensionLanguageServerDefinition.createConnectionProvider(LanguageServersRegistry.java:161)
	at org.eclipse.lsp4e.LanguageServerWrapper.lambda$0(LanguageServerWrapper.java:233)
	at java.base/java.util.concurrent.CompletableFuture$AsyncSupply.run(CompletableFuture.java:1768)
	at java.base/java.util.concurrent.CompletableFuture$AsyncSupply.exec(CompletableFuture.java:1760)
	at java.base/java.util.concurrent.ForkJoinTask.doExec(ForkJoinTask.java:373)
	at java.base/java.util.concurrent.ForkJoinPool$WorkQueue.topLevelExec(ForkJoinPool.java:1182)
	at java.base/java.util.concurrent.ForkJoinPool.scan(ForkJoinPool.java:1655)
	at java.base/java.util.concurrent.ForkJoinPool.runWorker(ForkJoinPool.java:1622)
	at java.base/java.util.concurrent.ForkJoinWorkerThread.run(ForkJoinWorkerThread.java:165)
Caused by: java.lang.NullPointerException: Cannot invoke "java.io.File.getAbsolutePath()" because the return value of "org.eclipse.wildwebdeveloper.embedder.node.NodeJSManager.getNodeJsLocation()" is null
	at org.eclipse.wildwebdeveloper.html.HTMLLanguageServer.<init>(HTMLLanguageServer.java:40)
	... 17 more
Root exception:
java.lang.NullPointerException: Cannot invoke "java.io.File.getAbsolutePath()" because the return value of "org.eclipse.wildwebdeveloper.embedder.node.NodeJSManager.getNodeJsLocation()" is null
	at org.eclipse.wildwebdeveloper.html.HTMLLanguageServer.<init>(HTMLLanguageServer.java:40)
	at jdk.internal.reflect.GeneratedConstructorAccessor102.newInstance(Unknown Source)
	at java.base/jdk.internal.reflect.DelegatingConstructorAccessorImpl.newInstance(DelegatingConstructorAccessorImpl.java:45)
	at java.base/java.lang.reflect.Constructor.newInstanceWithCaller(Constructor.java:499)
	at java.base/java.lang.reflect.Constructor.newInstance(Constructor.java:480)
	at org.eclipse.core.internal.registry.osgi.RegistryStrategyOSGI.createExecutableExtension(RegistryStrategyOSGI.java:204)
	at org.eclipse.core.internal.registry.ExtensionRegistry.createExecutableExtension(ExtensionRegistry.java:920)
	at org.eclipse.core.internal.registry.ConfigurationElement.createExecutableExtension(ConfigurationElement.java:246)
	at org.eclipse.core.internal.registry.ConfigurationElementHandle.createExecutableExtension(ConfigurationElementHandle.java:63)
	at org.eclipse.lsp4e.LanguageServersRegistry$ExtensionLanguageServerDefinition.createConnectionProvider(LanguageServersRegistry.java:161)
	at org.eclipse.lsp4e.LanguageServerWrapper.lambda$0(LanguageServerWrapper.java:233)
	at java.base/java.util.concurrent.CompletableFuture$AsyncSupply.run(CompletableFuture.java:1768)
	at java.base/java.util.concurrent.CompletableFuture$AsyncSupply.exec(CompletableFuture.java:1760)
	at java.base/java.util.concurrent.ForkJoinTask.doExec(ForkJoinTask.java:373)
	at java.base/java.util.concurrent.ForkJoinPool$WorkQueue.topLevelExec(ForkJoinPool.java:1182)
	at java.base/java.util.concurrent.ForkJoinPool.scan(ForkJoinPool.java:1655)
	at java.base/java.util.concurrent.ForkJoinPool.runWorker(ForkJoinPool.java:1622)
	at java.base/java.util.concurrent.ForkJoinWorkerThread.run(ForkJoinWorkerThread.java:165)

!ENTRY org.eclipse.lsp4e 4 0 2025-12-27 07:28:32.757
!MESSAGE Exception occurred while creating an instance of the stream connection provider
!STACK 0
java.lang.RuntimeException: Exception occurred while creating an instance of the stream connection provider
	at org.eclipse.lsp4e.LanguageServersRegistry$ExtensionLanguageServerDefinition.createConnectionProvider(LanguageServersRegistry.java:164)
	at org.eclipse.lsp4e.LanguageServerWrapper.lambda$0(LanguageServerWrapper.java:233)
	at java.base/java.util.concurrent.CompletableFuture$AsyncSupply.run(CompletableFuture.java:1768)
	at java.base/java.util.concurrent.CompletableFuture$AsyncSupply.exec(CompletableFuture.java:1760)
	at java.base/java.util.concurrent.ForkJoinTask.doExec(ForkJoinTask.java:373)
	at java.base/java.util.concurrent.ForkJoinPool$WorkQueue.topLevelExec(ForkJoinPool.java:1182)
	at java.base/java.util.concurrent.ForkJoinPool.scan(ForkJoinPool.java:1655)
	at java.base/java.util.concurrent.ForkJoinPool.runWorker(ForkJoinPool.java:1622)
	at java.base/java.util.concurrent.ForkJoinWorkerThread.run(ForkJoinWorkerThread.java:165)
Caused by: org.eclipse.core.runtime.CoreException: プラグイン "org.eclipse.wildwebdeveloper" は、クラス "org.eclipse.wildwebdeveloper.html.HTMLLanguageServer" をインスタンス化できませんでした。
	at org.eclipse.core.internal.registry.osgi.RegistryStrategyOSGI.throwException(RegistryStrategyOSGI.java:212)
	at org.eclipse.core.internal.registry.osgi.RegistryStrategyOSGI.createExecutableExtension(RegistryStrategyOSGI.java:206)
	at org.eclipse.core.internal.registry.ExtensionRegistry.createExecutableExtension(ExtensionRegistry.java:920)
	at org.eclipse.core.internal.registry.ConfigurationElement.createExecutableExtension(ConfigurationElement.java:246)
	at org.eclipse.core.internal.registry.ConfigurationElementHandle.createExecutableExtension(ConfigurationElementHandle.java:63)
	at org.eclipse.lsp4e.LanguageServersRegistry$ExtensionLanguageServerDefinition.createConnectionProvider(LanguageServersRegistry.java:161)
	... 8 more
Caused by: java.lang.reflect.InvocationTargetException
	at jdk.internal.reflect.GeneratedConstructorAccessor102.newInstance(Unknown Source)
	at java.base/jdk.internal.reflect.DelegatingConstructorAccessorImpl.newInstance(DelegatingConstructorAccessorImpl.java:45)
	at java.base/java.lang.reflect.Constructor.newInstanceWithCaller(Constructor.java:499)
	at java.base/java.lang.reflect.Constructor.newInstance(Constructor.java:480)
	at org.eclipse.core.internal.registry.osgi.RegistryStrategyOSGI.createExecutableExtension(RegistryStrategyOSGI.java:204)
	... 12 more
Caused by: java.lang.NullPointerException: Cannot invoke "java.io.File.getAbsolutePath()" because the return value of "org.eclipse.wildwebdeveloper.embedder.node.NodeJSManager.getNodeJsLocation()" is null
	at org.eclipse.wildwebdeveloper.html.HTMLLanguageServer.<init>(HTMLLanguageServer.java:40)
	... 17 more

!ENTRY org.eclipse.lsp4e 4 0 2025-12-27 07:28:32.757
!MESSAGE Cannot invoke "org.eclipse.lsp4e.server.StreamConnectionProvider.getInputStream()" because "this.lspStreamProvider" is null
!STACK 0
java.lang.NullPointerException: Cannot invoke "org.eclipse.lsp4e.server.StreamConnectionProvider.getInputStream()" because "this.lspStreamProvider" is null
	at org.eclipse.lsp4e.LanguageServerWrapper.lambda$1(LanguageServerWrapper.java:284)
	at java.base/java.util.concurrent.CompletableFuture$UniApply.tryFire(CompletableFuture.java:646)
	at java.base/java.util.concurrent.CompletableFuture.postComplete(CompletableFuture.java:510)
	at java.base/java.util.concurrent.CompletableFuture$AsyncSupply.run(CompletableFuture.java:1773)
	at java.base/java.util.concurrent.CompletableFuture$AsyncSupply.exec(CompletableFuture.java:1760)
	at java.base/java.util.concurrent.ForkJoinTask.doExec(ForkJoinTask.java:373)
	at java.base/java.util.concurrent.ForkJoinPool$WorkQueue.topLevelExec(ForkJoinPool.java:1182)
	at java.base/java.util.concurrent.ForkJoinPool.scan(ForkJoinPool.java:1655)
	at java.base/java.util.concurrent.ForkJoinPool.runWorker(ForkJoinPool.java:1622)
	at java.base/java.util.concurrent.ForkJoinWorkerThread.run(ForkJoinWorkerThread.java:165)

!ENTRY org.eclipse.lsp4e 4 0 2025-12-27 07:28:32.758
!MESSAGE プラグイン "org.eclipse.wildwebdeveloper" は、クラス "org.eclipse.wildwebdeveloper.angular.AngularLanguageServer" をインスタンス化できませんでした。
!STACK 1
org.eclipse.core.runtime.CoreException: プラグイン "org.eclipse.wildwebdeveloper" は、クラス "org.eclipse.wildwebdeveloper.angular.AngularLanguageServer" をインスタンス化できませんでした。
	at org.eclipse.core.internal.registry.osgi.RegistryStrategyOSGI.throwException(RegistryStrategyOSGI.java:212)
	at org.eclipse.core.internal.registry.osgi.RegistryStrategyOSGI.createExecutableExtension(RegistryStrategyOSGI.java:206)
	at org.eclipse.core.internal.registry.ExtensionRegistry.createExecutableExtension(ExtensionRegistry.java:920)
	at org.eclipse.core.internal.registry.ConfigurationElement.createExecutableExtension(ConfigurationElement.java:246)
	at org.eclipse.core.internal.registry.ConfigurationElementHandle.createExecutableExtension(ConfigurationElementHandle.java:63)
	at org.eclipse.lsp4e.LanguageServersRegistry$ExtensionLanguageServerDefinition.createConnectionProvider(LanguageServersRegistry.java:161)
	at org.eclipse.lsp4e.LanguageServerWrapper.lambda$0(LanguageServerWrapper.java:233)
	at java.base/java.util.concurrent.CompletableFuture$AsyncSupply.run(CompletableFuture.java:1768)
	at java.base/java.util.concurrent.CompletableFuture$AsyncSupply.exec(CompletableFuture.java:1760)
	at java.base/java.util.concurrent.ForkJoinTask.doExec(ForkJoinTask.java:373)
	at java.base/java.util.concurrent.ForkJoinPool$WorkQueue.topLevelExec(ForkJoinPool.java:1182)
	at java.base/java.util.concurrent.ForkJoinPool.scan(ForkJoinPool.java:1655)
	at java.base/java.util.concurrent.ForkJoinPool.runWorker(ForkJoinPool.java:1622)
	at java.base/java.util.concurrent.ForkJoinWorkerThread.run(ForkJoinWorkerThread.java:165)
Caused by: java.lang.reflect.InvocationTargetException
	at jdk.internal.reflect.GeneratedConstructorAccessor101.newInstance(Unknown Source)
	at java.base/jdk.internal.reflect.DelegatingConstructorAccessorImpl.newInstance(DelegatingConstructorAccessorImpl.java:45)
	at java.base/java.lang.reflect.Constructor.newInstanceWithCaller(Constructor.java:499)
	at java.base/java.lang.reflect.Constructor.newInstance(Constructor.java:480)
	at org.eclipse.core.internal.registry.osgi.RegistryStrategyOSGI.createExecutableExtension(RegistryStrategyOSGI.java:204)
	... 12 more
Caused by: java.lang.NullPointerException: Cannot invoke "java.io.File.getAbsolutePath()" because the return value of "org.eclipse.wildwebdeveloper.embedder.node.NodeJSManager.getNodeJsLocation()" is null
	at org.eclipse.wildwebdeveloper.angular.AngularLanguageServer.<init>(AngularLanguageServer.java:43)
	... 17 more
!SUBENTRY 1 org.eclipse.equinox.registry 4 1 2025-12-27 07:28:32.758
!MESSAGE プラグイン "org.eclipse.wildwebdeveloper" は、クラス "org.eclipse.wildwebdeveloper.angular.AngularLanguageServer" をインスタンス化できませんでした。
!STACK 0
java.lang.reflect.InvocationTargetException
	at jdk.internal.reflect.GeneratedConstructorAccessor101.newInstance(Unknown Source)
	at java.base/jdk.internal.reflect.DelegatingConstructorAccessorImpl.newInstance(DelegatingConstructorAccessorImpl.java:45)
	at java.base/java.lang.reflect.Constructor.newInstanceWithCaller(Constructor.java:499)
	at java.base/java.lang.reflect.Constructor.newInstance(Constructor.java:480)
	at org.eclipse.core.internal.registry.osgi.RegistryStrategyOSGI.createExecutableExtension(RegistryStrategyOSGI.java:204)
	at org.eclipse.core.internal.registry.ExtensionRegistry.createExecutableExtension(ExtensionRegistry.java:920)
	at org.eclipse.core.internal.registry.ConfigurationElement.createExecutableExtension(ConfigurationElement.java:246)
	at org.eclipse.core.internal.registry.ConfigurationElementHandle.createExecutableExtension(ConfigurationElementHandle.java:63)
	at org.eclipse.lsp4e.LanguageServersRegistry$ExtensionLanguageServerDefinition.createConnectionProvider(LanguageServersRegistry.java:161)
	at org.eclipse.lsp4e.LanguageServerWrapper.lambda$0(LanguageServerWrapper.java:233)
	at java.base/java.util.concurrent.CompletableFuture$AsyncSupply.run(CompletableFuture.java:1768)
	at java.base/java.util.concurrent.CompletableFuture$AsyncSupply.exec(CompletableFuture.java:1760)
	at java.base/java.util.concurrent.ForkJoinTask.doExec(ForkJoinTask.java:373)
	at java.base/java.util.concurrent.ForkJoinPool$WorkQueue.topLevelExec(ForkJoinPool.java:1182)
	at java.base/java.util.concurrent.ForkJoinPool.scan(ForkJoinPool.java:1655)
	at java.base/java.util.concurrent.ForkJoinPool.runWorker(ForkJoinPool.java:1622)
	at java.base/java.util.concurrent.ForkJoinWorkerThread.run(ForkJoinWorkerThread.java:165)
Caused by: java.lang.NullPointerException: Cannot invoke "java.io.File.getAbsolutePath()" because the return value of "org.eclipse.wildwebdeveloper.embedder.node.NodeJSManager.getNodeJsLocation()" is null
	at org.eclipse.wildwebdeveloper.angular.AngularLanguageServer.<init>(AngularLanguageServer.java:43)
	... 17 more
Root exception:
java.lang.NullPointerException: Cannot invoke "java.io.File.getAbsolutePath()" because the return value of "org.eclipse.wildwebdeveloper.embedder.node.NodeJSManager.getNodeJsLocation()" is null
	at org.eclipse.wildwebdeveloper.angular.AngularLanguageServer.<init>(AngularLanguageServer.java:43)
	at jdk.internal.reflect.GeneratedConstructorAccessor101.newInstance(Unknown Source)
	at java.base/jdk.internal.reflect.DelegatingConstructorAccessorImpl.newInstance(DelegatingConstructorAccessorImpl.java:45)
	at java.base/java.lang.reflect.Constructor.newInstanceWithCaller(Constructor.java:499)
	at java.base/java.lang.reflect.Constructor.newInstance(Constructor.java:480)
	at org.eclipse.core.internal.registry.osgi.RegistryStrategyOSGI.createExecutableExtension(RegistryStrategyOSGI.java:204)
	at org.eclipse.core.internal.registry.ExtensionRegistry.createExecutableExtension(ExtensionRegistry.java:920)
	at org.eclipse.core.internal.registry.ConfigurationElement.createExecutableExtension(ConfigurationElement.java:246)
	at org.eclipse.core.internal.registry.ConfigurationElementHandle.createExecutableExtension(ConfigurationElementHandle.java:63)
	at org.eclipse.lsp4e.LanguageServersRegistry$ExtensionLanguageServerDefinition.createConnectionProvider(LanguageServersRegistry.java:161)
	at org.eclipse.lsp4e.LanguageServerWrapper.lambda$0(LanguageServerWrapper.java:233)
	at java.base/java.util.concurrent.CompletableFuture$AsyncSupply.run(CompletableFuture.java:1768)
	at java.base/java.util.concurrent.CompletableFuture$AsyncSupply.exec(CompletableFuture.java:1760)
	at java.base/java.util.concurrent.ForkJoinTask.doExec(ForkJoinTask.java:373)
	at java.base/java.util.concurrent.ForkJoinPool$WorkQueue.topLevelExec(ForkJoinPool.java:1182)
	at java.base/java.util.concurrent.ForkJoinPool.scan(ForkJoinPool.java:1655)
	at java.base/java.util.concurrent.ForkJoinPool.runWorker(ForkJoinPool.java:1622)
	at java.base/java.util.concurrent.ForkJoinWorkerThread.run(ForkJoinWorkerThread.java:165)

!ENTRY org.eclipse.lsp4e 4 0 2025-12-27 07:28:32.758
!MESSAGE Exception occurred while creating an instance of the stream connection provider
!STACK 0
java.lang.RuntimeException: Exception occurred while creating an instance of the stream connection provider
	at org.eclipse.lsp4e.LanguageServersRegistry$ExtensionLanguageServerDefinition.createConnectionProvider(LanguageServersRegistry.java:164)
	at org.eclipse.lsp4e.LanguageServerWrapper.lambda$0(LanguageServerWrapper.java:233)
	at java.base/java.util.concurrent.CompletableFuture$AsyncSupply.run(CompletableFuture.java:1768)
	at java.base/java.util.concurrent.CompletableFuture$AsyncSupply.exec(CompletableFuture.java:1760)
	at java.base/java.util.concurrent.ForkJoinTask.doExec(ForkJoinTask.java:373)
	at java.base/java.util.concurrent.ForkJoinPool$WorkQueue.topLevelExec(ForkJoinPool.java:1182)
	at java.base/java.util.concurrent.ForkJoinPool.scan(ForkJoinPool.java:1655)
	at java.base/java.util.concurrent.ForkJoinPool.runWorker(ForkJoinPool.java:1622)
	at java.base/java.util.concurrent.ForkJoinWorkerThread.run(ForkJoinWorkerThread.java:165)
Caused by: org.eclipse.core.runtime.CoreException: プラグイン "org.eclipse.wildwebdeveloper" は、クラス "org.eclipse.wildwebdeveloper.angular.AngularLanguageServer" をインスタンス化できませんでした。
	at org.eclipse.core.internal.registry.osgi.RegistryStrategyOSGI.throwException(RegistryStrategyOSGI.java:212)
	at org.eclipse.core.internal.registry.osgi.RegistryStrategyOSGI.createExecutableExtension(RegistryStrategyOSGI.java:206)
	at org.eclipse.core.internal.registry.ExtensionRegistry.createExecutableExtension(ExtensionRegistry.java:920)
	at org.eclipse.core.internal.registry.ConfigurationElement.createExecutableExtension(ConfigurationElement.java:246)
	at org.eclipse.core.internal.registry.ConfigurationElementHandle.createExecutableExtension(ConfigurationElementHandle.java:63)
	at org.eclipse.lsp4e.LanguageServersRegistry$ExtensionLanguageServerDefinition.createConnectionProvider(LanguageServersRegistry.java:161)
	... 8 more
Caused by: java.lang.reflect.InvocationTargetException
	at jdk.internal.reflect.GeneratedConstructorAccessor101.newInstance(Unknown Source)
	at java.base/jdk.internal.reflect.DelegatingConstructorAccessorImpl.newInstance(DelegatingConstructorAccessorImpl.java:45)
	at java.base/java.lang.reflect.Constructor.newInstanceWithCaller(Constructor.java:499)
	at java.base/java.lang.reflect.Constructor.newInstance(Constructor.java:480)
	at org.eclipse.core.internal.registry.osgi.RegistryStrategyOSGI.createExecutableExtension(RegistryStrategyOSGI.java:204)
	... 12 more
Caused by: java.lang.NullPointerException: Cannot invoke "java.io.File.getAbsolutePath()" because the return value of "org.eclipse.wildwebdeveloper.embedder.node.NodeJSManager.getNodeJsLocation()" is null
	at org.eclipse.wildwebdeveloper.angular.AngularLanguageServer.<init>(AngularLanguageServer.java:43)
	... 17 more

!ENTRY org.eclipse.lsp4e 4 0 2025-12-27 07:28:32.758
!MESSAGE Cannot invoke "org.eclipse.lsp4e.server.StreamConnectionProvider.getInputStream()" because "this.lspStreamProvider" is null
!STACK 0
java.lang.NullPointerException: Cannot invoke "org.eclipse.lsp4e.server.StreamConnectionProvider.getInputStream()" because "this.lspStreamProvider" is null
	at org.eclipse.lsp4e.LanguageServerWrapper.lambda$1(LanguageServerWrapper.java:284)
	at java.base/java.util.concurrent.CompletableFuture$UniApply.tryFire(CompletableFuture.java:646)
	at java.base/java.util.concurrent.CompletableFuture.postComplete(CompletableFuture.java:510)
	at java.base/java.util.concurrent.CompletableFuture$AsyncSupply.run(CompletableFuture.java:1773)
	at java.base/java.util.concurrent.CompletableFuture$AsyncSupply.exec(CompletableFuture.java:1760)
	at java.base/java.util.concurrent.ForkJoinTask.doExec(ForkJoinTask.java:373)
	at java.base/java.util.concurrent.ForkJoinPool$WorkQueue.topLevelExec(ForkJoinPool.java:1182)
	at java.base/java.util.concurrent.ForkJoinPool.scan(ForkJoinPool.java:1655)
	at java.base/java.util.concurrent.ForkJoinPool.runWorker(ForkJoinPool.java:1622)
	at java.base/java.util.concurrent.ForkJoinWorkerThread.run(ForkJoinWorkerThread.java:165)

!ENTRY org.eclipse.lsp4e 4 0 2025-12-27 07:28:32.828
!MESSAGE プラグイン "org.eclipse.wildwebdeveloper" は、クラス "org.eclipse.wildwebdeveloper.angular.AngularLanguageServer" をインスタンス化できませんでした。
!STACK 1
org.eclipse.core.runtime.CoreException: プラグイン "org.eclipse.wildwebdeveloper" は、クラス "org.eclipse.wildwebdeveloper.angular.AngularLanguageServer" をインスタンス化できませんでした。
	at org.eclipse.core.internal.registry.osgi.RegistryStrategyOSGI.throwException(RegistryStrategyOSGI.java:212)
	at org.eclipse.core.internal.registry.osgi.RegistryStrategyOSGI.createExecutableExtension(RegistryStrategyOSGI.java:206)
	at org.eclipse.core.internal.registry.ExtensionRegistry.createExecutableExtension(ExtensionRegistry.java:920)
	at org.eclipse.core.internal.registry.ConfigurationElement.createExecutableExtension(ConfigurationElement.java:246)
	at org.eclipse.core.internal.registry.ConfigurationElementHandle.createExecutableExtension(ConfigurationElementHandle.java:63)
	at org.eclipse.lsp4e.LanguageServersRegistry$ExtensionLanguageServerDefinition.createConnectionProvider(LanguageServersRegistry.java:161)
	at org.eclipse.lsp4e.LanguageServerWrapper.lambda$0(LanguageServerWrapper.java:233)
	at java.base/java.util.concurrent.CompletableFuture$AsyncSupply.run(CompletableFuture.java:1768)
	at java.base/java.util.concurrent.CompletableFuture$AsyncSupply.exec(CompletableFuture.java:1760)
	at java.base/java.util.concurrent.ForkJoinTask.doExec(ForkJoinTask.java:373)
	at java.base/java.util.concurrent.ForkJoinPool$WorkQueue.topLevelExec(ForkJoinPool.java:1182)
	at java.base/java.util.concurrent.ForkJoinPool.scan(ForkJoinPool.java:1655)
	at java.base/java.util.concurrent.ForkJoinPool.runWorker(ForkJoinPool.java:1622)
	at java.base/java.util.concurrent.ForkJoinWorkerThread.run(ForkJoinWorkerThread.java:165)
Caused by: java.lang.reflect.InvocationTargetException
	at jdk.internal.reflect.GeneratedConstructorAccessor101.newInstance(Unknown Source)
	at java.base/jdk.internal.reflect.DelegatingConstructorAccessorImpl.newInstance(DelegatingConstructorAccessorImpl.java:45)
	at java.base/java.lang.reflect.Constructor.newInstanceWithCaller(Constructor.java:499)
	at java.base/java.lang.reflect.Constructor.newInstance(Constructor.java:480)
	at org.eclipse.core.internal.registry.osgi.RegistryStrategyOSGI.createExecutableExtension(RegistryStrategyOSGI.java:204)
	... 12 more
Caused by: java.lang.NullPointerException: Cannot invoke "java.io.File.getAbsolutePath()" because the return value of "org.eclipse.wildwebdeveloper.embedder.node.NodeJSManager.getNodeJsLocation()" is null
	at org.eclipse.wildwebdeveloper.angular.AngularLanguageServer.<init>(AngularLanguageServer.java:43)
	... 17 more
!SUBENTRY 1 org.eclipse.equinox.registry 4 1 2025-12-27 07:28:32.828
!MESSAGE プラグイン "org.eclipse.wildwebdeveloper" は、クラス "org.eclipse.wildwebdeveloper.angular.AngularLanguageServer" をインスタンス化できませんでした。
!STACK 0
java.lang.reflect.InvocationTargetException
	at jdk.internal.reflect.GeneratedConstructorAccessor101.newInstance(Unknown Source)
	at java.base/jdk.internal.reflect.DelegatingConstructorAccessorImpl.newInstance(DelegatingConstructorAccessorImpl.java:45)
	at java.base/java.lang.reflect.Constructor.newInstanceWithCaller(Constructor.java:499)
	at java.base/java.lang.reflect.Constructor.newInstance(Constructor.java:480)
	at org.eclipse.core.internal.registry.osgi.RegistryStrategyOSGI.createExecutableExtension(RegistryStrategyOSGI.java:204)
	at org.eclipse.core.internal.registry.ExtensionRegistry.createExecutableExtension(ExtensionRegistry.java:920)
	at org.eclipse.core.internal.registry.ConfigurationElement.createExecutableExtension(ConfigurationElement.java:246)
	at org.eclipse.core.internal.registry.ConfigurationElementHandle.createExecutableExtension(ConfigurationElementHandle.java:63)
	at org.eclipse.lsp4e.LanguageServersRegistry$ExtensionLanguageServerDefinition.createConnectionProvider(LanguageServersRegistry.java:161)
	at org.eclipse.lsp4e.LanguageServerWrapper.lambda$0(LanguageServerWrapper.java:233)
	at java.base/java.util.concurrent.CompletableFuture$AsyncSupply.run(CompletableFuture.java:1768)
	at java.base/java.util.concurrent.CompletableFuture$AsyncSupply.exec(CompletableFuture.java:1760)
	at java.base/java.util.concurrent.ForkJoinTask.doExec(ForkJoinTask.java:373)
	at java.base/java.util.concurrent.ForkJoinPool$WorkQueue.topLevelExec(ForkJoinPool.java:1182)
	at java.base/java.util.concurrent.ForkJoinPool.scan(ForkJoinPool.java:1655)
	at java.base/java.util.concurrent.ForkJoinPool.runWorker(ForkJoinPool.java:1622)
	at java.base/java.util.concurrent.ForkJoinWorkerThread.run(ForkJoinWorkerThread.java:165)
Caused by: java.lang.NullPointerException: Cannot invoke "java.io.File.getAbsolutePath()" because the return value of "org.eclipse.wildwebdeveloper.embedder.node.NodeJSManager.getNodeJsLocation()" is null
	at org.eclipse.wildwebdeveloper.angular.AngularLanguageServer.<init>(AngularLanguageServer.java:43)
	... 17 more
Root exception:
java.lang.NullPointerException: Cannot invoke "java.io.File.getAbsolutePath()" because the return value of "org.eclipse.wildwebdeveloper.embedder.node.NodeJSManager.getNodeJsLocation()" is null
	at org.eclipse.wildwebdeveloper.angular.AngularLanguageServer.<init>(AngularLanguageServer.java:43)
	at jdk.internal.reflect.GeneratedConstructorAccessor101.newInstance(Unknown Source)
	at java.base/jdk.internal.reflect.DelegatingConstructorAccessorImpl.newInstance(DelegatingConstructorAccessorImpl.java:45)
	at java.base/java.lang.reflect.Constructor.newInstanceWithCaller(Constructor.java:499)
	at java.base/java.lang.reflect.Constructor.newInstance(Constructor.java:480)
	at org.eclipse.core.internal.registry.osgi.RegistryStrategyOSGI.createExecutableExtension(RegistryStrategyOSGI.java:204)
	at org.eclipse.core.internal.registry.ExtensionRegistry.createExecutableExtension(ExtensionRegistry.java:920)
	at org.eclipse.core.internal.registry.ConfigurationElement.createExecutableExtension(ConfigurationElement.java:246)
	at org.eclipse.core.internal.registry.ConfigurationElementHandle.createExecutableExtension(ConfigurationElementHandle.java:63)
	at org.eclipse.lsp4e.LanguageServersRegistry$ExtensionLanguageServerDefinition.createConnectionProvider(LanguageServersRegistry.java:161)
	at org.eclipse.lsp4e.LanguageServerWrapper.lambda$0(LanguageServerWrapper.java:233)
	at java.base/java.util.concurrent.CompletableFuture$AsyncSupply.run(CompletableFuture.java:1768)
	at java.base/java.util.concurrent.CompletableFuture$AsyncSupply.exec(CompletableFuture.java:1760)
	at java.base/java.util.concurrent.ForkJoinTask.doExec(ForkJoinTask.java:373)
	at java.base/java.util.concurrent.ForkJoinPool$WorkQueue.topLevelExec(ForkJoinPool.java:1182)
	at java.base/java.util.concurrent.ForkJoinPool.scan(ForkJoinPool.java:1655)
	at java.base/java.util.concurrent.ForkJoinPool.runWorker(ForkJoinPool.java:1622)
	at java.base/java.util.concurrent.ForkJoinWorkerThread.run(ForkJoinWorkerThread.java:165)

!ENTRY org.eclipse.lsp4e 4 0 2025-12-27 07:28:32.828
!MESSAGE Exception occurred while creating an instance of the stream connection provider
!STACK 0
java.lang.RuntimeException: Exception occurred while creating an instance of the stream connection provider
	at org.eclipse.lsp4e.LanguageServersRegistry$ExtensionLanguageServerDefinition.createConnectionProvider(LanguageServersRegistry.java:164)
	at org.eclipse.lsp4e.LanguageServerWrapper.lambda$0(LanguageServerWrapper.java:233)
	at java.base/java.util.concurrent.CompletableFuture$AsyncSupply.run(CompletableFuture.java:1768)
	at java.base/java.util.concurrent.CompletableFuture$AsyncSupply.exec(CompletableFuture.java:1760)
	at java.base/java.util.concurrent.ForkJoinTask.doExec(ForkJoinTask.java:373)
	at java.base/java.util.concurrent.ForkJoinPool$WorkQueue.topLevelExec(ForkJoinPool.java:1182)
	at java.base/java.util.concurrent.ForkJoinPool.scan(ForkJoinPool.java:1655)
	at java.base/java.util.concurrent.ForkJoinPool.runWorker(ForkJoinPool.java:1622)
	at java.base/java.util.concurrent.ForkJoinWorkerThread.run(ForkJoinWorkerThread.java:165)
Caused by: org.eclipse.core.runtime.CoreException: プラグイン "org.eclipse.wildwebdeveloper" は、クラス "org.eclipse.wildwebdeveloper.angular.AngularLanguageServer" をインスタンス化できませんでした。
	at org.eclipse.core.internal.registry.osgi.RegistryStrategyOSGI.throwException(RegistryStrategyOSGI.java:212)
	at org.eclipse.core.internal.registry.osgi.RegistryStrategyOSGI.createExecutableExtension(RegistryStrategyOSGI.java:206)
	at org.eclipse.core.internal.registry.ExtensionRegistry.createExecutableExtension(ExtensionRegistry.java:920)
	at org.eclipse.core.internal.registry.ConfigurationElement.createExecutableExtension(ConfigurationElement.java:246)
	at org.eclipse.core.internal.registry.ConfigurationElementHandle.createExecutableExtension(ConfigurationElementHandle.java:63)
	at org.eclipse.lsp4e.LanguageServersRegistry$ExtensionLanguageServerDefinition.createConnectionProvider(LanguageServersRegistry.java:161)
	... 8 more
Caused by: java.lang.reflect.InvocationTargetException
	at jdk.internal.reflect.GeneratedConstructorAccessor101.newInstance(Unknown Source)
	at java.base/jdk.internal.reflect.DelegatingConstructorAccessorImpl.newInstance(DelegatingConstructorAccessorImpl.java:45)
	at java.base/java.lang.reflect.Constructor.newInstanceWithCaller(Constructor.java:499)
	at java.base/java.lang.reflect.Constructor.newInstance(Constructor.java:480)
	at org.eclipse.core.internal.registry.osgi.RegistryStrategyOSGI.createExecutableExtension(RegistryStrategyOSGI.java:204)
	... 12 more
Caused by: java.lang.NullPointerException: Cannot invoke "java.io.File.getAbsolutePath()" because the return value of "org.eclipse.wildwebdeveloper.embedder.node.NodeJSManager.getNodeJsLocation()" is null
	at org.eclipse.wildwebdeveloper.angular.AngularLanguageServer.<init>(AngularLanguageServer.java:43)
	... 17 more

!ENTRY org.eclipse.lsp4e 4 0 2025-12-27 07:28:32.829
!MESSAGE プラグイン "org.eclipse.wildwebdeveloper" は、クラス "org.eclipse.wildwebdeveloper.html.HTMLLanguageServer" をインスタンス化できませんでした。
!STACK 1
org.eclipse.core.runtime.CoreException: プラグイン "org.eclipse.wildwebdeveloper" は、クラス "org.eclipse.wildwebdeveloper.html.HTMLLanguageServer" をインスタンス化できませんでした。
	at org.eclipse.core.internal.registry.osgi.RegistryStrategyOSGI.throwException(RegistryStrategyOSGI.java:212)
	at org.eclipse.core.internal.registry.osgi.RegistryStrategyOSGI.createExecutableExtension(RegistryStrategyOSGI.java:206)
	at org.eclipse.core.internal.registry.ExtensionRegistry.createExecutableExtension(ExtensionRegistry.java:920)
	at org.eclipse.core.internal.registry.ConfigurationElement.createExecutableExtension(ConfigurationElement.java:246)
	at org.eclipse.core.internal.registry.ConfigurationElementHandle.createExecutableExtension(ConfigurationElementHandle.java:63)
	at org.eclipse.lsp4e.LanguageServersRegistry$ExtensionLanguageServerDefinition.createConnectionProvider(LanguageServersRegistry.java:161)
	at org.eclipse.lsp4e.LanguageServerWrapper.lambda$0(LanguageServerWrapper.java:233)
	at java.base/java.util.concurrent.CompletableFuture$AsyncSupply.run(CompletableFuture.java:1768)
	at java.base/java.util.concurrent.CompletableFuture$AsyncSupply.exec(CompletableFuture.java:1760)
	at java.base/java.util.concurrent.ForkJoinTask.doExec(ForkJoinTask.java:373)
	at java.base/java.util.concurrent.ForkJoinPool$WorkQueue.topLevelExec(ForkJoinPool.java:1182)
	at java.base/java.util.concurrent.ForkJoinPool.scan(ForkJoinPool.java:1655)
	at java.base/java.util.concurrent.ForkJoinPool.runWorker(ForkJoinPool.java:1622)
	at java.base/java.util.concurrent.ForkJoinWorkerThread.run(ForkJoinWorkerThread.java:165)
Caused by: java.lang.reflect.InvocationTargetException
	at jdk.internal.reflect.GeneratedConstructorAccessor102.newInstance(Unknown Source)
	at java.base/jdk.internal.reflect.DelegatingConstructorAccessorImpl.newInstance(DelegatingConstructorAccessorImpl.java:45)
	at java.base/java.lang.reflect.Constructor.newInstanceWithCaller(Constructor.java:499)
	at java.base/java.lang.reflect.Constructor.newInstance(Constructor.java:480)
	at org.eclipse.core.internal.registry.osgi.RegistryStrategyOSGI.createExecutableExtension(RegistryStrategyOSGI.java:204)
	... 12 more
Caused by: java.lang.NullPointerException: Cannot invoke "java.io.File.getAbsolutePath()" because the return value of "org.eclipse.wildwebdeveloper.embedder.node.NodeJSManager.getNodeJsLocation()" is null
	at org.eclipse.wildwebdeveloper.html.HTMLLanguageServer.<init>(HTMLLanguageServer.java:40)
	... 17 more
!SUBENTRY 1 org.eclipse.equinox.registry 4 1 2025-12-27 07:28:32.829
!MESSAGE プラグイン "org.eclipse.wildwebdeveloper" は、クラス "org.eclipse.wildwebdeveloper.html.HTMLLanguageServer" をインスタンス化できませんでした。
!STACK 0
java.lang.reflect.InvocationTargetException
	at jdk.internal.reflect.GeneratedConstructorAccessor102.newInstance(Unknown Source)
	at java.base/jdk.internal.reflect.DelegatingConstructorAccessorImpl.newInstance(DelegatingConstructorAccessorImpl.java:45)
	at java.base/java.lang.reflect.Constructor.newInstanceWithCaller(Constructor.java:499)
	at java.base/java.lang.reflect.Constructor.newInstance(Constructor.java:480)
	at org.eclipse.core.internal.registry.osgi.RegistryStrategyOSGI.createExecutableExtension(RegistryStrategyOSGI.java:204)
	at org.eclipse.core.internal.registry.ExtensionRegistry.createExecutableExtension(ExtensionRegistry.java:920)
	at org.eclipse.core.internal.registry.ConfigurationElement.createExecutableExtension(ConfigurationElement.java:246)
	at org.eclipse.core.internal.registry.ConfigurationElementHandle.createExecutableExtension(ConfigurationElementHandle.java:63)
	at org.eclipse.lsp4e.LanguageServersRegistry$ExtensionLanguageServerDefinition.createConnectionProvider(LanguageServersRegistry.java:161)
	at org.eclipse.lsp4e.LanguageServerWrapper.lambda$0(LanguageServerWrapper.java:233)
	at java.base/java.util.concurrent.CompletableFuture$AsyncSupply.run(CompletableFuture.java:1768)
	at java.base/java.util.concurrent.CompletableFuture$AsyncSupply.exec(CompletableFuture.java:1760)
	at java.base/java.util.concurrent.ForkJoinTask.doExec(ForkJoinTask.java:373)
	at java.base/java.util.concurrent.ForkJoinPool$WorkQueue.topLevelExec(ForkJoinPool.java:1182)
	at java.base/java.util.concurrent.ForkJoinPool.scan(ForkJoinPool.java:1655)
	at java.base/java.util.concurrent.ForkJoinPool.runWorker(ForkJoinPool.java:1622)
	at java.base/java.util.concurrent.ForkJoinWorkerThread.run(ForkJoinWorkerThread.java:165)
Caused by: java.lang.NullPointerException: Cannot invoke "java.io.File.getAbsolutePath()" because the return value of "org.eclipse.wildwebdeveloper.embedder.node.NodeJSManager.getNodeJsLocation()" is null
	at org.eclipse.wildwebdeveloper.html.HTMLLanguageServer.<init>(HTMLLanguageServer.java:40)
	... 17 more
Root exception:
java.lang.NullPointerException: Cannot invoke "java.io.File.getAbsolutePath()" because the return value of "org.eclipse.wildwebdeveloper.embedder.node.NodeJSManager.getNodeJsLocation()" is null
	at org.eclipse.wildwebdeveloper.html.HTMLLanguageServer.<init>(HTMLLanguageServer.java:40)
	at jdk.internal.reflect.GeneratedConstructorAccessor102.newInstance(Unknown Source)
	at java.base/jdk.internal.reflect.DelegatingConstructorAccessorImpl.newInstance(DelegatingConstructorAccessorImpl.java:45)
	at java.base/java.lang.reflect.Constructor.newInstanceWithCaller(Constructor.java:499)
	at java.base/java.lang.reflect.Constructor.newInstance(Constructor.java:480)
	at org.eclipse.core.internal.registry.osgi.RegistryStrategyOSGI.createExecutableExtension(RegistryStrategyOSGI.java:204)
	at org.eclipse.core.internal.registry.ExtensionRegistry.createExecutableExtension(ExtensionRegistry.java:920)
	at org.eclipse.core.internal.registry.ConfigurationElement.createExecutableExtension(ConfigurationElement.java:246)
	at org.eclipse.core.internal.registry.ConfigurationElementHandle.createExecutableExtension(ConfigurationElementHandle.java:63)
	at org.eclipse.lsp4e.LanguageServersRegistry$ExtensionLanguageServerDefinition.createConnectionProvider(LanguageServersRegistry.java:161)
	at org.eclipse.lsp4e.LanguageServerWrapper.lambda$0(LanguageServerWrapper.java:233)
	at java.base/java.util.concurrent.CompletableFuture$AsyncSupply.run(CompletableFuture.java:1768)
	at java.base/java.util.concurrent.CompletableFuture$AsyncSupply.exec(CompletableFuture.java:1760)
	at java.base/java.util.concurrent.ForkJoinTask.doExec(ForkJoinTask.java:373)
	at java.base/java.util.concurrent.ForkJoinPool$WorkQueue.topLevelExec(ForkJoinPool.java:1182)
	at java.base/java.util.concurrent.ForkJoinPool.scan(ForkJoinPool.java:1655)
	at java.base/java.util.concurrent.ForkJoinPool.runWorker(ForkJoinPool.java:1622)
	at java.base/java.util.concurrent.ForkJoinWorkerThread.run(ForkJoinWorkerThread.java:165)

!ENTRY org.eclipse.lsp4e 4 0 2025-12-27 07:28:32.830
!MESSAGE Exception occurred while creating an instance of the stream connection provider
!STACK 0
java.lang.RuntimeException: Exception occurred while creating an instance of the stream connection provider
	at org.eclipse.lsp4e.LanguageServersRegistry$ExtensionLanguageServerDefinition.createConnectionProvider(LanguageServersRegistry.java:164)
	at org.eclipse.lsp4e.LanguageServerWrapper.lambda$0(LanguageServerWrapper.java:233)
	at java.base/java.util.concurrent.CompletableFuture$AsyncSupply.run(CompletableFuture.java:1768)
	at java.base/java.util.concurrent.CompletableFuture$AsyncSupply.exec(CompletableFuture.java:1760)
	at java.base/java.util.concurrent.ForkJoinTask.doExec(ForkJoinTask.java:373)
	at java.base/java.util.concurrent.ForkJoinPool$WorkQueue.topLevelExec(ForkJoinPool.java:1182)
	at java.base/java.util.concurrent.ForkJoinPool.scan(ForkJoinPool.java:1655)
	at java.base/java.util.concurrent.ForkJoinPool.runWorker(ForkJoinPool.java:1622)
	at java.base/java.util.concurrent.ForkJoinWorkerThread.run(ForkJoinWorkerThread.java:165)
Caused by: org.eclipse.core.runtime.CoreException: プラグイン "org.eclipse.wildwebdeveloper" は、クラス "org.eclipse.wildwebdeveloper.html.HTMLLanguageServer" をインスタンス化できませんでした。
	at org.eclipse.core.internal.registry.osgi.RegistryStrategyOSGI.throwException(RegistryStrategyOSGI.java:212)
	at org.eclipse.core.internal.registry.osgi.RegistryStrategyOSGI.createExecutableExtension(RegistryStrategyOSGI.java:206)
	at org.eclipse.core.internal.registry.ExtensionRegistry.createExecutableExtension(ExtensionRegistry.java:920)
	at org.eclipse.core.internal.registry.ConfigurationElement.createExecutableExtension(ConfigurationElement.java:246)
	at org.eclipse.core.internal.registry.ConfigurationElementHandle.createExecutableExtension(ConfigurationElementHandle.java:63)
	at org.eclipse.lsp4e.LanguageServersRegistry$ExtensionLanguageServerDefinition.createConnectionProvider(LanguageServersRegistry.java:161)
	... 8 more
Caused by: java.lang.reflect.InvocationTargetException
	at jdk.internal.reflect.GeneratedConstructorAccessor102.newInstance(Unknown Source)
	at java.base/jdk.internal.reflect.DelegatingConstructorAccessorImpl.newInstance(DelegatingConstructorAccessorImpl.java:45)
	at java.base/java.lang.reflect.Constructor.newInstanceWithCaller(Constructor.java:499)
	at java.base/java.lang.reflect.Constructor.newInstance(Constructor.java:480)
	at org.eclipse.core.internal.registry.osgi.RegistryStrategyOSGI.createExecutableExtension(RegistryStrategyOSGI.java:204)
	... 12 more
Caused by: java.lang.NullPointerException: Cannot invoke "java.io.File.getAbsolutePath()" because the return value of "org.eclipse.wildwebdeveloper.embedder.node.NodeJSManager.getNodeJsLocation()" is null
	at org.eclipse.wildwebdeveloper.html.HTMLLanguageServer.<init>(HTMLLanguageServer.java:40)
	... 17 more

!ENTRY org.eclipse.lsp4e 4 0 2025-12-27 07:28:32.830
!MESSAGE Cannot invoke "org.eclipse.lsp4e.server.StreamConnectionProvider.getInputStream()" because "this.lspStreamProvider" is null
!STACK 0
java.lang.NullPointerException: Cannot invoke "org.eclipse.lsp4e.server.StreamConnectionProvider.getInputStream()" because "this.lspStreamProvider" is null
	at org.eclipse.lsp4e.LanguageServerWrapper.lambda$1(LanguageServerWrapper.java:284)
	at java.base/java.util.concurrent.CompletableFuture$UniApply.tryFire(CompletableFuture.java:646)
	at java.base/java.util.concurrent.CompletableFuture.postComplete(CompletableFuture.java:510)
	at java.base/java.util.concurrent.CompletableFuture$AsyncSupply.run(CompletableFuture.java:1773)
	at java.base/java.util.concurrent.CompletableFuture$AsyncSupply.exec(CompletableFuture.java:1760)
	at java.base/java.util.concurrent.ForkJoinTask.doExec(ForkJoinTask.java:373)
	at java.base/java.util.concurrent.ForkJoinPool$WorkQueue.topLevelExec(ForkJoinPool.java:1182)
	at java.base/java.util.concurrent.ForkJoinPool.scan(ForkJoinPool.java:1655)
	at java.base/java.util.concurrent.ForkJoinPool.runWorker(ForkJoinPool.java:1622)
	at java.base/java.util.concurrent.ForkJoinWorkerThread.run(ForkJoinWorkerThread.java:165)

!ENTRY org.eclipse.lsp4e 4 0 2025-12-27 07:28:38.523
!MESSAGE プラグイン "org.eclipse.wildwebdeveloper" は、クラス "org.eclipse.wildwebdeveloper.html.HTMLLanguageServer" をインスタンス化できませんでした。
!STACK 1
org.eclipse.core.runtime.CoreException: プラグイン "org.eclipse.wildwebdeveloper" は、クラス "org.eclipse.wildwebdeveloper.html.HTMLLanguageServer" をインスタンス化できませんでした。
	at org.eclipse.core.internal.registry.osgi.RegistryStrategyOSGI.throwException(RegistryStrategyOSGI.java:212)
	at org.eclipse.core.internal.registry.osgi.RegistryStrategyOSGI.createExecutableExtension(RegistryStrategyOSGI.java:206)
	at org.eclipse.core.internal.registry.ExtensionRegistry.createExecutableExtension(ExtensionRegistry.java:920)
	at org.eclipse.core.internal.registry.ConfigurationElement.createExecutableExtension(ConfigurationElement.java:246)
	at org.eclipse.core.internal.registry.ConfigurationElementHandle.createExecutableExtension(ConfigurationElementHandle.java:63)
	at org.eclipse.lsp4e.LanguageServersRegistry$ExtensionLanguageServerDefinition.createConnectionProvider(LanguageServersRegistry.java:161)
	at org.eclipse.lsp4e.LanguageServerWrapper.lambda$0(LanguageServerWrapper.java:233)
	at java.base/java.util.concurrent.CompletableFuture$AsyncSupply.run(CompletableFuture.java:1768)
	at java.base/java.util.concurrent.CompletableFuture$AsyncSupply.exec(CompletableFuture.java:1760)
	at java.base/java.util.concurrent.ForkJoinTask.doExec(ForkJoinTask.java:373)
	at java.base/java.util.concurrent.ForkJoinPool$WorkQueue.topLevelExec(ForkJoinPool.java:1182)
	at java.base/java.util.concurrent.ForkJoinPool.scan(ForkJoinPool.java:1655)
	at java.base/java.util.concurrent.ForkJoinPool.runWorker(ForkJoinPool.java:1622)
	at java.base/java.util.concurrent.ForkJoinWorkerThread.run(ForkJoinWorkerThread.java:165)
Caused by: java.lang.reflect.InvocationTargetException
	at jdk.internal.reflect.GeneratedConstructorAccessor102.newInstance(Unknown Source)
	at java.base/jdk.internal.reflect.DelegatingConstructorAccessorImpl.newInstance(DelegatingConstructorAccessorImpl.java:45)
	at java.base/java.lang.reflect.Constructor.newInstanceWithCaller(Constructor.java:499)
	at java.base/java.lang.reflect.Constructor.newInstance(Constructor.java:480)
	at org.eclipse.core.internal.registry.osgi.RegistryStrategyOSGI.createExecutableExtension(RegistryStrategyOSGI.java:204)
	... 12 more
Caused by: java.lang.NullPointerException: Cannot invoke "java.io.File.getAbsolutePath()" because the return value of "org.eclipse.wildwebdeveloper.embedder.node.NodeJSManager.getNodeJsLocation()" is null
	at org.eclipse.wildwebdeveloper.html.HTMLLanguageServer.<init>(HTMLLanguageServer.java:40)
	... 17 more
!SUBENTRY 1 org.eclipse.equinox.registry 4 1 2025-12-27 07:28:38.523
!MESSAGE プラグイン "org.eclipse.wildwebdeveloper" は、クラス "org.eclipse.wildwebdeveloper.html.HTMLLanguageServer" をインスタンス化できませんでした。
!STACK 0
java.lang.reflect.InvocationTargetException
	at jdk.internal.reflect.GeneratedConstructorAccessor102.newInstance(Unknown Source)
	at java.base/jdk.internal.reflect.DelegatingConstructorAccessorImpl.newInstance(DelegatingConstructorAccessorImpl.java:45)
	at java.base/java.lang.reflect.Constructor.newInstanceWithCaller(Constructor.java:499)
	at java.base/java.lang.reflect.Constructor.newInstance(Constructor.java:480)
	at org.eclipse.core.internal.registry.osgi.RegistryStrategyOSGI.createExecutableExtension(RegistryStrategyOSGI.java:204)
	at org.eclipse.core.internal.registry.ExtensionRegistry.createExecutableExtension(ExtensionRegistry.java:920)
	at org.eclipse.core.internal.registry.ConfigurationElement.createExecutableExtension(ConfigurationElement.java:246)
	at org.eclipse.core.internal.registry.ConfigurationElementHandle.createExecutableExtension(ConfigurationElementHandle.java:63)
	at org.eclipse.lsp4e.LanguageServersRegistry$ExtensionLanguageServerDefinition.createConnectionProvider(LanguageServersRegistry.java:161)
	at org.eclipse.lsp4e.LanguageServerWrapper.lambda$0(LanguageServerWrapper.java:233)
	at java.base/java.util.concurrent.CompletableFuture$AsyncSupply.run(CompletableFuture.java:1768)
	at java.base/java.util.concurrent.CompletableFuture$AsyncSupply.exec(CompletableFuture.java:1760)
	at java.base/java.util.concurrent.ForkJoinTask.doExec(ForkJoinTask.java:373)
	at java.base/java.util.concurrent.ForkJoinPool$WorkQueue.topLevelExec(ForkJoinPool.java:1182)
	at java.base/java.util.concurrent.ForkJoinPool.scan(ForkJoinPool.java:1655)
	at java.base/java.util.concurrent.ForkJoinPool.runWorker(ForkJoinPool.java:1622)
	at java.base/java.util.concurrent.ForkJoinWorkerThread.run(ForkJoinWorkerThread.java:165)
Caused by: java.lang.NullPointerException: Cannot invoke "java.io.File.getAbsolutePath()" because the return value of "org.eclipse.wildwebdeveloper.embedder.node.NodeJSManager.getNodeJsLocation()" is null
	at org.eclipse.wildwebdeveloper.html.HTMLLanguageServer.<init>(HTMLLanguageServer.java:40)
	... 17 more
Root exception:
java.lang.NullPointerException: Cannot invoke "java.io.File.getAbsolutePath()" because the return value of "org.eclipse.wildwebdeveloper.embedder.node.NodeJSManager.getNodeJsLocation()" is null
	at org.eclipse.wildwebdeveloper.html.HTMLLanguageServer.<init>(HTMLLanguageServer.java:40)
	at jdk.internal.reflect.GeneratedConstructorAccessor102.newInstance(Unknown Source)
	at java.base/jdk.internal.reflect.DelegatingConstructorAccessorImpl.newInstance(DelegatingConstructorAccessorImpl.java:45)
	at java.base/java.lang.reflect.Constructor.newInstanceWithCaller(Constructor.java:499)
	at java.base/java.lang.reflect.Constructor.newInstance(Constructor.java:480)
	at org.eclipse.core.internal.registry.osgi.RegistryStrategyOSGI.createExecutableExtension(RegistryStrategyOSGI.java:204)
	at org.eclipse.core.internal.registry.ExtensionRegistry.createExecutableExtension(ExtensionRegistry.java:920)
	at org.eclipse.core.internal.registry.ConfigurationElement.createExecutableExtension(ConfigurationElement.java:246)
	at org.eclipse.core.internal.registry.ConfigurationElementHandle.createExecutableExtension(ConfigurationElementHandle.java:63)
	at org.eclipse.lsp4e.LanguageServersRegistry$ExtensionLanguageServerDefinition.createConnectionProvider(LanguageServersRegistry.java:161)
	at org.eclipse.lsp4e.LanguageServerWrapper.lambda$0(LanguageServerWrapper.java:233)
	at java.base/java.util.concurrent.CompletableFuture$AsyncSupply.run(CompletableFuture.java:1768)
	at java.base/java.util.concurrent.CompletableFuture$AsyncSupply.exec(CompletableFuture.java:1760)
	at java.base/java.util.concurrent.ForkJoinTask.doExec(ForkJoinTask.java:373)
	at java.base/java.util.concurrent.ForkJoinPool$WorkQueue.topLevelExec(ForkJoinPool.java:1182)
	at java.base/java.util.concurrent.ForkJoinPool.scan(ForkJoinPool.java:1655)
	at java.base/java.util.concurrent.ForkJoinPool.runWorker(ForkJoinPool.java:1622)
	at java.base/java.util.concurrent.ForkJoinWorkerThread.run(ForkJoinWorkerThread.java:165)

!ENTRY org.eclipse.lsp4e 4 0 2025-12-27 07:28:38.524
!MESSAGE プラグイン "org.eclipse.wildwebdeveloper" は、クラス "org.eclipse.wildwebdeveloper.angular.AngularLanguageServer" をインスタンス化できませんでした。
!STACK 1
org.eclipse.core.runtime.CoreException: プラグイン "org.eclipse.wildwebdeveloper" は、クラス "org.eclipse.wildwebdeveloper.angular.AngularLanguageServer" をインスタンス化できませんでした。
	at org.eclipse.core.internal.registry.osgi.RegistryStrategyOSGI.throwException(RegistryStrategyOSGI.java:212)
	at org.eclipse.core.internal.registry.osgi.RegistryStrategyOSGI.createExecutableExtension(RegistryStrategyOSGI.java:206)
	at org.eclipse.core.internal.registry.ExtensionRegistry.createExecutableExtension(ExtensionRegistry.java:920)
	at org.eclipse.core.internal.registry.ConfigurationElement.createExecutableExtension(ConfigurationElement.java:246)
	at org.eclipse.core.internal.registry.ConfigurationElementHandle.createExecutableExtension(ConfigurationElementHandle.java:63)
	at org.eclipse.lsp4e.LanguageServersRegistry$ExtensionLanguageServerDefinition.createConnectionProvider(LanguageServersRegistry.java:161)
	at org.eclipse.lsp4e.LanguageServerWrapper.lambda$0(LanguageServerWrapper.java:233)
	at java.base/java.util.concurrent.CompletableFuture$AsyncSupply.run(CompletableFuture.java:1768)
	at java.base/java.util.concurrent.CompletableFuture$AsyncSupply.exec(CompletableFuture.java:1760)
	at java.base/java.util.concurrent.ForkJoinTask.doExec(ForkJoinTask.java:373)
	at java.base/java.util.concurrent.ForkJoinPool$WorkQueue.topLevelExec(ForkJoinPool.java:1182)
	at java.base/java.util.concurrent.ForkJoinPool.scan(ForkJoinPool.java:1655)
	at java.base/java.util.concurrent.ForkJoinPool.runWorker(ForkJoinPool.java:1622)
	at java.base/java.util.concurrent.ForkJoinWorkerThread.run(ForkJoinWorkerThread.java:165)
Caused by: java.lang.reflect.InvocationTargetException
	at jdk.internal.reflect.GeneratedConstructorAccessor101.newInstance(Unknown Source)
	at java.base/jdk.internal.reflect.DelegatingConstructorAccessorImpl.newInstance(DelegatingConstructorAccessorImpl.java:45)
	at java.base/java.lang.reflect.Constructor.newInstanceWithCaller(Constructor.java:499)
	at java.base/java.lang.reflect.Constructor.newInstance(Constructor.java:480)
	at org.eclipse.core.internal.registry.osgi.RegistryStrategyOSGI.createExecutableExtension(RegistryStrategyOSGI.java:204)
	... 12 more
Caused by: java.lang.NullPointerException: Cannot invoke "java.io.File.getAbsolutePath()" because the return value of "org.eclipse.wildwebdeveloper.embedder.node.NodeJSManager.getNodeJsLocation()" is null
	at org.eclipse.wildwebdeveloper.angular.AngularLanguageServer.<init>(AngularLanguageServer.java:43)
	... 17 more
!SUBENTRY 1 org.eclipse.equinox.registry 4 1 2025-12-27 07:28:38.524
!MESSAGE プラグイン "org.eclipse.wildwebdeveloper" は、クラス "org.eclipse.wildwebdeveloper.angular.AngularLanguageServer" をインスタンス化できませんでした。
!STACK 0
java.lang.reflect.InvocationTargetException
	at jdk.internal.reflect.GeneratedConstructorAccessor101.newInstance(Unknown Source)
	at java.base/jdk.internal.reflect.DelegatingConstructorAccessorImpl.newInstance(DelegatingConstructorAccessorImpl.java:45)
	at java.base/java.lang.reflect.Constructor.newInstanceWithCaller(Constructor.java:499)
	at java.base/java.lang.reflect.Constructor.newInstance(Constructor.java:480)
	at org.eclipse.core.internal.registry.osgi.RegistryStrategyOSGI.createExecutableExtension(RegistryStrategyOSGI.java:204)
	at org.eclipse.core.internal.registry.ExtensionRegistry.createExecutableExtension(ExtensionRegistry.java:920)
	at org.eclipse.core.internal.registry.ConfigurationElement.createExecutableExtension(ConfigurationElement.java:246)
	at org.eclipse.core.internal.registry.ConfigurationElementHandle.createExecutableExtension(ConfigurationElementHandle.java:63)
	at org.eclipse.lsp4e.LanguageServersRegistry$ExtensionLanguageServerDefinition.createConnectionProvider(LanguageServersRegistry.java:161)
	at org.eclipse.lsp4e.LanguageServerWrapper.lambda$0(LanguageServerWrapper.java:233)
	at java.base/java.util.concurrent.CompletableFuture$AsyncSupply.run(CompletableFuture.java:1768)
	at java.base/java.util.concurrent.CompletableFuture$AsyncSupply.exec(CompletableFuture.java:1760)
	at java.base/java.util.concurrent.ForkJoinTask.doExec(ForkJoinTask.java:373)
	at java.base/java.util.concurrent.ForkJoinPool$WorkQueue.topLevelExec(ForkJoinPool.java:1182)
	at java.base/java.util.concurrent.ForkJoinPool.scan(ForkJoinPool.java:1655)
	at java.base/java.util.concurrent.ForkJoinPool.runWorker(ForkJoinPool.java:1622)
	at java.base/java.util.concurrent.ForkJoinWorkerThread.run(ForkJoinWorkerThread.java:165)
Caused by: java.lang.NullPointerException: Cannot invoke "java.io.File.getAbsolutePath()" because the return value of "org.eclipse.wildwebdeveloper.embedder.node.NodeJSManager.getNodeJsLocation()" is null
	at org.eclipse.wildwebdeveloper.angular.AngularLanguageServer.<init>(AngularLanguageServer.java:43)
	... 17 more
Root exception:
java.lang.NullPointerException: Cannot invoke "java.io.File.getAbsolutePath()" because the return value of "org.eclipse.wildwebdeveloper.embedder.node.NodeJSManager.getNodeJsLocation()" is null
	at org.eclipse.wildwebdeveloper.angular.AngularLanguageServer.<init>(AngularLanguageServer.java:43)
	at jdk.internal.reflect.GeneratedConstructorAccessor101.newInstance(Unknown Source)
	at java.base/jdk.internal.reflect.DelegatingConstructorAccessorImpl.newInstance(DelegatingConstructorAccessorImpl.java:45)
	at java.base/java.lang.reflect.Constructor.newInstanceWithCaller(Constructor.java:499)
	at java.base/java.lang.reflect.Constructor.newInstance(Constructor.java:480)
	at org.eclipse.core.internal.registry.osgi.RegistryStrategyOSGI.createExecutableExtension(RegistryStrategyOSGI.java:204)
	at org.eclipse.core.internal.registry.ExtensionRegistry.createExecutableExtension(ExtensionRegistry.java:920)
	at org.eclipse.core.internal.registry.ConfigurationElement.createExecutableExtension(ConfigurationElement.java:246)
	at org.eclipse.core.internal.registry.ConfigurationElementHandle.createExecutableExtension(ConfigurationElementHandle.java:63)
	at org.eclipse.lsp4e.LanguageServersRegistry$ExtensionLanguageServerDefinition.createConnectionProvider(LanguageServersRegistry.java:161)
	at org.eclipse.lsp4e.LanguageServerWrapper.lambda$0(LanguageServerWrapper.java:233)
	at java.base/java.util.concurrent.CompletableFuture$AsyncSupply.run(CompletableFuture.java:1768)
	at java.base/java.util.concurrent.CompletableFuture$AsyncSupply.exec(CompletableFuture.java:1760)
	at java.base/java.util.concurrent.ForkJoinTask.doExec(ForkJoinTask.java:373)
	at java.base/java.util.concurrent.ForkJoinPool$WorkQueue.topLevelExec(ForkJoinPool.java:1182)
	at java.base/java.util.concurrent.ForkJoinPool.scan(ForkJoinPool.java:1655)
	at java.base/java.util.concurrent.ForkJoinPool.runWorker(ForkJoinPool.java:1622)
	at java.base/java.util.concurrent.ForkJoinWorkerThread.run(ForkJoinWorkerThread.java:165)

!ENTRY org.eclipse.lsp4e 4 0 2025-12-27 07:28:38.524
!MESSAGE Exception occurred while creating an instance of the stream connection provider
!STACK 0
java.lang.RuntimeException: Exception occurred while creating an instance of the stream connection provider
	at org.eclipse.lsp4e.LanguageServersRegistry$ExtensionLanguageServerDefinition.createConnectionProvider(LanguageServersRegistry.java:164)
	at org.eclipse.lsp4e.LanguageServerWrapper.lambda$0(LanguageServerWrapper.java:233)
	at java.base/java.util.concurrent.CompletableFuture$AsyncSupply.run(CompletableFuture.java:1768)
	at java.base/java.util.concurrent.CompletableFuture$AsyncSupply.exec(CompletableFuture.java:1760)
	at java.base/java.util.concurrent.ForkJoinTask.doExec(ForkJoinTask.java:373)
	at java.base/java.util.concurrent.ForkJoinPool$WorkQueue.topLevelExec(ForkJoinPool.java:1182)
	at java.base/java.util.concurrent.ForkJoinPool.scan(ForkJoinPool.java:1655)
	at java.base/java.util.concurrent.ForkJoinPool.runWorker(ForkJoinPool.java:1622)
	at java.base/java.util.concurrent.ForkJoinWorkerThread.run(ForkJoinWorkerThread.java:165)
Caused by: org.eclipse.core.runtime.CoreException: プラグイン "org.eclipse.wildwebdeveloper" は、クラス "org.eclipse.wildwebdeveloper.html.HTMLLanguageServer" をインスタンス化できませんでした。
	at org.eclipse.core.internal.registry.osgi.RegistryStrategyOSGI.throwException(RegistryStrategyOSGI.java:212)
	at org.eclipse.core.internal.registry.osgi.RegistryStrategyOSGI.createExecutableExtension(RegistryStrategyOSGI.java:206)
	at org.eclipse.core.internal.registry.ExtensionRegistry.createExecutableExtension(ExtensionRegistry.java:920)
	at org.eclipse.core.internal.registry.ConfigurationElement.createExecutableExtension(ConfigurationElement.java:246)
	at org.eclipse.core.internal.registry.ConfigurationElementHandle.createExecutableExtension(ConfigurationElementHandle.java:63)
	at org.eclipse.lsp4e.LanguageServersRegistry$ExtensionLanguageServerDefinition.createConnectionProvider(LanguageServersRegistry.java:161)
	... 8 more
Caused by: java.lang.reflect.InvocationTargetException
	at jdk.internal.reflect.GeneratedConstructorAccessor102.newInstance(Unknown Source)
	at java.base/jdk.internal.reflect.DelegatingConstructorAccessorImpl.newInstance(DelegatingConstructorAccessorImpl.java:45)
	at java.base/java.lang.reflect.Constructor.newInstanceWithCaller(Constructor.java:499)
	at java.base/java.lang.reflect.Constructor.newInstance(Constructor.java:480)
	at org.eclipse.core.internal.registry.osgi.RegistryStrategyOSGI.createExecutableExtension(RegistryStrategyOSGI.java:204)
	... 12 more
Caused by: java.lang.NullPointerException: Cannot invoke "java.io.File.getAbsolutePath()" because the return value of "org.eclipse.wildwebdeveloper.embedder.node.NodeJSManager.getNodeJsLocation()" is null
	at org.eclipse.wildwebdeveloper.html.HTMLLanguageServer.<init>(HTMLLanguageServer.java:40)
	... 17 more

!ENTRY org.eclipse.lsp4e 4 0 2025-12-27 07:28:38.525
!MESSAGE Exception occurred while creating an instance of the stream connection provider
!STACK 0
java.lang.RuntimeException: Exception occurred while creating an instance of the stream connection provider
	at org.eclipse.lsp4e.LanguageServersRegistry$ExtensionLanguageServerDefinition.createConnectionProvider(LanguageServersRegistry.java:164)
	at org.eclipse.lsp4e.LanguageServerWrapper.lambda$0(LanguageServerWrapper.java:233)
	at java.base/java.util.concurrent.CompletableFuture$AsyncSupply.run(CompletableFuture.java:1768)
	at java.base/java.util.concurrent.CompletableFuture$AsyncSupply.exec(CompletableFuture.java:1760)
	at java.base/java.util.concurrent.ForkJoinTask.doExec(ForkJoinTask.java:373)
	at java.base/java.util.concurrent.ForkJoinPool$WorkQueue.topLevelExec(ForkJoinPool.java:1182)
	at java.base/java.util.concurrent.ForkJoinPool.scan(ForkJoinPool.java:1655)
	at java.base/java.util.concurrent.ForkJoinPool.runWorker(ForkJoinPool.java:1622)
	at java.base/java.util.concurrent.ForkJoinWorkerThread.run(ForkJoinWorkerThread.java:165)
Caused by: org.eclipse.core.runtime.CoreException: プラグイン "org.eclipse.wildwebdeveloper" は、クラス "org.eclipse.wildwebdeveloper.angular.AngularLanguageServer" をインスタンス化できませんでした。
	at org.eclipse.core.internal.registry.osgi.RegistryStrategyOSGI.throwException(RegistryStrategyOSGI.java:212)
	at org.eclipse.core.internal.registry.osgi.RegistryStrategyOSGI.createExecutableExtension(RegistryStrategyOSGI.java:206)
	at org.eclipse.core.internal.registry.ExtensionRegistry.createExecutableExtension(ExtensionRegistry.java:920)
	at org.eclipse.core.internal.registry.ConfigurationElement.createExecutableExtension(ConfigurationElement.java:246)
	at org.eclipse.core.internal.registry.ConfigurationElementHandle.createExecutableExtension(ConfigurationElementHandle.java:63)
	at org.eclipse.lsp4e.LanguageServersRegistry$ExtensionLanguageServerDefinition.createConnectionProvider(LanguageServersRegistry.java:161)
	... 8 more
Caused by: java.lang.reflect.InvocationTargetException
	at jdk.internal.reflect.GeneratedConstructorAccessor101.newInstance(Unknown Source)
	at java.base/jdk.internal.reflect.DelegatingConstructorAccessorImpl.newInstance(DelegatingConstructorAccessorImpl.java:45)
	at java.base/java.lang.reflect.Constructor.newInstanceWithCaller(Constructor.java:499)
	at java.base/java.lang.reflect.Constructor.newInstance(Constructor.java:480)
	at org.eclipse.core.internal.registry.osgi.RegistryStrategyOSGI.createExecutableExtension(RegistryStrategyOSGI.java:204)
	... 12 more
Caused by: java.lang.NullPointerException: Cannot invoke "java.io.File.getAbsolutePath()" because the return value of "org.eclipse.wildwebdeveloper.embedder.node.NodeJSManager.getNodeJsLocation()" is null
	at org.eclipse.wildwebdeveloper.angular.AngularLanguageServer.<init>(AngularLanguageServer.java:43)
	... 17 more

!ENTRY org.eclipse.jface.text 4 0 2025-12-27 07:28:38.525
!MESSAGE java.lang.RuntimeException: Exception occurred while creating an instance of the stream connection provider
!STACK 0
java.util.concurrent.CompletionException: java.lang.RuntimeException: Exception occurred while creating an instance of the stream connection provider
	at java.base/java.util.concurrent.CompletableFuture.encodeThrowable(CompletableFuture.java:332)
	at java.base/java.util.concurrent.CompletableFuture.completeThrowable(CompletableFuture.java:347)
	at java.base/java.util.concurrent.CompletableFuture$UniApply.tryFire(CompletableFuture.java:636)
	at java.base/java.util.concurrent.CompletableFuture.postComplete(CompletableFuture.java:510)
	at java.base/java.util.concurrent.CompletableFuture.completeExceptionally(CompletableFuture.java:2162)
	at org.eclipse.lsp4e.LanguageServerWrapper.lambda$0(LanguageServerWrapper.java:238)
	at java.base/java.util.concurrent.CompletableFuture$AsyncSupply.run(CompletableFuture.java:1768)
	at java.base/java.util.concurrent.CompletableFuture$AsyncSupply.exec(CompletableFuture.java:1760)
	at java.base/java.util.concurrent.ForkJoinTask.doExec(ForkJoinTask.java:373)
	at java.base/java.util.concurrent.ForkJoinPool$WorkQueue.topLevelExec(ForkJoinPool.java:1182)
	at java.base/java.util.concurrent.ForkJoinPool.scan(ForkJoinPool.java:1655)
	at java.base/java.util.concurrent.ForkJoinPool.runWorker(ForkJoinPool.java:1622)
	at java.base/java.util.concurrent.ForkJoinWorkerThread.run(ForkJoinWorkerThread.java:165)
Caused by: java.lang.RuntimeException: Exception occurred while creating an instance of the stream connection provider
	at org.eclipse.lsp4e.LanguageServersRegistry$ExtensionLanguageServerDefinition.createConnectionProvider(LanguageServersRegistry.java:164)
	at org.eclipse.lsp4e.LanguageServerWrapper.lambda$0(LanguageServerWrapper.java:233)
	... 7 more
Caused by: org.eclipse.core.runtime.CoreException: プラグイン "org.eclipse.wildwebdeveloper" は、クラス "org.eclipse.wildwebdeveloper.html.HTMLLanguageServer" をインスタンス化できませんでした。
	at org.eclipse.core.internal.registry.osgi.RegistryStrategyOSGI.throwException(RegistryStrategyOSGI.java:212)
	at org.eclipse.core.internal.registry.osgi.RegistryStrategyOSGI.createExecutableExtension(RegistryStrategyOSGI.java:206)
	at org.eclipse.core.internal.registry.ExtensionRegistry.createExecutableExtension(ExtensionRegistry.java:920)
	at org.eclipse.core.internal.registry.ConfigurationElement.createExecutableExtension(ConfigurationElement.java:246)
	at org.eclipse.core.internal.registry.ConfigurationElementHandle.createExecutableExtension(ConfigurationElementHandle.java:63)
	at org.eclipse.lsp4e.LanguageServersRegistry$ExtensionLanguageServerDefinition.createConnectionProvider(LanguageServersRegistry.java:161)
	... 8 more
Caused by: java.lang.reflect.InvocationTargetException
	at jdk.internal.reflect.GeneratedConstructorAccessor102.newInstance(Unknown Source)
	at java.base/jdk.internal.reflect.DelegatingConstructorAccessorImpl.newInstance(DelegatingConstructorAccessorImpl.java:45)
	at java.base/java.lang.reflect.Constructor.newInstanceWithCaller(Constructor.java:499)
	at java.base/java.lang.reflect.Constructor.newInstance(Constructor.java:480)
	at org.eclipse.core.internal.registry.osgi.RegistryStrategyOSGI.createExecutableExtension(RegistryStrategyOSGI.java:204)
	... 12 more
Caused by: java.lang.NullPointerException: Cannot invoke "java.io.File.getAbsolutePath()" because the return value of "org.eclipse.wildwebdeveloper.embedder.node.NodeJSManager.getNodeJsLocation()" is null
	at org.eclipse.wildwebdeveloper.html.HTMLLanguageServer.<init>(HTMLLanguageServer.java:40)
	... 17 more

!ENTRY org.eclipse.lsp4e 4 0 2025-12-27 07:28:38.525
!MESSAGE Cannot invoke "org.eclipse.lsp4e.server.StreamConnectionProvider.getInputStream()" because "this.lspStreamProvider" is null
!STACK 0
java.lang.NullPointerException: Cannot invoke "org.eclipse.lsp4e.server.StreamConnectionProvider.getInputStream()" because "this.lspStreamProvider" is null
	at org.eclipse.lsp4e.LanguageServerWrapper.lambda$1(LanguageServerWrapper.java:284)
	at java.base/java.util.concurrent.CompletableFuture$UniApply.tryFire(CompletableFuture.java:646)
	at java.base/java.util.concurrent.CompletableFuture.postComplete(CompletableFuture.java:510)
	at java.base/java.util.concurrent.CompletableFuture$AsyncSupply.run(CompletableFuture.java:1773)
	at java.base/java.util.concurrent.CompletableFuture$AsyncSupply.exec(CompletableFuture.java:1760)
	at java.base/java.util.concurrent.ForkJoinTask.doExec(ForkJoinTask.java:373)
	at java.base/java.util.concurrent.ForkJoinPool$WorkQueue.topLevelExec(ForkJoinPool.java:1182)
	at java.base/java.util.concurrent.ForkJoinPool.scan(ForkJoinPool.java:1655)
	at java.base/java.util.concurrent.ForkJoinPool.runWorker(ForkJoinPool.java:1622)
	at java.base/java.util.concurrent.ForkJoinWorkerThread.run(ForkJoinWorkerThread.java:165)

!ENTRY org.eclipse.jface.text 4 0 2025-12-27 07:28:38.525
!MESSAGE java.lang.RuntimeException: Exception occurred while creating an instance of the stream connection provider
!STACK 0
java.util.concurrent.CompletionException: java.lang.RuntimeException: Exception occurred while creating an instance of the stream connection provider
	at java.base/java.util.concurrent.CompletableFuture.encodeThrowable(CompletableFuture.java:332)
	at java.base/java.util.concurrent.CompletableFuture.completeThrowable(CompletableFuture.java:347)
	at java.base/java.util.concurrent.CompletableFuture$UniApply.tryFire(CompletableFuture.java:636)
	at java.base/java.util.concurrent.CompletableFuture.postComplete(CompletableFuture.java:510)
	at java.base/java.util.concurrent.CompletableFuture.completeExceptionally(CompletableFuture.java:2162)
	at org.eclipse.lsp4e.LanguageServerWrapper.lambda$0(LanguageServerWrapper.java:238)
	at java.base/java.util.concurrent.CompletableFuture$AsyncSupply.run(CompletableFuture.java:1768)
	at java.base/java.util.concurrent.CompletableFuture$AsyncSupply.exec(CompletableFuture.java:1760)
	at java.base/java.util.concurrent.ForkJoinTask.doExec(ForkJoinTask.java:373)
	at java.base/java.util.concurrent.ForkJoinPool$WorkQueue.topLevelExec(ForkJoinPool.java:1182)
	at java.base/java.util.concurrent.ForkJoinPool.scan(ForkJoinPool.java:1655)
	at java.base/java.util.concurrent.ForkJoinPool.runWorker(ForkJoinPool.java:1622)
	at java.base/java.util.concurrent.ForkJoinWorkerThread.run(ForkJoinWorkerThread.java:165)
Caused by: java.lang.RuntimeException: Exception occurred while creating an instance of the stream connection provider
	at org.eclipse.lsp4e.LanguageServersRegistry$ExtensionLanguageServerDefinition.createConnectionProvider(LanguageServersRegistry.java:164)
	at org.eclipse.lsp4e.LanguageServerWrapper.lambda$0(LanguageServerWrapper.java:233)
	... 7 more
Caused by: org.eclipse.core.runtime.CoreException: プラグイン "org.eclipse.wildwebdeveloper" は、クラス "org.eclipse.wildwebdeveloper.html.HTMLLanguageServer" をインスタンス化できませんでした。
	at org.eclipse.core.internal.registry.osgi.RegistryStrategyOSGI.throwException(RegistryStrategyOSGI.java:212)
	at org.eclipse.core.internal.registry.osgi.RegistryStrategyOSGI.createExecutableExtension(RegistryStrategyOSGI.java:206)
	at org.eclipse.core.internal.registry.ExtensionRegistry.createExecutableExtension(ExtensionRegistry.java:920)
	at org.eclipse.core.internal.registry.ConfigurationElement.createExecutableExtension(ConfigurationElement.java:246)
	at org.eclipse.core.internal.registry.ConfigurationElementHandle.createExecutableExtension(ConfigurationElementHandle.java:63)
	at org.eclipse.lsp4e.LanguageServersRegistry$ExtensionLanguageServerDefinition.createConnectionProvider(LanguageServersRegistry.java:161)
	... 8 more
Caused by: java.lang.reflect.InvocationTargetException
	at jdk.internal.reflect.GeneratedConstructorAccessor102.newInstance(Unknown Source)
	at java.base/jdk.internal.reflect.DelegatingConstructorAccessorImpl.newInstance(DelegatingConstructorAccessorImpl.java:45)
	at java.base/java.lang.reflect.Constructor.newInstanceWithCaller(Constructor.java:499)
	at java.base/java.lang.reflect.Constructor.newInstance(Constructor.java:480)
	at org.eclipse.core.internal.registry.osgi.RegistryStrategyOSGI.createExecutableExtension(RegistryStrategyOSGI.java:204)
	... 12 more
Caused by: java.lang.NullPointerException: Cannot invoke "java.io.File.getAbsolutePath()" because the return value of "org.eclipse.wildwebdeveloper.embedder.node.NodeJSManager.getNodeJsLocation()" is null
	at org.eclipse.wildwebdeveloper.html.HTMLLanguageServer.<init>(HTMLLanguageServer.java:40)
	... 17 more

!ENTRY org.eclipse.lsp4e 4 0 2025-12-27 07:28:38.526
!MESSAGE Cannot invoke "org.eclipse.lsp4e.server.StreamConnectionProvider.getInputStream()" because "this.lspStreamProvider" is null
!STACK 0
java.lang.NullPointerException: Cannot invoke "org.eclipse.lsp4e.server.StreamConnectionProvider.getInputStream()" because "this.lspStreamProvider" is null
	at org.eclipse.lsp4e.LanguageServerWrapper.lambda$1(LanguageServerWrapper.java:284)
	at java.base/java.util.concurrent.CompletableFuture$UniApply.tryFire(CompletableFuture.java:646)
	at java.base/java.util.concurrent.CompletableFuture.postComplete(CompletableFuture.java:510)
	at java.base/java.util.concurrent.CompletableFuture$AsyncSupply.run(CompletableFuture.java:1773)
	at java.base/java.util.concurrent.CompletableFuture$AsyncSupply.exec(CompletableFuture.java:1760)
	at java.base/java.util.concurrent.ForkJoinTask.doExec(ForkJoinTask.java:373)
	at java.base/java.util.concurrent.ForkJoinPool$WorkQueue.topLevelExec(ForkJoinPool.java:1182)
	at java.base/java.util.concurrent.ForkJoinPool.scan(ForkJoinPool.java:1655)
	at java.base/java.util.concurrent.ForkJoinPool.runWorker(ForkJoinPool.java:1622)
	at java.base/java.util.concurrent.ForkJoinWorkerThread.run(ForkJoinWorkerThread.java:165)

!ENTRY org.eclipse.lsp4e 4 0 2025-12-27 07:28:38.590
!MESSAGE プラグイン "org.eclipse.wildwebdeveloper" は、クラス "org.eclipse.wildwebdeveloper.html.HTMLLanguageServer" をインスタンス化できませんでした。
!STACK 1
org.eclipse.core.runtime.CoreException: プラグイン "org.eclipse.wildwebdeveloper" は、クラス "org.eclipse.wildwebdeveloper.html.HTMLLanguageServer" をインスタンス化できませんでした。
	at org.eclipse.core.internal.registry.osgi.RegistryStrategyOSGI.throwException(RegistryStrategyOSGI.java:212)
	at org.eclipse.core.internal.registry.osgi.RegistryStrategyOSGI.createExecutableExtension(RegistryStrategyOSGI.java:206)
	at org.eclipse.core.internal.registry.ExtensionRegistry.createExecutableExtension(ExtensionRegistry.java:920)
	at org.eclipse.core.internal.registry.ConfigurationElement.createExecutableExtension(ConfigurationElement.java:246)
	at org.eclipse.core.internal.registry.ConfigurationElementHandle.createExecutableExtension(ConfigurationElementHandle.java:63)
	at org.eclipse.lsp4e.LanguageServersRegistry$ExtensionLanguageServerDefinition.createConnectionProvider(LanguageServersRegistry.java:161)
	at org.eclipse.lsp4e.LanguageServerWrapper.lambda$0(LanguageServerWrapper.java:233)
	at java.base/java.util.concurrent.CompletableFuture$AsyncSupply.run(CompletableFuture.java:1768)
	at java.base/java.util.concurrent.CompletableFuture$AsyncSupply.exec(CompletableFuture.java:1760)
	at java.base/java.util.concurrent.ForkJoinTask.doExec(ForkJoinTask.java:373)
	at java.base/java.util.concurrent.ForkJoinPool$WorkQueue.topLevelExec(ForkJoinPool.java:1182)
	at java.base/java.util.concurrent.ForkJoinPool.scan(ForkJoinPool.java:1655)
	at java.base/java.util.concurrent.ForkJoinPool.runWorker(ForkJoinPool.java:1622)
	at java.base/java.util.concurrent.ForkJoinWorkerThread.run(ForkJoinWorkerThread.java:165)
Caused by: java.lang.reflect.InvocationTargetException
	at jdk.internal.reflect.GeneratedConstructorAccessor102.newInstance(Unknown Source)
	at java.base/jdk.internal.reflect.DelegatingConstructorAccessorImpl.newInstance(DelegatingConstructorAccessorImpl.java:45)
	at java.base/java.lang.reflect.Constructor.newInstanceWithCaller(Constructor.java:499)
	at java.base/java.lang.reflect.Constructor.newInstance(Constructor.java:480)
	at org.eclipse.core.internal.registry.osgi.RegistryStrategyOSGI.createExecutableExtension(RegistryStrategyOSGI.java:204)
	... 12 more
Caused by: java.lang.NullPointerException: Cannot invoke "java.io.File.getAbsolutePath()" because the return value of "org.eclipse.wildwebdeveloper.embedder.node.NodeJSManager.getNodeJsLocation()" is null
	at org.eclipse.wildwebdeveloper.html.HTMLLanguageServer.<init>(HTMLLanguageServer.java:40)
	... 17 more
!SUBENTRY 1 org.eclipse.equinox.registry 4 1 2025-12-27 07:28:38.591
!MESSAGE プラグイン "org.eclipse.wildwebdeveloper" は、クラス "org.eclipse.wildwebdeveloper.html.HTMLLanguageServer" をインスタンス化できませんでした。
!STACK 0
java.lang.reflect.InvocationTargetException
	at jdk.internal.reflect.GeneratedConstructorAccessor102.newInstance(Unknown Source)
	at java.base/jdk.internal.reflect.DelegatingConstructorAccessorImpl.newInstance(DelegatingConstructorAccessorImpl.java:45)
	at java.base/java.lang.reflect.Constructor.newInstanceWithCaller(Constructor.java:499)
	at java.base/java.lang.reflect.Constructor.newInstance(Constructor.java:480)
	at org.eclipse.core.internal.registry.osgi.RegistryStrategyOSGI.createExecutableExtension(RegistryStrategyOSGI.java:204)
	at org.eclipse.core.internal.registry.ExtensionRegistry.createExecutableExtension(ExtensionRegistry.java:920)
	at org.eclipse.core.internal.registry.ConfigurationElement.createExecutableExtension(ConfigurationElement.java:246)
	at org.eclipse.core.internal.registry.ConfigurationElementHandle.createExecutableExtension(ConfigurationElementHandle.java:63)
	at org.eclipse.lsp4e.LanguageServersRegistry$ExtensionLanguageServerDefinition.createConnectionProvider(LanguageServersRegistry.java:161)
	at org.eclipse.lsp4e.LanguageServerWrapper.lambda$0(LanguageServerWrapper.java:233)
	at java.base/java.util.concurrent.CompletableFuture$AsyncSupply.run(CompletableFuture.java:1768)
	at java.base/java.util.concurrent.CompletableFuture$AsyncSupply.exec(CompletableFuture.java:1760)
	at java.base/java.util.concurrent.ForkJoinTask.doExec(ForkJoinTask.java:373)
	at java.base/java.util.concurrent.ForkJoinPool$WorkQueue.topLevelExec(ForkJoinPool.java:1182)
	at java.base/java.util.concurrent.ForkJoinPool.scan(ForkJoinPool.java:1655)
	at java.base/java.util.concurrent.ForkJoinPool.runWorker(ForkJoinPool.java:1622)
	at java.base/java.util.concurrent.ForkJoinWorkerThread.run(ForkJoinWorkerThread.java:165)
Caused by: java.lang.NullPointerException: Cannot invoke "java.io.File.getAbsolutePath()" because the return value of "org.eclipse.wildwebdeveloper.embedder.node.NodeJSManager.getNodeJsLocation()" is null
	at org.eclipse.wildwebdeveloper.html.HTMLLanguageServer.<init>(HTMLLanguageServer.java:40)
	... 17 more
Root exception:
java.lang.NullPointerException: Cannot invoke "java.io.File.getAbsolutePath()" because the return value of "org.eclipse.wildwebdeveloper.embedder.node.NodeJSManager.getNodeJsLocation()" is null
	at org.eclipse.wildwebdeveloper.html.HTMLLanguageServer.<init>(HTMLLanguageServer.java:40)
	at jdk.internal.reflect.GeneratedConstructorAccessor102.newInstance(Unknown Source)
	at java.base/jdk.internal.reflect.DelegatingConstructorAccessorImpl.newInstance(DelegatingConstructorAccessorImpl.java:45)
	at java.base/java.lang.reflect.Constructor.newInstanceWithCaller(Constructor.java:499)
	at java.base/java.lang.reflect.Constructor.newInstance(Constructor.java:480)
	at org.eclipse.core.internal.registry.osgi.RegistryStrategyOSGI.createExecutableExtension(RegistryStrategyOSGI.java:204)
	at org.eclipse.core.internal.registry.ExtensionRegistry.createExecutableExtension(ExtensionRegistry.java:920)
	at org.eclipse.core.internal.registry.ConfigurationElement.createExecutableExtension(ConfigurationElement.java:246)
	at org.eclipse.core.internal.registry.ConfigurationElementHandle.createExecutableExtension(ConfigurationElementHandle.java:63)
	at org.eclipse.lsp4e.LanguageServersRegistry$ExtensionLanguageServerDefinition.createConnectionProvider(LanguageServersRegistry.java:161)
	at org.eclipse.lsp4e.LanguageServerWrapper.lambda$0(LanguageServerWrapper.java:233)
	at java.base/java.util.concurrent.CompletableFuture$AsyncSupply.run(CompletableFuture.java:1768)
	at java.base/java.util.concurrent.CompletableFuture$AsyncSupply.exec(CompletableFuture.java:1760)
	at java.base/java.util.concurrent.ForkJoinTask.doExec(ForkJoinTask.java:373)
	at java.base/java.util.concurrent.ForkJoinPool$WorkQueue.topLevelExec(ForkJoinPool.java:1182)
	at java.base/java.util.concurrent.ForkJoinPool.scan(ForkJoinPool.java:1655)
	at java.base/java.util.concurrent.ForkJoinPool.runWorker(ForkJoinPool.java:1622)
	at java.base/java.util.concurrent.ForkJoinWorkerThread.run(ForkJoinWorkerThread.java:165)

!ENTRY org.eclipse.lsp4e 4 0 2025-12-27 07:28:38.591
!MESSAGE Exception occurred while creating an instance of the stream connection provider
!STACK 0
java.lang.RuntimeException: Exception occurred while creating an instance of the stream connection provider
	at org.eclipse.lsp4e.LanguageServersRegistry$ExtensionLanguageServerDefinition.createConnectionProvider(LanguageServersRegistry.java:164)
	at org.eclipse.lsp4e.LanguageServerWrapper.lambda$0(LanguageServerWrapper.java:233)
	at java.base/java.util.concurrent.CompletableFuture$AsyncSupply.run(CompletableFuture.java:1768)
	at java.base/java.util.concurrent.CompletableFuture$AsyncSupply.exec(CompletableFuture.java:1760)
	at java.base/java.util.concurrent.ForkJoinTask.doExec(ForkJoinTask.java:373)
	at java.base/java.util.concurrent.ForkJoinPool$WorkQueue.topLevelExec(ForkJoinPool.java:1182)
	at java.base/java.util.concurrent.ForkJoinPool.scan(ForkJoinPool.java:1655)
	at java.base/java.util.concurrent.ForkJoinPool.runWorker(ForkJoinPool.java:1622)
	at java.base/java.util.concurrent.ForkJoinWorkerThread.run(ForkJoinWorkerThread.java:165)
Caused by: org.eclipse.core.runtime.CoreException: プラグイン "org.eclipse.wildwebdeveloper" は、クラス "org.eclipse.wildwebdeveloper.html.HTMLLanguageServer" をインスタンス化できませんでした。
	at org.eclipse.core.internal.registry.osgi.RegistryStrategyOSGI.throwException(RegistryStrategyOSGI.java:212)
	at org.eclipse.core.internal.registry.osgi.RegistryStrategyOSGI.createExecutableExtension(RegistryStrategyOSGI.java:206)
	at org.eclipse.core.internal.registry.ExtensionRegistry.createExecutableExtension(ExtensionRegistry.java:920)
	at org.eclipse.core.internal.registry.ConfigurationElement.createExecutableExtension(ConfigurationElement.java:246)
	at org.eclipse.core.internal.registry.ConfigurationElementHandle.createExecutableExtension(ConfigurationElementHandle.java:63)
	at org.eclipse.lsp4e.LanguageServersRegistry$ExtensionLanguageServerDefinition.createConnectionProvider(LanguageServersRegistry.java:161)
	... 8 more
Caused by: java.lang.reflect.InvocationTargetException
	at jdk.internal.reflect.GeneratedConstructorAccessor102.newInstance(Unknown Source)
	at java.base/jdk.internal.reflect.DelegatingConstructorAccessorImpl.newInstance(DelegatingConstructorAccessorImpl.java:45)
	at java.base/java.lang.reflect.Constructor.newInstanceWithCaller(Constructor.java:499)
	at java.base/java.lang.reflect.Constructor.newInstance(Constructor.java:480)
	at org.eclipse.core.internal.registry.osgi.RegistryStrategyOSGI.createExecutableExtension(RegistryStrategyOSGI.java:204)
	... 12 more
Caused by: java.lang.NullPointerException: Cannot invoke "java.io.File.getAbsolutePath()" because the return value of "org.eclipse.wildwebdeveloper.embedder.node.NodeJSManager.getNodeJsLocation()" is null
	at org.eclipse.wildwebdeveloper.html.HTMLLanguageServer.<init>(HTMLLanguageServer.java:40)
	... 17 more

!ENTRY org.eclipse.lsp4e 4 0 2025-12-27 07:28:38.591
!MESSAGE Cannot invoke "org.eclipse.lsp4e.server.StreamConnectionProvider.getInputStream()" because "this.lspStreamProvider" is null
!STACK 0
java.lang.NullPointerException: Cannot invoke "org.eclipse.lsp4e.server.StreamConnectionProvider.getInputStream()" because "this.lspStreamProvider" is null
	at org.eclipse.lsp4e.LanguageServerWrapper.lambda$1(LanguageServerWrapper.java:284)
	at java.base/java.util.concurrent.CompletableFuture$UniApply.tryFire(CompletableFuture.java:646)
	at java.base/java.util.concurrent.CompletableFuture.postComplete(CompletableFuture.java:510)
	at java.base/java.util.concurrent.CompletableFuture$AsyncSupply.run(CompletableFuture.java:1773)
	at java.base/java.util.concurrent.CompletableFuture$AsyncSupply.exec(CompletableFuture.java:1760)
	at java.base/java.util.concurrent.ForkJoinTask.doExec(ForkJoinTask.java:373)
	at java.base/java.util.concurrent.ForkJoinPool$WorkQueue.topLevelExec(ForkJoinPool.java:1182)
	at java.base/java.util.concurrent.ForkJoinPool.scan(ForkJoinPool.java:1655)
	at java.base/java.util.concurrent.ForkJoinPool.runWorker(ForkJoinPool.java:1622)
	at java.base/java.util.concurrent.ForkJoinWorkerThread.run(ForkJoinWorkerThread.java:165)

!ENTRY org.eclipse.lsp4e 4 0 2025-12-27 07:28:38.593
!MESSAGE プラグイン "org.eclipse.wildwebdeveloper" は、クラス "org.eclipse.wildwebdeveloper.angular.AngularLanguageServer" をインスタンス化できませんでした。
!STACK 1
org.eclipse.core.runtime.CoreException: プラグイン "org.eclipse.wildwebdeveloper" は、クラス "org.eclipse.wildwebdeveloper.angular.AngularLanguageServer" をインスタンス化できませんでした。
	at org.eclipse.core.internal.registry.osgi.RegistryStrategyOSGI.throwException(RegistryStrategyOSGI.java:212)
	at org.eclipse.core.internal.registry.osgi.RegistryStrategyOSGI.createExecutableExtension(RegistryStrategyOSGI.java:206)
	at org.eclipse.core.internal.registry.ExtensionRegistry.createExecutableExtension(ExtensionRegistry.java:920)
	at org.eclipse.core.internal.registry.ConfigurationElement.createExecutableExtension(ConfigurationElement.java:246)
	at org.eclipse.core.internal.registry.ConfigurationElementHandle.createExecutableExtension(ConfigurationElementHandle.java:63)
	at org.eclipse.lsp4e.LanguageServersRegistry$ExtensionLanguageServerDefinition.createConnectionProvider(LanguageServersRegistry.java:161)
	at org.eclipse.lsp4e.LanguageServerWrapper.lambda$0(LanguageServerWrapper.java:233)
	at java.base/java.util.concurrent.CompletableFuture$AsyncSupply.run(CompletableFuture.java:1768)
	at java.base/java.util.concurrent.CompletableFuture$AsyncSupply.exec(CompletableFuture.java:1760)
	at java.base/java.util.concurrent.ForkJoinTask.doExec(ForkJoinTask.java:373)
	at java.base/java.util.concurrent.ForkJoinPool$WorkQueue.topLevelExec(ForkJoinPool.java:1182)
	at java.base/java.util.concurrent.ForkJoinPool.scan(ForkJoinPool.java:1655)
	at java.base/java.util.concurrent.ForkJoinPool.runWorker(ForkJoinPool.java:1622)
	at java.base/java.util.concurrent.ForkJoinWorkerThread.run(ForkJoinWorkerThread.java:165)
Caused by: java.lang.reflect.InvocationTargetException
	at jdk.internal.reflect.GeneratedConstructorAccessor101.newInstance(Unknown Source)
	at java.base/jdk.internal.reflect.DelegatingConstructorAccessorImpl.newInstance(DelegatingConstructorAccessorImpl.java:45)
	at java.base/java.lang.reflect.Constructor.newInstanceWithCaller(Constructor.java:499)
	at java.base/java.lang.reflect.Constructor.newInstance(Constructor.java:480)
	at org.eclipse.core.internal.registry.osgi.RegistryStrategyOSGI.createExecutableExtension(RegistryStrategyOSGI.java:204)
	... 12 more
Caused by: java.lang.NullPointerException: Cannot invoke "java.io.File.getAbsolutePath()" because the return value of "org.eclipse.wildwebdeveloper.embedder.node.NodeJSManager.getNodeJsLocation()" is null
	at org.eclipse.wildwebdeveloper.angular.AngularLanguageServer.<init>(AngularLanguageServer.java:43)
	... 17 more
!SUBENTRY 1 org.eclipse.equinox.registry 4 1 2025-12-27 07:28:38.593
!MESSAGE プラグイン "org.eclipse.wildwebdeveloper" は、クラス "org.eclipse.wildwebdeveloper.angular.AngularLanguageServer" をインスタンス化できませんでした。
!STACK 0
java.lang.reflect.InvocationTargetException
	at jdk.internal.reflect.GeneratedConstructorAccessor101.newInstance(Unknown Source)
	at java.base/jdk.internal.reflect.DelegatingConstructorAccessorImpl.newInstance(DelegatingConstructorAccessorImpl.java:45)
	at java.base/java.lang.reflect.Constructor.newInstanceWithCaller(Constructor.java:499)
	at java.base/java.lang.reflect.Constructor.newInstance(Constructor.java:480)
	at org.eclipse.core.internal.registry.osgi.RegistryStrategyOSGI.createExecutableExtension(RegistryStrategyOSGI.java:204)
	at org.eclipse.core.internal.registry.ExtensionRegistry.createExecutableExtension(ExtensionRegistry.java:920)
	at org.eclipse.core.internal.registry.ConfigurationElement.createExecutableExtension(ConfigurationElement.java:246)
	at org.eclipse.core.internal.registry.ConfigurationElementHandle.createExecutableExtension(ConfigurationElementHandle.java:63)
	at org.eclipse.lsp4e.LanguageServersRegistry$ExtensionLanguageServerDefinition.createConnectionProvider(LanguageServersRegistry.java:161)
	at org.eclipse.lsp4e.LanguageServerWrapper.lambda$0(LanguageServerWrapper.java:233)
	at java.base/java.util.concurrent.CompletableFuture$AsyncSupply.run(CompletableFuture.java:1768)
	at java.base/java.util.concurrent.CompletableFuture$AsyncSupply.exec(CompletableFuture.java:1760)
	at java.base/java.util.concurrent.ForkJoinTask.doExec(ForkJoinTask.java:373)
	at java.base/java.util.concurrent.ForkJoinPool$WorkQueue.topLevelExec(ForkJoinPool.java:1182)
	at java.base/java.util.concurrent.ForkJoinPool.scan(ForkJoinPool.java:1655)
	at java.base/java.util.concurrent.ForkJoinPool.runWorker(ForkJoinPool.java:1622)
	at java.base/java.util.concurrent.ForkJoinWorkerThread.run(ForkJoinWorkerThread.java:165)
Caused by: java.lang.NullPointerException: Cannot invoke "java.io.File.getAbsolutePath()" because the return value of "org.eclipse.wildwebdeveloper.embedder.node.NodeJSManager.getNodeJsLocation()" is null
	at org.eclipse.wildwebdeveloper.angular.AngularLanguageServer.<init>(AngularLanguageServer.java:43)
	... 17 more
Root exception:
java.lang.NullPointerException: Cannot invoke "java.io.File.getAbsolutePath()" because the return value of "org.eclipse.wildwebdeveloper.embedder.node.NodeJSManager.getNodeJsLocation()" is null
	at org.eclipse.wildwebdeveloper.angular.AngularLanguageServer.<init>(AngularLanguageServer.java:43)
	at jdk.internal.reflect.GeneratedConstructorAccessor101.newInstance(Unknown Source)
	at java.base/jdk.internal.reflect.DelegatingConstructorAccessorImpl.newInstance(DelegatingConstructorAccessorImpl.java:45)
	at java.base/java.lang.reflect.Constructor.newInstanceWithCaller(Constructor.java:499)
	at java.base/java.lang.reflect.Constructor.newInstance(Constructor.java:480)
	at org.eclipse.core.internal.registry.osgi.RegistryStrategyOSGI.createExecutableExtension(RegistryStrategyOSGI.java:204)
	at org.eclipse.core.internal.registry.ExtensionRegistry.createExecutableExtension(ExtensionRegistry.java:920)
	at org.eclipse.core.internal.registry.ConfigurationElement.createExecutableExtension(ConfigurationElement.java:246)
	at org.eclipse.core.internal.registry.ConfigurationElementHandle.createExecutableExtension(ConfigurationElementHandle.java:63)
	at org.eclipse.lsp4e.LanguageServersRegistry$ExtensionLanguageServerDefinition.createConnectionProvider(LanguageServersRegistry.java:161)
	at org.eclipse.lsp4e.LanguageServerWrapper.lambda$0(LanguageServerWrapper.java:233)
	at java.base/java.util.concurrent.CompletableFuture$AsyncSupply.run(CompletableFuture.java:1768)
	at java.base/java.util.concurrent.CompletableFuture$AsyncSupply.exec(CompletableFuture.java:1760)
	at java.base/java.util.concurrent.ForkJoinTask.doExec(ForkJoinTask.java:373)
	at java.base/java.util.concurrent.ForkJoinPool$WorkQueue.topLevelExec(ForkJoinPool.java:1182)
	at java.base/java.util.concurrent.ForkJoinPool.scan(ForkJoinPool.java:1655)
	at java.base/java.util.concurrent.ForkJoinPool.runWorker(ForkJoinPool.java:1622)
	at java.base/java.util.concurrent.ForkJoinWorkerThread.run(ForkJoinWorkerThread.java:165)

!ENTRY org.eclipse.lsp4e 4 0 2025-12-27 07:28:38.594
!MESSAGE Exception occurred while creating an instance of the stream connection provider
!STACK 0
java.lang.RuntimeException: Exception occurred while creating an instance of the stream connection provider
	at org.eclipse.lsp4e.LanguageServersRegistry$ExtensionLanguageServerDefinition.createConnectionProvider(LanguageServersRegistry.java:164)
	at org.eclipse.lsp4e.LanguageServerWrapper.lambda$0(LanguageServerWrapper.java:233)
	at java.base/java.util.concurrent.CompletableFuture$AsyncSupply.run(CompletableFuture.java:1768)
	at java.base/java.util.concurrent.CompletableFuture$AsyncSupply.exec(CompletableFuture.java:1760)
	at java.base/java.util.concurrent.ForkJoinTask.doExec(ForkJoinTask.java:373)
	at java.base/java.util.concurrent.ForkJoinPool$WorkQueue.topLevelExec(ForkJoinPool.java:1182)
	at java.base/java.util.concurrent.ForkJoinPool.scan(ForkJoinPool.java:1655)
	at java.base/java.util.concurrent.ForkJoinPool.runWorker(ForkJoinPool.java:1622)
	at java.base/java.util.concurrent.ForkJoinWorkerThread.run(ForkJoinWorkerThread.java:165)
Caused by: org.eclipse.core.runtime.CoreException: プラグイン "org.eclipse.wildwebdeveloper" は、クラス "org.eclipse.wildwebdeveloper.angular.AngularLanguageServer" をインスタンス化できませんでした。
	at org.eclipse.core.internal.registry.osgi.RegistryStrategyOSGI.throwException(RegistryStrategyOSGI.java:212)
	at org.eclipse.core.internal.registry.osgi.RegistryStrategyOSGI.createExecutableExtension(RegistryStrategyOSGI.java:206)
	at org.eclipse.core.internal.registry.ExtensionRegistry.createExecutableExtension(ExtensionRegistry.java:920)
	at org.eclipse.core.internal.registry.ConfigurationElement.createExecutableExtension(ConfigurationElement.java:246)
	at org.eclipse.core.internal.registry.ConfigurationElementHandle.createExecutableExtension(ConfigurationElementHandle.java:63)
	at org.eclipse.lsp4e.LanguageServersRegistry$ExtensionLanguageServerDefinition.createConnectionProvider(LanguageServersRegistry.java:161)
	... 8 more
Caused by: java.lang.reflect.InvocationTargetException
	at jdk.internal.reflect.GeneratedConstructorAccessor101.newInstance(Unknown Source)
	at java.base/jdk.internal.reflect.DelegatingConstructorAccessorImpl.newInstance(DelegatingConstructorAccessorImpl.java:45)
	at java.base/java.lang.reflect.Constructor.newInstanceWithCaller(Constructor.java:499)
	at java.base/java.lang.reflect.Constructor.newInstance(Constructor.java:480)
	at org.eclipse.core.internal.registry.osgi.RegistryStrategyOSGI.createExecutableExtension(RegistryStrategyOSGI.java:204)
	... 12 more
Caused by: java.lang.NullPointerException: Cannot invoke "java.io.File.getAbsolutePath()" because the return value of "org.eclipse.wildwebdeveloper.embedder.node.NodeJSManager.getNodeJsLocation()" is null
	at org.eclipse.wildwebdeveloper.angular.AngularLanguageServer.<init>(AngularLanguageServer.java:43)
	... 17 more

!ENTRY org.eclipse.lsp4e 4 0 2025-12-27 07:28:38.594
!MESSAGE Cannot invoke "org.eclipse.lsp4e.server.StreamConnectionProvider.getInputStream()" because "this.lspStreamProvider" is null
!STACK 0
java.lang.NullPointerException: Cannot invoke "org.eclipse.lsp4e.server.StreamConnectionProvider.getInputStream()" because "this.lspStreamProvider" is null
	at org.eclipse.lsp4e.LanguageServerWrapper.lambda$1(LanguageServerWrapper.java:284)
	at java.base/java.util.concurrent.CompletableFuture$UniApply.tryFire(CompletableFuture.java:646)
	at java.base/java.util.concurrent.CompletableFuture.postComplete(CompletableFuture.java:510)
	at java.base/java.util.concurrent.CompletableFuture$AsyncSupply.run(CompletableFuture.java:1773)
	at java.base/java.util.concurrent.CompletableFuture$AsyncSupply.exec(CompletableFuture.java:1760)
	at java.base/java.util.concurrent.ForkJoinTask.doExec(ForkJoinTask.java:373)
	at java.base/java.util.concurrent.ForkJoinPool$WorkQueue.topLevelExec(ForkJoinPool.java:1182)
	at java.base/java.util.concurrent.ForkJoinPool.scan(ForkJoinPool.java:1655)
	at java.base/java.util.concurrent.ForkJoinPool.runWorker(ForkJoinPool.java:1622)
	at java.base/java.util.concurrent.ForkJoinWorkerThread.run(ForkJoinWorkerThread.java:165)

!ENTRY org.eclipse.lsp4e 4 0 2025-12-27 07:28:38.657
!MESSAGE プラグイン "org.eclipse.wildwebdeveloper" は、クラス "org.eclipse.wildwebdeveloper.angular.AngularLanguageServer" をインスタンス化できませんでした。
!STACK 1
org.eclipse.core.runtime.CoreException: プラグイン "org.eclipse.wildwebdeveloper" は、クラス "org.eclipse.wildwebdeveloper.angular.AngularLanguageServer" をインスタンス化できませんでした。
	at org.eclipse.core.internal.registry.osgi.RegistryStrategyOSGI.throwException(RegistryStrategyOSGI.java:212)
	at org.eclipse.core.internal.registry.osgi.RegistryStrategyOSGI.createExecutableExtension(RegistryStrategyOSGI.java:206)
	at org.eclipse.core.internal.registry.ExtensionRegistry.createExecutableExtension(ExtensionRegistry.java:920)
	at org.eclipse.core.internal.registry.ConfigurationElement.createExecutableExtension(ConfigurationElement.java:246)
	at org.eclipse.core.internal.registry.ConfigurationElementHandle.createExecutableExtension(ConfigurationElementHandle.java:63)
	at org.eclipse.lsp4e.LanguageServersRegistry$ExtensionLanguageServerDefinition.createConnectionProvider(LanguageServersRegistry.java:161)
	at org.eclipse.lsp4e.LanguageServerWrapper.lambda$0(LanguageServerWrapper.java:233)
	at java.base/java.util.concurrent.CompletableFuture$AsyncSupply.run(CompletableFuture.java:1768)
	at java.base/java.util.concurrent.CompletableFuture$AsyncSupply.exec(CompletableFuture.java:1760)
	at java.base/java.util.concurrent.ForkJoinTask.doExec(ForkJoinTask.java:373)
	at java.base/java.util.concurrent.ForkJoinPool$WorkQueue.topLevelExec(ForkJoinPool.java:1182)
	at java.base/java.util.concurrent.ForkJoinPool.scan(ForkJoinPool.java:1655)
	at java.base/java.util.concurrent.ForkJoinPool.runWorker(ForkJoinPool.java:1622)
	at java.base/java.util.concurrent.ForkJoinWorkerThread.run(ForkJoinWorkerThread.java:165)
Caused by: java.lang.reflect.InvocationTargetException
	at jdk.internal.reflect.GeneratedConstructorAccessor101.newInstance(Unknown Source)
	at java.base/jdk.internal.reflect.DelegatingConstructorAccessorImpl.newInstance(DelegatingConstructorAccessorImpl.java:45)
	at java.base/java.lang.reflect.Constructor.newInstanceWithCaller(Constructor.java:499)
	at java.base/java.lang.reflect.Constructor.newInstance(Constructor.java:480)
	at org.eclipse.core.internal.registry.osgi.RegistryStrategyOSGI.createExecutableExtension(RegistryStrategyOSGI.java:204)
	... 12 more
Caused by: java.lang.NullPointerException: Cannot invoke "java.io.File.getAbsolutePath()" because the return value of "org.eclipse.wildwebdeveloper.embedder.node.NodeJSManager.getNodeJsLocation()" is null
	at org.eclipse.wildwebdeveloper.angular.AngularLanguageServer.<init>(AngularLanguageServer.java:43)
	... 17 more
!SUBENTRY 1 org.eclipse.equinox.registry 4 1 2025-12-27 07:28:38.657
!MESSAGE プラグイン "org.eclipse.wildwebdeveloper" は、クラス "org.eclipse.wildwebdeveloper.angular.AngularLanguageServer" をインスタンス化できませんでした。
!STACK 0
java.lang.reflect.InvocationTargetException
	at jdk.internal.reflect.GeneratedConstructorAccessor101.newInstance(Unknown Source)
	at java.base/jdk.internal.reflect.DelegatingConstructorAccessorImpl.newInstance(DelegatingConstructorAccessorImpl.java:45)
	at java.base/java.lang.reflect.Constructor.newInstanceWithCaller(Constructor.java:499)
	at java.base/java.lang.reflect.Constructor.newInstance(Constructor.java:480)
	at org.eclipse.core.internal.registry.osgi.RegistryStrategyOSGI.createExecutableExtension(RegistryStrategyOSGI.java:204)
	at org.eclipse.core.internal.registry.ExtensionRegistry.createExecutableExtension(ExtensionRegistry.java:920)
	at org.eclipse.core.internal.registry.ConfigurationElement.createExecutableExtension(ConfigurationElement.java:246)
	at org.eclipse.core.internal.registry.ConfigurationElementHandle.createExecutableExtension(ConfigurationElementHandle.java:63)
	at org.eclipse.lsp4e.LanguageServersRegistry$ExtensionLanguageServerDefinition.createConnectionProvider(LanguageServersRegistry.java:161)
	at org.eclipse.lsp4e.LanguageServerWrapper.lambda$0(LanguageServerWrapper.java:233)
	at java.base/java.util.concurrent.CompletableFuture$AsyncSupply.run(CompletableFuture.java:1768)
	at java.base/java.util.concurrent.CompletableFuture$AsyncSupply.exec(CompletableFuture.java:1760)
	at java.base/java.util.concurrent.ForkJoinTask.doExec(ForkJoinTask.java:373)
	at java.base/java.util.concurrent.ForkJoinPool$WorkQueue.topLevelExec(ForkJoinPool.java:1182)
	at java.base/java.util.concurrent.ForkJoinPool.scan(ForkJoinPool.java:1655)
	at java.base/java.util.concurrent.ForkJoinPool.runWorker(ForkJoinPool.java:1622)
	at java.base/java.util.concurrent.ForkJoinWorkerThread.run(ForkJoinWorkerThread.java:165)
Caused by: java.lang.NullPointerException: Cannot invoke "java.io.File.getAbsolutePath()" because the return value of "org.eclipse.wildwebdeveloper.embedder.node.NodeJSManager.getNodeJsLocation()" is null
	at org.eclipse.wildwebdeveloper.angular.AngularLanguageServer.<init>(AngularLanguageServer.java:43)
	... 17 more
Root exception:
java.lang.NullPointerException: Cannot invoke "java.io.File.getAbsolutePath()" because the return value of "org.eclipse.wildwebdeveloper.embedder.node.NodeJSManager.getNodeJsLocation()" is null
	at org.eclipse.wildwebdeveloper.angular.AngularLanguageServer.<init>(AngularLanguageServer.java:43)
	at jdk.internal.reflect.GeneratedConstructorAccessor101.newInstance(Unknown Source)
	at java.base/jdk.internal.reflect.DelegatingConstructorAccessorImpl.newInstance(DelegatingConstructorAccessorImpl.java:45)
	at java.base/java.lang.reflect.Constructor.newInstanceWithCaller(Constructor.java:499)
	at java.base/java.lang.reflect.Constructor.newInstance(Constructor.java:480)
	at org.eclipse.core.internal.registry.osgi.RegistryStrategyOSGI.createExecutableExtension(RegistryStrategyOSGI.java:204)
	at org.eclipse.core.internal.registry.ExtensionRegistry.createExecutableExtension(ExtensionRegistry.java:920)
	at org.eclipse.core.internal.registry.ConfigurationElement.createExecutableExtension(ConfigurationElement.java:246)
	at org.eclipse.core.internal.registry.ConfigurationElementHandle.createExecutableExtension(ConfigurationElementHandle.java:63)
	at org.eclipse.lsp4e.LanguageServersRegistry$ExtensionLanguageServerDefinition.createConnectionProvider(LanguageServersRegistry.java:161)
	at org.eclipse.lsp4e.LanguageServerWrapper.lambda$0(LanguageServerWrapper.java:233)
	at java.base/java.util.concurrent.CompletableFuture$AsyncSupply.run(CompletableFuture.java:1768)
	at java.base/java.util.concurrent.CompletableFuture$AsyncSupply.exec(CompletableFuture.java:1760)
	at java.base/java.util.concurrent.ForkJoinTask.doExec(ForkJoinTask.java:373)
	at java.base/java.util.concurrent.ForkJoinPool$WorkQueue.topLevelExec(ForkJoinPool.java:1182)
	at java.base/java.util.concurrent.ForkJoinPool.scan(ForkJoinPool.java:1655)
	at java.base/java.util.concurrent.ForkJoinPool.runWorker(ForkJoinPool.java:1622)
	at java.base/java.util.concurrent.ForkJoinWorkerThread.run(ForkJoinWorkerThread.java:165)

!ENTRY org.eclipse.lsp4e 4 0 2025-12-27 07:28:38.658
!MESSAGE Exception occurred while creating an instance of the stream connection provider
!STACK 0
java.lang.RuntimeException: Exception occurred while creating an instance of the stream connection provider
	at org.eclipse.lsp4e.LanguageServersRegistry$ExtensionLanguageServerDefinition.createConnectionProvider(LanguageServersRegistry.java:164)
	at org.eclipse.lsp4e.LanguageServerWrapper.lambda$0(LanguageServerWrapper.java:233)
	at java.base/java.util.concurrent.CompletableFuture$AsyncSupply.run(CompletableFuture.java:1768)
	at java.base/java.util.concurrent.CompletableFuture$AsyncSupply.exec(CompletableFuture.java:1760)
	at java.base/java.util.concurrent.ForkJoinTask.doExec(ForkJoinTask.java:373)
	at java.base/java.util.concurrent.ForkJoinPool$WorkQueue.topLevelExec(ForkJoinPool.java:1182)
	at java.base/java.util.concurrent.ForkJoinPool.scan(ForkJoinPool.java:1655)
	at java.base/java.util.concurrent.ForkJoinPool.runWorker(ForkJoinPool.java:1622)
	at java.base/java.util.concurrent.ForkJoinWorkerThread.run(ForkJoinWorkerThread.java:165)
Caused by: org.eclipse.core.runtime.CoreException: プラグイン "org.eclipse.wildwebdeveloper" は、クラス "org.eclipse.wildwebdeveloper.angular.AngularLanguageServer" をインスタンス化できませんでした。
	at org.eclipse.core.internal.registry.osgi.RegistryStrategyOSGI.throwException(RegistryStrategyOSGI.java:212)
	at org.eclipse.core.internal.registry.osgi.RegistryStrategyOSGI.createExecutableExtension(RegistryStrategyOSGI.java:206)
	at org.eclipse.core.internal.registry.ExtensionRegistry.createExecutableExtension(ExtensionRegistry.java:920)
	at org.eclipse.core.internal.registry.ConfigurationElement.createExecutableExtension(ConfigurationElement.java:246)
	at org.eclipse.core.internal.registry.ConfigurationElementHandle.createExecutableExtension(ConfigurationElementHandle.java:63)
	at org.eclipse.lsp4e.LanguageServersRegistry$ExtensionLanguageServerDefinition.createConnectionProvider(LanguageServersRegistry.java:161)
	... 8 more
Caused by: java.lang.reflect.InvocationTargetException
	at jdk.internal.reflect.GeneratedConstructorAccessor101.newInstance(Unknown Source)
	at java.base/jdk.internal.reflect.DelegatingConstructorAccessorImpl.newInstance(DelegatingConstructorAccessorImpl.java:45)
	at java.base/java.lang.reflect.Constructor.newInstanceWithCaller(Constructor.java:499)
	at java.base/java.lang.reflect.Constructor.newInstance(Constructor.java:480)
	at org.eclipse.core.internal.registry.osgi.RegistryStrategyOSGI.createExecutableExtension(RegistryStrategyOSGI.java:204)
	... 12 more
Caused by: java.lang.NullPointerException: Cannot invoke "java.io.File.getAbsolutePath()" because the return value of "org.eclipse.wildwebdeveloper.embedder.node.NodeJSManager.getNodeJsLocation()" is null
	at org.eclipse.wildwebdeveloper.angular.AngularLanguageServer.<init>(AngularLanguageServer.java:43)
	... 17 more

!ENTRY org.eclipse.lsp4e 4 0 2025-12-27 07:28:38.658
!MESSAGE プラグイン "org.eclipse.wildwebdeveloper" は、クラス "org.eclipse.wildwebdeveloper.html.HTMLLanguageServer" をインスタンス化できませんでした。
!STACK 1
org.eclipse.core.runtime.CoreException: プラグイン "org.eclipse.wildwebdeveloper" は、クラス "org.eclipse.wildwebdeveloper.html.HTMLLanguageServer" をインスタンス化できませんでした。
	at org.eclipse.core.internal.registry.osgi.RegistryStrategyOSGI.throwException(RegistryStrategyOSGI.java:212)
	at org.eclipse.core.internal.registry.osgi.RegistryStrategyOSGI.createExecutableExtension(RegistryStrategyOSGI.java:206)
	at org.eclipse.core.internal.registry.ExtensionRegistry.createExecutableExtension(ExtensionRegistry.java:920)
	at org.eclipse.core.internal.registry.ConfigurationElement.createExecutableExtension(ConfigurationElement.java:246)
	at org.eclipse.core.internal.registry.ConfigurationElementHandle.createExecutableExtension(ConfigurationElementHandle.java:63)
	at org.eclipse.lsp4e.LanguageServersRegistry$ExtensionLanguageServerDefinition.createConnectionProvider(LanguageServersRegistry.java:161)
	at org.eclipse.lsp4e.LanguageServerWrapper.lambda$0(LanguageServerWrapper.java:233)
	at java.base/java.util.concurrent.CompletableFuture$AsyncSupply.run(CompletableFuture.java:1768)
	at java.base/java.util.concurrent.CompletableFuture$AsyncSupply.exec(CompletableFuture.java:1760)
	at java.base/java.util.concurrent.ForkJoinTask.doExec(ForkJoinTask.java:373)
	at java.base/java.util.concurrent.ForkJoinPool$WorkQueue.topLevelExec(ForkJoinPool.java:1182)
	at java.base/java.util.concurrent.ForkJoinPool.scan(ForkJoinPool.java:1655)
	at java.base/java.util.concurrent.ForkJoinPool.runWorker(ForkJoinPool.java:1622)
	at java.base/java.util.concurrent.ForkJoinWorkerThread.run(ForkJoinWorkerThread.java:165)
Caused by: java.lang.reflect.InvocationTargetException
	at jdk.internal.reflect.GeneratedConstructorAccessor102.newInstance(Unknown Source)
	at java.base/jdk.internal.reflect.DelegatingConstructorAccessorImpl.newInstance(DelegatingConstructorAccessorImpl.java:45)
	at java.base/java.lang.reflect.Constructor.newInstanceWithCaller(Constructor.java:499)
	at java.base/java.lang.reflect.Constructor.newInstance(Constructor.java:480)
	at org.eclipse.core.internal.registry.osgi.RegistryStrategyOSGI.createExecutableExtension(RegistryStrategyOSGI.java:204)
	... 12 more
Caused by: java.lang.NullPointerException: Cannot invoke "java.io.File.getAbsolutePath()" because the return value of "org.eclipse.wildwebdeveloper.embedder.node.NodeJSManager.getNodeJsLocation()" is null
	at org.eclipse.wildwebdeveloper.html.HTMLLanguageServer.<init>(HTMLLanguageServer.java:40)
	... 17 more
!SUBENTRY 1 org.eclipse.equinox.registry 4 1 2025-12-27 07:28:38.658
!MESSAGE プラグイン "org.eclipse.wildwebdeveloper" は、クラス "org.eclipse.wildwebdeveloper.html.HTMLLanguageServer" をインスタンス化できませんでした。
!STACK 0
java.lang.reflect.InvocationTargetException
	at jdk.internal.reflect.GeneratedConstructorAccessor102.newInstance(Unknown Source)
	at java.base/jdk.internal.reflect.DelegatingConstructorAccessorImpl.newInstance(DelegatingConstructorAccessorImpl.java:45)
	at java.base/java.lang.reflect.Constructor.newInstanceWithCaller(Constructor.java:499)
	at java.base/java.lang.reflect.Constructor.newInstance(Constructor.java:480)
	at org.eclipse.core.internal.registry.osgi.RegistryStrategyOSGI.createExecutableExtension(RegistryStrategyOSGI.java:204)
	at org.eclipse.core.internal.registry.ExtensionRegistry.createExecutableExtension(ExtensionRegistry.java:920)
	at org.eclipse.core.internal.registry.ConfigurationElement.createExecutableExtension(ConfigurationElement.java:246)
	at org.eclipse.core.internal.registry.ConfigurationElementHandle.createExecutableExtension(ConfigurationElementHandle.java:63)
	at org.eclipse.lsp4e.LanguageServersRegistry$ExtensionLanguageServerDefinition.createConnectionProvider(LanguageServersRegistry.java:161)
	at org.eclipse.lsp4e.LanguageServerWrapper.lambda$0(LanguageServerWrapper.java:233)
	at java.base/java.util.concurrent.CompletableFuture$AsyncSupply.run(CompletableFuture.java:1768)
	at java.base/java.util.concurrent.CompletableFuture$AsyncSupply.exec(CompletableFuture.java:1760)
	at java.base/java.util.concurrent.ForkJoinTask.doExec(ForkJoinTask.java:373)
	at java.base/java.util.concurrent.ForkJoinPool$WorkQueue.topLevelExec(ForkJoinPool.java:1182)
	at java.base/java.util.concurrent.ForkJoinPool.scan(ForkJoinPool.java:1655)
	at java.base/java.util.concurrent.ForkJoinPool.runWorker(ForkJoinPool.java:1622)
	at java.base/java.util.concurrent.ForkJoinWorkerThread.run(ForkJoinWorkerThread.java:165)
Caused by: java.lang.NullPointerException: Cannot invoke "java.io.File.getAbsolutePath()" because the return value of "org.eclipse.wildwebdeveloper.embedder.node.NodeJSManager.getNodeJsLocation()" is null
	at org.eclipse.wildwebdeveloper.html.HTMLLanguageServer.<init>(HTMLLanguageServer.java:40)
	... 17 more
Root exception:
java.lang.NullPointerException: Cannot invoke "java.io.File.getAbsolutePath()" because the return value of "org.eclipse.wildwebdeveloper.embedder.node.NodeJSManager.getNodeJsLocation()" is null
	at org.eclipse.wildwebdeveloper.html.HTMLLanguageServer.<init>(HTMLLanguageServer.java:40)
	at jdk.internal.reflect.GeneratedConstructorAccessor102.newInstance(Unknown Source)
	at java.base/jdk.internal.reflect.DelegatingConstructorAccessorImpl.newInstance(DelegatingConstructorAccessorImpl.java:45)
	at java.base/java.lang.reflect.Constructor.newInstanceWithCaller(Constructor.java:499)
	at java.base/java.lang.reflect.Constructor.newInstance(Constructor.java:480)
	at org.eclipse.core.internal.registry.osgi.RegistryStrategyOSGI.createExecutableExtension(RegistryStrategyOSGI.java:204)
	at org.eclipse.core.internal.registry.ExtensionRegistry.createExecutableExtension(ExtensionRegistry.java:920)
	at org.eclipse.core.internal.registry.ConfigurationElement.createExecutableExtension(ConfigurationElement.java:246)
	at org.eclipse.core.internal.registry.ConfigurationElementHandle.createExecutableExtension(ConfigurationElementHandle.java:63)
	at org.eclipse.lsp4e.LanguageServersRegistry$ExtensionLanguageServerDefinition.createConnectionProvider(LanguageServersRegistry.java:161)
	at org.eclipse.lsp4e.LanguageServerWrapper.lambda$0(LanguageServerWrapper.java:233)
	at java.base/java.util.concurrent.CompletableFuture$AsyncSupply.run(CompletableFuture.java:1768)
	at java.base/java.util.concurrent.CompletableFuture$AsyncSupply.exec(CompletableFuture.java:1760)
	at java.base/java.util.concurrent.ForkJoinTask.doExec(ForkJoinTask.java:373)
	at java.base/java.util.concurrent.ForkJoinPool$WorkQueue.topLevelExec(ForkJoinPool.java:1182)
	at java.base/java.util.concurrent.ForkJoinPool.scan(ForkJoinPool.java:1655)
	at java.base/java.util.concurrent.ForkJoinPool.runWorker(ForkJoinPool.java:1622)
	at java.base/java.util.concurrent.ForkJoinWorkerThread.run(ForkJoinWorkerThread.java:165)

!ENTRY org.eclipse.lsp4e 4 0 2025-12-27 07:28:38.658
!MESSAGE Cannot invoke "org.eclipse.lsp4e.server.StreamConnectionProvider.getInputStream()" because "this.lspStreamProvider" is null
!STACK 0
java.lang.NullPointerException: Cannot invoke "org.eclipse.lsp4e.server.StreamConnectionProvider.getInputStream()" because "this.lspStreamProvider" is null
	at org.eclipse.lsp4e.LanguageServerWrapper.lambda$1(LanguageServerWrapper.java:284)
	at java.base/java.util.concurrent.CompletableFuture$UniApply.tryFire(CompletableFuture.java:646)
	at java.base/java.util.concurrent.CompletableFuture.postComplete(CompletableFuture.java:510)
	at java.base/java.util.concurrent.CompletableFuture$AsyncSupply.run(CompletableFuture.java:1773)
	at java.base/java.util.concurrent.CompletableFuture$AsyncSupply.exec(CompletableFuture.java:1760)
	at java.base/java.util.concurrent.ForkJoinTask.doExec(ForkJoinTask.java:373)
	at java.base/java.util.concurrent.ForkJoinPool$WorkQueue.topLevelExec(ForkJoinPool.java:1182)
	at java.base/java.util.concurrent.ForkJoinPool.scan(ForkJoinPool.java:1655)
	at java.base/java.util.concurrent.ForkJoinPool.runWorker(ForkJoinPool.java:1622)
	at java.base/java.util.concurrent.ForkJoinWorkerThread.run(ForkJoinWorkerThread.java:165)

!ENTRY org.eclipse.lsp4e 4 0 2025-12-27 07:28:38.658
!MESSAGE Exception occurred while creating an instance of the stream connection provider
!STACK 0
java.lang.RuntimeException: Exception occurred while creating an instance of the stream connection provider
	at org.eclipse.lsp4e.LanguageServersRegistry$ExtensionLanguageServerDefinition.createConnectionProvider(LanguageServersRegistry.java:164)
	at org.eclipse.lsp4e.LanguageServerWrapper.lambda$0(LanguageServerWrapper.java:233)
	at java.base/java.util.concurrent.CompletableFuture$AsyncSupply.run(CompletableFuture.java:1768)
	at java.base/java.util.concurrent.CompletableFuture$AsyncSupply.exec(CompletableFuture.java:1760)
	at java.base/java.util.concurrent.ForkJoinTask.doExec(ForkJoinTask.java:373)
	at java.base/java.util.concurrent.ForkJoinPool$WorkQueue.topLevelExec(ForkJoinPool.java:1182)
	at java.base/java.util.concurrent.ForkJoinPool.scan(ForkJoinPool.java:1655)
	at java.base/java.util.concurrent.ForkJoinPool.runWorker(ForkJoinPool.java:1622)
	at java.base/java.util.concurrent.ForkJoinWorkerThread.run(ForkJoinWorkerThread.java:165)
Caused by: org.eclipse.core.runtime.CoreException: プラグイン "org.eclipse.wildwebdeveloper" は、クラス "org.eclipse.wildwebdeveloper.html.HTMLLanguageServer" をインスタンス化できませんでした。
	at org.eclipse.core.internal.registry.osgi.RegistryStrategyOSGI.throwException(RegistryStrategyOSGI.java:212)
	at org.eclipse.core.internal.registry.osgi.RegistryStrategyOSGI.createExecutableExtension(RegistryStrategyOSGI.java:206)
	at org.eclipse.core.internal.registry.ExtensionRegistry.createExecutableExtension(ExtensionRegistry.java:920)
	at org.eclipse.core.internal.registry.ConfigurationElement.createExecutableExtension(ConfigurationElement.java:246)
	at org.eclipse.core.internal.registry.ConfigurationElementHandle.createExecutableExtension(ConfigurationElementHandle.java:63)
	at org.eclipse.lsp4e.LanguageServersRegistry$ExtensionLanguageServerDefinition.createConnectionProvider(LanguageServersRegistry.java:161)
	... 8 more
Caused by: java.lang.reflect.InvocationTargetException
	at jdk.internal.reflect.GeneratedConstructorAccessor102.newInstance(Unknown Source)
	at java.base/jdk.internal.reflect.DelegatingConstructorAccessorImpl.newInstance(DelegatingConstructorAccessorImpl.java:45)
	at java.base/java.lang.reflect.Constructor.newInstanceWithCaller(Constructor.java:499)
	at java.base/java.lang.reflect.Constructor.newInstance(Constructor.java:480)
	at org.eclipse.core.internal.registry.osgi.RegistryStrategyOSGI.createExecutableExtension(RegistryStrategyOSGI.java:204)
	... 12 more
Caused by: java.lang.NullPointerException: Cannot invoke "java.io.File.getAbsolutePath()" because the return value of "org.eclipse.wildwebdeveloper.embedder.node.NodeJSManager.getNodeJsLocation()" is null
	at org.eclipse.wildwebdeveloper.html.HTMLLanguageServer.<init>(HTMLLanguageServer.java:40)
	... 17 more

!ENTRY org.eclipse.lsp4e 4 0 2025-12-27 07:28:38.660
!MESSAGE Cannot invoke "org.eclipse.lsp4e.server.StreamConnectionProvider.getInputStream()" because "this.lspStreamProvider" is null
!STACK 0
java.lang.NullPointerException: Cannot invoke "org.eclipse.lsp4e.server.StreamConnectionProvider.getInputStream()" because "this.lspStreamProvider" is null
	at org.eclipse.lsp4e.LanguageServerWrapper.lambda$1(LanguageServerWrapper.java:284)
	at java.base/java.util.concurrent.CompletableFuture$UniApply.tryFire(CompletableFuture.java:646)
	at java.base/java.util.concurrent.CompletableFuture.postComplete(CompletableFuture.java:510)
	at java.base/java.util.concurrent.CompletableFuture$AsyncSupply.run(CompletableFuture.java:1773)
	at java.base/java.util.concurrent.CompletableFuture$AsyncSupply.exec(CompletableFuture.java:1760)
	at java.base/java.util.concurrent.ForkJoinTask.doExec(ForkJoinTask.java:373)
	at java.base/java.util.concurrent.ForkJoinPool$WorkQueue.topLevelExec(ForkJoinPool.java:1182)
	at java.base/java.util.concurrent.ForkJoinPool.scan(ForkJoinPool.java:1655)
	at java.base/java.util.concurrent.ForkJoinPool.runWorker(ForkJoinPool.java:1622)
	at java.base/java.util.concurrent.ForkJoinWorkerThread.run(ForkJoinWorkerThread.java:165)

!ENTRY org.eclipse.lsp4e 4 0 2025-12-27 07:28:38.733
!MESSAGE プラグイン "org.eclipse.wildwebdeveloper" は、クラス "org.eclipse.wildwebdeveloper.html.HTMLLanguageServer" をインスタンス化できませんでした。
!STACK 1
org.eclipse.core.runtime.CoreException: プラグイン "org.eclipse.wildwebdeveloper" は、クラス "org.eclipse.wildwebdeveloper.html.HTMLLanguageServer" をインスタンス化できませんでした。
	at org.eclipse.core.internal.registry.osgi.RegistryStrategyOSGI.throwException(RegistryStrategyOSGI.java:212)
	at org.eclipse.core.internal.registry.osgi.RegistryStrategyOSGI.createExecutableExtension(RegistryStrategyOSGI.java:206)
	at org.eclipse.core.internal.registry.ExtensionRegistry.createExecutableExtension(ExtensionRegistry.java:920)
	at org.eclipse.core.internal.registry.ConfigurationElement.createExecutableExtension(ConfigurationElement.java:246)
	at org.eclipse.core.internal.registry.ConfigurationElementHandle.createExecutableExtension(ConfigurationElementHandle.java:63)
	at org.eclipse.lsp4e.LanguageServersRegistry$ExtensionLanguageServerDefinition.createConnectionProvider(LanguageServersRegistry.java:161)
	at org.eclipse.lsp4e.LanguageServerWrapper.lambda$0(LanguageServerWrapper.java:233)
	at java.base/java.util.concurrent.CompletableFuture$AsyncSupply.run(CompletableFuture.java:1768)
	at java.base/java.util.concurrent.CompletableFuture$AsyncSupply.exec(CompletableFuture.java:1760)
	at java.base/java.util.concurrent.ForkJoinTask.doExec(ForkJoinTask.java:373)
	at java.base/java.util.concurrent.ForkJoinPool$WorkQueue.topLevelExec(ForkJoinPool.java:1182)
	at java.base/java.util.concurrent.ForkJoinPool.scan(ForkJoinPool.java:1655)
	at java.base/java.util.concurrent.ForkJoinPool.runWorker(ForkJoinPool.java:1622)
	at java.base/java.util.concurrent.ForkJoinWorkerThread.run(ForkJoinWorkerThread.java:165)
Caused by: java.lang.reflect.InvocationTargetException
	at jdk.internal.reflect.GeneratedConstructorAccessor102.newInstance(Unknown Source)
	at java.base/jdk.internal.reflect.DelegatingConstructorAccessorImpl.newInstance(DelegatingConstructorAccessorImpl.java:45)
	at java.base/java.lang.reflect.Constructor.newInstanceWithCaller(Constructor.java:499)
	at java.base/java.lang.reflect.Constructor.newInstance(Constructor.java:480)
	at org.eclipse.core.internal.registry.osgi.RegistryStrategyOSGI.createExecutableExtension(RegistryStrategyOSGI.java:204)
	... 12 more
Caused by: java.lang.NullPointerException: Cannot invoke "java.io.File.getAbsolutePath()" because the return value of "org.eclipse.wildwebdeveloper.embedder.node.NodeJSManager.getNodeJsLocation()" is null
	at org.eclipse.wildwebdeveloper.html.HTMLLanguageServer.<init>(HTMLLanguageServer.java:40)
	... 17 more
!SUBENTRY 1 org.eclipse.equinox.registry 4 1 2025-12-27 07:28:38.733
!MESSAGE プラグイン "org.eclipse.wildwebdeveloper" は、クラス "org.eclipse.wildwebdeveloper.html.HTMLLanguageServer" をインスタンス化できませんでした。
!STACK 0
java.lang.reflect.InvocationTargetException
	at jdk.internal.reflect.GeneratedConstructorAccessor102.newInstance(Unknown Source)
	at java.base/jdk.internal.reflect.DelegatingConstructorAccessorImpl.newInstance(DelegatingConstructorAccessorImpl.java:45)
	at java.base/java.lang.reflect.Constructor.newInstanceWithCaller(Constructor.java:499)
	at java.base/java.lang.reflect.Constructor.newInstance(Constructor.java:480)
	at org.eclipse.core.internal.registry.osgi.RegistryStrategyOSGI.createExecutableExtension(RegistryStrategyOSGI.java:204)
	at org.eclipse.core.internal.registry.ExtensionRegistry.createExecutableExtension(ExtensionRegistry.java:920)
	at org.eclipse.core.internal.registry.ConfigurationElement.createExecutableExtension(ConfigurationElement.java:246)
	at org.eclipse.core.internal.registry.ConfigurationElementHandle.createExecutableExtension(ConfigurationElementHandle.java:63)
	at org.eclipse.lsp4e.LanguageServersRegistry$ExtensionLanguageServerDefinition.createConnectionProvider(LanguageServersRegistry.java:161)
	at org.eclipse.lsp4e.LanguageServerWrapper.lambda$0(LanguageServerWrapper.java:233)
	at java.base/java.util.concurrent.CompletableFuture$AsyncSupply.run(CompletableFuture.java:1768)
	at java.base/java.util.concurrent.CompletableFuture$AsyncSupply.exec(CompletableFuture.java:1760)
	at java.base/java.util.concurrent.ForkJoinTask.doExec(ForkJoinTask.java:373)
	at java.base/java.util.concurrent.ForkJoinPool$WorkQueue.topLevelExec(ForkJoinPool.java:1182)
	at java.base/java.util.concurrent.ForkJoinPool.scan(ForkJoinPool.java:1655)
	at java.base/java.util.concurrent.ForkJoinPool.runWorker(ForkJoinPool.java:1622)
	at java.base/java.util.concurrent.ForkJoinWorkerThread.run(ForkJoinWorkerThread.java:165)
Caused by: java.lang.NullPointerException: Cannot invoke "java.io.File.getAbsolutePath()" because the return value of "org.eclipse.wildwebdeveloper.embedder.node.NodeJSManager.getNodeJsLocation()" is null
	at org.eclipse.wildwebdeveloper.html.HTMLLanguageServer.<init>(HTMLLanguageServer.java:40)
	... 17 more
Root exception:
java.lang.NullPointerException: Cannot invoke "java.io.File.getAbsolutePath()" because the return value of "org.eclipse.wildwebdeveloper.embedder.node.NodeJSManager.getNodeJsLocation()" is null
	at org.eclipse.wildwebdeveloper.html.HTMLLanguageServer.<init>(HTMLLanguageServer.java:40)
	at jdk.internal.reflect.GeneratedConstructorAccessor102.newInstance(Unknown Source)
	at java.base/jdk.internal.reflect.DelegatingConstructorAccessorImpl.newInstance(DelegatingConstructorAccessorImpl.java:45)
	at java.base/java.lang.reflect.Constructor.newInstanceWithCaller(Constructor.java:499)
	at java.base/java.lang.reflect.Constructor.newInstance(Constructor.java:480)
	at org.eclipse.core.internal.registry.osgi.RegistryStrategyOSGI.createExecutableExtension(RegistryStrategyOSGI.java:204)
	at org.eclipse.core.internal.registry.ExtensionRegistry.createExecutableExtension(ExtensionRegistry.java:920)
	at org.eclipse.core.internal.registry.ConfigurationElement.createExecutableExtension(ConfigurationElement.java:246)
	at org.eclipse.core.internal.registry.ConfigurationElementHandle.createExecutableExtension(ConfigurationElementHandle.java:63)
	at org.eclipse.lsp4e.LanguageServersRegistry$ExtensionLanguageServerDefinition.createConnectionProvider(LanguageServersRegistry.java:161)
	at org.eclipse.lsp4e.LanguageServerWrapper.lambda$0(LanguageServerWrapper.java:233)
	at java.base/java.util.concurrent.CompletableFuture$AsyncSupply.run(CompletableFuture.java:1768)
	at java.base/java.util.concurrent.CompletableFuture$AsyncSupply.exec(CompletableFuture.java:1760)
	at java.base/java.util.concurrent.ForkJoinTask.doExec(ForkJoinTask.java:373)
	at java.base/java.util.concurrent.ForkJoinPool$WorkQueue.topLevelExec(ForkJoinPool.java:1182)
	at java.base/java.util.concurrent.ForkJoinPool.scan(ForkJoinPool.java:1655)
	at java.base/java.util.concurrent.ForkJoinPool.runWorker(ForkJoinPool.java:1622)
	at java.base/java.util.concurrent.ForkJoinWorkerThread.run(ForkJoinWorkerThread.java:165)

!ENTRY org.eclipse.lsp4e 4 0 2025-12-27 07:28:38.733
!MESSAGE プラグイン "org.eclipse.wildwebdeveloper" は、クラス "org.eclipse.wildwebdeveloper.angular.AngularLanguageServer" をインスタンス化できませんでした。
!STACK 1
org.eclipse.core.runtime.CoreException: プラグイン "org.eclipse.wildwebdeveloper" は、クラス "org.eclipse.wildwebdeveloper.angular.AngularLanguageServer" をインスタンス化できませんでした。
	at org.eclipse.core.internal.registry.osgi.RegistryStrategyOSGI.throwException(RegistryStrategyOSGI.java:212)
	at org.eclipse.core.internal.registry.osgi.RegistryStrategyOSGI.createExecutableExtension(RegistryStrategyOSGI.java:206)
	at org.eclipse.core.internal.registry.ExtensionRegistry.createExecutableExtension(ExtensionRegistry.java:920)
	at org.eclipse.core.internal.registry.ConfigurationElement.createExecutableExtension(ConfigurationElement.java:246)
	at org.eclipse.core.internal.registry.ConfigurationElementHandle.createExecutableExtension(ConfigurationElementHandle.java:63)
	at org.eclipse.lsp4e.LanguageServersRegistry$ExtensionLanguageServerDefinition.createConnectionProvider(LanguageServersRegistry.java:161)
	at org.eclipse.lsp4e.LanguageServerWrapper.lambda$0(LanguageServerWrapper.java:233)
	at java.base/java.util.concurrent.CompletableFuture$AsyncSupply.run(CompletableFuture.java:1768)
	at java.base/java.util.concurrent.CompletableFuture$AsyncSupply.exec(CompletableFuture.java:1760)
	at java.base/java.util.concurrent.ForkJoinTask.doExec(ForkJoinTask.java:373)
	at java.base/java.util.concurrent.ForkJoinPool$WorkQueue.topLevelExec(ForkJoinPool.java:1182)
	at java.base/java.util.concurrent.ForkJoinPool.scan(ForkJoinPool.java:1655)
	at java.base/java.util.concurrent.ForkJoinPool.runWorker(ForkJoinPool.java:1622)
	at java.base/java.util.concurrent.ForkJoinWorkerThread.run(ForkJoinWorkerThread.java:165)
Caused by: java.lang.reflect.InvocationTargetException
	at jdk.internal.reflect.GeneratedConstructorAccessor101.newInstance(Unknown Source)
	at java.base/jdk.internal.reflect.DelegatingConstructorAccessorImpl.newInstance(DelegatingConstructorAccessorImpl.java:45)
	at java.base/java.lang.reflect.Constructor.newInstanceWithCaller(Constructor.java:499)
	at java.base/java.lang.reflect.Constructor.newInstance(Constructor.java:480)
	at org.eclipse.core.internal.registry.osgi.RegistryStrategyOSGI.createExecutableExtension(RegistryStrategyOSGI.java:204)
	... 12 more
Caused by: java.lang.NullPointerException: Cannot invoke "java.io.File.getAbsolutePath()" because the return value of "org.eclipse.wildwebdeveloper.embedder.node.NodeJSManager.getNodeJsLocation()" is null
	at org.eclipse.wildwebdeveloper.angular.AngularLanguageServer.<init>(AngularLanguageServer.java:43)
	... 17 more
!SUBENTRY 1 org.eclipse.equinox.registry 4 1 2025-12-27 07:28:38.734
!MESSAGE プラグイン "org.eclipse.wildwebdeveloper" は、クラス "org.eclipse.wildwebdeveloper.angular.AngularLanguageServer" をインスタンス化できませんでした。
!STACK 0
java.lang.reflect.InvocationTargetException
	at jdk.internal.reflect.GeneratedConstructorAccessor101.newInstance(Unknown Source)
	at java.base/jdk.internal.reflect.DelegatingConstructorAccessorImpl.newInstance(DelegatingConstructorAccessorImpl.java:45)
	at java.base/java.lang.reflect.Constructor.newInstanceWithCaller(Constructor.java:499)
	at java.base/java.lang.reflect.Constructor.newInstance(Constructor.java:480)
	at org.eclipse.core.internal.registry.osgi.RegistryStrategyOSGI.createExecutableExtension(RegistryStrategyOSGI.java:204)
	at org.eclipse.core.internal.registry.ExtensionRegistry.createExecutableExtension(ExtensionRegistry.java:920)
	at org.eclipse.core.internal.registry.ConfigurationElement.createExecutableExtension(ConfigurationElement.java:246)
	at org.eclipse.core.internal.registry.ConfigurationElementHandle.createExecutableExtension(ConfigurationElementHandle.java:63)
	at org.eclipse.lsp4e.LanguageServersRegistry$ExtensionLanguageServerDefinition.createConnectionProvider(LanguageServersRegistry.java:161)
	at org.eclipse.lsp4e.LanguageServerWrapper.lambda$0(LanguageServerWrapper.java:233)
	at java.base/java.util.concurrent.CompletableFuture$AsyncSupply.run(CompletableFuture.java:1768)
	at java.base/java.util.concurrent.CompletableFuture$AsyncSupply.exec(CompletableFuture.java:1760)
	at java.base/java.util.concurrent.ForkJoinTask.doExec(ForkJoinTask.java:373)
	at java.base/java.util.concurrent.ForkJoinPool$WorkQueue.topLevelExec(ForkJoinPool.java:1182)
	at java.base/java.util.concurrent.ForkJoinPool.scan(ForkJoinPool.java:1655)
	at java.base/java.util.concurrent.ForkJoinPool.runWorker(ForkJoinPool.java:1622)
	at java.base/java.util.concurrent.ForkJoinWorkerThread.run(ForkJoinWorkerThread.java:165)
Caused by: java.lang.NullPointerException: Cannot invoke "java.io.File.getAbsolutePath()" because the return value of "org.eclipse.wildwebdeveloper.embedder.node.NodeJSManager.getNodeJsLocation()" is null
	at org.eclipse.wildwebdeveloper.angular.AngularLanguageServer.<init>(AngularLanguageServer.java:43)
	... 17 more
Root exception:
java.lang.NullPointerException: Cannot invoke "java.io.File.getAbsolutePath()" because the return value of "org.eclipse.wildwebdeveloper.embedder.node.NodeJSManager.getNodeJsLocation()" is null
	at org.eclipse.wildwebdeveloper.angular.AngularLanguageServer.<init>(AngularLanguageServer.java:43)
	at jdk.internal.reflect.GeneratedConstructorAccessor101.newInstance(Unknown Source)
	at java.base/jdk.internal.reflect.DelegatingConstructorAccessorImpl.newInstance(DelegatingConstructorAccessorImpl.java:45)
	at java.base/java.lang.reflect.Constructor.newInstanceWithCaller(Constructor.java:499)
	at java.base/java.lang.reflect.Constructor.newInstance(Constructor.java:480)
	at org.eclipse.core.internal.registry.osgi.RegistryStrategyOSGI.createExecutableExtension(RegistryStrategyOSGI.java:204)
	at org.eclipse.core.internal.registry.ExtensionRegistry.createExecutableExtension(ExtensionRegistry.java:920)
	at org.eclipse.core.internal.registry.ConfigurationElement.createExecutableExtension(ConfigurationElement.java:246)
	at org.eclipse.core.internal.registry.ConfigurationElementHandle.createExecutableExtension(ConfigurationElementHandle.java:63)
	at org.eclipse.lsp4e.LanguageServersRegistry$ExtensionLanguageServerDefinition.createConnectionProvider(LanguageServersRegistry.java:161)
	at org.eclipse.lsp4e.LanguageServerWrapper.lambda$0(LanguageServerWrapper.java:233)
	at java.base/java.util.concurrent.CompletableFuture$AsyncSupply.run(CompletableFuture.java:1768)
	at java.base/java.util.concurrent.CompletableFuture$AsyncSupply.exec(CompletableFuture.java:1760)
	at java.base/java.util.concurrent.ForkJoinTask.doExec(ForkJoinTask.java:373)
	at java.base/java.util.concurrent.ForkJoinPool$WorkQueue.topLevelExec(ForkJoinPool.java:1182)
	at java.base/java.util.concurrent.ForkJoinPool.scan(ForkJoinPool.java:1655)
	at java.base/java.util.concurrent.ForkJoinPool.runWorker(ForkJoinPool.java:1622)
	at java.base/java.util.concurrent.ForkJoinWorkerThread.run(ForkJoinWorkerThread.java:165)

!ENTRY org.eclipse.lsp4e 4 0 2025-12-27 07:28:38.734
!MESSAGE Exception occurred while creating an instance of the stream connection provider
!STACK 0
java.lang.RuntimeException: Exception occurred while creating an instance of the stream connection provider
	at org.eclipse.lsp4e.LanguageServersRegistry$ExtensionLanguageServerDefinition.createConnectionProvider(LanguageServersRegistry.java:164)
	at org.eclipse.lsp4e.LanguageServerWrapper.lambda$0(LanguageServerWrapper.java:233)
	at java.base/java.util.concurrent.CompletableFuture$AsyncSupply.run(CompletableFuture.java:1768)
	at java.base/java.util.concurrent.CompletableFuture$AsyncSupply.exec(CompletableFuture.java:1760)
	at java.base/java.util.concurrent.ForkJoinTask.doExec(ForkJoinTask.java:373)
	at java.base/java.util.concurrent.ForkJoinPool$WorkQueue.topLevelExec(ForkJoinPool.java:1182)
	at java.base/java.util.concurrent.ForkJoinPool.scan(ForkJoinPool.java:1655)
	at java.base/java.util.concurrent.ForkJoinPool.runWorker(ForkJoinPool.java:1622)
	at java.base/java.util.concurrent.ForkJoinWorkerThread.run(ForkJoinWorkerThread.java:165)
Caused by: org.eclipse.core.runtime.CoreException: プラグイン "org.eclipse.wildwebdeveloper" は、クラス "org.eclipse.wildwebdeveloper.html.HTMLLanguageServer" をインスタンス化できませんでした。
	at org.eclipse.core.internal.registry.osgi.RegistryStrategyOSGI.throwException(RegistryStrategyOSGI.java:212)
	at org.eclipse.core.internal.registry.osgi.RegistryStrategyOSGI.createExecutableExtension(RegistryStrategyOSGI.java:206)
	at org.eclipse.core.internal.registry.ExtensionRegistry.createExecutableExtension(ExtensionRegistry.java:920)
	at org.eclipse.core.internal.registry.ConfigurationElement.createExecutableExtension(ConfigurationElement.java:246)
	at org.eclipse.core.internal.registry.ConfigurationElementHandle.createExecutableExtension(ConfigurationElementHandle.java:63)
	at org.eclipse.lsp4e.LanguageServersRegistry$ExtensionLanguageServerDefinition.createConnectionProvider(LanguageServersRegistry.java:161)
	... 8 more
Caused by: java.lang.reflect.InvocationTargetException
	at jdk.internal.reflect.GeneratedConstructorAccessor102.newInstance(Unknown Source)
	at java.base/jdk.internal.reflect.DelegatingConstructorAccessorImpl.newInstance(DelegatingConstructorAccessorImpl.java:45)
	at java.base/java.lang.reflect.Constructor.newInstanceWithCaller(Constructor.java:499)
	at java.base/java.lang.reflect.Constructor.newInstance(Constructor.java:480)
	at org.eclipse.core.internal.registry.osgi.RegistryStrategyOSGI.createExecutableExtension(RegistryStrategyOSGI.java:204)
	... 12 more
Caused by: java.lang.NullPointerException: Cannot invoke "java.io.File.getAbsolutePath()" because the return value of "org.eclipse.wildwebdeveloper.embedder.node.NodeJSManager.getNodeJsLocation()" is null
	at org.eclipse.wildwebdeveloper.html.HTMLLanguageServer.<init>(HTMLLanguageServer.java:40)
	... 17 more

!ENTRY org.eclipse.lsp4e 4 0 2025-12-27 07:28:38.734
!MESSAGE Exception occurred while creating an instance of the stream connection provider
!STACK 0
java.lang.RuntimeException: Exception occurred while creating an instance of the stream connection provider
	at org.eclipse.lsp4e.LanguageServersRegistry$ExtensionLanguageServerDefinition.createConnectionProvider(LanguageServersRegistry.java:164)
	at org.eclipse.lsp4e.LanguageServerWrapper.lambda$0(LanguageServerWrapper.java:233)
	at java.base/java.util.concurrent.CompletableFuture$AsyncSupply.run(CompletableFuture.java:1768)
	at java.base/java.util.concurrent.CompletableFuture$AsyncSupply.exec(CompletableFuture.java:1760)
	at java.base/java.util.concurrent.ForkJoinTask.doExec(ForkJoinTask.java:373)
	at java.base/java.util.concurrent.ForkJoinPool$WorkQueue.topLevelExec(ForkJoinPool.java:1182)
	at java.base/java.util.concurrent.ForkJoinPool.scan(ForkJoinPool.java:1655)
	at java.base/java.util.concurrent.ForkJoinPool.runWorker(ForkJoinPool.java:1622)
	at java.base/java.util.concurrent.ForkJoinWorkerThread.run(ForkJoinWorkerThread.java:165)
Caused by: org.eclipse.core.runtime.CoreException: プラグイン "org.eclipse.wildwebdeveloper" は、クラス "org.eclipse.wildwebdeveloper.angular.AngularLanguageServer" をインスタンス化できませんでした。
	at org.eclipse.core.internal.registry.osgi.RegistryStrategyOSGI.throwException(RegistryStrategyOSGI.java:212)
	at org.eclipse.core.internal.registry.osgi.RegistryStrategyOSGI.createExecutableExtension(RegistryStrategyOSGI.java:206)
	at org.eclipse.core.internal.registry.ExtensionRegistry.createExecutableExtension(ExtensionRegistry.java:920)
	at org.eclipse.core.internal.registry.ConfigurationElement.createExecutableExtension(ConfigurationElement.java:246)
	at org.eclipse.core.internal.registry.ConfigurationElementHandle.createExecutableExtension(ConfigurationElementHandle.java:63)
	at org.eclipse.lsp4e.LanguageServersRegistry$ExtensionLanguageServerDefinition.createConnectionProvider(LanguageServersRegistry.java:161)
	... 8 more
Caused by: java.lang.reflect.InvocationTargetException
	at jdk.internal.reflect.GeneratedConstructorAccessor101.newInstance(Unknown Source)
	at java.base/jdk.internal.reflect.DelegatingConstructorAccessorImpl.newInstance(DelegatingConstructorAccessorImpl.java:45)
	at java.base/java.lang.reflect.Constructor.newInstanceWithCaller(Constructor.java:499)
	at java.base/java.lang.reflect.Constructor.newInstance(Constructor.java:480)
	at org.eclipse.core.internal.registry.osgi.RegistryStrategyOSGI.createExecutableExtension(RegistryStrategyOSGI.java:204)
	... 12 more
Caused by: java.lang.NullPointerException: Cannot invoke "java.io.File.getAbsolutePath()" because the return value of "org.eclipse.wildwebdeveloper.embedder.node.NodeJSManager.getNodeJsLocation()" is null
	at org.eclipse.wildwebdeveloper.angular.AngularLanguageServer.<init>(AngularLanguageServer.java:43)
	... 17 more

!ENTRY org.eclipse.lsp4e 4 0 2025-12-27 07:28:38.734
!MESSAGE Cannot invoke "org.eclipse.lsp4e.server.StreamConnectionProvider.getInputStream()" because "this.lspStreamProvider" is null
!STACK 0
java.lang.NullPointerException: Cannot invoke "org.eclipse.lsp4e.server.StreamConnectionProvider.getInputStream()" because "this.lspStreamProvider" is null
	at org.eclipse.lsp4e.LanguageServerWrapper.lambda$1(LanguageServerWrapper.java:284)
	at java.base/java.util.concurrent.CompletableFuture$UniApply.tryFire(CompletableFuture.java:646)
	at java.base/java.util.concurrent.CompletableFuture.postComplete(CompletableFuture.java:510)
	at java.base/java.util.concurrent.CompletableFuture$AsyncSupply.run(CompletableFuture.java:1773)
	at java.base/java.util.concurrent.CompletableFuture$AsyncSupply.exec(CompletableFuture.java:1760)
	at java.base/java.util.concurrent.ForkJoinTask.doExec(ForkJoinTask.java:373)
	at java.base/java.util.concurrent.ForkJoinPool$WorkQueue.topLevelExec(ForkJoinPool.java:1182)
	at java.base/java.util.concurrent.ForkJoinPool.scan(ForkJoinPool.java:1655)
	at java.base/java.util.concurrent.ForkJoinPool.runWorker(ForkJoinPool.java:1622)
	at java.base/java.util.concurrent.ForkJoinWorkerThread.run(ForkJoinWorkerThread.java:165)

!ENTRY org.eclipse.lsp4e 4 0 2025-12-27 07:28:38.736
!MESSAGE Cannot invoke "org.eclipse.lsp4e.server.StreamConnectionProvider.getInputStream()" because "this.lspStreamProvider" is null
!STACK 0
java.lang.NullPointerException: Cannot invoke "org.eclipse.lsp4e.server.StreamConnectionProvider.getInputStream()" because "this.lspStreamProvider" is null
	at org.eclipse.lsp4e.LanguageServerWrapper.lambda$1(LanguageServerWrapper.java:284)
	at java.base/java.util.concurrent.CompletableFuture$UniApply.tryFire(CompletableFuture.java:646)
	at java.base/java.util.concurrent.CompletableFuture.postComplete(CompletableFuture.java:510)
	at java.base/java.util.concurrent.CompletableFuture$AsyncSupply.run(CompletableFuture.java:1773)
	at java.base/java.util.concurrent.CompletableFuture$AsyncSupply.exec(CompletableFuture.java:1760)
	at java.base/java.util.concurrent.ForkJoinTask.doExec(ForkJoinTask.java:373)
	at java.base/java.util.concurrent.ForkJoinPool$WorkQueue.topLevelExec(ForkJoinPool.java:1182)
	at java.base/java.util.concurrent.ForkJoinPool.scan(ForkJoinPool.java:1655)
	at java.base/java.util.concurrent.ForkJoinPool.runWorker(ForkJoinPool.java:1622)
	at java.base/java.util.concurrent.ForkJoinWorkerThread.run(ForkJoinWorkerThread.java:165)

!ENTRY org.eclipse.lsp4e 4 0 2025-12-27 07:28:38.808
!MESSAGE プラグイン "org.eclipse.wildwebdeveloper" は、クラス "org.eclipse.wildwebdeveloper.html.HTMLLanguageServer" をインスタンス化できませんでした。
!STACK 1
org.eclipse.core.runtime.CoreException: プラグイン "org.eclipse.wildwebdeveloper" は、クラス "org.eclipse.wildwebdeveloper.html.HTMLLanguageServer" をインスタンス化できませんでした。
	at org.eclipse.core.internal.registry.osgi.RegistryStrategyOSGI.throwException(RegistryStrategyOSGI.java:212)
	at org.eclipse.core.internal.registry.osgi.RegistryStrategyOSGI.createExecutableExtension(RegistryStrategyOSGI.java:206)
	at org.eclipse.core.internal.registry.ExtensionRegistry.createExecutableExtension(ExtensionRegistry.java:920)
	at org.eclipse.core.internal.registry.ConfigurationElement.createExecutableExtension(ConfigurationElement.java:246)
	at org.eclipse.core.internal.registry.ConfigurationElementHandle.createExecutableExtension(ConfigurationElementHandle.java:63)
	at org.eclipse.lsp4e.LanguageServersRegistry$ExtensionLanguageServerDefinition.createConnectionProvider(LanguageServersRegistry.java:161)
	at org.eclipse.lsp4e.LanguageServerWrapper.lambda$0(LanguageServerWrapper.java:233)
	at java.base/java.util.concurrent.CompletableFuture$AsyncSupply.run(CompletableFuture.java:1768)
	at java.base/java.util.concurrent.CompletableFuture$AsyncSupply.exec(CompletableFuture.java:1760)
	at java.base/java.util.concurrent.ForkJoinTask.doExec(ForkJoinTask.java:373)
	at java.base/java.util.concurrent.ForkJoinPool$WorkQueue.topLevelExec(ForkJoinPool.java:1182)
	at java.base/java.util.concurrent.ForkJoinPool.scan(ForkJoinPool.java:1655)
	at java.base/java.util.concurrent.ForkJoinPool.runWorker(ForkJoinPool.java:1622)
	at java.base/java.util.concurrent.ForkJoinWorkerThread.run(ForkJoinWorkerThread.java:165)
Caused by: java.lang.reflect.InvocationTargetException
	at jdk.internal.reflect.GeneratedConstructorAccessor102.newInstance(Unknown Source)
	at java.base/jdk.internal.reflect.DelegatingConstructorAccessorImpl.newInstance(DelegatingConstructorAccessorImpl.java:45)
	at java.base/java.lang.reflect.Constructor.newInstanceWithCaller(Constructor.java:499)
	at java.base/java.lang.reflect.Constructor.newInstance(Constructor.java:480)
	at org.eclipse.core.internal.registry.osgi.RegistryStrategyOSGI.createExecutableExtension(RegistryStrategyOSGI.java:204)
	... 12 more
Caused by: java.lang.NullPointerException: Cannot invoke "java.io.File.getAbsolutePath()" because the return value of "org.eclipse.wildwebdeveloper.embedder.node.NodeJSManager.getNodeJsLocation()" is null
	at org.eclipse.wildwebdeveloper.html.HTMLLanguageServer.<init>(HTMLLanguageServer.java:40)
	... 17 more
!SUBENTRY 1 org.eclipse.equinox.registry 4 1 2025-12-27 07:28:38.808
!MESSAGE プラグイン "org.eclipse.wildwebdeveloper" は、クラス "org.eclipse.wildwebdeveloper.html.HTMLLanguageServer" をインスタンス化できませんでした。
!STACK 0
java.lang.reflect.InvocationTargetException
	at jdk.internal.reflect.GeneratedConstructorAccessor102.newInstance(Unknown Source)
	at java.base/jdk.internal.reflect.DelegatingConstructorAccessorImpl.newInstance(DelegatingConstructorAccessorImpl.java:45)
	at java.base/java.lang.reflect.Constructor.newInstanceWithCaller(Constructor.java:499)
	at java.base/java.lang.reflect.Constructor.newInstance(Constructor.java:480)
	at org.eclipse.core.internal.registry.osgi.RegistryStrategyOSGI.createExecutableExtension(RegistryStrategyOSGI.java:204)
	at org.eclipse.core.internal.registry.ExtensionRegistry.createExecutableExtension(ExtensionRegistry.java:920)
	at org.eclipse.core.internal.registry.ConfigurationElement.createExecutableExtension(ConfigurationElement.java:246)
	at org.eclipse.core.internal.registry.ConfigurationElementHandle.createExecutableExtension(ConfigurationElementHandle.java:63)
	at org.eclipse.lsp4e.LanguageServersRegistry$ExtensionLanguageServerDefinition.createConnectionProvider(LanguageServersRegistry.java:161)
	at org.eclipse.lsp4e.LanguageServerWrapper.lambda$0(LanguageServerWrapper.java:233)
	at java.base/java.util.concurrent.CompletableFuture$AsyncSupply.run(CompletableFuture.java:1768)
	at java.base/java.util.concurrent.CompletableFuture$AsyncSupply.exec(CompletableFuture.java:1760)
	at java.base/java.util.concurrent.ForkJoinTask.doExec(ForkJoinTask.java:373)
	at java.base/java.util.concurrent.ForkJoinPool$WorkQueue.topLevelExec(ForkJoinPool.java:1182)
	at java.base/java.util.concurrent.ForkJoinPool.scan(ForkJoinPool.java:1655)
	at java.base/java.util.concurrent.ForkJoinPool.runWorker(ForkJoinPool.java:1622)
	at java.base/java.util.concurrent.ForkJoinWorkerThread.run(ForkJoinWorkerThread.java:165)
Caused by: java.lang.NullPointerException: Cannot invoke "java.io.File.getAbsolutePath()" because the return value of "org.eclipse.wildwebdeveloper.embedder.node.NodeJSManager.getNodeJsLocation()" is null
	at org.eclipse.wildwebdeveloper.html.HTMLLanguageServer.<init>(HTMLLanguageServer.java:40)
	... 17 more
Root exception:
java.lang.NullPointerException: Cannot invoke "java.io.File.getAbsolutePath()" because the return value of "org.eclipse.wildwebdeveloper.embedder.node.NodeJSManager.getNodeJsLocation()" is null
	at org.eclipse.wildwebdeveloper.html.HTMLLanguageServer.<init>(HTMLLanguageServer.java:40)
	at jdk.internal.reflect.GeneratedConstructorAccessor102.newInstance(Unknown Source)
	at java.base/jdk.internal.reflect.DelegatingConstructorAccessorImpl.newInstance(DelegatingConstructorAccessorImpl.java:45)
	at java.base/java.lang.reflect.Constructor.newInstanceWithCaller(Constructor.java:499)
	at java.base/java.lang.reflect.Constructor.newInstance(Constructor.java:480)
	at org.eclipse.core.internal.registry.osgi.RegistryStrategyOSGI.createExecutableExtension(RegistryStrategyOSGI.java:204)
	at org.eclipse.core.internal.registry.ExtensionRegistry.createExecutableExtension(ExtensionRegistry.java:920)
	at org.eclipse.core.internal.registry.ConfigurationElement.createExecutableExtension(ConfigurationElement.java:246)
	at org.eclipse.core.internal.registry.ConfigurationElementHandle.createExecutableExtension(ConfigurationElementHandle.java:63)
	at org.eclipse.lsp4e.LanguageServersRegistry$ExtensionLanguageServerDefinition.createConnectionProvider(LanguageServersRegistry.java:161)
	at org.eclipse.lsp4e.LanguageServerWrapper.lambda$0(LanguageServerWrapper.java:233)
	at java.base/java.util.concurrent.CompletableFuture$AsyncSupply.run(CompletableFuture.java:1768)
	at java.base/java.util.concurrent.CompletableFuture$AsyncSupply.exec(CompletableFuture.java:1760)
	at java.base/java.util.concurrent.ForkJoinTask.doExec(ForkJoinTask.java:373)
	at java.base/java.util.concurrent.ForkJoinPool$WorkQueue.topLevelExec(ForkJoinPool.java:1182)
	at java.base/java.util.concurrent.ForkJoinPool.scan(ForkJoinPool.java:1655)
	at java.base/java.util.concurrent.ForkJoinPool.runWorker(ForkJoinPool.java:1622)
	at java.base/java.util.concurrent.ForkJoinWorkerThread.run(ForkJoinWorkerThread.java:165)

!ENTRY org.eclipse.lsp4e 4 0 2025-12-27 07:28:38.808
!MESSAGE Exception occurred while creating an instance of the stream connection provider
!STACK 0
java.lang.RuntimeException: Exception occurred while creating an instance of the stream connection provider
	at org.eclipse.lsp4e.LanguageServersRegistry$ExtensionLanguageServerDefinition.createConnectionProvider(LanguageServersRegistry.java:164)
	at org.eclipse.lsp4e.LanguageServerWrapper.lambda$0(LanguageServerWrapper.java:233)
	at java.base/java.util.concurrent.CompletableFuture$AsyncSupply.run(CompletableFuture.java:1768)
	at java.base/java.util.concurrent.CompletableFuture$AsyncSupply.exec(CompletableFuture.java:1760)
	at java.base/java.util.concurrent.ForkJoinTask.doExec(ForkJoinTask.java:373)
	at java.base/java.util.concurrent.ForkJoinPool$WorkQueue.topLevelExec(ForkJoinPool.java:1182)
	at java.base/java.util.concurrent.ForkJoinPool.scan(ForkJoinPool.java:1655)
	at java.base/java.util.concurrent.ForkJoinPool.runWorker(ForkJoinPool.java:1622)
	at java.base/java.util.concurrent.ForkJoinWorkerThread.run(ForkJoinWorkerThread.java:165)
Caused by: org.eclipse.core.runtime.CoreException: プラグイン "org.eclipse.wildwebdeveloper" は、クラス "org.eclipse.wildwebdeveloper.html.HTMLLanguageServer" をインスタンス化できませんでした。
	at org.eclipse.core.internal.registry.osgi.RegistryStrategyOSGI.throwException(RegistryStrategyOSGI.java:212)
	at org.eclipse.core.internal.registry.osgi.RegistryStrategyOSGI.createExecutableExtension(RegistryStrategyOSGI.java:206)
	at org.eclipse.core.internal.registry.ExtensionRegistry.createExecutableExtension(ExtensionRegistry.java:920)
	at org.eclipse.core.internal.registry.ConfigurationElement.createExecutableExtension(ConfigurationElement.java:246)
	at org.eclipse.core.internal.registry.ConfigurationElementHandle.createExecutableExtension(ConfigurationElementHandle.java:63)
	at org.eclipse.lsp4e.LanguageServersRegistry$ExtensionLanguageServerDefinition.createConnectionProvider(LanguageServersRegistry.java:161)
	... 8 more
Caused by: java.lang.reflect.InvocationTargetException
	at jdk.internal.reflect.GeneratedConstructorAccessor102.newInstance(Unknown Source)
	at java.base/jdk.internal.reflect.DelegatingConstructorAccessorImpl.newInstance(DelegatingConstructorAccessorImpl.java:45)
	at java.base/java.lang.reflect.Constructor.newInstanceWithCaller(Constructor.java:499)
	at java.base/java.lang.reflect.Constructor.newInstance(Constructor.java:480)
	at org.eclipse.core.internal.registry.osgi.RegistryStrategyOSGI.createExecutableExtension(RegistryStrategyOSGI.java:204)
	... 12 more
Caused by: java.lang.NullPointerException: Cannot invoke "java.io.File.getAbsolutePath()" because the return value of "org.eclipse.wildwebdeveloper.embedder.node.NodeJSManager.getNodeJsLocation()" is null
	at org.eclipse.wildwebdeveloper.html.HTMLLanguageServer.<init>(HTMLLanguageServer.java:40)
	... 17 more

!ENTRY org.eclipse.lsp4e 4 0 2025-12-27 07:28:38.811
!MESSAGE プラグイン "org.eclipse.wildwebdeveloper" は、クラス "org.eclipse.wildwebdeveloper.angular.AngularLanguageServer" をインスタンス化できませんでした。
!STACK 1
org.eclipse.core.runtime.CoreException: プラグイン "org.eclipse.wildwebdeveloper" は、クラス "org.eclipse.wildwebdeveloper.angular.AngularLanguageServer" をインスタンス化できませんでした。
	at org.eclipse.core.internal.registry.osgi.RegistryStrategyOSGI.throwException(RegistryStrategyOSGI.java:212)
	at org.eclipse.core.internal.registry.osgi.RegistryStrategyOSGI.createExecutableExtension(RegistryStrategyOSGI.java:206)
	at org.eclipse.core.internal.registry.ExtensionRegistry.createExecutableExtension(ExtensionRegistry.java:920)
	at org.eclipse.core.internal.registry.ConfigurationElement.createExecutableExtension(ConfigurationElement.java:246)
	at org.eclipse.core.internal.registry.ConfigurationElementHandle.createExecutableExtension(ConfigurationElementHandle.java:63)
	at org.eclipse.lsp4e.LanguageServersRegistry$ExtensionLanguageServerDefinition.createConnectionProvider(LanguageServersRegistry.java:161)
	at org.eclipse.lsp4e.LanguageServerWrapper.lambda$0(LanguageServerWrapper.java:233)
	at java.base/java.util.concurrent.CompletableFuture$AsyncSupply.run(CompletableFuture.java:1768)
	at java.base/java.util.concurrent.CompletableFuture$AsyncSupply.exec(CompletableFuture.java:1760)
	at java.base/java.util.concurrent.ForkJoinTask.doExec(ForkJoinTask.java:373)
	at java.base/java.util.concurrent.ForkJoinPool$WorkQueue.topLevelExec(ForkJoinPool.java:1182)
	at java.base/java.util.concurrent.ForkJoinPool.scan(ForkJoinPool.java:1655)
	at java.base/java.util.concurrent.ForkJoinPool.runWorker(ForkJoinPool.java:1622)
	at java.base/java.util.concurrent.ForkJoinWorkerThread.run(ForkJoinWorkerThread.java:165)
Caused by: java.lang.reflect.InvocationTargetException
	at jdk.internal.reflect.GeneratedConstructorAccessor101.newInstance(Unknown Source)
	at java.base/jdk.internal.reflect.DelegatingConstructorAccessorImpl.newInstance(DelegatingConstructorAccessorImpl.java:45)
	at java.base/java.lang.reflect.Constructor.newInstanceWithCaller(Constructor.java:499)
	at java.base/java.lang.reflect.Constructor.newInstance(Constructor.java:480)
	at org.eclipse.core.internal.registry.osgi.RegistryStrategyOSGI.createExecutableExtension(RegistryStrategyOSGI.java:204)
	... 12 more
Caused by: java.lang.NullPointerException: Cannot invoke "java.io.File.getAbsolutePath()" because the return value of "org.eclipse.wildwebdeveloper.embedder.node.NodeJSManager.getNodeJsLocation()" is null
	at org.eclipse.wildwebdeveloper.angular.AngularLanguageServer.<init>(AngularLanguageServer.java:43)
	... 17 more
!SUBENTRY 1 org.eclipse.equinox.registry 4 1 2025-12-27 07:28:38.811
!MESSAGE プラグイン "org.eclipse.wildwebdeveloper" は、クラス "org.eclipse.wildwebdeveloper.angular.AngularLanguageServer" をインスタンス化できませんでした。
!STACK 0
java.lang.reflect.InvocationTargetException
	at jdk.internal.reflect.GeneratedConstructorAccessor101.newInstance(Unknown Source)
	at java.base/jdk.internal.reflect.DelegatingConstructorAccessorImpl.newInstance(DelegatingConstructorAccessorImpl.java:45)
	at java.base/java.lang.reflect.Constructor.newInstanceWithCaller(Constructor.java:499)
	at java.base/java.lang.reflect.Constructor.newInstance(Constructor.java:480)
	at org.eclipse.core.internal.registry.osgi.RegistryStrategyOSGI.createExecutableExtension(RegistryStrategyOSGI.java:204)
	at org.eclipse.core.internal.registry.ExtensionRegistry.createExecutableExtension(ExtensionRegistry.java:920)
	at org.eclipse.core.internal.registry.ConfigurationElement.createExecutableExtension(ConfigurationElement.java:246)
	at org.eclipse.core.internal.registry.ConfigurationElementHandle.createExecutableExtension(ConfigurationElementHandle.java:63)
	at org.eclipse.lsp4e.LanguageServersRegistry$ExtensionLanguageServerDefinition.createConnectionProvider(LanguageServersRegistry.java:161)
	at org.eclipse.lsp4e.LanguageServerWrapper.lambda$0(LanguageServerWrapper.java:233)
	at java.base/java.util.concurrent.CompletableFuture$AsyncSupply.run(CompletableFuture.java:1768)
	at java.base/java.util.concurrent.CompletableFuture$AsyncSupply.exec(CompletableFuture.java:1760)
	at java.base/java.util.concurrent.ForkJoinTask.doExec(ForkJoinTask.java:373)
	at java.base/java.util.concurrent.ForkJoinPool$WorkQueue.topLevelExec(ForkJoinPool.java:1182)
	at java.base/java.util.concurrent.ForkJoinPool.scan(ForkJoinPool.java:1655)
	at java.base/java.util.concurrent.ForkJoinPool.runWorker(ForkJoinPool.java:1622)
	at java.base/java.util.concurrent.ForkJoinWorkerThread.run(ForkJoinWorkerThread.java:165)
Caused by: java.lang.NullPointerException: Cannot invoke "java.io.File.getAbsolutePath()" because the return value of "org.eclipse.wildwebdeveloper.embedder.node.NodeJSManager.getNodeJsLocation()" is null
	at org.eclipse.wildwebdeveloper.angular.AngularLanguageServer.<init>(AngularLanguageServer.java:43)
	... 17 more
Root exception:
java.lang.NullPointerException: Cannot invoke "java.io.File.getAbsolutePath()" because the return value of "org.eclipse.wildwebdeveloper.embedder.node.NodeJSManager.getNodeJsLocation()" is null
	at org.eclipse.wildwebdeveloper.angular.AngularLanguageServer.<init>(AngularLanguageServer.java:43)
	at jdk.internal.reflect.GeneratedConstructorAccessor101.newInstance(Unknown Source)
	at java.base/jdk.internal.reflect.DelegatingConstructorAccessorImpl.newInstance(DelegatingConstructorAccessorImpl.java:45)
	at java.base/java.lang.reflect.Constructor.newInstanceWithCaller(Constructor.java:499)
	at java.base/java.lang.reflect.Constructor.newInstance(Constructor.java:480)
	at org.eclipse.core.internal.registry.osgi.RegistryStrategyOSGI.createExecutableExtension(RegistryStrategyOSGI.java:204)
	at org.eclipse.core.internal.registry.ExtensionRegistry.createExecutableExtension(ExtensionRegistry.java:920)
	at org.eclipse.core.internal.registry.ConfigurationElement.createExecutableExtension(ConfigurationElement.java:246)
	at org.eclipse.core.internal.registry.ConfigurationElementHandle.createExecutableExtension(ConfigurationElementHandle.java:63)
	at org.eclipse.lsp4e.LanguageServersRegistry$ExtensionLanguageServerDefinition.createConnectionProvider(LanguageServersRegistry.java:161)
	at org.eclipse.lsp4e.LanguageServerWrapper.lambda$0(LanguageServerWrapper.java:233)
	at java.base/java.util.concurrent.CompletableFuture$AsyncSupply.run(CompletableFuture.java:1768)
	at java.base/java.util.concurrent.CompletableFuture$AsyncSupply.exec(CompletableFuture.java:1760)
	at java.base/java.util.concurrent.ForkJoinTask.doExec(ForkJoinTask.java:373)
	at java.base/java.util.concurrent.ForkJoinPool$WorkQueue.topLevelExec(ForkJoinPool.java:1182)
	at java.base/java.util.concurrent.ForkJoinPool.scan(ForkJoinPool.java:1655)
	at java.base/java.util.concurrent.ForkJoinPool.runWorker(ForkJoinPool.java:1622)
	at java.base/java.util.concurrent.ForkJoinWorkerThread.run(ForkJoinWorkerThread.java:165)

!ENTRY org.eclipse.lsp4e 4 0 2025-12-27 07:28:38.811
!MESSAGE Cannot invoke "org.eclipse.lsp4e.server.StreamConnectionProvider.getInputStream()" because "this.lspStreamProvider" is null
!STACK 0
java.lang.NullPointerException: Cannot invoke "org.eclipse.lsp4e.server.StreamConnectionProvider.getInputStream()" because "this.lspStreamProvider" is null
	at org.eclipse.lsp4e.LanguageServerWrapper.lambda$1(LanguageServerWrapper.java:284)
	at java.base/java.util.concurrent.CompletableFuture$UniApply.tryFire(CompletableFuture.java:646)
	at java.base/java.util.concurrent.CompletableFuture.postComplete(CompletableFuture.java:510)
	at java.base/java.util.concurrent.CompletableFuture$AsyncSupply.run(CompletableFuture.java:1773)
	at java.base/java.util.concurrent.CompletableFuture$AsyncSupply.exec(CompletableFuture.java:1760)
	at java.base/java.util.concurrent.ForkJoinTask.doExec(ForkJoinTask.java:373)
	at java.base/java.util.concurrent.ForkJoinPool$WorkQueue.topLevelExec(ForkJoinPool.java:1182)
	at java.base/java.util.concurrent.ForkJoinPool.scan(ForkJoinPool.java:1655)
	at java.base/java.util.concurrent.ForkJoinPool.runWorker(ForkJoinPool.java:1622)
	at java.base/java.util.concurrent.ForkJoinWorkerThread.run(ForkJoinWorkerThread.java:165)

!ENTRY org.eclipse.lsp4e 4 0 2025-12-27 07:28:38.811
!MESSAGE Exception occurred while creating an instance of the stream connection provider
!STACK 0
java.lang.RuntimeException: Exception occurred while creating an instance of the stream connection provider
	at org.eclipse.lsp4e.LanguageServersRegistry$ExtensionLanguageServerDefinition.createConnectionProvider(LanguageServersRegistry.java:164)
	at org.eclipse.lsp4e.LanguageServerWrapper.lambda$0(LanguageServerWrapper.java:233)
	at java.base/java.util.concurrent.CompletableFuture$AsyncSupply.run(CompletableFuture.java:1768)
	at java.base/java.util.concurrent.CompletableFuture$AsyncSupply.exec(CompletableFuture.java:1760)
	at java.base/java.util.concurrent.ForkJoinTask.doExec(ForkJoinTask.java:373)
	at java.base/java.util.concurrent.ForkJoinPool$WorkQueue.topLevelExec(ForkJoinPool.java:1182)
	at java.base/java.util.concurrent.ForkJoinPool.scan(ForkJoinPool.java:1655)
	at java.base/java.util.concurrent.ForkJoinPool.runWorker(ForkJoinPool.java:1622)
	at java.base/java.util.concurrent.ForkJoinWorkerThread.run(ForkJoinWorkerThread.java:165)
Caused by: org.eclipse.core.runtime.CoreException: プラグイン "org.eclipse.wildwebdeveloper" は、クラス "org.eclipse.wildwebdeveloper.angular.AngularLanguageServer" をインスタンス化できませんでした。
	at org.eclipse.core.internal.registry.osgi.RegistryStrategyOSGI.throwException(RegistryStrategyOSGI.java:212)
	at org.eclipse.core.internal.registry.osgi.RegistryStrategyOSGI.createExecutableExtension(RegistryStrategyOSGI.java:206)
	at org.eclipse.core.internal.registry.ExtensionRegistry.createExecutableExtension(ExtensionRegistry.java:920)
	at org.eclipse.core.internal.registry.ConfigurationElement.createExecutableExtension(ConfigurationElement.java:246)
	at org.eclipse.core.internal.registry.ConfigurationElementHandle.createExecutableExtension(ConfigurationElementHandle.java:63)
	at org.eclipse.lsp4e.LanguageServersRegistry$ExtensionLanguageServerDefinition.createConnectionProvider(LanguageServersRegistry.java:161)
	... 8 more
Caused by: java.lang.reflect.InvocationTargetException
	at jdk.internal.reflect.GeneratedConstructorAccessor101.newInstance(Unknown Source)
	at java.base/jdk.internal.reflect.DelegatingConstructorAccessorImpl.newInstance(DelegatingConstructorAccessorImpl.java:45)
	at java.base/java.lang.reflect.Constructor.newInstanceWithCaller(Constructor.java:499)
	at java.base/java.lang.reflect.Constructor.newInstance(Constructor.java:480)
	at org.eclipse.core.internal.registry.osgi.RegistryStrategyOSGI.createExecutableExtension(RegistryStrategyOSGI.java:204)
	... 12 more
Caused by: java.lang.NullPointerException: Cannot invoke "java.io.File.getAbsolutePath()" because the return value of "org.eclipse.wildwebdeveloper.embedder.node.NodeJSManager.getNodeJsLocation()" is null
	at org.eclipse.wildwebdeveloper.angular.AngularLanguageServer.<init>(AngularLanguageServer.java:43)
	... 17 more

!ENTRY org.eclipse.lsp4e 4 0 2025-12-27 07:28:38.812
!MESSAGE Cannot invoke "org.eclipse.lsp4e.server.StreamConnectionProvider.getInputStream()" because "this.lspStreamProvider" is null
!STACK 0
java.lang.NullPointerException: Cannot invoke "org.eclipse.lsp4e.server.StreamConnectionProvider.getInputStream()" because "this.lspStreamProvider" is null
	at org.eclipse.lsp4e.LanguageServerWrapper.lambda$1(LanguageServerWrapper.java:284)
	at java.base/java.util.concurrent.CompletableFuture$UniApply.tryFire(CompletableFuture.java:646)
	at java.base/java.util.concurrent.CompletableFuture.postComplete(CompletableFuture.java:510)
	at java.base/java.util.concurrent.CompletableFuture$AsyncSupply.run(CompletableFuture.java:1773)
	at java.base/java.util.concurrent.CompletableFuture$AsyncSupply.exec(CompletableFuture.java:1760)
	at java.base/java.util.concurrent.ForkJoinTask.doExec(ForkJoinTask.java:373)
	at java.base/java.util.concurrent.ForkJoinPool$WorkQueue.topLevelExec(ForkJoinPool.java:1182)
	at java.base/java.util.concurrent.ForkJoinPool.scan(ForkJoinPool.java:1655)
	at java.base/java.util.concurrent.ForkJoinPool.runWorker(ForkJoinPool.java:1622)
	at java.base/java.util.concurrent.ForkJoinWorkerThread.run(ForkJoinWorkerThread.java:165)

!ENTRY org.eclipse.lsp4e 4 0 2025-12-27 07:28:52.841
!MESSAGE プラグイン "org.eclipse.wildwebdeveloper" は、クラス "org.eclipse.wildwebdeveloper.html.HTMLLanguageServer" をインスタンス化できませんでした。
!STACK 1
org.eclipse.core.runtime.CoreException: プラグイン "org.eclipse.wildwebdeveloper" は、クラス "org.eclipse.wildwebdeveloper.html.HTMLLanguageServer" をインスタンス化できませんでした。
	at org.eclipse.core.internal.registry.osgi.RegistryStrategyOSGI.throwException(RegistryStrategyOSGI.java:212)
	at org.eclipse.core.internal.registry.osgi.RegistryStrategyOSGI.createExecutableExtension(RegistryStrategyOSGI.java:206)
	at org.eclipse.core.internal.registry.ExtensionRegistry.createExecutableExtension(ExtensionRegistry.java:920)
	at org.eclipse.core.internal.registry.ConfigurationElement.createExecutableExtension(ConfigurationElement.java:246)
	at org.eclipse.core.internal.registry.ConfigurationElementHandle.createExecutableExtension(ConfigurationElementHandle.java:63)
	at org.eclipse.lsp4e.LanguageServersRegistry$ExtensionLanguageServerDefinition.createConnectionProvider(LanguageServersRegistry.java:161)
	at org.eclipse.lsp4e.LanguageServerWrapper.lambda$0(LanguageServerWrapper.java:233)
	at java.base/java.util.concurrent.CompletableFuture$AsyncSupply.run(CompletableFuture.java:1768)
	at java.base/java.util.concurrent.CompletableFuture$AsyncSupply.exec(CompletableFuture.java:1760)
	at java.base/java.util.concurrent.ForkJoinTask.doExec(ForkJoinTask.java:373)
	at java.base/java.util.concurrent.ForkJoinPool$WorkQueue.topLevelExec(ForkJoinPool.java:1182)
	at java.base/java.util.concurrent.ForkJoinPool.scan(ForkJoinPool.java:1655)
	at java.base/java.util.concurrent.ForkJoinPool.runWorker(ForkJoinPool.java:1622)
	at java.base/java.util.concurrent.ForkJoinWorkerThread.run(ForkJoinWorkerThread.java:165)
Caused by: java.lang.reflect.InvocationTargetException
	at jdk.internal.reflect.GeneratedConstructorAccessor102.newInstance(Unknown Source)
	at java.base/jdk.internal.reflect.DelegatingConstructorAccessorImpl.newInstance(DelegatingConstructorAccessorImpl.java:45)
	at java.base/java.lang.reflect.Constructor.newInstanceWithCaller(Constructor.java:499)
	at java.base/java.lang.reflect.Constructor.newInstance(Constructor.java:480)
	at org.eclipse.core.internal.registry.osgi.RegistryStrategyOSGI.createExecutableExtension(RegistryStrategyOSGI.java:204)
	... 12 more
Caused by: java.lang.NullPointerException: Cannot invoke "java.io.File.getAbsolutePath()" because the return value of "org.eclipse.wildwebdeveloper.embedder.node.NodeJSManager.getNodeJsLocation()" is null
	at org.eclipse.wildwebdeveloper.html.HTMLLanguageServer.<init>(HTMLLanguageServer.java:40)
	... 17 more
!SUBENTRY 1 org.eclipse.equinox.registry 4 1 2025-12-27 07:28:52.841
!MESSAGE プラグイン "org.eclipse.wildwebdeveloper" は、クラス "org.eclipse.wildwebdeveloper.html.HTMLLanguageServer" をインスタンス化できませんでした。
!STACK 0
java.lang.reflect.InvocationTargetException
	at jdk.internal.reflect.GeneratedConstructorAccessor102.newInstance(Unknown Source)
	at java.base/jdk.internal.reflect.DelegatingConstructorAccessorImpl.newInstance(DelegatingConstructorAccessorImpl.java:45)
	at java.base/java.lang.reflect.Constructor.newInstanceWithCaller(Constructor.java:499)
	at java.base/java.lang.reflect.Constructor.newInstance(Constructor.java:480)
	at org.eclipse.core.internal.registry.osgi.RegistryStrategyOSGI.createExecutableExtension(RegistryStrategyOSGI.java:204)
	at org.eclipse.core.internal.registry.ExtensionRegistry.createExecutableExtension(ExtensionRegistry.java:920)
	at org.eclipse.core.internal.registry.ConfigurationElement.createExecutableExtension(ConfigurationElement.java:246)
	at org.eclipse.core.internal.registry.ConfigurationElementHandle.createExecutableExtension(ConfigurationElementHandle.java:63)
	at org.eclipse.lsp4e.LanguageServersRegistry$ExtensionLanguageServerDefinition.createConnectionProvider(LanguageServersRegistry.java:161)
	at org.eclipse.lsp4e.LanguageServerWrapper.lambda$0(LanguageServerWrapper.java:233)
	at java.base/java.util.concurrent.CompletableFuture$AsyncSupply.run(CompletableFuture.java:1768)
	at java.base/java.util.concurrent.CompletableFuture$AsyncSupply.exec(CompletableFuture.java:1760)
	at java.base/java.util.concurrent.ForkJoinTask.doExec(ForkJoinTask.java:373)
	at java.base/java.util.concurrent.ForkJoinPool$WorkQueue.topLevelExec(ForkJoinPool.java:1182)
	at java.base/java.util.concurrent.ForkJoinPool.scan(ForkJoinPool.java:1655)
	at java.base/java.util.concurrent.ForkJoinPool.runWorker(ForkJoinPool.java:1622)
	at java.base/java.util.concurrent.ForkJoinWorkerThread.run(ForkJoinWorkerThread.java:165)
Caused by: java.lang.NullPointerException: Cannot invoke "java.io.File.getAbsolutePath()" because the return value of "org.eclipse.wildwebdeveloper.embedder.node.NodeJSManager.getNodeJsLocation()" is null
	at org.eclipse.wildwebdeveloper.html.HTMLLanguageServer.<init>(HTMLLanguageServer.java:40)
	... 17 more
Root exception:
java.lang.NullPointerException: Cannot invoke "java.io.File.getAbsolutePath()" because the return value of "org.eclipse.wildwebdeveloper.embedder.node.NodeJSManager.getNodeJsLocation()" is null
	at org.eclipse.wildwebdeveloper.html.HTMLLanguageServer.<init>(HTMLLanguageServer.java:40)
	at jdk.internal.reflect.GeneratedConstructorAccessor102.newInstance(Unknown Source)
	at java.base/jdk.internal.reflect.DelegatingConstructorAccessorImpl.newInstance(DelegatingConstructorAccessorImpl.java:45)
	at java.base/java.lang.reflect.Constructor.newInstanceWithCaller(Constructor.java:499)
	at java.base/java.lang.reflect.Constructor.newInstance(Constructor.java:480)
	at org.eclipse.core.internal.registry.osgi.RegistryStrategyOSGI.createExecutableExtension(RegistryStrategyOSGI.java:204)
	at org.eclipse.core.internal.registry.ExtensionRegistry.createExecutableExtension(ExtensionRegistry.java:920)
	at org.eclipse.core.internal.registry.ConfigurationElement.createExecutableExtension(ConfigurationElement.java:246)
	at org.eclipse.core.internal.registry.ConfigurationElementHandle.createExecutableExtension(ConfigurationElementHandle.java:63)
	at org.eclipse.lsp4e.LanguageServersRegistry$ExtensionLanguageServerDefinition.createConnectionProvider(LanguageServersRegistry.java:161)
	at org.eclipse.lsp4e.LanguageServerWrapper.lambda$0(LanguageServerWrapper.java:233)
	at java.base/java.util.concurrent.CompletableFuture$AsyncSupply.run(CompletableFuture.java:1768)
	at java.base/java.util.concurrent.CompletableFuture$AsyncSupply.exec(CompletableFuture.java:1760)
	at java.base/java.util.concurrent.ForkJoinTask.doExec(ForkJoinTask.java:373)
	at java.base/java.util.concurrent.ForkJoinPool$WorkQueue.topLevelExec(ForkJoinPool.java:1182)
	at java.base/java.util.concurrent.ForkJoinPool.scan(ForkJoinPool.java:1655)
	at java.base/java.util.concurrent.ForkJoinPool.runWorker(ForkJoinPool.java:1622)
	at java.base/java.util.concurrent.ForkJoinWorkerThread.run(ForkJoinWorkerThread.java:165)

!ENTRY org.eclipse.lsp4e 4 0 2025-12-27 07:28:52.841
!MESSAGE プラグイン "org.eclipse.wildwebdeveloper" は、クラス "org.eclipse.wildwebdeveloper.angular.AngularLanguageServer" をインスタンス化できませんでした。
!STACK 1
org.eclipse.core.runtime.CoreException: プラグイン "org.eclipse.wildwebdeveloper" は、クラス "org.eclipse.wildwebdeveloper.angular.AngularLanguageServer" をインスタンス化できませんでした。
	at org.eclipse.core.internal.registry.osgi.RegistryStrategyOSGI.throwException(RegistryStrategyOSGI.java:212)
	at org.eclipse.core.internal.registry.osgi.RegistryStrategyOSGI.createExecutableExtension(RegistryStrategyOSGI.java:206)
	at org.eclipse.core.internal.registry.ExtensionRegistry.createExecutableExtension(ExtensionRegistry.java:920)
	at org.eclipse.core.internal.registry.ConfigurationElement.createExecutableExtension(ConfigurationElement.java:246)
	at org.eclipse.core.internal.registry.ConfigurationElementHandle.createExecutableExtension(ConfigurationElementHandle.java:63)
	at org.eclipse.lsp4e.LanguageServersRegistry$ExtensionLanguageServerDefinition.createConnectionProvider(LanguageServersRegistry.java:161)
	at org.eclipse.lsp4e.LanguageServerWrapper.lambda$0(LanguageServerWrapper.java:233)
	at java.base/java.util.concurrent.CompletableFuture$AsyncSupply.run(CompletableFuture.java:1768)
	at java.base/java.util.concurrent.CompletableFuture$AsyncSupply.exec(CompletableFuture.java:1760)
	at java.base/java.util.concurrent.ForkJoinTask.doExec(ForkJoinTask.java:373)
	at java.base/java.util.concurrent.ForkJoinPool$WorkQueue.topLevelExec(ForkJoinPool.java:1182)
	at java.base/java.util.concurrent.ForkJoinPool.scan(ForkJoinPool.java:1655)
	at java.base/java.util.concurrent.ForkJoinPool.runWorker(ForkJoinPool.java:1622)
	at java.base/java.util.concurrent.ForkJoinWorkerThread.run(ForkJoinWorkerThread.java:165)
Caused by: java.lang.reflect.InvocationTargetException
	at jdk.internal.reflect.GeneratedConstructorAccessor101.newInstance(Unknown Source)
	at java.base/jdk.internal.reflect.DelegatingConstructorAccessorImpl.newInstance(DelegatingConstructorAccessorImpl.java:45)
	at java.base/java.lang.reflect.Constructor.newInstanceWithCaller(Constructor.java:499)
	at java.base/java.lang.reflect.Constructor.newInstance(Constructor.java:480)
	at org.eclipse.core.internal.registry.osgi.RegistryStrategyOSGI.createExecutableExtension(RegistryStrategyOSGI.java:204)
	... 12 more
Caused by: java.lang.NullPointerException: Cannot invoke "java.io.File.getAbsolutePath()" because the return value of "org.eclipse.wildwebdeveloper.embedder.node.NodeJSManager.getNodeJsLocation()" is null
	at org.eclipse.wildwebdeveloper.angular.AngularLanguageServer.<init>(AngularLanguageServer.java:43)
	... 17 more
!SUBENTRY 1 org.eclipse.equinox.registry 4 1 2025-12-27 07:28:52.841
!MESSAGE プラグイン "org.eclipse.wildwebdeveloper" は、クラス "org.eclipse.wildwebdeveloper.angular.AngularLanguageServer" をインスタンス化できませんでした。
!STACK 0
java.lang.reflect.InvocationTargetException
	at jdk.internal.reflect.GeneratedConstructorAccessor101.newInstance(Unknown Source)
	at java.base/jdk.internal.reflect.DelegatingConstructorAccessorImpl.newInstance(DelegatingConstructorAccessorImpl.java:45)
	at java.base/java.lang.reflect.Constructor.newInstanceWithCaller(Constructor.java:499)
	at java.base/java.lang.reflect.Constructor.newInstance(Constructor.java:480)
	at org.eclipse.core.internal.registry.osgi.RegistryStrategyOSGI.createExecutableExtension(RegistryStrategyOSGI.java:204)
	at org.eclipse.core.internal.registry.ExtensionRegistry.createExecutableExtension(ExtensionRegistry.java:920)
	at org.eclipse.core.internal.registry.ConfigurationElement.createExecutableExtension(ConfigurationElement.java:246)
	at org.eclipse.core.internal.registry.ConfigurationElementHandle.createExecutableExtension(ConfigurationElementHandle.java:63)
	at org.eclipse.lsp4e.LanguageServersRegistry$ExtensionLanguageServerDefinition.createConnectionProvider(LanguageServersRegistry.java:161)
	at org.eclipse.lsp4e.LanguageServerWrapper.lambda$0(LanguageServerWrapper.java:233)
	at java.base/java.util.concurrent.CompletableFuture$AsyncSupply.run(CompletableFuture.java:1768)
	at java.base/java.util.concurrent.CompletableFuture$AsyncSupply.exec(CompletableFuture.java:1760)
	at java.base/java.util.concurrent.ForkJoinTask.doExec(ForkJoinTask.java:373)
	at java.base/java.util.concurrent.ForkJoinPool$WorkQueue.topLevelExec(ForkJoinPool.java:1182)
	at java.base/java.util.concurrent.ForkJoinPool.scan(ForkJoinPool.java:1655)
	at java.base/java.util.concurrent.ForkJoinPool.runWorker(ForkJoinPool.java:1622)
	at java.base/java.util.concurrent.ForkJoinWorkerThread.run(ForkJoinWorkerThread.java:165)
Caused by: java.lang.NullPointerException: Cannot invoke "java.io.File.getAbsolutePath()" because the return value of "org.eclipse.wildwebdeveloper.embedder.node.NodeJSManager.getNodeJsLocation()" is null
	at org.eclipse.wildwebdeveloper.angular.AngularLanguageServer.<init>(AngularLanguageServer.java:43)
	... 17 more
Root exception:
java.lang.NullPointerException: Cannot invoke "java.io.File.getAbsolutePath()" because the return value of "org.eclipse.wildwebdeveloper.embedder.node.NodeJSManager.getNodeJsLocation()" is null
	at org.eclipse.wildwebdeveloper.angular.AngularLanguageServer.<init>(AngularLanguageServer.java:43)
	at jdk.internal.reflect.GeneratedConstructorAccessor101.newInstance(Unknown Source)
	at java.base/jdk.internal.reflect.DelegatingConstructorAccessorImpl.newInstance(DelegatingConstructorAccessorImpl.java:45)
	at java.base/java.lang.reflect.Constructor.newInstanceWithCaller(Constructor.java:499)
	at java.base/java.lang.reflect.Constructor.newInstance(Constructor.java:480)
	at org.eclipse.core.internal.registry.osgi.RegistryStrategyOSGI.createExecutableExtension(RegistryStrategyOSGI.java:204)
	at org.eclipse.core.internal.registry.ExtensionRegistry.createExecutableExtension(ExtensionRegistry.java:920)
	at org.eclipse.core.internal.registry.ConfigurationElement.createExecutableExtension(ConfigurationElement.java:246)
	at org.eclipse.core.internal.registry.ConfigurationElementHandle.createExecutableExtension(ConfigurationElementHandle.java:63)
	at org.eclipse.lsp4e.LanguageServersRegistry$ExtensionLanguageServerDefinition.createConnectionProvider(LanguageServersRegistry.java:161)
	at org.eclipse.lsp4e.LanguageServerWrapper.lambda$0(LanguageServerWrapper.java:233)
	at java.base/java.util.concurrent.CompletableFuture$AsyncSupply.run(CompletableFuture.java:1768)
	at java.base/java.util.concurrent.CompletableFuture$AsyncSupply.exec(CompletableFuture.java:1760)
	at java.base/java.util.concurrent.ForkJoinTask.doExec(ForkJoinTask.java:373)
	at java.base/java.util.concurrent.ForkJoinPool$WorkQueue.topLevelExec(ForkJoinPool.java:1182)
	at java.base/java.util.concurrent.ForkJoinPool.scan(ForkJoinPool.java:1655)
	at java.base/java.util.concurrent.ForkJoinPool.runWorker(ForkJoinPool.java:1622)
	at java.base/java.util.concurrent.ForkJoinWorkerThread.run(ForkJoinWorkerThread.java:165)

!ENTRY org.eclipse.lsp4e 4 0 2025-12-27 07:28:52.842
!MESSAGE Exception occurred while creating an instance of the stream connection provider
!STACK 0
java.lang.RuntimeException: Exception occurred while creating an instance of the stream connection provider
	at org.eclipse.lsp4e.LanguageServersRegistry$ExtensionLanguageServerDefinition.createConnectionProvider(LanguageServersRegistry.java:164)
	at org.eclipse.lsp4e.LanguageServerWrapper.lambda$0(LanguageServerWrapper.java:233)
	at java.base/java.util.concurrent.CompletableFuture$AsyncSupply.run(CompletableFuture.java:1768)
	at java.base/java.util.concurrent.CompletableFuture$AsyncSupply.exec(CompletableFuture.java:1760)
	at java.base/java.util.concurrent.ForkJoinTask.doExec(ForkJoinTask.java:373)
	at java.base/java.util.concurrent.ForkJoinPool$WorkQueue.topLevelExec(ForkJoinPool.java:1182)
	at java.base/java.util.concurrent.ForkJoinPool.scan(ForkJoinPool.java:1655)
	at java.base/java.util.concurrent.ForkJoinPool.runWorker(ForkJoinPool.java:1622)
	at java.base/java.util.concurrent.ForkJoinWorkerThread.run(ForkJoinWorkerThread.java:165)
Caused by: org.eclipse.core.runtime.CoreException: プラグイン "org.eclipse.wildwebdeveloper" は、クラス "org.eclipse.wildwebdeveloper.html.HTMLLanguageServer" をインスタンス化できませんでした。
	at org.eclipse.core.internal.registry.osgi.RegistryStrategyOSGI.throwException(RegistryStrategyOSGI.java:212)
	at org.eclipse.core.internal.registry.osgi.RegistryStrategyOSGI.createExecutableExtension(RegistryStrategyOSGI.java:206)
	at org.eclipse.core.internal.registry.ExtensionRegistry.createExecutableExtension(ExtensionRegistry.java:920)
	at org.eclipse.core.internal.registry.ConfigurationElement.createExecutableExtension(ConfigurationElement.java:246)
	at org.eclipse.core.internal.registry.ConfigurationElementHandle.createExecutableExtension(ConfigurationElementHandle.java:63)
	at org.eclipse.lsp4e.LanguageServersRegistry$ExtensionLanguageServerDefinition.createConnectionProvider(LanguageServersRegistry.java:161)
	... 8 more
Caused by: java.lang.reflect.InvocationTargetException
	at jdk.internal.reflect.GeneratedConstructorAccessor102.newInstance(Unknown Source)
	at java.base/jdk.internal.reflect.DelegatingConstructorAccessorImpl.newInstance(DelegatingConstructorAccessorImpl.java:45)
	at java.base/java.lang.reflect.Constructor.newInstanceWithCaller(Constructor.java:499)
	at java.base/java.lang.reflect.Constructor.newInstance(Constructor.java:480)
	at org.eclipse.core.internal.registry.osgi.RegistryStrategyOSGI.createExecutableExtension(RegistryStrategyOSGI.java:204)
	... 12 more
Caused by: java.lang.NullPointerException: Cannot invoke "java.io.File.getAbsolutePath()" because the return value of "org.eclipse.wildwebdeveloper.embedder.node.NodeJSManager.getNodeJsLocation()" is null
	at org.eclipse.wildwebdeveloper.html.HTMLLanguageServer.<init>(HTMLLanguageServer.java:40)
	... 17 more

!ENTRY org.eclipse.lsp4e 4 0 2025-12-27 07:28:52.842
!MESSAGE Exception occurred while creating an instance of the stream connection provider
!STACK 0
java.lang.RuntimeException: Exception occurred while creating an instance of the stream connection provider
	at org.eclipse.lsp4e.LanguageServersRegistry$ExtensionLanguageServerDefinition.createConnectionProvider(LanguageServersRegistry.java:164)
	at org.eclipse.lsp4e.LanguageServerWrapper.lambda$0(LanguageServerWrapper.java:233)
	at java.base/java.util.concurrent.CompletableFuture$AsyncSupply.run(CompletableFuture.java:1768)
	at java.base/java.util.concurrent.CompletableFuture$AsyncSupply.exec(CompletableFuture.java:1760)
	at java.base/java.util.concurrent.ForkJoinTask.doExec(ForkJoinTask.java:373)
	at java.base/java.util.concurrent.ForkJoinPool$WorkQueue.topLevelExec(ForkJoinPool.java:1182)
	at java.base/java.util.concurrent.ForkJoinPool.scan(ForkJoinPool.java:1655)
	at java.base/java.util.concurrent.ForkJoinPool.runWorker(ForkJoinPool.java:1622)
	at java.base/java.util.concurrent.ForkJoinWorkerThread.run(ForkJoinWorkerThread.java:165)
Caused by: org.eclipse.core.runtime.CoreException: プラグイン "org.eclipse.wildwebdeveloper" は、クラス "org.eclipse.wildwebdeveloper.angular.AngularLanguageServer" をインスタンス化できませんでした。
	at org.eclipse.core.internal.registry.osgi.RegistryStrategyOSGI.throwException(RegistryStrategyOSGI.java:212)
	at org.eclipse.core.internal.registry.osgi.RegistryStrategyOSGI.createExecutableExtension(RegistryStrategyOSGI.java:206)
	at org.eclipse.core.internal.registry.ExtensionRegistry.createExecutableExtension(ExtensionRegistry.java:920)
	at org.eclipse.core.internal.registry.ConfigurationElement.createExecutableExtension(ConfigurationElement.java:246)
	at org.eclipse.core.internal.registry.ConfigurationElementHandle.createExecutableExtension(ConfigurationElementHandle.java:63)
	at org.eclipse.lsp4e.LanguageServersRegistry$ExtensionLanguageServerDefinition.createConnectionProvider(LanguageServersRegistry.java:161)
	... 8 more
Caused by: java.lang.reflect.InvocationTargetException
	at jdk.internal.reflect.GeneratedConstructorAccessor101.newInstance(Unknown Source)
	at java.base/jdk.internal.reflect.DelegatingConstructorAccessorImpl.newInstance(DelegatingConstructorAccessorImpl.java:45)
	at java.base/java.lang.reflect.Constructor.newInstanceWithCaller(Constructor.java:499)
	at java.base/java.lang.reflect.Constructor.newInstance(Constructor.java:480)
	at org.eclipse.core.internal.registry.osgi.RegistryStrategyOSGI.createExecutableExtension(RegistryStrategyOSGI.java:204)
	... 12 more
Caused by: java.lang.NullPointerException: Cannot invoke "java.io.File.getAbsolutePath()" because the return value of "org.eclipse.wildwebdeveloper.embedder.node.NodeJSManager.getNodeJsLocation()" is null
	at org.eclipse.wildwebdeveloper.angular.AngularLanguageServer.<init>(AngularLanguageServer.java:43)
	... 17 more

!ENTRY org.eclipse.lsp4e 4 0 2025-12-27 07:28:52.842
!MESSAGE Cannot invoke "org.eclipse.lsp4e.server.StreamConnectionProvider.getInputStream()" because "this.lspStreamProvider" is null
!STACK 0
java.lang.NullPointerException: Cannot invoke "org.eclipse.lsp4e.server.StreamConnectionProvider.getInputStream()" because "this.lspStreamProvider" is null
	at org.eclipse.lsp4e.LanguageServerWrapper.lambda$1(LanguageServerWrapper.java:284)
	at java.base/java.util.concurrent.CompletableFuture$UniApply.tryFire(CompletableFuture.java:646)
	at java.base/java.util.concurrent.CompletableFuture.postComplete(CompletableFuture.java:510)
	at java.base/java.util.concurrent.CompletableFuture$AsyncSupply.run(CompletableFuture.java:1773)
	at java.base/java.util.concurrent.CompletableFuture$AsyncSupply.exec(CompletableFuture.java:1760)
	at java.base/java.util.concurrent.ForkJoinTask.doExec(ForkJoinTask.java:373)
	at java.base/java.util.concurrent.ForkJoinPool$WorkQueue.topLevelExec(ForkJoinPool.java:1182)
	at java.base/java.util.concurrent.ForkJoinPool.scan(ForkJoinPool.java:1655)
	at java.base/java.util.concurrent.ForkJoinPool.runWorker(ForkJoinPool.java:1622)
	at java.base/java.util.concurrent.ForkJoinWorkerThread.run(ForkJoinWorkerThread.java:165)

!ENTRY org.eclipse.lsp4e 4 0 2025-12-27 07:28:52.843
!MESSAGE Cannot invoke "org.eclipse.lsp4e.server.StreamConnectionProvider.getInputStream()" because "this.lspStreamProvider" is null
!STACK 0
java.lang.NullPointerException: Cannot invoke "org.eclipse.lsp4e.server.StreamConnectionProvider.getInputStream()" because "this.lspStreamProvider" is null
	at org.eclipse.lsp4e.LanguageServerWrapper.lambda$1(LanguageServerWrapper.java:284)
	at java.base/java.util.concurrent.CompletableFuture$UniApply.tryFire(CompletableFuture.java:646)
	at java.base/java.util.concurrent.CompletableFuture.postComplete(CompletableFuture.java:510)
	at java.base/java.util.concurrent.CompletableFuture$AsyncSupply.run(CompletableFuture.java:1773)
	at java.base/java.util.concurrent.CompletableFuture$AsyncSupply.exec(CompletableFuture.java:1760)
	at java.base/java.util.concurrent.ForkJoinTask.doExec(ForkJoinTask.java:373)
	at java.base/java.util.concurrent.ForkJoinPool$WorkQueue.topLevelExec(ForkJoinPool.java:1182)
	at java.base/java.util.concurrent.ForkJoinPool.scan(ForkJoinPool.java:1655)
	at java.base/java.util.concurrent.ForkJoinPool.runWorker(ForkJoinPool.java:1622)
	at java.base/java.util.concurrent.ForkJoinWorkerThread.run(ForkJoinWorkerThread.java:165)

!ENTRY org.eclipse.lsp4e 4 0 2025-12-27 07:28:52.905
!MESSAGE プラグイン "org.eclipse.wildwebdeveloper" は、クラス "org.eclipse.wildwebdeveloper.html.HTMLLanguageServer" をインスタンス化できませんでした。
!STACK 1
org.eclipse.core.runtime.CoreException: プラグイン "org.eclipse.wildwebdeveloper" は、クラス "org.eclipse.wildwebdeveloper.html.HTMLLanguageServer" をインスタンス化できませんでした。
	at org.eclipse.core.internal.registry.osgi.RegistryStrategyOSGI.throwException(RegistryStrategyOSGI.java:212)
	at org.eclipse.core.internal.registry.osgi.RegistryStrategyOSGI.createExecutableExtension(RegistryStrategyOSGI.java:206)
	at org.eclipse.core.internal.registry.ExtensionRegistry.createExecutableExtension(ExtensionRegistry.java:920)
	at org.eclipse.core.internal.registry.ConfigurationElement.createExecutableExtension(ConfigurationElement.java:246)
	at org.eclipse.core.internal.registry.ConfigurationElementHandle.createExecutableExtension(ConfigurationElementHandle.java:63)
	at org.eclipse.lsp4e.LanguageServersRegistry$ExtensionLanguageServerDefinition.createConnectionProvider(LanguageServersRegistry.java:161)
	at org.eclipse.lsp4e.LanguageServerWrapper.lambda$0(LanguageServerWrapper.java:233)
	at java.base/java.util.concurrent.CompletableFuture$AsyncSupply.run(CompletableFuture.java:1768)
	at java.base/java.util.concurrent.CompletableFuture$AsyncSupply.exec(CompletableFuture.java:1760)
	at java.base/java.util.concurrent.ForkJoinTask.doExec(ForkJoinTask.java:373)
	at java.base/java.util.concurrent.ForkJoinPool$WorkQueue.topLevelExec(ForkJoinPool.java:1182)
	at java.base/java.util.concurrent.ForkJoinPool.scan(ForkJoinPool.java:1655)
	at java.base/java.util.concurrent.ForkJoinPool.runWorker(ForkJoinPool.java:1622)
	at java.base/java.util.concurrent.ForkJoinWorkerThread.run(ForkJoinWorkerThread.java:165)
Caused by: java.lang.reflect.InvocationTargetException
	at jdk.internal.reflect.GeneratedConstructorAccessor102.newInstance(Unknown Source)
	at java.base/jdk.internal.reflect.DelegatingConstructorAccessorImpl.newInstance(DelegatingConstructorAccessorImpl.java:45)
	at java.base/java.lang.reflect.Constructor.newInstanceWithCaller(Constructor.java:499)
	at java.base/java.lang.reflect.Constructor.newInstance(Constructor.java:480)
	at org.eclipse.core.internal.registry.osgi.RegistryStrategyOSGI.createExecutableExtension(RegistryStrategyOSGI.java:204)
	... 12 more
Caused by: java.lang.NullPointerException: Cannot invoke "java.io.File.getAbsolutePath()" because the return value of "org.eclipse.wildwebdeveloper.embedder.node.NodeJSManager.getNodeJsLocation()" is null
	at org.eclipse.wildwebdeveloper.html.HTMLLanguageServer.<init>(HTMLLanguageServer.java:40)
	... 17 more
!SUBENTRY 1 org.eclipse.equinox.registry 4 1 2025-12-27 07:28:52.905
!MESSAGE プラグイン "org.eclipse.wildwebdeveloper" は、クラス "org.eclipse.wildwebdeveloper.html.HTMLLanguageServer" をインスタンス化できませんでした。
!STACK 0
java.lang.reflect.InvocationTargetException
	at jdk.internal.reflect.GeneratedConstructorAccessor102.newInstance(Unknown Source)
	at java.base/jdk.internal.reflect.DelegatingConstructorAccessorImpl.newInstance(DelegatingConstructorAccessorImpl.java:45)
	at java.base/java.lang.reflect.Constructor.newInstanceWithCaller(Constructor.java:499)
	at java.base/java.lang.reflect.Constructor.newInstance(Constructor.java:480)
	at org.eclipse.core.internal.registry.osgi.RegistryStrategyOSGI.createExecutableExtension(RegistryStrategyOSGI.java:204)
	at org.eclipse.core.internal.registry.ExtensionRegistry.createExecutableExtension(ExtensionRegistry.java:920)
	at org.eclipse.core.internal.registry.ConfigurationElement.createExecutableExtension(ConfigurationElement.java:246)
	at org.eclipse.core.internal.registry.ConfigurationElementHandle.createExecutableExtension(ConfigurationElementHandle.java:63)
	at org.eclipse.lsp4e.LanguageServersRegistry$ExtensionLanguageServerDefinition.createConnectionProvider(LanguageServersRegistry.java:161)
	at org.eclipse.lsp4e.LanguageServerWrapper.lambda$0(LanguageServerWrapper.java:233)
	at java.base/java.util.concurrent.CompletableFuture$AsyncSupply.run(CompletableFuture.java:1768)
	at java.base/java.util.concurrent.CompletableFuture$AsyncSupply.exec(CompletableFuture.java:1760)
	at java.base/java.util.concurrent.ForkJoinTask.doExec(ForkJoinTask.java:373)
	at java.base/java.util.concurrent.ForkJoinPool$WorkQueue.topLevelExec(ForkJoinPool.java:1182)
	at java.base/java.util.concurrent.ForkJoinPool.scan(ForkJoinPool.java:1655)
	at java.base/java.util.concurrent.ForkJoinPool.runWorker(ForkJoinPool.java:1622)
	at java.base/java.util.concurrent.ForkJoinWorkerThread.run(ForkJoinWorkerThread.java:165)
Caused by: java.lang.NullPointerException: Cannot invoke "java.io.File.getAbsolutePath()" because the return value of "org.eclipse.wildwebdeveloper.embedder.node.NodeJSManager.getNodeJsLocation()" is null
	at org.eclipse.wildwebdeveloper.html.HTMLLanguageServer.<init>(HTMLLanguageServer.java:40)
	... 17 more
Root exception:
java.lang.NullPointerException: Cannot invoke "java.io.File.getAbsolutePath()" because the return value of "org.eclipse.wildwebdeveloper.embedder.node.NodeJSManager.getNodeJsLocation()" is null
	at org.eclipse.wildwebdeveloper.html.HTMLLanguageServer.<init>(HTMLLanguageServer.java:40)
	at jdk.internal.reflect.GeneratedConstructorAccessor102.newInstance(Unknown Source)
	at java.base/jdk.internal.reflect.DelegatingConstructorAccessorImpl.newInstance(DelegatingConstructorAccessorImpl.java:45)
	at java.base/java.lang.reflect.Constructor.newInstanceWithCaller(Constructor.java:499)
	at java.base/java.lang.reflect.Constructor.newInstance(Constructor.java:480)
	at org.eclipse.core.internal.registry.osgi.RegistryStrategyOSGI.createExecutableExtension(RegistryStrategyOSGI.java:204)
	at org.eclipse.core.internal.registry.ExtensionRegistry.createExecutableExtension(ExtensionRegistry.java:920)
	at org.eclipse.core.internal.registry.ConfigurationElement.createExecutableExtension(ConfigurationElement.java:246)
	at org.eclipse.core.internal.registry.ConfigurationElementHandle.createExecutableExtension(ConfigurationElementHandle.java:63)
	at org.eclipse.lsp4e.LanguageServersRegistry$ExtensionLanguageServerDefinition.createConnectionProvider(LanguageServersRegistry.java:161)
	at org.eclipse.lsp4e.LanguageServerWrapper.lambda$0(LanguageServerWrapper.java:233)
	at java.base/java.util.concurrent.CompletableFuture$AsyncSupply.run(CompletableFuture.java:1768)
	at java.base/java.util.concurrent.CompletableFuture$AsyncSupply.exec(CompletableFuture.java:1760)
	at java.base/java.util.concurrent.ForkJoinTask.doExec(ForkJoinTask.java:373)
	at java.base/java.util.concurrent.ForkJoinPool$WorkQueue.topLevelExec(ForkJoinPool.java:1182)
	at java.base/java.util.concurrent.ForkJoinPool.scan(ForkJoinPool.java:1655)
	at java.base/java.util.concurrent.ForkJoinPool.runWorker(ForkJoinPool.java:1622)
	at java.base/java.util.concurrent.ForkJoinWorkerThread.run(ForkJoinWorkerThread.java:165)

!ENTRY org.eclipse.lsp4e 4 0 2025-12-27 07:28:52.905
!MESSAGE プラグイン "org.eclipse.wildwebdeveloper" は、クラス "org.eclipse.wildwebdeveloper.angular.AngularLanguageServer" をインスタンス化できませんでした。
!STACK 1
org.eclipse.core.runtime.CoreException: プラグイン "org.eclipse.wildwebdeveloper" は、クラス "org.eclipse.wildwebdeveloper.angular.AngularLanguageServer" をインスタンス化できませんでした。
	at org.eclipse.core.internal.registry.osgi.RegistryStrategyOSGI.throwException(RegistryStrategyOSGI.java:212)
	at org.eclipse.core.internal.registry.osgi.RegistryStrategyOSGI.createExecutableExtension(RegistryStrategyOSGI.java:206)
	at org.eclipse.core.internal.registry.ExtensionRegistry.createExecutableExtension(ExtensionRegistry.java:920)
	at org.eclipse.core.internal.registry.ConfigurationElement.createExecutableExtension(ConfigurationElement.java:246)
	at org.eclipse.core.internal.registry.ConfigurationElementHandle.createExecutableExtension(ConfigurationElementHandle.java:63)
	at org.eclipse.lsp4e.LanguageServersRegistry$ExtensionLanguageServerDefinition.createConnectionProvider(LanguageServersRegistry.java:161)
	at org.eclipse.lsp4e.LanguageServerWrapper.lambda$0(LanguageServerWrapper.java:233)
	at java.base/java.util.concurrent.CompletableFuture$AsyncSupply.run(CompletableFuture.java:1768)
	at java.base/java.util.concurrent.CompletableFuture$AsyncSupply.exec(CompletableFuture.java:1760)
	at java.base/java.util.concurrent.ForkJoinTask.doExec(ForkJoinTask.java:373)
	at java.base/java.util.concurrent.ForkJoinPool$WorkQueue.topLevelExec(ForkJoinPool.java:1182)
	at java.base/java.util.concurrent.ForkJoinPool.scan(ForkJoinPool.java:1655)
	at java.base/java.util.concurrent.ForkJoinPool.runWorker(ForkJoinPool.java:1622)
	at java.base/java.util.concurrent.ForkJoinWorkerThread.run(ForkJoinWorkerThread.java:165)
Caused by: java.lang.reflect.InvocationTargetException
	at jdk.internal.reflect.GeneratedConstructorAccessor101.newInstance(Unknown Source)
	at java.base/jdk.internal.reflect.DelegatingConstructorAccessorImpl.newInstance(DelegatingConstructorAccessorImpl.java:45)
	at java.base/java.lang.reflect.Constructor.newInstanceWithCaller(Constructor.java:499)
	at java.base/java.lang.reflect.Constructor.newInstance(Constructor.java:480)
	at org.eclipse.core.internal.registry.osgi.RegistryStrategyOSGI.createExecutableExtension(RegistryStrategyOSGI.java:204)
	... 12 more
Caused by: java.lang.NullPointerException: Cannot invoke "java.io.File.getAbsolutePath()" because the return value of "org.eclipse.wildwebdeveloper.embedder.node.NodeJSManager.getNodeJsLocation()" is null
	at org.eclipse.wildwebdeveloper.angular.AngularLanguageServer.<init>(AngularLanguageServer.java:43)
	... 17 more
!SUBENTRY 1 org.eclipse.equinox.registry 4 1 2025-12-27 07:28:52.905
!MESSAGE プラグイン "org.eclipse.wildwebdeveloper" は、クラス "org.eclipse.wildwebdeveloper.angular.AngularLanguageServer" をインスタンス化できませんでした。
!STACK 0
java.lang.reflect.InvocationTargetException
	at jdk.internal.reflect.GeneratedConstructorAccessor101.newInstance(Unknown Source)
	at java.base/jdk.internal.reflect.DelegatingConstructorAccessorImpl.newInstance(DelegatingConstructorAccessorImpl.java:45)
	at java.base/java.lang.reflect.Constructor.newInstanceWithCaller(Constructor.java:499)
	at java.base/java.lang.reflect.Constructor.newInstance(Constructor.java:480)
	at org.eclipse.core.internal.registry.osgi.RegistryStrategyOSGI.createExecutableExtension(RegistryStrategyOSGI.java:204)
	at org.eclipse.core.internal.registry.ExtensionRegistry.createExecutableExtension(ExtensionRegistry.java:920)
	at org.eclipse.core.internal.registry.ConfigurationElement.createExecutableExtension(ConfigurationElement.java:246)
	at org.eclipse.core.internal.registry.ConfigurationElementHandle.createExecutableExtension(ConfigurationElementHandle.java:63)
	at org.eclipse.lsp4e.LanguageServersRegistry$ExtensionLanguageServerDefinition.createConnectionProvider(LanguageServersRegistry.java:161)
	at org.eclipse.lsp4e.LanguageServerWrapper.lambda$0(LanguageServerWrapper.java:233)
	at java.base/java.util.concurrent.CompletableFuture$AsyncSupply.run(CompletableFuture.java:1768)
	at java.base/java.util.concurrent.CompletableFuture$AsyncSupply.exec(CompletableFuture.java:1760)
	at java.base/java.util.concurrent.ForkJoinTask.doExec(ForkJoinTask.java:373)
	at java.base/java.util.concurrent.ForkJoinPool$WorkQueue.topLevelExec(ForkJoinPool.java:1182)
	at java.base/java.util.concurrent.ForkJoinPool.scan(ForkJoinPool.java:1655)
	at java.base/java.util.concurrent.ForkJoinPool.runWorker(ForkJoinPool.java:1622)
	at java.base/java.util.concurrent.ForkJoinWorkerThread.run(ForkJoinWorkerThread.java:165)
Caused by: java.lang.NullPointerException: Cannot invoke "java.io.File.getAbsolutePath()" because the return value of "org.eclipse.wildwebdeveloper.embedder.node.NodeJSManager.getNodeJsLocation()" is null
	at org.eclipse.wildwebdeveloper.angular.AngularLanguageServer.<init>(AngularLanguageServer.java:43)
	... 17 more
Root exception:
java.lang.NullPointerException: Cannot invoke "java.io.File.getAbsolutePath()" because the return value of "org.eclipse.wildwebdeveloper.embedder.node.NodeJSManager.getNodeJsLocation()" is null
	at org.eclipse.wildwebdeveloper.angular.AngularLanguageServer.<init>(AngularLanguageServer.java:43)
	at jdk.internal.reflect.GeneratedConstructorAccessor101.newInstance(Unknown Source)
	at java.base/jdk.internal.reflect.DelegatingConstructorAccessorImpl.newInstance(DelegatingConstructorAccessorImpl.java:45)
	at java.base/java.lang.reflect.Constructor.newInstanceWithCaller(Constructor.java:499)
	at java.base/java.lang.reflect.Constructor.newInstance(Constructor.java:480)
	at org.eclipse.core.internal.registry.osgi.RegistryStrategyOSGI.createExecutableExtension(RegistryStrategyOSGI.java:204)
	at org.eclipse.core.internal.registry.ExtensionRegistry.createExecutableExtension(ExtensionRegistry.java:920)
	at org.eclipse.core.internal.registry.ConfigurationElement.createExecutableExtension(ConfigurationElement.java:246)
	at org.eclipse.core.internal.registry.ConfigurationElementHandle.createExecutableExtension(ConfigurationElementHandle.java:63)
	at org.eclipse.lsp4e.LanguageServersRegistry$ExtensionLanguageServerDefinition.createConnectionProvider(LanguageServersRegistry.java:161)
	at org.eclipse.lsp4e.LanguageServerWrapper.lambda$0(LanguageServerWrapper.java:233)
	at java.base/java.util.concurrent.CompletableFuture$AsyncSupply.run(CompletableFuture.java:1768)
	at java.base/java.util.concurrent.CompletableFuture$AsyncSupply.exec(CompletableFuture.java:1760)
	at java.base/java.util.concurrent.ForkJoinTask.doExec(ForkJoinTask.java:373)
	at java.base/java.util.concurrent.ForkJoinPool$WorkQueue.topLevelExec(ForkJoinPool.java:1182)
	at java.base/java.util.concurrent.ForkJoinPool.scan(ForkJoinPool.java:1655)
	at java.base/java.util.concurrent.ForkJoinPool.runWorker(ForkJoinPool.java:1622)
	at java.base/java.util.concurrent.ForkJoinWorkerThread.run(ForkJoinWorkerThread.java:165)

!ENTRY org.eclipse.lsp4e 4 0 2025-12-27 07:28:52.906
!MESSAGE Exception occurred while creating an instance of the stream connection provider
!STACK 0
java.lang.RuntimeException: Exception occurred while creating an instance of the stream connection provider
	at org.eclipse.lsp4e.LanguageServersRegistry$ExtensionLanguageServerDefinition.createConnectionProvider(LanguageServersRegistry.java:164)
	at org.eclipse.lsp4e.LanguageServerWrapper.lambda$0(LanguageServerWrapper.java:233)
	at java.base/java.util.concurrent.CompletableFuture$AsyncSupply.run(CompletableFuture.java:1768)
	at java.base/java.util.concurrent.CompletableFuture$AsyncSupply.exec(CompletableFuture.java:1760)
	at java.base/java.util.concurrent.ForkJoinTask.doExec(ForkJoinTask.java:373)
	at java.base/java.util.concurrent.ForkJoinPool$WorkQueue.topLevelExec(ForkJoinPool.java:1182)
	at java.base/java.util.concurrent.ForkJoinPool.scan(ForkJoinPool.java:1655)
	at java.base/java.util.concurrent.ForkJoinPool.runWorker(ForkJoinPool.java:1622)
	at java.base/java.util.concurrent.ForkJoinWorkerThread.run(ForkJoinWorkerThread.java:165)
Caused by: org.eclipse.core.runtime.CoreException: プラグイン "org.eclipse.wildwebdeveloper" は、クラス "org.eclipse.wildwebdeveloper.html.HTMLLanguageServer" をインスタンス化できませんでした。
	at org.eclipse.core.internal.registry.osgi.RegistryStrategyOSGI.throwException(RegistryStrategyOSGI.java:212)
	at org.eclipse.core.internal.registry.osgi.RegistryStrategyOSGI.createExecutableExtension(RegistryStrategyOSGI.java:206)
	at org.eclipse.core.internal.registry.ExtensionRegistry.createExecutableExtension(ExtensionRegistry.java:920)
	at org.eclipse.core.internal.registry.ConfigurationElement.createExecutableExtension(ConfigurationElement.java:246)
	at org.eclipse.core.internal.registry.ConfigurationElementHandle.createExecutableExtension(ConfigurationElementHandle.java:63)
	at org.eclipse.lsp4e.LanguageServersRegistry$ExtensionLanguageServerDefinition.createConnectionProvider(LanguageServersRegistry.java:161)
	... 8 more
Caused by: java.lang.reflect.InvocationTargetException
	at jdk.internal.reflect.GeneratedConstructorAccessor102.newInstance(Unknown Source)
	at java.base/jdk.internal.reflect.DelegatingConstructorAccessorImpl.newInstance(DelegatingConstructorAccessorImpl.java:45)
	at java.base/java.lang.reflect.Constructor.newInstanceWithCaller(Constructor.java:499)
	at java.base/java.lang.reflect.Constructor.newInstance(Constructor.java:480)
	at org.eclipse.core.internal.registry.osgi.RegistryStrategyOSGI.createExecutableExtension(RegistryStrategyOSGI.java:204)
	... 12 more
Caused by: java.lang.NullPointerException: Cannot invoke "java.io.File.getAbsolutePath()" because the return value of "org.eclipse.wildwebdeveloper.embedder.node.NodeJSManager.getNodeJsLocation()" is null
	at org.eclipse.wildwebdeveloper.html.HTMLLanguageServer.<init>(HTMLLanguageServer.java:40)
	... 17 more

!ENTRY org.eclipse.lsp4e 4 0 2025-12-27 07:28:52.906
!MESSAGE Exception occurred while creating an instance of the stream connection provider
!STACK 0
java.lang.RuntimeException: Exception occurred while creating an instance of the stream connection provider
	at org.eclipse.lsp4e.LanguageServersRegistry$ExtensionLanguageServerDefinition.createConnectionProvider(LanguageServersRegistry.java:164)
	at org.eclipse.lsp4e.LanguageServerWrapper.lambda$0(LanguageServerWrapper.java:233)
	at java.base/java.util.concurrent.CompletableFuture$AsyncSupply.run(CompletableFuture.java:1768)
	at java.base/java.util.concurrent.CompletableFuture$AsyncSupply.exec(CompletableFuture.java:1760)
	at java.base/java.util.concurrent.ForkJoinTask.doExec(ForkJoinTask.java:373)
	at java.base/java.util.concurrent.ForkJoinPool$WorkQueue.topLevelExec(ForkJoinPool.java:1182)
	at java.base/java.util.concurrent.ForkJoinPool.scan(ForkJoinPool.java:1655)
	at java.base/java.util.concurrent.ForkJoinPool.runWorker(ForkJoinPool.java:1622)
	at java.base/java.util.concurrent.ForkJoinWorkerThread.run(ForkJoinWorkerThread.java:165)
Caused by: org.eclipse.core.runtime.CoreException: プラグイン "org.eclipse.wildwebdeveloper" は、クラス "org.eclipse.wildwebdeveloper.angular.AngularLanguageServer" をインスタンス化できませんでした。
	at org.eclipse.core.internal.registry.osgi.RegistryStrategyOSGI.throwException(RegistryStrategyOSGI.java:212)
	at org.eclipse.core.internal.registry.osgi.RegistryStrategyOSGI.createExecutableExtension(RegistryStrategyOSGI.java:206)
	at org.eclipse.core.internal.registry.ExtensionRegistry.createExecutableExtension(ExtensionRegistry.java:920)
	at org.eclipse.core.internal.registry.ConfigurationElement.createExecutableExtension(ConfigurationElement.java:246)
	at org.eclipse.core.internal.registry.ConfigurationElementHandle.createExecutableExtension(ConfigurationElementHandle.java:63)
	at org.eclipse.lsp4e.LanguageServersRegistry$ExtensionLanguageServerDefinition.createConnectionProvider(LanguageServersRegistry.java:161)
	... 8 more
Caused by: java.lang.reflect.InvocationTargetException
	at jdk.internal.reflect.GeneratedConstructorAccessor101.newInstance(Unknown Source)
	at java.base/jdk.internal.reflect.DelegatingConstructorAccessorImpl.newInstance(DelegatingConstructorAccessorImpl.java:45)
	at java.base/java.lang.reflect.Constructor.newInstanceWithCaller(Constructor.java:499)
	at java.base/java.lang.reflect.Constructor.newInstance(Constructor.java:480)
	at org.eclipse.core.internal.registry.osgi.RegistryStrategyOSGI.createExecutableExtension(RegistryStrategyOSGI.java:204)
	... 12 more
Caused by: java.lang.NullPointerException: Cannot invoke "java.io.File.getAbsolutePath()" because the return value of "org.eclipse.wildwebdeveloper.embedder.node.NodeJSManager.getNodeJsLocation()" is null
	at org.eclipse.wildwebdeveloper.angular.AngularLanguageServer.<init>(AngularLanguageServer.java:43)
	... 17 more

!ENTRY org.eclipse.lsp4e 4 0 2025-12-27 07:28:52.907
!MESSAGE Cannot invoke "org.eclipse.lsp4e.server.StreamConnectionProvider.getInputStream()" because "this.lspStreamProvider" is null
!STACK 0
java.lang.NullPointerException: Cannot invoke "org.eclipse.lsp4e.server.StreamConnectionProvider.getInputStream()" because "this.lspStreamProvider" is null
	at org.eclipse.lsp4e.LanguageServerWrapper.lambda$1(LanguageServerWrapper.java:284)
	at java.base/java.util.concurrent.CompletableFuture$UniApply.tryFire(CompletableFuture.java:646)
	at java.base/java.util.concurrent.CompletableFuture.postComplete(CompletableFuture.java:510)
	at java.base/java.util.concurrent.CompletableFuture$AsyncSupply.run(CompletableFuture.java:1773)
	at java.base/java.util.concurrent.CompletableFuture$AsyncSupply.exec(CompletableFuture.java:1760)
	at java.base/java.util.concurrent.ForkJoinTask.doExec(ForkJoinTask.java:373)
	at java.base/java.util.concurrent.ForkJoinPool$WorkQueue.topLevelExec(ForkJoinPool.java:1182)
	at java.base/java.util.concurrent.ForkJoinPool.scan(ForkJoinPool.java:1655)
	at java.base/java.util.concurrent.ForkJoinPool.runWorker(ForkJoinPool.java:1622)
	at java.base/java.util.concurrent.ForkJoinWorkerThread.run(ForkJoinWorkerThread.java:165)

!ENTRY org.eclipse.lsp4e 4 0 2025-12-27 07:28:52.907
!MESSAGE Cannot invoke "org.eclipse.lsp4e.server.StreamConnectionProvider.getInputStream()" because "this.lspStreamProvider" is null
!STACK 0
java.lang.NullPointerException: Cannot invoke "org.eclipse.lsp4e.server.StreamConnectionProvider.getInputStream()" because "this.lspStreamProvider" is null
	at org.eclipse.lsp4e.LanguageServerWrapper.lambda$1(LanguageServerWrapper.java:284)
	at java.base/java.util.concurrent.CompletableFuture$UniApply.tryFire(CompletableFuture.java:646)
	at java.base/java.util.concurrent.CompletableFuture.postComplete(CompletableFuture.java:510)
	at java.base/java.util.concurrent.CompletableFuture$AsyncSupply.run(CompletableFuture.java:1773)
	at java.base/java.util.concurrent.CompletableFuture$AsyncSupply.exec(CompletableFuture.java:1760)
	at java.base/java.util.concurrent.ForkJoinTask.doExec(ForkJoinTask.java:373)
	at java.base/java.util.concurrent.ForkJoinPool$WorkQueue.topLevelExec(ForkJoinPool.java:1182)
	at java.base/java.util.concurrent.ForkJoinPool.scan(ForkJoinPool.java:1655)
	at java.base/java.util.concurrent.ForkJoinPool.runWorker(ForkJoinPool.java:1622)
	at java.base/java.util.concurrent.ForkJoinWorkerThread.run(ForkJoinWorkerThread.java:165)

!ENTRY org.eclipse.lsp4e 4 0 2025-12-27 07:28:52.968
!MESSAGE プラグイン "org.eclipse.wildwebdeveloper" は、クラス "org.eclipse.wildwebdeveloper.angular.AngularLanguageServer" をインスタンス化できませんでした。
!STACK 1
org.eclipse.core.runtime.CoreException: プラグイン "org.eclipse.wildwebdeveloper" は、クラス "org.eclipse.wildwebdeveloper.angular.AngularLanguageServer" をインスタンス化できませんでした。
	at org.eclipse.core.internal.registry.osgi.RegistryStrategyOSGI.throwException(RegistryStrategyOSGI.java:212)
	at org.eclipse.core.internal.registry.osgi.RegistryStrategyOSGI.createExecutableExtension(RegistryStrategyOSGI.java:206)
	at org.eclipse.core.internal.registry.ExtensionRegistry.createExecutableExtension(ExtensionRegistry.java:920)
	at org.eclipse.core.internal.registry.ConfigurationElement.createExecutableExtension(ConfigurationElement.java:246)
	at org.eclipse.core.internal.registry.ConfigurationElementHandle.createExecutableExtension(ConfigurationElementHandle.java:63)
	at org.eclipse.lsp4e.LanguageServersRegistry$ExtensionLanguageServerDefinition.createConnectionProvider(LanguageServersRegistry.java:161)
	at org.eclipse.lsp4e.LanguageServerWrapper.lambda$0(LanguageServerWrapper.java:233)
	at java.base/java.util.concurrent.CompletableFuture$AsyncSupply.run(CompletableFuture.java:1768)
	at java.base/java.util.concurrent.CompletableFuture$AsyncSupply.exec(CompletableFuture.java:1760)
	at java.base/java.util.concurrent.ForkJoinTask.doExec(ForkJoinTask.java:373)
	at java.base/java.util.concurrent.ForkJoinPool$WorkQueue.topLevelExec(ForkJoinPool.java:1182)
	at java.base/java.util.concurrent.ForkJoinPool.scan(ForkJoinPool.java:1655)
	at java.base/java.util.concurrent.ForkJoinPool.runWorker(ForkJoinPool.java:1622)
	at java.base/java.util.concurrent.ForkJoinWorkerThread.run(ForkJoinWorkerThread.java:165)
Caused by: java.lang.reflect.InvocationTargetException
	at jdk.internal.reflect.GeneratedConstructorAccessor101.newInstance(Unknown Source)
	at java.base/jdk.internal.reflect.DelegatingConstructorAccessorImpl.newInstance(DelegatingConstructorAccessorImpl.java:45)
	at java.base/java.lang.reflect.Constructor.newInstanceWithCaller(Constructor.java:499)
	at java.base/java.lang.reflect.Constructor.newInstance(Constructor.java:480)
	at org.eclipse.core.internal.registry.osgi.RegistryStrategyOSGI.createExecutableExtension(RegistryStrategyOSGI.java:204)
	... 12 more
Caused by: java.lang.NullPointerException: Cannot invoke "java.io.File.getAbsolutePath()" because the return value of "org.eclipse.wildwebdeveloper.embedder.node.NodeJSManager.getNodeJsLocation()" is null
	at org.eclipse.wildwebdeveloper.angular.AngularLanguageServer.<init>(AngularLanguageServer.java:43)
	... 17 more
!SUBENTRY 1 org.eclipse.equinox.registry 4 1 2025-12-27 07:28:52.968
!MESSAGE プラグイン "org.eclipse.wildwebdeveloper" は、クラス "org.eclipse.wildwebdeveloper.angular.AngularLanguageServer" をインスタンス化できませんでした。
!STACK 0
java.lang.reflect.InvocationTargetException
	at jdk.internal.reflect.GeneratedConstructorAccessor101.newInstance(Unknown Source)
	at java.base/jdk.internal.reflect.DelegatingConstructorAccessorImpl.newInstance(DelegatingConstructorAccessorImpl.java:45)
	at java.base/java.lang.reflect.Constructor.newInstanceWithCaller(Constructor.java:499)
	at java.base/java.lang.reflect.Constructor.newInstance(Constructor.java:480)
	at org.eclipse.core.internal.registry.osgi.RegistryStrategyOSGI.createExecutableExtension(RegistryStrategyOSGI.java:204)
	at org.eclipse.core.internal.registry.ExtensionRegistry.createExecutableExtension(ExtensionRegistry.java:920)
	at org.eclipse.core.internal.registry.ConfigurationElement.createExecutableExtension(ConfigurationElement.java:246)
	at org.eclipse.core.internal.registry.ConfigurationElementHandle.createExecutableExtension(ConfigurationElementHandle.java:63)
	at org.eclipse.lsp4e.LanguageServersRegistry$ExtensionLanguageServerDefinition.createConnectionProvider(LanguageServersRegistry.java:161)
	at org.eclipse.lsp4e.LanguageServerWrapper.lambda$0(LanguageServerWrapper.java:233)
	at java.base/java.util.concurrent.CompletableFuture$AsyncSupply.run(CompletableFuture.java:1768)
	at java.base/java.util.concurrent.CompletableFuture$AsyncSupply.exec(CompletableFuture.java:1760)
	at java.base/java.util.concurrent.ForkJoinTask.doExec(ForkJoinTask.java:373)
	at java.base/java.util.concurrent.ForkJoinPool$WorkQueue.topLevelExec(ForkJoinPool.java:1182)
	at java.base/java.util.concurrent.ForkJoinPool.scan(ForkJoinPool.java:1655)
	at java.base/java.util.concurrent.ForkJoinPool.runWorker(ForkJoinPool.java:1622)
	at java.base/java.util.concurrent.ForkJoinWorkerThread.run(ForkJoinWorkerThread.java:165)
Caused by: java.lang.NullPointerException: Cannot invoke "java.io.File.getAbsolutePath()" because the return value of "org.eclipse.wildwebdeveloper.embedder.node.NodeJSManager.getNodeJsLocation()" is null
	at org.eclipse.wildwebdeveloper.angular.AngularLanguageServer.<init>(AngularLanguageServer.java:43)
	... 17 more
Root exception:
java.lang.NullPointerException: Cannot invoke "java.io.File.getAbsolutePath()" because the return value of "org.eclipse.wildwebdeveloper.embedder.node.NodeJSManager.getNodeJsLocation()" is null
	at org.eclipse.wildwebdeveloper.angular.AngularLanguageServer.<init>(AngularLanguageServer.java:43)
	at jdk.internal.reflect.GeneratedConstructorAccessor101.newInstance(Unknown Source)
	at java.base/jdk.internal.reflect.DelegatingConstructorAccessorImpl.newInstance(DelegatingConstructorAccessorImpl.java:45)
	at java.base/java.lang.reflect.Constructor.newInstanceWithCaller(Constructor.java:499)
	at java.base/java.lang.reflect.Constructor.newInstance(Constructor.java:480)
	at org.eclipse.core.internal.registry.osgi.RegistryStrategyOSGI.createExecutableExtension(RegistryStrategyOSGI.java:204)
	at org.eclipse.core.internal.registry.ExtensionRegistry.createExecutableExtension(ExtensionRegistry.java:920)
	at org.eclipse.core.internal.registry.ConfigurationElement.createExecutableExtension(ConfigurationElement.java:246)
	at org.eclipse.core.internal.registry.ConfigurationElementHandle.createExecutableExtension(ConfigurationElementHandle.java:63)
	at org.eclipse.lsp4e.LanguageServersRegistry$ExtensionLanguageServerDefinition.createConnectionProvider(LanguageServersRegistry.java:161)
	at org.eclipse.lsp4e.LanguageServerWrapper.lambda$0(LanguageServerWrapper.java:233)
	at java.base/java.util.concurrent.CompletableFuture$AsyncSupply.run(CompletableFuture.java:1768)
	at java.base/java.util.concurrent.CompletableFuture$AsyncSupply.exec(CompletableFuture.java:1760)
	at java.base/java.util.concurrent.ForkJoinTask.doExec(ForkJoinTask.java:373)
	at java.base/java.util.concurrent.ForkJoinPool$WorkQueue.topLevelExec(ForkJoinPool.java:1182)
	at java.base/java.util.concurrent.ForkJoinPool.scan(ForkJoinPool.java:1655)
	at java.base/java.util.concurrent.ForkJoinPool.runWorker(ForkJoinPool.java:1622)
	at java.base/java.util.concurrent.ForkJoinWorkerThread.run(ForkJoinWorkerThread.java:165)

!ENTRY org.eclipse.lsp4e 4 0 2025-12-27 07:28:52.968
!MESSAGE プラグイン "org.eclipse.wildwebdeveloper" は、クラス "org.eclipse.wildwebdeveloper.html.HTMLLanguageServer" をインスタンス化できませんでした。
!STACK 1
org.eclipse.core.runtime.CoreException: プラグイン "org.eclipse.wildwebdeveloper" は、クラス "org.eclipse.wildwebdeveloper.html.HTMLLanguageServer" をインスタンス化できませんでした。
	at org.eclipse.core.internal.registry.osgi.RegistryStrategyOSGI.throwException(RegistryStrategyOSGI.java:212)
	at org.eclipse.core.internal.registry.osgi.RegistryStrategyOSGI.createExecutableExtension(RegistryStrategyOSGI.java:206)
	at org.eclipse.core.internal.registry.ExtensionRegistry.createExecutableExtension(ExtensionRegistry.java:920)
	at org.eclipse.core.internal.registry.ConfigurationElement.createExecutableExtension(ConfigurationElement.java:246)
	at org.eclipse.core.internal.registry.ConfigurationElementHandle.createExecutableExtension(ConfigurationElementHandle.java:63)
	at org.eclipse.lsp4e.LanguageServersRegistry$ExtensionLanguageServerDefinition.createConnectionProvider(LanguageServersRegistry.java:161)
	at org.eclipse.lsp4e.LanguageServerWrapper.lambda$0(LanguageServerWrapper.java:233)
	at java.base/java.util.concurrent.CompletableFuture$AsyncSupply.run(CompletableFuture.java:1768)
	at java.base/java.util.concurrent.CompletableFuture$AsyncSupply.exec(CompletableFuture.java:1760)
	at java.base/java.util.concurrent.ForkJoinTask.doExec(ForkJoinTask.java:373)
	at java.base/java.util.concurrent.ForkJoinPool$WorkQueue.topLevelExec(ForkJoinPool.java:1182)
	at java.base/java.util.concurrent.ForkJoinPool.scan(ForkJoinPool.java:1655)
	at java.base/java.util.concurrent.ForkJoinPool.runWorker(ForkJoinPool.java:1622)
	at java.base/java.util.concurrent.ForkJoinWorkerThread.run(ForkJoinWorkerThread.java:165)
Caused by: java.lang.reflect.InvocationTargetException
	at jdk.internal.reflect.GeneratedConstructorAccessor102.newInstance(Unknown Source)
	at java.base/jdk.internal.reflect.DelegatingConstructorAccessorImpl.newInstance(DelegatingConstructorAccessorImpl.java:45)
	at java.base/java.lang.reflect.Constructor.newInstanceWithCaller(Constructor.java:499)
	at java.base/java.lang.reflect.Constructor.newInstance(Constructor.java:480)
	at org.eclipse.core.internal.registry.osgi.RegistryStrategyOSGI.createExecutableExtension(RegistryStrategyOSGI.java:204)
	... 12 more
Caused by: java.lang.NullPointerException: Cannot invoke "java.io.File.getAbsolutePath()" because the return value of "org.eclipse.wildwebdeveloper.embedder.node.NodeJSManager.getNodeJsLocation()" is null
	at org.eclipse.wildwebdeveloper.html.HTMLLanguageServer.<init>(HTMLLanguageServer.java:40)
	... 17 more
!SUBENTRY 1 org.eclipse.equinox.registry 4 1 2025-12-27 07:28:52.968
!MESSAGE プラグイン "org.eclipse.wildwebdeveloper" は、クラス "org.eclipse.wildwebdeveloper.html.HTMLLanguageServer" をインスタンス化できませんでした。
!STACK 0
java.lang.reflect.InvocationTargetException
	at jdk.internal.reflect.GeneratedConstructorAccessor102.newInstance(Unknown Source)
	at java.base/jdk.internal.reflect.DelegatingConstructorAccessorImpl.newInstance(DelegatingConstructorAccessorImpl.java:45)
	at java.base/java.lang.reflect.Constructor.newInstanceWithCaller(Constructor.java:499)
	at java.base/java.lang.reflect.Constructor.newInstance(Constructor.java:480)
	at org.eclipse.core.internal.registry.osgi.RegistryStrategyOSGI.createExecutableExtension(RegistryStrategyOSGI.java:204)
	at org.eclipse.core.internal.registry.ExtensionRegistry.createExecutableExtension(ExtensionRegistry.java:920)
	at org.eclipse.core.internal.registry.ConfigurationElement.createExecutableExtension(ConfigurationElement.java:246)
	at org.eclipse.core.internal.registry.ConfigurationElementHandle.createExecutableExtension(ConfigurationElementHandle.java:63)
	at org.eclipse.lsp4e.LanguageServersRegistry$ExtensionLanguageServerDefinition.createConnectionProvider(LanguageServersRegistry.java:161)
	at org.eclipse.lsp4e.LanguageServerWrapper.lambda$0(LanguageServerWrapper.java:233)
	at java.base/java.util.concurrent.CompletableFuture$AsyncSupply.run(CompletableFuture.java:1768)
	at java.base/java.util.concurrent.CompletableFuture$AsyncSupply.exec(CompletableFuture.java:1760)
	at java.base/java.util.concurrent.ForkJoinTask.doExec(ForkJoinTask.java:373)
	at java.base/java.util.concurrent.ForkJoinPool$WorkQueue.topLevelExec(ForkJoinPool.java:1182)
	at java.base/java.util.concurrent.ForkJoinPool.scan(ForkJoinPool.java:1655)
	at java.base/java.util.concurrent.ForkJoinPool.runWorker(ForkJoinPool.java:1622)
	at java.base/java.util.concurrent.ForkJoinWorkerThread.run(ForkJoinWorkerThread.java:165)
Caused by: java.lang.NullPointerException: Cannot invoke "java.io.File.getAbsolutePath()" because the return value of "org.eclipse.wildwebdeveloper.embedder.node.NodeJSManager.getNodeJsLocation()" is null
	at org.eclipse.wildwebdeveloper.html.HTMLLanguageServer.<init>(HTMLLanguageServer.java:40)
	... 17 more
Root exception:
java.lang.NullPointerException: Cannot invoke "java.io.File.getAbsolutePath()" because the return value of "org.eclipse.wildwebdeveloper.embedder.node.NodeJSManager.getNodeJsLocation()" is null
	at org.eclipse.wildwebdeveloper.html.HTMLLanguageServer.<init>(HTMLLanguageServer.java:40)
	at jdk.internal.reflect.GeneratedConstructorAccessor102.newInstance(Unknown Source)
	at java.base/jdk.internal.reflect.DelegatingConstructorAccessorImpl.newInstance(DelegatingConstructorAccessorImpl.java:45)
	at java.base/java.lang.reflect.Constructor.newInstanceWithCaller(Constructor.java:499)
	at java.base/java.lang.reflect.Constructor.newInstance(Constructor.java:480)
	at org.eclipse.core.internal.registry.osgi.RegistryStrategyOSGI.createExecutableExtension(RegistryStrategyOSGI.java:204)
	at org.eclipse.core.internal.registry.ExtensionRegistry.createExecutableExtension(ExtensionRegistry.java:920)
	at org.eclipse.core.internal.registry.ConfigurationElement.createExecutableExtension(ConfigurationElement.java:246)
	at org.eclipse.core.internal.registry.ConfigurationElementHandle.createExecutableExtension(ConfigurationElementHandle.java:63)
	at org.eclipse.lsp4e.LanguageServersRegistry$ExtensionLanguageServerDefinition.createConnectionProvider(LanguageServersRegistry.java:161)
	at org.eclipse.lsp4e.LanguageServerWrapper.lambda$0(LanguageServerWrapper.java:233)
	at java.base/java.util.concurrent.CompletableFuture$AsyncSupply.run(CompletableFuture.java:1768)
	at java.base/java.util.concurrent.CompletableFuture$AsyncSupply.exec(CompletableFuture.java:1760)
	at java.base/java.util.concurrent.ForkJoinTask.doExec(ForkJoinTask.java:373)
	at java.base/java.util.concurrent.ForkJoinPool$WorkQueue.topLevelExec(ForkJoinPool.java:1182)
	at java.base/java.util.concurrent.ForkJoinPool.scan(ForkJoinPool.java:1655)
	at java.base/java.util.concurrent.ForkJoinPool.runWorker(ForkJoinPool.java:1622)
	at java.base/java.util.concurrent.ForkJoinWorkerThread.run(ForkJoinWorkerThread.java:165)

!ENTRY org.eclipse.lsp4e 4 0 2025-12-27 07:28:52.968
!MESSAGE Exception occurred while creating an instance of the stream connection provider
!STACK 0
java.lang.RuntimeException: Exception occurred while creating an instance of the stream connection provider
	at org.eclipse.lsp4e.LanguageServersRegistry$ExtensionLanguageServerDefinition.createConnectionProvider(LanguageServersRegistry.java:164)
	at org.eclipse.lsp4e.LanguageServerWrapper.lambda$0(LanguageServerWrapper.java:233)
	at java.base/java.util.concurrent.CompletableFuture$AsyncSupply.run(CompletableFuture.java:1768)
	at java.base/java.util.concurrent.CompletableFuture$AsyncSupply.exec(CompletableFuture.java:1760)
	at java.base/java.util.concurrent.ForkJoinTask.doExec(ForkJoinTask.java:373)
	at java.base/java.util.concurrent.ForkJoinPool$WorkQueue.topLevelExec(ForkJoinPool.java:1182)
	at java.base/java.util.concurrent.ForkJoinPool.scan(ForkJoinPool.java:1655)
	at java.base/java.util.concurrent.ForkJoinPool.runWorker(ForkJoinPool.java:1622)
	at java.base/java.util.concurrent.ForkJoinWorkerThread.run(ForkJoinWorkerThread.java:165)
Caused by: org.eclipse.core.runtime.CoreException: プラグイン "org.eclipse.wildwebdeveloper" は、クラス "org.eclipse.wildwebdeveloper.angular.AngularLanguageServer" をインスタンス化できませんでした。
	at org.eclipse.core.internal.registry.osgi.RegistryStrategyOSGI.throwException(RegistryStrategyOSGI.java:212)
	at org.eclipse.core.internal.registry.osgi.RegistryStrategyOSGI.createExecutableExtension(RegistryStrategyOSGI.java:206)
	at org.eclipse.core.internal.registry.ExtensionRegistry.createExecutableExtension(ExtensionRegistry.java:920)
	at org.eclipse.core.internal.registry.ConfigurationElement.createExecutableExtension(ConfigurationElement.java:246)
	at org.eclipse.core.internal.registry.ConfigurationElementHandle.createExecutableExtension(ConfigurationElementHandle.java:63)
	at org.eclipse.lsp4e.LanguageServersRegistry$ExtensionLanguageServerDefinition.createConnectionProvider(LanguageServersRegistry.java:161)
	... 8 more
Caused by: java.lang.reflect.InvocationTargetException
	at jdk.internal.reflect.GeneratedConstructorAccessor101.newInstance(Unknown Source)
	at java.base/jdk.internal.reflect.DelegatingConstructorAccessorImpl.newInstance(DelegatingConstructorAccessorImpl.java:45)
	at java.base/java.lang.reflect.Constructor.newInstanceWithCaller(Constructor.java:499)
	at java.base/java.lang.reflect.Constructor.newInstance(Constructor.java:480)
	at org.eclipse.core.internal.registry.osgi.RegistryStrategyOSGI.createExecutableExtension(RegistryStrategyOSGI.java:204)
	... 12 more
Caused by: java.lang.NullPointerException: Cannot invoke "java.io.File.getAbsolutePath()" because the return value of "org.eclipse.wildwebdeveloper.embedder.node.NodeJSManager.getNodeJsLocation()" is null
	at org.eclipse.wildwebdeveloper.angular.AngularLanguageServer.<init>(AngularLanguageServer.java:43)
	... 17 more

!ENTRY org.eclipse.lsp4e 4 0 2025-12-27 07:28:52.968
!MESSAGE Exception occurred while creating an instance of the stream connection provider
!STACK 0
java.lang.RuntimeException: Exception occurred while creating an instance of the stream connection provider
	at org.eclipse.lsp4e.LanguageServersRegistry$ExtensionLanguageServerDefinition.createConnectionProvider(LanguageServersRegistry.java:164)
	at org.eclipse.lsp4e.LanguageServerWrapper.lambda$0(LanguageServerWrapper.java:233)
	at java.base/java.util.concurrent.CompletableFuture$AsyncSupply.run(CompletableFuture.java:1768)
	at java.base/java.util.concurrent.CompletableFuture$AsyncSupply.exec(CompletableFuture.java:1760)
	at java.base/java.util.concurrent.ForkJoinTask.doExec(ForkJoinTask.java:373)
	at java.base/java.util.concurrent.ForkJoinPool$WorkQueue.topLevelExec(ForkJoinPool.java:1182)
	at java.base/java.util.concurrent.ForkJoinPool.scan(ForkJoinPool.java:1655)
	at java.base/java.util.concurrent.ForkJoinPool.runWorker(ForkJoinPool.java:1622)
	at java.base/java.util.concurrent.ForkJoinWorkerThread.run(ForkJoinWorkerThread.java:165)
Caused by: org.eclipse.core.runtime.CoreException: プラグイン "org.eclipse.wildwebdeveloper" は、クラス "org.eclipse.wildwebdeveloper.html.HTMLLanguageServer" をインスタンス化できませんでした。
	at org.eclipse.core.internal.registry.osgi.RegistryStrategyOSGI.throwException(RegistryStrategyOSGI.java:212)
	at org.eclipse.core.internal.registry.osgi.RegistryStrategyOSGI.createExecutableExtension(RegistryStrategyOSGI.java:206)
	at org.eclipse.core.internal.registry.ExtensionRegistry.createExecutableExtension(ExtensionRegistry.java:920)
	at org.eclipse.core.internal.registry.ConfigurationElement.createExecutableExtension(ConfigurationElement.java:246)
	at org.eclipse.core.internal.registry.ConfigurationElementHandle.createExecutableExtension(ConfigurationElementHandle.java:63)
	at org.eclipse.lsp4e.LanguageServersRegistry$ExtensionLanguageServerDefinition.createConnectionProvider(LanguageServersRegistry.java:161)
	... 8 more
Caused by: java.lang.reflect.InvocationTargetException
	at jdk.internal.reflect.GeneratedConstructorAccessor102.newInstance(Unknown Source)
	at java.base/jdk.internal.reflect.DelegatingConstructorAccessorImpl.newInstance(DelegatingConstructorAccessorImpl.java:45)
	at java.base/java.lang.reflect.Constructor.newInstanceWithCaller(Constructor.java:499)
	at java.base/java.lang.reflect.Constructor.newInstance(Constructor.java:480)
	at org.eclipse.core.internal.registry.osgi.RegistryStrategyOSGI.createExecutableExtension(RegistryStrategyOSGI.java:204)
	... 12 more
Caused by: java.lang.NullPointerException: Cannot invoke "java.io.File.getAbsolutePath()" because the return value of "org.eclipse.wildwebdeveloper.embedder.node.NodeJSManager.getNodeJsLocation()" is null
	at org.eclipse.wildwebdeveloper.html.HTMLLanguageServer.<init>(HTMLLanguageServer.java:40)
	... 17 more

!ENTRY org.eclipse.lsp4e 4 0 2025-12-27 07:28:52.970
!MESSAGE Cannot invoke "org.eclipse.lsp4e.server.StreamConnectionProvider.getInputStream()" because "this.lspStreamProvider" is null
!STACK 0
java.lang.NullPointerException: Cannot invoke "org.eclipse.lsp4e.server.StreamConnectionProvider.getInputStream()" because "this.lspStreamProvider" is null
	at org.eclipse.lsp4e.LanguageServerWrapper.lambda$1(LanguageServerWrapper.java:284)
	at java.base/java.util.concurrent.CompletableFuture$UniApply.tryFire(CompletableFuture.java:646)
	at java.base/java.util.concurrent.CompletableFuture.postComplete(CompletableFuture.java:510)
	at java.base/java.util.concurrent.CompletableFuture$AsyncSupply.run(CompletableFuture.java:1773)
	at java.base/java.util.concurrent.CompletableFuture$AsyncSupply.exec(CompletableFuture.java:1760)
	at java.base/java.util.concurrent.ForkJoinTask.doExec(ForkJoinTask.java:373)
	at java.base/java.util.concurrent.ForkJoinPool$WorkQueue.topLevelExec(ForkJoinPool.java:1182)
	at java.base/java.util.concurrent.ForkJoinPool.scan(ForkJoinPool.java:1655)
	at java.base/java.util.concurrent.ForkJoinPool.runWorker(ForkJoinPool.java:1622)
	at java.base/java.util.concurrent.ForkJoinWorkerThread.run(ForkJoinWorkerThread.java:165)

!ENTRY org.eclipse.lsp4e 4 0 2025-12-27 07:28:52.970
!MESSAGE Cannot invoke "org.eclipse.lsp4e.server.StreamConnectionProvider.getInputStream()" because "this.lspStreamProvider" is null
!STACK 0
java.lang.NullPointerException: Cannot invoke "org.eclipse.lsp4e.server.StreamConnectionProvider.getInputStream()" because "this.lspStreamProvider" is null
	at org.eclipse.lsp4e.LanguageServerWrapper.lambda$1(LanguageServerWrapper.java:284)
	at java.base/java.util.concurrent.CompletableFuture$UniApply.tryFire(CompletableFuture.java:646)
	at java.base/java.util.concurrent.CompletableFuture.postComplete(CompletableFuture.java:510)
	at java.base/java.util.concurrent.CompletableFuture$AsyncSupply.run(CompletableFuture.java:1773)
	at java.base/java.util.concurrent.CompletableFuture$AsyncSupply.exec(CompletableFuture.java:1760)
	at java.base/java.util.concurrent.ForkJoinTask.doExec(ForkJoinTask.java:373)
	at java.base/java.util.concurrent.ForkJoinPool$WorkQueue.topLevelExec(ForkJoinPool.java:1182)
	at java.base/java.util.concurrent.ForkJoinPool.scan(ForkJoinPool.java:1655)
	at java.base/java.util.concurrent.ForkJoinPool.runWorker(ForkJoinPool.java:1622)
	at java.base/java.util.concurrent.ForkJoinWorkerThread.run(ForkJoinWorkerThread.java:165)

!ENTRY org.eclipse.lsp4e 4 0 2025-12-27 07:28:53.041
!MESSAGE プラグイン "org.eclipse.wildwebdeveloper" は、クラス "org.eclipse.wildwebdeveloper.angular.AngularLanguageServer" をインスタンス化できませんでした。
!STACK 1
org.eclipse.core.runtime.CoreException: プラグイン "org.eclipse.wildwebdeveloper" は、クラス "org.eclipse.wildwebdeveloper.angular.AngularLanguageServer" をインスタンス化できませんでした。
	at org.eclipse.core.internal.registry.osgi.RegistryStrategyOSGI.throwException(RegistryStrategyOSGI.java:212)
	at org.eclipse.core.internal.registry.osgi.RegistryStrategyOSGI.createExecutableExtension(RegistryStrategyOSGI.java:206)
	at org.eclipse.core.internal.registry.ExtensionRegistry.createExecutableExtension(ExtensionRegistry.java:920)
	at org.eclipse.core.internal.registry.ConfigurationElement.createExecutableExtension(ConfigurationElement.java:246)
	at org.eclipse.core.internal.registry.ConfigurationElementHandle.createExecutableExtension(ConfigurationElementHandle.java:63)
	at org.eclipse.lsp4e.LanguageServersRegistry$ExtensionLanguageServerDefinition.createConnectionProvider(LanguageServersRegistry.java:161)
	at org.eclipse.lsp4e.LanguageServerWrapper.lambda$0(LanguageServerWrapper.java:233)
	at java.base/java.util.concurrent.CompletableFuture$AsyncSupply.run(CompletableFuture.java:1768)
	at java.base/java.util.concurrent.CompletableFuture$AsyncSupply.exec(CompletableFuture.java:1760)
	at java.base/java.util.concurrent.ForkJoinTask.doExec(ForkJoinTask.java:373)
	at java.base/java.util.concurrent.ForkJoinPool$WorkQueue.topLevelExec(ForkJoinPool.java:1182)
	at java.base/java.util.concurrent.ForkJoinPool.scan(ForkJoinPool.java:1655)
	at java.base/java.util.concurrent.ForkJoinPool.runWorker(ForkJoinPool.java:1622)
	at java.base/java.util.concurrent.ForkJoinWorkerThread.run(ForkJoinWorkerThread.java:165)
Caused by: java.lang.reflect.InvocationTargetException
	at jdk.internal.reflect.GeneratedConstructorAccessor101.newInstance(Unknown Source)
	at java.base/jdk.internal.reflect.DelegatingConstructorAccessorImpl.newInstance(DelegatingConstructorAccessorImpl.java:45)
	at java.base/java.lang.reflect.Constructor.newInstanceWithCaller(Constructor.java:499)
	at java.base/java.lang.reflect.Constructor.newInstance(Constructor.java:480)
	at org.eclipse.core.internal.registry.osgi.RegistryStrategyOSGI.createExecutableExtension(RegistryStrategyOSGI.java:204)
	... 12 more
Caused by: java.lang.NullPointerException: Cannot invoke "java.io.File.getAbsolutePath()" because the return value of "org.eclipse.wildwebdeveloper.embedder.node.NodeJSManager.getNodeJsLocation()" is null
	at org.eclipse.wildwebdeveloper.angular.AngularLanguageServer.<init>(AngularLanguageServer.java:43)
	... 17 more
!SUBENTRY 1 org.eclipse.equinox.registry 4 1 2025-12-27 07:28:53.041
!MESSAGE プラグイン "org.eclipse.wildwebdeveloper" は、クラス "org.eclipse.wildwebdeveloper.angular.AngularLanguageServer" をインスタンス化できませんでした。
!STACK 0
java.lang.reflect.InvocationTargetException
	at jdk.internal.reflect.GeneratedConstructorAccessor101.newInstance(Unknown Source)
	at java.base/jdk.internal.reflect.DelegatingConstructorAccessorImpl.newInstance(DelegatingConstructorAccessorImpl.java:45)
	at java.base/java.lang.reflect.Constructor.newInstanceWithCaller(Constructor.java:499)
	at java.base/java.lang.reflect.Constructor.newInstance(Constructor.java:480)
	at org.eclipse.core.internal.registry.osgi.RegistryStrategyOSGI.createExecutableExtension(RegistryStrategyOSGI.java:204)
	at org.eclipse.core.internal.registry.ExtensionRegistry.createExecutableExtension(ExtensionRegistry.java:920)
	at org.eclipse.core.internal.registry.ConfigurationElement.createExecutableExtension(ConfigurationElement.java:246)
	at org.eclipse.core.internal.registry.ConfigurationElementHandle.createExecutableExtension(ConfigurationElementHandle.java:63)
	at org.eclipse.lsp4e.LanguageServersRegistry$ExtensionLanguageServerDefinition.createConnectionProvider(LanguageServersRegistry.java:161)
	at org.eclipse.lsp4e.LanguageServerWrapper.lambda$0(LanguageServerWrapper.java:233)
	at java.base/java.util.concurrent.CompletableFuture$AsyncSupply.run(CompletableFuture.java:1768)
	at java.base/java.util.concurrent.CompletableFuture$AsyncSupply.exec(CompletableFuture.java:1760)
	at java.base/java.util.concurrent.ForkJoinTask.doExec(ForkJoinTask.java:373)
	at java.base/java.util.concurrent.ForkJoinPool$WorkQueue.topLevelExec(ForkJoinPool.java:1182)
	at java.base/java.util.concurrent.ForkJoinPool.scan(ForkJoinPool.java:1655)
	at java.base/java.util.concurrent.ForkJoinPool.runWorker(ForkJoinPool.java:1622)
	at java.base/java.util.concurrent.ForkJoinWorkerThread.run(ForkJoinWorkerThread.java:165)
Caused by: java.lang.NullPointerException: Cannot invoke "java.io.File.getAbsolutePath()" because the return value of "org.eclipse.wildwebdeveloper.embedder.node.NodeJSManager.getNodeJsLocation()" is null
	at org.eclipse.wildwebdeveloper.angular.AngularLanguageServer.<init>(AngularLanguageServer.java:43)
	... 17 more
Root exception:
java.lang.NullPointerException: Cannot invoke "java.io.File.getAbsolutePath()" because the return value of "org.eclipse.wildwebdeveloper.embedder.node.NodeJSManager.getNodeJsLocation()" is null
	at org.eclipse.wildwebdeveloper.angular.AngularLanguageServer.<init>(AngularLanguageServer.java:43)
	at jdk.internal.reflect.GeneratedConstructorAccessor101.newInstance(Unknown Source)
	at java.base/jdk.internal.reflect.DelegatingConstructorAccessorImpl.newInstance(DelegatingConstructorAccessorImpl.java:45)
	at java.base/java.lang.reflect.Constructor.newInstanceWithCaller(Constructor.java:499)
	at java.base/java.lang.reflect.Constructor.newInstance(Constructor.java:480)
	at org.eclipse.core.internal.registry.osgi.RegistryStrategyOSGI.createExecutableExtension(RegistryStrategyOSGI.java:204)
	at org.eclipse.core.internal.registry.ExtensionRegistry.createExecutableExtension(ExtensionRegistry.java:920)
	at org.eclipse.core.internal.registry.ConfigurationElement.createExecutableExtension(ConfigurationElement.java:246)
	at org.eclipse.core.internal.registry.ConfigurationElementHandle.createExecutableExtension(ConfigurationElementHandle.java:63)
	at org.eclipse.lsp4e.LanguageServersRegistry$ExtensionLanguageServerDefinition.createConnectionProvider(LanguageServersRegistry.java:161)
	at org.eclipse.lsp4e.LanguageServerWrapper.lambda$0(LanguageServerWrapper.java:233)
	at java.base/java.util.concurrent.CompletableFuture$AsyncSupply.run(CompletableFuture.java:1768)
	at java.base/java.util.concurrent.CompletableFuture$AsyncSupply.exec(CompletableFuture.java:1760)
	at java.base/java.util.concurrent.ForkJoinTask.doExec(ForkJoinTask.java:373)
	at java.base/java.util.concurrent.ForkJoinPool$WorkQueue.topLevelExec(ForkJoinPool.java:1182)
	at java.base/java.util.concurrent.ForkJoinPool.scan(ForkJoinPool.java:1655)
	at java.base/java.util.concurrent.ForkJoinPool.runWorker(ForkJoinPool.java:1622)
	at java.base/java.util.concurrent.ForkJoinWorkerThread.run(ForkJoinWorkerThread.java:165)

!ENTRY org.eclipse.lsp4e 4 0 2025-12-27 07:28:53.042
!MESSAGE プラグイン "org.eclipse.wildwebdeveloper" は、クラス "org.eclipse.wildwebdeveloper.html.HTMLLanguageServer" をインスタンス化できませんでした。
!STACK 1
org.eclipse.core.runtime.CoreException: プラグイン "org.eclipse.wildwebdeveloper" は、クラス "org.eclipse.wildwebdeveloper.html.HTMLLanguageServer" をインスタンス化できませんでした。
	at org.eclipse.core.internal.registry.osgi.RegistryStrategyOSGI.throwException(RegistryStrategyOSGI.java:212)
	at org.eclipse.core.internal.registry.osgi.RegistryStrategyOSGI.createExecutableExtension(RegistryStrategyOSGI.java:206)
	at org.eclipse.core.internal.registry.ExtensionRegistry.createExecutableExtension(ExtensionRegistry.java:920)
	at org.eclipse.core.internal.registry.ConfigurationElement.createExecutableExtension(ConfigurationElement.java:246)
	at org.eclipse.core.internal.registry.ConfigurationElementHandle.createExecutableExtension(ConfigurationElementHandle.java:63)
	at org.eclipse.lsp4e.LanguageServersRegistry$ExtensionLanguageServerDefinition.createConnectionProvider(LanguageServersRegistry.java:161)
	at org.eclipse.lsp4e.LanguageServerWrapper.lambda$0(LanguageServerWrapper.java:233)
	at java.base/java.util.concurrent.CompletableFuture$AsyncSupply.run(CompletableFuture.java:1768)
	at java.base/java.util.concurrent.CompletableFuture$AsyncSupply.exec(CompletableFuture.java:1760)
	at java.base/java.util.concurrent.ForkJoinTask.doExec(ForkJoinTask.java:373)
	at java.base/java.util.concurrent.ForkJoinPool$WorkQueue.topLevelExec(ForkJoinPool.java:1182)
	at java.base/java.util.concurrent.ForkJoinPool.scan(ForkJoinPool.java:1655)
	at java.base/java.util.concurrent.ForkJoinPool.runWorker(ForkJoinPool.java:1622)
	at java.base/java.util.concurrent.ForkJoinWorkerThread.run(ForkJoinWorkerThread.java:165)
Caused by: java.lang.reflect.InvocationTargetException
	at jdk.internal.reflect.GeneratedConstructorAccessor102.newInstance(Unknown Source)
	at java.base/jdk.internal.reflect.DelegatingConstructorAccessorImpl.newInstance(DelegatingConstructorAccessorImpl.java:45)
	at java.base/java.lang.reflect.Constructor.newInstanceWithCaller(Constructor.java:499)
	at java.base/java.lang.reflect.Constructor.newInstance(Constructor.java:480)
	at org.eclipse.core.internal.registry.osgi.RegistryStrategyOSGI.createExecutableExtension(RegistryStrategyOSGI.java:204)
	... 12 more
Caused by: java.lang.NullPointerException: Cannot invoke "java.io.File.getAbsolutePath()" because the return value of "org.eclipse.wildwebdeveloper.embedder.node.NodeJSManager.getNodeJsLocation()" is null
	at org.eclipse.wildwebdeveloper.html.HTMLLanguageServer.<init>(HTMLLanguageServer.java:40)
	... 17 more
!SUBENTRY 1 org.eclipse.equinox.registry 4 1 2025-12-27 07:28:53.042
!MESSAGE プラグイン "org.eclipse.wildwebdeveloper" は、クラス "org.eclipse.wildwebdeveloper.html.HTMLLanguageServer" をインスタンス化できませんでした。
!STACK 0
java.lang.reflect.InvocationTargetException
	at jdk.internal.reflect.GeneratedConstructorAccessor102.newInstance(Unknown Source)
	at java.base/jdk.internal.reflect.DelegatingConstructorAccessorImpl.newInstance(DelegatingConstructorAccessorImpl.java:45)
	at java.base/java.lang.reflect.Constructor.newInstanceWithCaller(Constructor.java:499)
	at java.base/java.lang.reflect.Constructor.newInstance(Constructor.java:480)
	at org.eclipse.core.internal.registry.osgi.RegistryStrategyOSGI.createExecutableExtension(RegistryStrategyOSGI.java:204)
	at org.eclipse.core.internal.registry.ExtensionRegistry.createExecutableExtension(ExtensionRegistry.java:920)
	at org.eclipse.core.internal.registry.ConfigurationElement.createExecutableExtension(ConfigurationElement.java:246)
	at org.eclipse.core.internal.registry.ConfigurationElementHandle.createExecutableExtension(ConfigurationElementHandle.java:63)
	at org.eclipse.lsp4e.LanguageServersRegistry$ExtensionLanguageServerDefinition.createConnectionProvider(LanguageServersRegistry.java:161)
	at org.eclipse.lsp4e.LanguageServerWrapper.lambda$0(LanguageServerWrapper.java:233)
	at java.base/java.util.concurrent.CompletableFuture$AsyncSupply.run(CompletableFuture.java:1768)
	at java.base/java.util.concurrent.CompletableFuture$AsyncSupply.exec(CompletableFuture.java:1760)
	at java.base/java.util.concurrent.ForkJoinTask.doExec(ForkJoinTask.java:373)
	at java.base/java.util.concurrent.ForkJoinPool$WorkQueue.topLevelExec(ForkJoinPool.java:1182)
	at java.base/java.util.concurrent.ForkJoinPool.scan(ForkJoinPool.java:1655)
	at java.base/java.util.concurrent.ForkJoinPool.runWorker(ForkJoinPool.java:1622)
	at java.base/java.util.concurrent.ForkJoinWorkerThread.run(ForkJoinWorkerThread.java:165)
Caused by: java.lang.NullPointerException: Cannot invoke "java.io.File.getAbsolutePath()" because the return value of "org.eclipse.wildwebdeveloper.embedder.node.NodeJSManager.getNodeJsLocation()" is null
	at org.eclipse.wildwebdeveloper.html.HTMLLanguageServer.<init>(HTMLLanguageServer.java:40)
	... 17 more
Root exception:
java.lang.NullPointerException: Cannot invoke "java.io.File.getAbsolutePath()" because the return value of "org.eclipse.wildwebdeveloper.embedder.node.NodeJSManager.getNodeJsLocation()" is null
	at org.eclipse.wildwebdeveloper.html.HTMLLanguageServer.<init>(HTMLLanguageServer.java:40)
	at jdk.internal.reflect.GeneratedConstructorAccessor102.newInstance(Unknown Source)
	at java.base/jdk.internal.reflect.DelegatingConstructorAccessorImpl.newInstance(DelegatingConstructorAccessorImpl.java:45)
	at java.base/java.lang.reflect.Constructor.newInstanceWithCaller(Constructor.java:499)
	at java.base/java.lang.reflect.Constructor.newInstance(Constructor.java:480)
	at org.eclipse.core.internal.registry.osgi.RegistryStrategyOSGI.createExecutableExtension(RegistryStrategyOSGI.java:204)
	at org.eclipse.core.internal.registry.ExtensionRegistry.createExecutableExtension(ExtensionRegistry.java:920)
	at org.eclipse.core.internal.registry.ConfigurationElement.createExecutableExtension(ConfigurationElement.java:246)
	at org.eclipse.core.internal.registry.ConfigurationElementHandle.createExecutableExtension(ConfigurationElementHandle.java:63)
	at org.eclipse.lsp4e.LanguageServersRegistry$ExtensionLanguageServerDefinition.createConnectionProvider(LanguageServersRegistry.java:161)
	at org.eclipse.lsp4e.LanguageServerWrapper.lambda$0(LanguageServerWrapper.java:233)
	at java.base/java.util.concurrent.CompletableFuture$AsyncSupply.run(CompletableFuture.java:1768)
	at java.base/java.util.concurrent.CompletableFuture$AsyncSupply.exec(CompletableFuture.java:1760)
	at java.base/java.util.concurrent.ForkJoinTask.doExec(ForkJoinTask.java:373)
	at java.base/java.util.concurrent.ForkJoinPool$WorkQueue.topLevelExec(ForkJoinPool.java:1182)
	at java.base/java.util.concurrent.ForkJoinPool.scan(ForkJoinPool.java:1655)
	at java.base/java.util.concurrent.ForkJoinPool.runWorker(ForkJoinPool.java:1622)
	at java.base/java.util.concurrent.ForkJoinWorkerThread.run(ForkJoinWorkerThread.java:165)

!ENTRY org.eclipse.lsp4e 4 0 2025-12-27 07:28:53.042
!MESSAGE Exception occurred while creating an instance of the stream connection provider
!STACK 0
java.lang.RuntimeException: Exception occurred while creating an instance of the stream connection provider
	at org.eclipse.lsp4e.LanguageServersRegistry$ExtensionLanguageServerDefinition.createConnectionProvider(LanguageServersRegistry.java:164)
	at org.eclipse.lsp4e.LanguageServerWrapper.lambda$0(LanguageServerWrapper.java:233)
	at java.base/java.util.concurrent.CompletableFuture$AsyncSupply.run(CompletableFuture.java:1768)
	at java.base/java.util.concurrent.CompletableFuture$AsyncSupply.exec(CompletableFuture.java:1760)
	at java.base/java.util.concurrent.ForkJoinTask.doExec(ForkJoinTask.java:373)
	at java.base/java.util.concurrent.ForkJoinPool$WorkQueue.topLevelExec(ForkJoinPool.java:1182)
	at java.base/java.util.concurrent.ForkJoinPool.scan(ForkJoinPool.java:1655)
	at java.base/java.util.concurrent.ForkJoinPool.runWorker(ForkJoinPool.java:1622)
	at java.base/java.util.concurrent.ForkJoinWorkerThread.run(ForkJoinWorkerThread.java:165)
Caused by: org.eclipse.core.runtime.CoreException: プラグイン "org.eclipse.wildwebdeveloper" は、クラス "org.eclipse.wildwebdeveloper.angular.AngularLanguageServer" をインスタンス化できませんでした。
	at org.eclipse.core.internal.registry.osgi.RegistryStrategyOSGI.throwException(RegistryStrategyOSGI.java:212)
	at org.eclipse.core.internal.registry.osgi.RegistryStrategyOSGI.createExecutableExtension(RegistryStrategyOSGI.java:206)
	at org.eclipse.core.internal.registry.ExtensionRegistry.createExecutableExtension(ExtensionRegistry.java:920)
	at org.eclipse.core.internal.registry.ConfigurationElement.createExecutableExtension(ConfigurationElement.java:246)
	at org.eclipse.core.internal.registry.ConfigurationElementHandle.createExecutableExtension(ConfigurationElementHandle.java:63)
	at org.eclipse.lsp4e.LanguageServersRegistry$ExtensionLanguageServerDefinition.createConnectionProvider(LanguageServersRegistry.java:161)
	... 8 more
Caused by: java.lang.reflect.InvocationTargetException
	at jdk.internal.reflect.GeneratedConstructorAccessor101.newInstance(Unknown Source)
	at java.base/jdk.internal.reflect.DelegatingConstructorAccessorImpl.newInstance(DelegatingConstructorAccessorImpl.java:45)
	at java.base/java.lang.reflect.Constructor.newInstanceWithCaller(Constructor.java:499)
	at java.base/java.lang.reflect.Constructor.newInstance(Constructor.java:480)
	at org.eclipse.core.internal.registry.osgi.RegistryStrategyOSGI.createExecutableExtension(RegistryStrategyOSGI.java:204)
	... 12 more
Caused by: java.lang.NullPointerException: Cannot invoke "java.io.File.getAbsolutePath()" because the return value of "org.eclipse.wildwebdeveloper.embedder.node.NodeJSManager.getNodeJsLocation()" is null
	at org.eclipse.wildwebdeveloper.angular.AngularLanguageServer.<init>(AngularLanguageServer.java:43)
	... 17 more

!ENTRY org.eclipse.lsp4e 4 0 2025-12-27 07:28:53.042
!MESSAGE Exception occurred while creating an instance of the stream connection provider
!STACK 0
java.lang.RuntimeException: Exception occurred while creating an instance of the stream connection provider
	at org.eclipse.lsp4e.LanguageServersRegistry$ExtensionLanguageServerDefinition.createConnectionProvider(LanguageServersRegistry.java:164)
	at org.eclipse.lsp4e.LanguageServerWrapper.lambda$0(LanguageServerWrapper.java:233)
	at java.base/java.util.concurrent.CompletableFuture$AsyncSupply.run(CompletableFuture.java:1768)
	at java.base/java.util.concurrent.CompletableFuture$AsyncSupply.exec(CompletableFuture.java:1760)
	at java.base/java.util.concurrent.ForkJoinTask.doExec(ForkJoinTask.java:373)
	at java.base/java.util.concurrent.ForkJoinPool$WorkQueue.topLevelExec(ForkJoinPool.java:1182)
	at java.base/java.util.concurrent.ForkJoinPool.scan(ForkJoinPool.java:1655)
	at java.base/java.util.concurrent.ForkJoinPool.runWorker(ForkJoinPool.java:1622)
	at java.base/java.util.concurrent.ForkJoinWorkerThread.run(ForkJoinWorkerThread.java:165)
Caused by: org.eclipse.core.runtime.CoreException: プラグイン "org.eclipse.wildwebdeveloper" は、クラス "org.eclipse.wildwebdeveloper.html.HTMLLanguageServer" をインスタンス化できませんでした。
	at org.eclipse.core.internal.registry.osgi.RegistryStrategyOSGI.throwException(RegistryStrategyOSGI.java:212)
	at org.eclipse.core.internal.registry.osgi.RegistryStrategyOSGI.createExecutableExtension(RegistryStrategyOSGI.java:206)
	at org.eclipse.core.internal.registry.ExtensionRegistry.createExecutableExtension(ExtensionRegistry.java:920)
	at org.eclipse.core.internal.registry.ConfigurationElement.createExecutableExtension(ConfigurationElement.java:246)
	at org.eclipse.core.internal.registry.ConfigurationElementHandle.createExecutableExtension(ConfigurationElementHandle.java:63)
	at org.eclipse.lsp4e.LanguageServersRegistry$ExtensionLanguageServerDefinition.createConnectionProvider(LanguageServersRegistry.java:161)
	... 8 more
Caused by: java.lang.reflect.InvocationTargetException
	at jdk.internal.reflect.GeneratedConstructorAccessor102.newInstance(Unknown Source)
	at java.base/jdk.internal.reflect.DelegatingConstructorAccessorImpl.newInstance(DelegatingConstructorAccessorImpl.java:45)
	at java.base/java.lang.reflect.Constructor.newInstanceWithCaller(Constructor.java:499)
	at java.base/java.lang.reflect.Constructor.newInstance(Constructor.java:480)
	at org.eclipse.core.internal.registry.osgi.RegistryStrategyOSGI.createExecutableExtension(RegistryStrategyOSGI.java:204)
	... 12 more
Caused by: java.lang.NullPointerException: Cannot invoke "java.io.File.getAbsolutePath()" because the return value of "org.eclipse.wildwebdeveloper.embedder.node.NodeJSManager.getNodeJsLocation()" is null
	at org.eclipse.wildwebdeveloper.html.HTMLLanguageServer.<init>(HTMLLanguageServer.java:40)
	... 17 more

!ENTRY org.eclipse.lsp4e 4 0 2025-12-27 07:28:53.044
!MESSAGE Cannot invoke "org.eclipse.lsp4e.server.StreamConnectionProvider.getInputStream()" because "this.lspStreamProvider" is null
!STACK 0
java.lang.NullPointerException: Cannot invoke "org.eclipse.lsp4e.server.StreamConnectionProvider.getInputStream()" because "this.lspStreamProvider" is null
	at org.eclipse.lsp4e.LanguageServerWrapper.lambda$1(LanguageServerWrapper.java:284)
	at java.base/java.util.concurrent.CompletableFuture$UniApply.tryFire(CompletableFuture.java:646)
	at java.base/java.util.concurrent.CompletableFuture.postComplete(CompletableFuture.java:510)
	at java.base/java.util.concurrent.CompletableFuture$AsyncSupply.run(CompletableFuture.java:1773)
	at java.base/java.util.concurrent.CompletableFuture$AsyncSupply.exec(CompletableFuture.java:1760)
	at java.base/java.util.concurrent.ForkJoinTask.doExec(ForkJoinTask.java:373)
	at java.base/java.util.concurrent.ForkJoinPool$WorkQueue.topLevelExec(ForkJoinPool.java:1182)
	at java.base/java.util.concurrent.ForkJoinPool.scan(ForkJoinPool.java:1655)
	at java.base/java.util.concurrent.ForkJoinPool.runWorker(ForkJoinPool.java:1622)
	at java.base/java.util.concurrent.ForkJoinWorkerThread.run(ForkJoinWorkerThread.java:165)

!ENTRY org.eclipse.lsp4e 4 0 2025-12-27 07:28:53.044
!MESSAGE Cannot invoke "org.eclipse.lsp4e.server.StreamConnectionProvider.getInputStream()" because "this.lspStreamProvider" is null
!STACK 0
java.lang.NullPointerException: Cannot invoke "org.eclipse.lsp4e.server.StreamConnectionProvider.getInputStream()" because "this.lspStreamProvider" is null
	at org.eclipse.lsp4e.LanguageServerWrapper.lambda$1(LanguageServerWrapper.java:284)
	at java.base/java.util.concurrent.CompletableFuture$UniApply.tryFire(CompletableFuture.java:646)
	at java.base/java.util.concurrent.CompletableFuture.postComplete(CompletableFuture.java:510)
	at java.base/java.util.concurrent.CompletableFuture$AsyncSupply.run(CompletableFuture.java:1773)
	at java.base/java.util.concurrent.CompletableFuture$AsyncSupply.exec(CompletableFuture.java:1760)
	at java.base/java.util.concurrent.ForkJoinTask.doExec(ForkJoinTask.java:373)
	at java.base/java.util.concurrent.ForkJoinPool$WorkQueue.topLevelExec(ForkJoinPool.java:1182)
	at java.base/java.util.concurrent.ForkJoinPool.scan(ForkJoinPool.java:1655)
	at java.base/java.util.concurrent.ForkJoinPool.runWorker(ForkJoinPool.java:1622)
	at java.base/java.util.concurrent.ForkJoinWorkerThread.run(ForkJoinWorkerThread.java:165)

!ENTRY org.eclipse.lsp4e 4 0 2025-12-27 07:29:01.435
!MESSAGE プラグイン "org.eclipse.wildwebdeveloper" は、クラス "org.eclipse.wildwebdeveloper.html.HTMLLanguageServer" をインスタンス化できませんでした。
!STACK 1
org.eclipse.core.runtime.CoreException: プラグイン "org.eclipse.wildwebdeveloper" は、クラス "org.eclipse.wildwebdeveloper.html.HTMLLanguageServer" をインスタンス化できませんでした。
	at org.eclipse.core.internal.registry.osgi.RegistryStrategyOSGI.throwException(RegistryStrategyOSGI.java:212)
	at org.eclipse.core.internal.registry.osgi.RegistryStrategyOSGI.createExecutableExtension(RegistryStrategyOSGI.java:206)
	at org.eclipse.core.internal.registry.ExtensionRegistry.createExecutableExtension(ExtensionRegistry.java:920)
	at org.eclipse.core.internal.registry.ConfigurationElement.createExecutableExtension(ConfigurationElement.java:246)
	at org.eclipse.core.internal.registry.ConfigurationElementHandle.createExecutableExtension(ConfigurationElementHandle.java:63)
	at org.eclipse.lsp4e.LanguageServersRegistry$ExtensionLanguageServerDefinition.createConnectionProvider(LanguageServersRegistry.java:161)
	at org.eclipse.lsp4e.LanguageServerWrapper.lambda$0(LanguageServerWrapper.java:233)
	at java.base/java.util.concurrent.CompletableFuture$AsyncSupply.run(CompletableFuture.java:1768)
	at java.base/java.util.concurrent.CompletableFuture$AsyncSupply.exec(CompletableFuture.java:1760)
	at java.base/java.util.concurrent.ForkJoinTask.doExec(ForkJoinTask.java:373)
	at java.base/java.util.concurrent.ForkJoinPool$WorkQueue.topLevelExec(ForkJoinPool.java:1182)
	at java.base/java.util.concurrent.ForkJoinPool.scan(ForkJoinPool.java:1655)
	at java.base/java.util.concurrent.ForkJoinPool.runWorker(ForkJoinPool.java:1622)
	at java.base/java.util.concurrent.ForkJoinWorkerThread.run(ForkJoinWorkerThread.java:165)
Caused by: java.lang.reflect.InvocationTargetException
	at jdk.internal.reflect.GeneratedConstructorAccessor102.newInstance(Unknown Source)
	at java.base/jdk.internal.reflect.DelegatingConstructorAccessorImpl.newInstance(DelegatingConstructorAccessorImpl.java:45)
	at java.base/java.lang.reflect.Constructor.newInstanceWithCaller(Constructor.java:499)
	at java.base/java.lang.reflect.Constructor.newInstance(Constructor.java:480)
	at org.eclipse.core.internal.registry.osgi.RegistryStrategyOSGI.createExecutableExtension(RegistryStrategyOSGI.java:204)
	... 12 more
Caused by: java.lang.NullPointerException: Cannot invoke "java.io.File.getAbsolutePath()" because the return value of "org.eclipse.wildwebdeveloper.embedder.node.NodeJSManager.getNodeJsLocation()" is null
	at org.eclipse.wildwebdeveloper.html.HTMLLanguageServer.<init>(HTMLLanguageServer.java:40)
	... 17 more
!SUBENTRY 1 org.eclipse.equinox.registry 4 1 2025-12-27 07:29:01.435
!MESSAGE プラグイン "org.eclipse.wildwebdeveloper" は、クラス "org.eclipse.wildwebdeveloper.html.HTMLLanguageServer" をインスタンス化できませんでした。
!STACK 0
java.lang.reflect.InvocationTargetException
	at jdk.internal.reflect.GeneratedConstructorAccessor102.newInstance(Unknown Source)
	at java.base/jdk.internal.reflect.DelegatingConstructorAccessorImpl.newInstance(DelegatingConstructorAccessorImpl.java:45)
	at java.base/java.lang.reflect.Constructor.newInstanceWithCaller(Constructor.java:499)
	at java.base/java.lang.reflect.Constructor.newInstance(Constructor.java:480)
	at org.eclipse.core.internal.registry.osgi.RegistryStrategyOSGI.createExecutableExtension(RegistryStrategyOSGI.java:204)
	at org.eclipse.core.internal.registry.ExtensionRegistry.createExecutableExtension(ExtensionRegistry.java:920)
	at org.eclipse.core.internal.registry.ConfigurationElement.createExecutableExtension(ConfigurationElement.java:246)
	at org.eclipse.core.internal.registry.ConfigurationElementHandle.createExecutableExtension(ConfigurationElementHandle.java:63)
	at org.eclipse.lsp4e.LanguageServersRegistry$ExtensionLanguageServerDefinition.createConnectionProvider(LanguageServersRegistry.java:161)
	at org.eclipse.lsp4e.LanguageServerWrapper.lambda$0(LanguageServerWrapper.java:233)
	at java.base/java.util.concurrent.CompletableFuture$AsyncSupply.run(CompletableFuture.java:1768)
	at java.base/java.util.concurrent.CompletableFuture$AsyncSupply.exec(CompletableFuture.java:1760)
	at java.base/java.util.concurrent.ForkJoinTask.doExec(ForkJoinTask.java:373)
	at java.base/java.util.concurrent.ForkJoinPool$WorkQueue.topLevelExec(ForkJoinPool.java:1182)
	at java.base/java.util.concurrent.ForkJoinPool.scan(ForkJoinPool.java:1655)
	at java.base/java.util.concurrent.ForkJoinPool.runWorker(ForkJoinPool.java:1622)
	at java.base/java.util.concurrent.ForkJoinWorkerThread.run(ForkJoinWorkerThread.java:165)
Caused by: java.lang.NullPointerException: Cannot invoke "java.io.File.getAbsolutePath()" because the return value of "org.eclipse.wildwebdeveloper.embedder.node.NodeJSManager.getNodeJsLocation()" is null
	at org.eclipse.wildwebdeveloper.html.HTMLLanguageServer.<init>(HTMLLanguageServer.java:40)
	... 17 more
Root exception:
java.lang.NullPointerException: Cannot invoke "java.io.File.getAbsolutePath()" because the return value of "org.eclipse.wildwebdeveloper.embedder.node.NodeJSManager.getNodeJsLocation()" is null
	at org.eclipse.wildwebdeveloper.html.HTMLLanguageServer.<init>(HTMLLanguageServer.java:40)
	at jdk.internal.reflect.GeneratedConstructorAccessor102.newInstance(Unknown Source)
	at java.base/jdk.internal.reflect.DelegatingConstructorAccessorImpl.newInstance(DelegatingConstructorAccessorImpl.java:45)
	at java.base/java.lang.reflect.Constructor.newInstanceWithCaller(Constructor.java:499)
	at java.base/java.lang.reflect.Constructor.newInstance(Constructor.java:480)
	at org.eclipse.core.internal.registry.osgi.RegistryStrategyOSGI.createExecutableExtension(RegistryStrategyOSGI.java:204)
	at org.eclipse.core.internal.registry.ExtensionRegistry.createExecutableExtension(ExtensionRegistry.java:920)
	at org.eclipse.core.internal.registry.ConfigurationElement.createExecutableExtension(ConfigurationElement.java:246)
	at org.eclipse.core.internal.registry.ConfigurationElementHandle.createExecutableExtension(ConfigurationElementHandle.java:63)
	at org.eclipse.lsp4e.LanguageServersRegistry$ExtensionLanguageServerDefinition.createConnectionProvider(LanguageServersRegistry.java:161)
	at org.eclipse.lsp4e.LanguageServerWrapper.lambda$0(LanguageServerWrapper.java:233)
	at java.base/java.util.concurrent.CompletableFuture$AsyncSupply.run(CompletableFuture.java:1768)
	at java.base/java.util.concurrent.CompletableFuture$AsyncSupply.exec(CompletableFuture.java:1760)
	at java.base/java.util.concurrent.ForkJoinTask.doExec(ForkJoinTask.java:373)
	at java.base/java.util.concurrent.ForkJoinPool$WorkQueue.topLevelExec(ForkJoinPool.java:1182)
	at java.base/java.util.concurrent.ForkJoinPool.scan(ForkJoinPool.java:1655)
	at java.base/java.util.concurrent.ForkJoinPool.runWorker(ForkJoinPool.java:1622)
	at java.base/java.util.concurrent.ForkJoinWorkerThread.run(ForkJoinWorkerThread.java:165)

!ENTRY org.eclipse.lsp4e 4 0 2025-12-27 07:29:01.435
!MESSAGE プラグイン "org.eclipse.wildwebdeveloper" は、クラス "org.eclipse.wildwebdeveloper.angular.AngularLanguageServer" をインスタンス化できませんでした。
!STACK 1
org.eclipse.core.runtime.CoreException: プラグイン "org.eclipse.wildwebdeveloper" は、クラス "org.eclipse.wildwebdeveloper.angular.AngularLanguageServer" をインスタンス化できませんでした。
	at org.eclipse.core.internal.registry.osgi.RegistryStrategyOSGI.throwException(RegistryStrategyOSGI.java:212)
	at org.eclipse.core.internal.registry.osgi.RegistryStrategyOSGI.createExecutableExtension(RegistryStrategyOSGI.java:206)
	at org.eclipse.core.internal.registry.ExtensionRegistry.createExecutableExtension(ExtensionRegistry.java:920)
	at org.eclipse.core.internal.registry.ConfigurationElement.createExecutableExtension(ConfigurationElement.java:246)
	at org.eclipse.core.internal.registry.ConfigurationElementHandle.createExecutableExtension(ConfigurationElementHandle.java:63)
	at org.eclipse.lsp4e.LanguageServersRegistry$ExtensionLanguageServerDefinition.createConnectionProvider(LanguageServersRegistry.java:161)
	at org.eclipse.lsp4e.LanguageServerWrapper.lambda$0(LanguageServerWrapper.java:233)
	at java.base/java.util.concurrent.CompletableFuture$AsyncSupply.run(CompletableFuture.java:1768)
	at java.base/java.util.concurrent.CompletableFuture$AsyncSupply.exec(CompletableFuture.java:1760)
	at java.base/java.util.concurrent.ForkJoinTask.doExec(ForkJoinTask.java:373)
	at java.base/java.util.concurrent.ForkJoinPool$WorkQueue.topLevelExec(ForkJoinPool.java:1182)
	at java.base/java.util.concurrent.ForkJoinPool.scan(ForkJoinPool.java:1655)
	at java.base/java.util.concurrent.ForkJoinPool.runWorker(ForkJoinPool.java:1622)
	at java.base/java.util.concurrent.ForkJoinWorkerThread.run(ForkJoinWorkerThread.java:165)
Caused by: java.lang.reflect.InvocationTargetException
	at jdk.internal.reflect.GeneratedConstructorAccessor101.newInstance(Unknown Source)
	at java.base/jdk.internal.reflect.DelegatingConstructorAccessorImpl.newInstance(DelegatingConstructorAccessorImpl.java:45)
	at java.base/java.lang.reflect.Constructor.newInstanceWithCaller(Constructor.java:499)
	at java.base/java.lang.reflect.Constructor.newInstance(Constructor.java:480)
	at org.eclipse.core.internal.registry.osgi.RegistryStrategyOSGI.createExecutableExtension(RegistryStrategyOSGI.java:204)
	... 12 more
Caused by: java.lang.NullPointerException: Cannot invoke "java.io.File.getAbsolutePath()" because the return value of "org.eclipse.wildwebdeveloper.embedder.node.NodeJSManager.getNodeJsLocation()" is null
	at org.eclipse.wildwebdeveloper.angular.AngularLanguageServer.<init>(AngularLanguageServer.java:43)
	... 17 more
!SUBENTRY 1 org.eclipse.equinox.registry 4 1 2025-12-27 07:29:01.435
!MESSAGE プラグイン "org.eclipse.wildwebdeveloper" は、クラス "org.eclipse.wildwebdeveloper.angular.AngularLanguageServer" をインスタンス化できませんでした。
!STACK 0
java.lang.reflect.InvocationTargetException
	at jdk.internal.reflect.GeneratedConstructorAccessor101.newInstance(Unknown Source)
	at java.base/jdk.internal.reflect.DelegatingConstructorAccessorImpl.newInstance(DelegatingConstructorAccessorImpl.java:45)
	at java.base/java.lang.reflect.Constructor.newInstanceWithCaller(Constructor.java:499)
	at java.base/java.lang.reflect.Constructor.newInstance(Constructor.java:480)
	at org.eclipse.core.internal.registry.osgi.RegistryStrategyOSGI.createExecutableExtension(RegistryStrategyOSGI.java:204)
	at org.eclipse.core.internal.registry.ExtensionRegistry.createExecutableExtension(ExtensionRegistry.java:920)
	at org.eclipse.core.internal.registry.ConfigurationElement.createExecutableExtension(ConfigurationElement.java:246)
	at org.eclipse.core.internal.registry.ConfigurationElementHandle.createExecutableExtension(ConfigurationElementHandle.java:63)
	at org.eclipse.lsp4e.LanguageServersRegistry$ExtensionLanguageServerDefinition.createConnectionProvider(LanguageServersRegistry.java:161)
	at org.eclipse.lsp4e.LanguageServerWrapper.lambda$0(LanguageServerWrapper.java:233)
	at java.base/java.util.concurrent.CompletableFuture$AsyncSupply.run(CompletableFuture.java:1768)
	at java.base/java.util.concurrent.CompletableFuture$AsyncSupply.exec(CompletableFuture.java:1760)
	at java.base/java.util.concurrent.ForkJoinTask.doExec(ForkJoinTask.java:373)
	at java.base/java.util.concurrent.ForkJoinPool$WorkQueue.topLevelExec(ForkJoinPool.java:1182)
	at java.base/java.util.concurrent.ForkJoinPool.scan(ForkJoinPool.java:1655)
	at java.base/java.util.concurrent.ForkJoinPool.runWorker(ForkJoinPool.java:1622)
	at java.base/java.util.concurrent.ForkJoinWorkerThread.run(ForkJoinWorkerThread.java:165)
Caused by: java.lang.NullPointerException: Cannot invoke "java.io.File.getAbsolutePath()" because the return value of "org.eclipse.wildwebdeveloper.embedder.node.NodeJSManager.getNodeJsLocation()" is null
	at org.eclipse.wildwebdeveloper.angular.AngularLanguageServer.<init>(AngularLanguageServer.java:43)
	... 17 more
Root exception:
java.lang.NullPointerException: Cannot invoke "java.io.File.getAbsolutePath()" because the return value of "org.eclipse.wildwebdeveloper.embedder.node.NodeJSManager.getNodeJsLocation()" is null
	at org.eclipse.wildwebdeveloper.angular.AngularLanguageServer.<init>(AngularLanguageServer.java:43)
	at jdk.internal.reflect.GeneratedConstructorAccessor101.newInstance(Unknown Source)
	at java.base/jdk.internal.reflect.DelegatingConstructorAccessorImpl.newInstance(DelegatingConstructorAccessorImpl.java:45)
	at java.base/java.lang.reflect.Constructor.newInstanceWithCaller(Constructor.java:499)
	at java.base/java.lang.reflect.Constructor.newInstance(Constructor.java:480)
	at org.eclipse.core.internal.registry.osgi.RegistryStrategyOSGI.createExecutableExtension(RegistryStrategyOSGI.java:204)
	at org.eclipse.core.internal.registry.ExtensionRegistry.createExecutableExtension(ExtensionRegistry.java:920)
	at org.eclipse.core.internal.registry.ConfigurationElement.createExecutableExtension(ConfigurationElement.java:246)
	at org.eclipse.core.internal.registry.ConfigurationElementHandle.createExecutableExtension(ConfigurationElementHandle.java:63)
	at org.eclipse.lsp4e.LanguageServersRegistry$ExtensionLanguageServerDefinition.createConnectionProvider(LanguageServersRegistry.java:161)
	at org.eclipse.lsp4e.LanguageServerWrapper.lambda$0(LanguageServerWrapper.java:233)
	at java.base/java.util.concurrent.CompletableFuture$AsyncSupply.run(CompletableFuture.java:1768)
	at java.base/java.util.concurrent.CompletableFuture$AsyncSupply.exec(CompletableFuture.java:1760)
	at java.base/java.util.concurrent.ForkJoinTask.doExec(ForkJoinTask.java:373)
	at java.base/java.util.concurrent.ForkJoinPool$WorkQueue.topLevelExec(ForkJoinPool.java:1182)
	at java.base/java.util.concurrent.ForkJoinPool.scan(ForkJoinPool.java:1655)
	at java.base/java.util.concurrent.ForkJoinPool.runWorker(ForkJoinPool.java:1622)
	at java.base/java.util.concurrent.ForkJoinWorkerThread.run(ForkJoinWorkerThread.java:165)

!ENTRY org.eclipse.lsp4e 4 0 2025-12-27 07:29:01.435
!MESSAGE Exception occurred while creating an instance of the stream connection provider
!STACK 0
java.lang.RuntimeException: Exception occurred while creating an instance of the stream connection provider
	at org.eclipse.lsp4e.LanguageServersRegistry$ExtensionLanguageServerDefinition.createConnectionProvider(LanguageServersRegistry.java:164)
	at org.eclipse.lsp4e.LanguageServerWrapper.lambda$0(LanguageServerWrapper.java:233)
	at java.base/java.util.concurrent.CompletableFuture$AsyncSupply.run(CompletableFuture.java:1768)
	at java.base/java.util.concurrent.CompletableFuture$AsyncSupply.exec(CompletableFuture.java:1760)
	at java.base/java.util.concurrent.ForkJoinTask.doExec(ForkJoinTask.java:373)
	at java.base/java.util.concurrent.ForkJoinPool$WorkQueue.topLevelExec(ForkJoinPool.java:1182)
	at java.base/java.util.concurrent.ForkJoinPool.scan(ForkJoinPool.java:1655)
	at java.base/java.util.concurrent.ForkJoinPool.runWorker(ForkJoinPool.java:1622)
	at java.base/java.util.concurrent.ForkJoinWorkerThread.run(ForkJoinWorkerThread.java:165)
Caused by: org.eclipse.core.runtime.CoreException: プラグイン "org.eclipse.wildwebdeveloper" は、クラス "org.eclipse.wildwebdeveloper.html.HTMLLanguageServer" をインスタンス化できませんでした。
	at org.eclipse.core.internal.registry.osgi.RegistryStrategyOSGI.throwException(RegistryStrategyOSGI.java:212)
	at org.eclipse.core.internal.registry.osgi.RegistryStrategyOSGI.createExecutableExtension(RegistryStrategyOSGI.java:206)
	at org.eclipse.core.internal.registry.ExtensionRegistry.createExecutableExtension(ExtensionRegistry.java:920)
	at org.eclipse.core.internal.registry.ConfigurationElement.createExecutableExtension(ConfigurationElement.java:246)
	at org.eclipse.core.internal.registry.ConfigurationElementHandle.createExecutableExtension(ConfigurationElementHandle.java:63)
	at org.eclipse.lsp4e.LanguageServersRegistry$ExtensionLanguageServerDefinition.createConnectionProvider(LanguageServersRegistry.java:161)
	... 8 more
Caused by: java.lang.reflect.InvocationTargetException
	at jdk.internal.reflect.GeneratedConstructorAccessor102.newInstance(Unknown Source)
	at java.base/jdk.internal.reflect.DelegatingConstructorAccessorImpl.newInstance(DelegatingConstructorAccessorImpl.java:45)
	at java.base/java.lang.reflect.Constructor.newInstanceWithCaller(Constructor.java:499)
	at java.base/java.lang.reflect.Constructor.newInstance(Constructor.java:480)
	at org.eclipse.core.internal.registry.osgi.RegistryStrategyOSGI.createExecutableExtension(RegistryStrategyOSGI.java:204)
	... 12 more
Caused by: java.lang.NullPointerException: Cannot invoke "java.io.File.getAbsolutePath()" because the return value of "org.eclipse.wildwebdeveloper.embedder.node.NodeJSManager.getNodeJsLocation()" is null
	at org.eclipse.wildwebdeveloper.html.HTMLLanguageServer.<init>(HTMLLanguageServer.java:40)
	... 17 more

!ENTRY org.eclipse.lsp4e 4 0 2025-12-27 07:29:01.437
!MESSAGE Exception occurred while creating an instance of the stream connection provider
!STACK 0
java.lang.RuntimeException: Exception occurred while creating an instance of the stream connection provider
	at org.eclipse.lsp4e.LanguageServersRegistry$ExtensionLanguageServerDefinition.createConnectionProvider(LanguageServersRegistry.java:164)
	at org.eclipse.lsp4e.LanguageServerWrapper.lambda$0(LanguageServerWrapper.java:233)
	at java.base/java.util.concurrent.CompletableFuture$AsyncSupply.run(CompletableFuture.java:1768)
	at java.base/java.util.concurrent.CompletableFuture$AsyncSupply.exec(CompletableFuture.java:1760)
	at java.base/java.util.concurrent.ForkJoinTask.doExec(ForkJoinTask.java:373)
	at java.base/java.util.concurrent.ForkJoinPool$WorkQueue.topLevelExec(ForkJoinPool.java:1182)
	at java.base/java.util.concurrent.ForkJoinPool.scan(ForkJoinPool.java:1655)
	at java.base/java.util.concurrent.ForkJoinPool.runWorker(ForkJoinPool.java:1622)
	at java.base/java.util.concurrent.ForkJoinWorkerThread.run(ForkJoinWorkerThread.java:165)
Caused by: org.eclipse.core.runtime.CoreException: プラグイン "org.eclipse.wildwebdeveloper" は、クラス "org.eclipse.wildwebdeveloper.angular.AngularLanguageServer" をインスタンス化できませんでした。
	at org.eclipse.core.internal.registry.osgi.RegistryStrategyOSGI.throwException(RegistryStrategyOSGI.java:212)
	at org.eclipse.core.internal.registry.osgi.RegistryStrategyOSGI.createExecutableExtension(RegistryStrategyOSGI.java:206)
	at org.eclipse.core.internal.registry.ExtensionRegistry.createExecutableExtension(ExtensionRegistry.java:920)
	at org.eclipse.core.internal.registry.ConfigurationElement.createExecutableExtension(ConfigurationElement.java:246)
	at org.eclipse.core.internal.registry.ConfigurationElementHandle.createExecutableExtension(ConfigurationElementHandle.java:63)
	at org.eclipse.lsp4e.LanguageServersRegistry$ExtensionLanguageServerDefinition.createConnectionProvider(LanguageServersRegistry.java:161)
	... 8 more
Caused by: java.lang.reflect.InvocationTargetException
	at jdk.internal.reflect.GeneratedConstructorAccessor101.newInstance(Unknown Source)
	at java.base/jdk.internal.reflect.DelegatingConstructorAccessorImpl.newInstance(DelegatingConstructorAccessorImpl.java:45)
	at java.base/java.lang.reflect.Constructor.newInstanceWithCaller(Constructor.java:499)
	at java.base/java.lang.reflect.Constructor.newInstance(Constructor.java:480)
	at org.eclipse.core.internal.registry.osgi.RegistryStrategyOSGI.createExecutableExtension(RegistryStrategyOSGI.java:204)
	... 12 more
Caused by: java.lang.NullPointerException: Cannot invoke "java.io.File.getAbsolutePath()" because the return value of "org.eclipse.wildwebdeveloper.embedder.node.NodeJSManager.getNodeJsLocation()" is null
	at org.eclipse.wildwebdeveloper.angular.AngularLanguageServer.<init>(AngularLanguageServer.java:43)
	... 17 more

!ENTRY org.eclipse.lsp4e 4 0 2025-12-27 07:29:01.437
!MESSAGE Cannot invoke "org.eclipse.lsp4e.server.StreamConnectionProvider.getInputStream()" because "this.lspStreamProvider" is null
!STACK 0
java.lang.NullPointerException: Cannot invoke "org.eclipse.lsp4e.server.StreamConnectionProvider.getInputStream()" because "this.lspStreamProvider" is null
	at org.eclipse.lsp4e.LanguageServerWrapper.lambda$1(LanguageServerWrapper.java:284)
	at java.base/java.util.concurrent.CompletableFuture$UniApply.tryFire(CompletableFuture.java:646)
	at java.base/java.util.concurrent.CompletableFuture.postComplete(CompletableFuture.java:510)
	at java.base/java.util.concurrent.CompletableFuture$AsyncSupply.run(CompletableFuture.java:1773)
	at java.base/java.util.concurrent.CompletableFuture$AsyncSupply.exec(CompletableFuture.java:1760)
	at java.base/java.util.concurrent.ForkJoinTask.doExec(ForkJoinTask.java:373)
	at java.base/java.util.concurrent.ForkJoinPool$WorkQueue.topLevelExec(ForkJoinPool.java:1182)
	at java.base/java.util.concurrent.ForkJoinPool.scan(ForkJoinPool.java:1655)
	at java.base/java.util.concurrent.ForkJoinPool.runWorker(ForkJoinPool.java:1622)
	at java.base/java.util.concurrent.ForkJoinWorkerThread.run(ForkJoinWorkerThread.java:165)

!ENTRY org.eclipse.lsp4e 4 0 2025-12-27 07:29:01.438
!MESSAGE Cannot invoke "org.eclipse.lsp4e.server.StreamConnectionProvider.getInputStream()" because "this.lspStreamProvider" is null
!STACK 0
java.lang.NullPointerException: Cannot invoke "org.eclipse.lsp4e.server.StreamConnectionProvider.getInputStream()" because "this.lspStreamProvider" is null
	at org.eclipse.lsp4e.LanguageServerWrapper.lambda$1(LanguageServerWrapper.java:284)
	at java.base/java.util.concurrent.CompletableFuture$UniApply.tryFire(CompletableFuture.java:646)
	at java.base/java.util.concurrent.CompletableFuture.postComplete(CompletableFuture.java:510)
	at java.base/java.util.concurrent.CompletableFuture$AsyncSupply.run(CompletableFuture.java:1773)
	at java.base/java.util.concurrent.CompletableFuture$AsyncSupply.exec(CompletableFuture.java:1760)
	at java.base/java.util.concurrent.ForkJoinTask.doExec(ForkJoinTask.java:373)
	at java.base/java.util.concurrent.ForkJoinPool$WorkQueue.topLevelExec(ForkJoinPool.java:1182)
	at java.base/java.util.concurrent.ForkJoinPool.scan(ForkJoinPool.java:1655)
	at java.base/java.util.concurrent.ForkJoinPool.runWorker(ForkJoinPool.java:1622)
	at java.base/java.util.concurrent.ForkJoinWorkerThread.run(ForkJoinWorkerThread.java:165)

!ENTRY org.eclipse.lsp4e 4 0 2025-12-27 07:29:01.510
!MESSAGE プラグイン "org.eclipse.wildwebdeveloper" は、クラス "org.eclipse.wildwebdeveloper.html.HTMLLanguageServer" をインスタンス化できませんでした。
!STACK 1
org.eclipse.core.runtime.CoreException: プラグイン "org.eclipse.wildwebdeveloper" は、クラス "org.eclipse.wildwebdeveloper.html.HTMLLanguageServer" をインスタンス化できませんでした。
	at org.eclipse.core.internal.registry.osgi.RegistryStrategyOSGI.throwException(RegistryStrategyOSGI.java:212)
	at org.eclipse.core.internal.registry.osgi.RegistryStrategyOSGI.createExecutableExtension(RegistryStrategyOSGI.java:206)
	at org.eclipse.core.internal.registry.ExtensionRegistry.createExecutableExtension(ExtensionRegistry.java:920)
	at org.eclipse.core.internal.registry.ConfigurationElement.createExecutableExtension(ConfigurationElement.java:246)
	at org.eclipse.core.internal.registry.ConfigurationElementHandle.createExecutableExtension(ConfigurationElementHandle.java:63)
	at org.eclipse.lsp4e.LanguageServersRegistry$ExtensionLanguageServerDefinition.createConnectionProvider(LanguageServersRegistry.java:161)
	at org.eclipse.lsp4e.LanguageServerWrapper.lambda$0(LanguageServerWrapper.java:233)
	at java.base/java.util.concurrent.CompletableFuture$AsyncSupply.run(CompletableFuture.java:1768)
	at java.base/java.util.concurrent.CompletableFuture$AsyncSupply.exec(CompletableFuture.java:1760)
	at java.base/java.util.concurrent.ForkJoinTask.doExec(ForkJoinTask.java:373)
	at java.base/java.util.concurrent.ForkJoinPool$WorkQueue.topLevelExec(ForkJoinPool.java:1182)
	at java.base/java.util.concurrent.ForkJoinPool.scan(ForkJoinPool.java:1655)
	at java.base/java.util.concurrent.ForkJoinPool.runWorker(ForkJoinPool.java:1622)
	at java.base/java.util.concurrent.ForkJoinWorkerThread.run(ForkJoinWorkerThread.java:165)
Caused by: java.lang.reflect.InvocationTargetException
	at jdk.internal.reflect.GeneratedConstructorAccessor102.newInstance(Unknown Source)
	at java.base/jdk.internal.reflect.DelegatingConstructorAccessorImpl.newInstance(DelegatingConstructorAccessorImpl.java:45)
	at java.base/java.lang.reflect.Constructor.newInstanceWithCaller(Constructor.java:499)
	at java.base/java.lang.reflect.Constructor.newInstance(Constructor.java:480)
	at org.eclipse.core.internal.registry.osgi.RegistryStrategyOSGI.createExecutableExtension(RegistryStrategyOSGI.java:204)
	... 12 more
Caused by: java.lang.NullPointerException: Cannot invoke "java.io.File.getAbsolutePath()" because the return value of "org.eclipse.wildwebdeveloper.embedder.node.NodeJSManager.getNodeJsLocation()" is null
	at org.eclipse.wildwebdeveloper.html.HTMLLanguageServer.<init>(HTMLLanguageServer.java:40)
	... 17 more
!SUBENTRY 1 org.eclipse.equinox.registry 4 1 2025-12-27 07:29:01.510
!MESSAGE プラグイン "org.eclipse.wildwebdeveloper" は、クラス "org.eclipse.wildwebdeveloper.html.HTMLLanguageServer" をインスタンス化できませんでした。
!STACK 0
java.lang.reflect.InvocationTargetException
	at jdk.internal.reflect.GeneratedConstructorAccessor102.newInstance(Unknown Source)
	at java.base/jdk.internal.reflect.DelegatingConstructorAccessorImpl.newInstance(DelegatingConstructorAccessorImpl.java:45)
	at java.base/java.lang.reflect.Constructor.newInstanceWithCaller(Constructor.java:499)
	at java.base/java.lang.reflect.Constructor.newInstance(Constructor.java:480)
	at org.eclipse.core.internal.registry.osgi.RegistryStrategyOSGI.createExecutableExtension(RegistryStrategyOSGI.java:204)
	at org.eclipse.core.internal.registry.ExtensionRegistry.createExecutableExtension(ExtensionRegistry.java:920)
	at org.eclipse.core.internal.registry.ConfigurationElement.createExecutableExtension(ConfigurationElement.java:246)
	at org.eclipse.core.internal.registry.ConfigurationElementHandle.createExecutableExtension(ConfigurationElementHandle.java:63)
	at org.eclipse.lsp4e.LanguageServersRegistry$ExtensionLanguageServerDefinition.createConnectionProvider(LanguageServersRegistry.java:161)
	at org.eclipse.lsp4e.LanguageServerWrapper.lambda$0(LanguageServerWrapper.java:233)
	at java.base/java.util.concurrent.CompletableFuture$AsyncSupply.run(CompletableFuture.java:1768)
	at java.base/java.util.concurrent.CompletableFuture$AsyncSupply.exec(CompletableFuture.java:1760)
	at java.base/java.util.concurrent.ForkJoinTask.doExec(ForkJoinTask.java:373)
	at java.base/java.util.concurrent.ForkJoinPool$WorkQueue.topLevelExec(ForkJoinPool.java:1182)
	at java.base/java.util.concurrent.ForkJoinPool.scan(ForkJoinPool.java:1655)
	at java.base/java.util.concurrent.ForkJoinPool.runWorker(ForkJoinPool.java:1622)
	at java.base/java.util.concurrent.ForkJoinWorkerThread.run(ForkJoinWorkerThread.java:165)
Caused by: java.lang.NullPointerException: Cannot invoke "java.io.File.getAbsolutePath()" because the return value of "org.eclipse.wildwebdeveloper.embedder.node.NodeJSManager.getNodeJsLocation()" is null
	at org.eclipse.wildwebdeveloper.html.HTMLLanguageServer.<init>(HTMLLanguageServer.java:40)
	... 17 more
Root exception:
java.lang.NullPointerException: Cannot invoke "java.io.File.getAbsolutePath()" because the return value of "org.eclipse.wildwebdeveloper.embedder.node.NodeJSManager.getNodeJsLocation()" is null
	at org.eclipse.wildwebdeveloper.html.HTMLLanguageServer.<init>(HTMLLanguageServer.java:40)
	at jdk.internal.reflect.GeneratedConstructorAccessor102.newInstance(Unknown Source)
	at java.base/jdk.internal.reflect.DelegatingConstructorAccessorImpl.newInstance(DelegatingConstructorAccessorImpl.java:45)
	at java.base/java.lang.reflect.Constructor.newInstanceWithCaller(Constructor.java:499)
	at java.base/java.lang.reflect.Constructor.newInstance(Constructor.java:480)
	at org.eclipse.core.internal.registry.osgi.RegistryStrategyOSGI.createExecutableExtension(RegistryStrategyOSGI.java:204)
	at org.eclipse.core.internal.registry.ExtensionRegistry.createExecutableExtension(ExtensionRegistry.java:920)
	at org.eclipse.core.internal.registry.ConfigurationElement.createExecutableExtension(ConfigurationElement.java:246)
	at org.eclipse.core.internal.registry.ConfigurationElementHandle.createExecutableExtension(ConfigurationElementHandle.java:63)
	at org.eclipse.lsp4e.LanguageServersRegistry$ExtensionLanguageServerDefinition.createConnectionProvider(LanguageServersRegistry.java:161)
	at org.eclipse.lsp4e.LanguageServerWrapper.lambda$0(LanguageServerWrapper.java:233)
	at java.base/java.util.concurrent.CompletableFuture$AsyncSupply.run(CompletableFuture.java:1768)
	at java.base/java.util.concurrent.CompletableFuture$AsyncSupply.exec(CompletableFuture.java:1760)
	at java.base/java.util.concurrent.ForkJoinTask.doExec(ForkJoinTask.java:373)
	at java.base/java.util.concurrent.ForkJoinPool$WorkQueue.topLevelExec(ForkJoinPool.java:1182)
	at java.base/java.util.concurrent.ForkJoinPool.scan(ForkJoinPool.java:1655)
	at java.base/java.util.concurrent.ForkJoinPool.runWorker(ForkJoinPool.java:1622)
	at java.base/java.util.concurrent.ForkJoinWorkerThread.run(ForkJoinWorkerThread.java:165)

!ENTRY org.eclipse.lsp4e 4 0 2025-12-27 07:29:01.510
!MESSAGE プラグイン "org.eclipse.wildwebdeveloper" は、クラス "org.eclipse.wildwebdeveloper.angular.AngularLanguageServer" をインスタンス化できませんでした。
!STACK 1
org.eclipse.core.runtime.CoreException: プラグイン "org.eclipse.wildwebdeveloper" は、クラス "org.eclipse.wildwebdeveloper.angular.AngularLanguageServer" をインスタンス化できませんでした。
	at org.eclipse.core.internal.registry.osgi.RegistryStrategyOSGI.throwException(RegistryStrategyOSGI.java:212)
	at org.eclipse.core.internal.registry.osgi.RegistryStrategyOSGI.createExecutableExtension(RegistryStrategyOSGI.java:206)
	at org.eclipse.core.internal.registry.ExtensionRegistry.createExecutableExtension(ExtensionRegistry.java:920)
	at org.eclipse.core.internal.registry.ConfigurationElement.createExecutableExtension(ConfigurationElement.java:246)
	at org.eclipse.core.internal.registry.ConfigurationElementHandle.createExecutableExtension(ConfigurationElementHandle.java:63)
	at org.eclipse.lsp4e.LanguageServersRegistry$ExtensionLanguageServerDefinition.createConnectionProvider(LanguageServersRegistry.java:161)
	at org.eclipse.lsp4e.LanguageServerWrapper.lambda$0(LanguageServerWrapper.java:233)
	at java.base/java.util.concurrent.CompletableFuture$AsyncSupply.run(CompletableFuture.java:1768)
	at java.base/java.util.concurrent.CompletableFuture$AsyncSupply.exec(CompletableFuture.java:1760)
	at java.base/java.util.concurrent.ForkJoinTask.doExec(ForkJoinTask.java:373)
	at java.base/java.util.concurrent.ForkJoinPool$WorkQueue.topLevelExec(ForkJoinPool.java:1182)
	at java.base/java.util.concurrent.ForkJoinPool.scan(ForkJoinPool.java:1655)
	at java.base/java.util.concurrent.ForkJoinPool.runWorker(ForkJoinPool.java:1622)
	at java.base/java.util.concurrent.ForkJoinWorkerThread.run(ForkJoinWorkerThread.java:165)
Caused by: java.lang.reflect.InvocationTargetException
	at jdk.internal.reflect.GeneratedConstructorAccessor101.newInstance(Unknown Source)
	at java.base/jdk.internal.reflect.DelegatingConstructorAccessorImpl.newInstance(DelegatingConstructorAccessorImpl.java:45)
	at java.base/java.lang.reflect.Constructor.newInstanceWithCaller(Constructor.java:499)
	at java.base/java.lang.reflect.Constructor.newInstance(Constructor.java:480)
	at org.eclipse.core.internal.registry.osgi.RegistryStrategyOSGI.createExecutableExtension(RegistryStrategyOSGI.java:204)
	... 12 more
Caused by: java.lang.NullPointerException: Cannot invoke "java.io.File.getAbsolutePath()" because the return value of "org.eclipse.wildwebdeveloper.embedder.node.NodeJSManager.getNodeJsLocation()" is null
	at org.eclipse.wildwebdeveloper.angular.AngularLanguageServer.<init>(AngularLanguageServer.java:43)
	... 17 more
!SUBENTRY 1 org.eclipse.equinox.registry 4 1 2025-12-27 07:29:01.510
!MESSAGE プラグイン "org.eclipse.wildwebdeveloper" は、クラス "org.eclipse.wildwebdeveloper.angular.AngularLanguageServer" をインスタンス化できませんでした。
!STACK 0
java.lang.reflect.InvocationTargetException
	at jdk.internal.reflect.GeneratedConstructorAccessor101.newInstance(Unknown Source)
	at java.base/jdk.internal.reflect.DelegatingConstructorAccessorImpl.newInstance(DelegatingConstructorAccessorImpl.java:45)
	at java.base/java.lang.reflect.Constructor.newInstanceWithCaller(Constructor.java:499)
	at java.base/java.lang.reflect.Constructor.newInstance(Constructor.java:480)
	at org.eclipse.core.internal.registry.osgi.RegistryStrategyOSGI.createExecutableExtension(RegistryStrategyOSGI.java:204)
	at org.eclipse.core.internal.registry.ExtensionRegistry.createExecutableExtension(ExtensionRegistry.java:920)
	at org.eclipse.core.internal.registry.ConfigurationElement.createExecutableExtension(ConfigurationElement.java:246)
	at org.eclipse.core.internal.registry.ConfigurationElementHandle.createExecutableExtension(ConfigurationElementHandle.java:63)
	at org.eclipse.lsp4e.LanguageServersRegistry$ExtensionLanguageServerDefinition.createConnectionProvider(LanguageServersRegistry.java:161)
	at org.eclipse.lsp4e.LanguageServerWrapper.lambda$0(LanguageServerWrapper.java:233)
	at java.base/java.util.concurrent.CompletableFuture$AsyncSupply.run(CompletableFuture.java:1768)
	at java.base/java.util.concurrent.CompletableFuture$AsyncSupply.exec(CompletableFuture.java:1760)
	at java.base/java.util.concurrent.ForkJoinTask.doExec(ForkJoinTask.java:373)
	at java.base/java.util.concurrent.ForkJoinPool$WorkQueue.topLevelExec(ForkJoinPool.java:1182)
	at java.base/java.util.concurrent.ForkJoinPool.scan(ForkJoinPool.java:1655)
	at java.base/java.util.concurrent.ForkJoinPool.runWorker(ForkJoinPool.java:1622)
	at java.base/java.util.concurrent.ForkJoinWorkerThread.run(ForkJoinWorkerThread.java:165)
Caused by: java.lang.NullPointerException: Cannot invoke "java.io.File.getAbsolutePath()" because the return value of "org.eclipse.wildwebdeveloper.embedder.node.NodeJSManager.getNodeJsLocation()" is null
	at org.eclipse.wildwebdeveloper.angular.AngularLanguageServer.<init>(AngularLanguageServer.java:43)
	... 17 more
Root exception:
java.lang.NullPointerException: Cannot invoke "java.io.File.getAbsolutePath()" because the return value of "org.eclipse.wildwebdeveloper.embedder.node.NodeJSManager.getNodeJsLocation()" is null
	at org.eclipse.wildwebdeveloper.angular.AngularLanguageServer.<init>(AngularLanguageServer.java:43)
	at jdk.internal.reflect.GeneratedConstructorAccessor101.newInstance(Unknown Source)
	at java.base/jdk.internal.reflect.DelegatingConstructorAccessorImpl.newInstance(DelegatingConstructorAccessorImpl.java:45)
	at java.base/java.lang.reflect.Constructor.newInstanceWithCaller(Constructor.java:499)
	at java.base/java.lang.reflect.Constructor.newInstance(Constructor.java:480)
	at org.eclipse.core.internal.registry.osgi.RegistryStrategyOSGI.createExecutableExtension(RegistryStrategyOSGI.java:204)
	at org.eclipse.core.internal.registry.ExtensionRegistry.createExecutableExtension(ExtensionRegistry.java:920)
	at org.eclipse.core.internal.registry.ConfigurationElement.createExecutableExtension(ConfigurationElement.java:246)
	at org.eclipse.core.internal.registry.ConfigurationElementHandle.createExecutableExtension(ConfigurationElementHandle.java:63)
	at org.eclipse.lsp4e.LanguageServersRegistry$ExtensionLanguageServerDefinition.createConnectionProvider(LanguageServersRegistry.java:161)
	at org.eclipse.lsp4e.LanguageServerWrapper.lambda$0(LanguageServerWrapper.java:233)
	at java.base/java.util.concurrent.CompletableFuture$AsyncSupply.run(CompletableFuture.java:1768)
	at java.base/java.util.concurrent.CompletableFuture$AsyncSupply.exec(CompletableFuture.java:1760)
	at java.base/java.util.concurrent.ForkJoinTask.doExec(ForkJoinTask.java:373)
	at java.base/java.util.concurrent.ForkJoinPool$WorkQueue.topLevelExec(ForkJoinPool.java:1182)
	at java.base/java.util.concurrent.ForkJoinPool.scan(ForkJoinPool.java:1655)
	at java.base/java.util.concurrent.ForkJoinPool.runWorker(ForkJoinPool.java:1622)
	at java.base/java.util.concurrent.ForkJoinWorkerThread.run(ForkJoinWorkerThread.java:165)

!ENTRY org.eclipse.lsp4e 4 0 2025-12-27 07:29:01.510
!MESSAGE Exception occurred while creating an instance of the stream connection provider
!STACK 0
java.lang.RuntimeException: Exception occurred while creating an instance of the stream connection provider
	at org.eclipse.lsp4e.LanguageServersRegistry$ExtensionLanguageServerDefinition.createConnectionProvider(LanguageServersRegistry.java:164)
	at org.eclipse.lsp4e.LanguageServerWrapper.lambda$0(LanguageServerWrapper.java:233)
	at java.base/java.util.concurrent.CompletableFuture$AsyncSupply.run(CompletableFuture.java:1768)
	at java.base/java.util.concurrent.CompletableFuture$AsyncSupply.exec(CompletableFuture.java:1760)
	at java.base/java.util.concurrent.ForkJoinTask.doExec(ForkJoinTask.java:373)
	at java.base/java.util.concurrent.ForkJoinPool$WorkQueue.topLevelExec(ForkJoinPool.java:1182)
	at java.base/java.util.concurrent.ForkJoinPool.scan(ForkJoinPool.java:1655)
	at java.base/java.util.concurrent.ForkJoinPool.runWorker(ForkJoinPool.java:1622)
	at java.base/java.util.concurrent.ForkJoinWorkerThread.run(ForkJoinWorkerThread.java:165)
Caused by: org.eclipse.core.runtime.CoreException: プラグイン "org.eclipse.wildwebdeveloper" は、クラス "org.eclipse.wildwebdeveloper.html.HTMLLanguageServer" をインスタンス化できませんでした。
	at org.eclipse.core.internal.registry.osgi.RegistryStrategyOSGI.throwException(RegistryStrategyOSGI.java:212)
	at org.eclipse.core.internal.registry.osgi.RegistryStrategyOSGI.createExecutableExtension(RegistryStrategyOSGI.java:206)
	at org.eclipse.core.internal.registry.ExtensionRegistry.createExecutableExtension(ExtensionRegistry.java:920)
	at org.eclipse.core.internal.registry.ConfigurationElement.createExecutableExtension(ConfigurationElement.java:246)
	at org.eclipse.core.internal.registry.ConfigurationElementHandle.createExecutableExtension(ConfigurationElementHandle.java:63)
	at org.eclipse.lsp4e.LanguageServersRegistry$ExtensionLanguageServerDefinition.createConnectionProvider(LanguageServersRegistry.java:161)
	... 8 more
Caused by: java.lang.reflect.InvocationTargetException
	at jdk.internal.reflect.GeneratedConstructorAccessor102.newInstance(Unknown Source)
	at java.base/jdk.internal.reflect.DelegatingConstructorAccessorImpl.newInstance(DelegatingConstructorAccessorImpl.java:45)
	at java.base/java.lang.reflect.Constructor.newInstanceWithCaller(Constructor.java:499)
	at java.base/java.lang.reflect.Constructor.newInstance(Constructor.java:480)
	at org.eclipse.core.internal.registry.osgi.RegistryStrategyOSGI.createExecutableExtension(RegistryStrategyOSGI.java:204)
	... 12 more
Caused by: java.lang.NullPointerException: Cannot invoke "java.io.File.getAbsolutePath()" because the return value of "org.eclipse.wildwebdeveloper.embedder.node.NodeJSManager.getNodeJsLocation()" is null
	at org.eclipse.wildwebdeveloper.html.HTMLLanguageServer.<init>(HTMLLanguageServer.java:40)
	... 17 more

!ENTRY org.eclipse.lsp4e 4 0 2025-12-27 07:29:01.512
!MESSAGE Exception occurred while creating an instance of the stream connection provider
!STACK 0
java.lang.RuntimeException: Exception occurred while creating an instance of the stream connection provider
	at org.eclipse.lsp4e.LanguageServersRegistry$ExtensionLanguageServerDefinition.createConnectionProvider(LanguageServersRegistry.java:164)
	at org.eclipse.lsp4e.LanguageServerWrapper.lambda$0(LanguageServerWrapper.java:233)
	at java.base/java.util.concurrent.CompletableFuture$AsyncSupply.run(CompletableFuture.java:1768)
	at java.base/java.util.concurrent.CompletableFuture$AsyncSupply.exec(CompletableFuture.java:1760)
	at java.base/java.util.concurrent.ForkJoinTask.doExec(ForkJoinTask.java:373)
	at java.base/java.util.concurrent.ForkJoinPool$WorkQueue.topLevelExec(ForkJoinPool.java:1182)
	at java.base/java.util.concurrent.ForkJoinPool.scan(ForkJoinPool.java:1655)
	at java.base/java.util.concurrent.ForkJoinPool.runWorker(ForkJoinPool.java:1622)
	at java.base/java.util.concurrent.ForkJoinWorkerThread.run(ForkJoinWorkerThread.java:165)
Caused by: org.eclipse.core.runtime.CoreException: プラグイン "org.eclipse.wildwebdeveloper" は、クラス "org.eclipse.wildwebdeveloper.angular.AngularLanguageServer" をインスタンス化できませんでした。
	at org.eclipse.core.internal.registry.osgi.RegistryStrategyOSGI.throwException(RegistryStrategyOSGI.java:212)
	at org.eclipse.core.internal.registry.osgi.RegistryStrategyOSGI.createExecutableExtension(RegistryStrategyOSGI.java:206)
	at org.eclipse.core.internal.registry.ExtensionRegistry.createExecutableExtension(ExtensionRegistry.java:920)
	at org.eclipse.core.internal.registry.ConfigurationElement.createExecutableExtension(ConfigurationElement.java:246)
	at org.eclipse.core.internal.registry.ConfigurationElementHandle.createExecutableExtension(ConfigurationElementHandle.java:63)
	at org.eclipse.lsp4e.LanguageServersRegistry$ExtensionLanguageServerDefinition.createConnectionProvider(LanguageServersRegistry.java:161)
	... 8 more
Caused by: java.lang.reflect.InvocationTargetException
	at jdk.internal.reflect.GeneratedConstructorAccessor101.newInstance(Unknown Source)
	at java.base/jdk.internal.reflect.DelegatingConstructorAccessorImpl.newInstance(DelegatingConstructorAccessorImpl.java:45)
	at java.base/java.lang.reflect.Constructor.newInstanceWithCaller(Constructor.java:499)
	at java.base/java.lang.reflect.Constructor.newInstance(Constructor.java:480)
	at org.eclipse.core.internal.registry.osgi.RegistryStrategyOSGI.createExecutableExtension(RegistryStrategyOSGI.java:204)
	... 12 more
Caused by: java.lang.NullPointerException: Cannot invoke "java.io.File.getAbsolutePath()" because the return value of "org.eclipse.wildwebdeveloper.embedder.node.NodeJSManager.getNodeJsLocation()" is null
	at org.eclipse.wildwebdeveloper.angular.AngularLanguageServer.<init>(AngularLanguageServer.java:43)
	... 17 more

!ENTRY org.eclipse.lsp4e 4 0 2025-12-27 07:29:01.512
!MESSAGE Cannot invoke "org.eclipse.lsp4e.server.StreamConnectionProvider.getInputStream()" because "this.lspStreamProvider" is null
!STACK 0
java.lang.NullPointerException: Cannot invoke "org.eclipse.lsp4e.server.StreamConnectionProvider.getInputStream()" because "this.lspStreamProvider" is null
	at org.eclipse.lsp4e.LanguageServerWrapper.lambda$1(LanguageServerWrapper.java:284)
	at java.base/java.util.concurrent.CompletableFuture$UniApply.tryFire(CompletableFuture.java:646)
	at java.base/java.util.concurrent.CompletableFuture.postComplete(CompletableFuture.java:510)
	at java.base/java.util.concurrent.CompletableFuture$AsyncSupply.run(CompletableFuture.java:1773)
	at java.base/java.util.concurrent.CompletableFuture$AsyncSupply.exec(CompletableFuture.java:1760)
	at java.base/java.util.concurrent.ForkJoinTask.doExec(ForkJoinTask.java:373)
	at java.base/java.util.concurrent.ForkJoinPool$WorkQueue.topLevelExec(ForkJoinPool.java:1182)
	at java.base/java.util.concurrent.ForkJoinPool.scan(ForkJoinPool.java:1655)
	at java.base/java.util.concurrent.ForkJoinPool.runWorker(ForkJoinPool.java:1622)
	at java.base/java.util.concurrent.ForkJoinWorkerThread.run(ForkJoinWorkerThread.java:165)

!ENTRY org.eclipse.lsp4e 4 0 2025-12-27 07:29:01.512
!MESSAGE Cannot invoke "org.eclipse.lsp4e.server.StreamConnectionProvider.getInputStream()" because "this.lspStreamProvider" is null
!STACK 0
java.lang.NullPointerException: Cannot invoke "org.eclipse.lsp4e.server.StreamConnectionProvider.getInputStream()" because "this.lspStreamProvider" is null
	at org.eclipse.lsp4e.LanguageServerWrapper.lambda$1(LanguageServerWrapper.java:284)
	at java.base/java.util.concurrent.CompletableFuture$UniApply.tryFire(CompletableFuture.java:646)
	at java.base/java.util.concurrent.CompletableFuture.postComplete(CompletableFuture.java:510)
	at java.base/java.util.concurrent.CompletableFuture$AsyncSupply.run(CompletableFuture.java:1773)
	at java.base/java.util.concurrent.CompletableFuture$AsyncSupply.exec(CompletableFuture.java:1760)
	at java.base/java.util.concurrent.ForkJoinTask.doExec(ForkJoinTask.java:373)
	at java.base/java.util.concurrent.ForkJoinPool$WorkQueue.topLevelExec(ForkJoinPool.java:1182)
	at java.base/java.util.concurrent.ForkJoinPool.scan(ForkJoinPool.java:1655)
	at java.base/java.util.concurrent.ForkJoinPool.runWorker(ForkJoinPool.java:1622)
	at java.base/java.util.concurrent.ForkJoinWorkerThread.run(ForkJoinWorkerThread.java:165)

!ENTRY org.eclipse.lsp4e 4 0 2025-12-27 07:29:01.574
!MESSAGE プラグイン "org.eclipse.wildwebdeveloper" は、クラス "org.eclipse.wildwebdeveloper.angular.AngularLanguageServer" をインスタンス化できませんでした。
!STACK 1
org.eclipse.core.runtime.CoreException: プラグイン "org.eclipse.wildwebdeveloper" は、クラス "org.eclipse.wildwebdeveloper.angular.AngularLanguageServer" をインスタンス化できませんでした。
	at org.eclipse.core.internal.registry.osgi.RegistryStrategyOSGI.throwException(RegistryStrategyOSGI.java:212)
	at org.eclipse.core.internal.registry.osgi.RegistryStrategyOSGI.createExecutableExtension(RegistryStrategyOSGI.java:206)
	at org.eclipse.core.internal.registry.ExtensionRegistry.createExecutableExtension(ExtensionRegistry.java:920)
	at org.eclipse.core.internal.registry.ConfigurationElement.createExecutableExtension(ConfigurationElement.java:246)
	at org.eclipse.core.internal.registry.ConfigurationElementHandle.createExecutableExtension(ConfigurationElementHandle.java:63)
	at org.eclipse.lsp4e.LanguageServersRegistry$ExtensionLanguageServerDefinition.createConnectionProvider(LanguageServersRegistry.java:161)
	at org.eclipse.lsp4e.LanguageServerWrapper.lambda$0(LanguageServerWrapper.java:233)
	at java.base/java.util.concurrent.CompletableFuture$AsyncSupply.run(CompletableFuture.java:1768)
	at java.base/java.util.concurrent.CompletableFuture$AsyncSupply.exec(CompletableFuture.java:1760)
	at java.base/java.util.concurrent.ForkJoinTask.doExec(ForkJoinTask.java:373)
	at java.base/java.util.concurrent.ForkJoinPool$WorkQueue.topLevelExec(ForkJoinPool.java:1182)
	at java.base/java.util.concurrent.ForkJoinPool.scan(ForkJoinPool.java:1655)
	at java.base/java.util.concurrent.ForkJoinPool.runWorker(ForkJoinPool.java:1622)
	at java.base/java.util.concurrent.ForkJoinWorkerThread.run(ForkJoinWorkerThread.java:165)
Caused by: java.lang.reflect.InvocationTargetException
	at jdk.internal.reflect.GeneratedConstructorAccessor101.newInstance(Unknown Source)
	at java.base/jdk.internal.reflect.DelegatingConstructorAccessorImpl.newInstance(DelegatingConstructorAccessorImpl.java:45)
	at java.base/java.lang.reflect.Constructor.newInstanceWithCaller(Constructor.java:499)
	at java.base/java.lang.reflect.Constructor.newInstance(Constructor.java:480)
	at org.eclipse.core.internal.registry.osgi.RegistryStrategyOSGI.createExecutableExtension(RegistryStrategyOSGI.java:204)
	... 12 more
Caused by: java.lang.NullPointerException: Cannot invoke "java.io.File.getAbsolutePath()" because the return value of "org.eclipse.wildwebdeveloper.embedder.node.NodeJSManager.getNodeJsLocation()" is null
	at org.eclipse.wildwebdeveloper.angular.AngularLanguageServer.<init>(AngularLanguageServer.java:43)
	... 17 more
!SUBENTRY 1 org.eclipse.equinox.registry 4 1 2025-12-27 07:29:01.574
!MESSAGE プラグイン "org.eclipse.wildwebdeveloper" は、クラス "org.eclipse.wildwebdeveloper.angular.AngularLanguageServer" をインスタンス化できませんでした。
!STACK 0
java.lang.reflect.InvocationTargetException
	at jdk.internal.reflect.GeneratedConstructorAccessor101.newInstance(Unknown Source)
	at java.base/jdk.internal.reflect.DelegatingConstructorAccessorImpl.newInstance(DelegatingConstructorAccessorImpl.java:45)
	at java.base/java.lang.reflect.Constructor.newInstanceWithCaller(Constructor.java:499)
	at java.base/java.lang.reflect.Constructor.newInstance(Constructor.java:480)
	at org.eclipse.core.internal.registry.osgi.RegistryStrategyOSGI.createExecutableExtension(RegistryStrategyOSGI.java:204)
	at org.eclipse.core.internal.registry.ExtensionRegistry.createExecutableExtension(ExtensionRegistry.java:920)
	at org.eclipse.core.internal.registry.ConfigurationElement.createExecutableExtension(ConfigurationElement.java:246)
	at org.eclipse.core.internal.registry.ConfigurationElementHandle.createExecutableExtension(ConfigurationElementHandle.java:63)
	at org.eclipse.lsp4e.LanguageServersRegistry$ExtensionLanguageServerDefinition.createConnectionProvider(LanguageServersRegistry.java:161)
	at org.eclipse.lsp4e.LanguageServerWrapper.lambda$0(LanguageServerWrapper.java:233)
	at java.base/java.util.concurrent.CompletableFuture$AsyncSupply.run(CompletableFuture.java:1768)
	at java.base/java.util.concurrent.CompletableFuture$AsyncSupply.exec(CompletableFuture.java:1760)
	at java.base/java.util.concurrent.ForkJoinTask.doExec(ForkJoinTask.java:373)
	at java.base/java.util.concurrent.ForkJoinPool$WorkQueue.topLevelExec(ForkJoinPool.java:1182)
	at java.base/java.util.concurrent.ForkJoinPool.scan(ForkJoinPool.java:1655)
	at java.base/java.util.concurrent.ForkJoinPool.runWorker(ForkJoinPool.java:1622)
	at java.base/java.util.concurrent.ForkJoinWorkerThread.run(ForkJoinWorkerThread.java:165)
Caused by: java.lang.NullPointerException: Cannot invoke "java.io.File.getAbsolutePath()" because the return value of "org.eclipse.wildwebdeveloper.embedder.node.NodeJSManager.getNodeJsLocation()" is null
	at org.eclipse.wildwebdeveloper.angular.AngularLanguageServer.<init>(AngularLanguageServer.java:43)
	... 17 more
Root exception:
java.lang.NullPointerException: Cannot invoke "java.io.File.getAbsolutePath()" because the return value of "org.eclipse.wildwebdeveloper.embedder.node.NodeJSManager.getNodeJsLocation()" is null
	at org.eclipse.wildwebdeveloper.angular.AngularLanguageServer.<init>(AngularLanguageServer.java:43)
	at jdk.internal.reflect.GeneratedConstructorAccessor101.newInstance(Unknown Source)
	at java.base/jdk.internal.reflect.DelegatingConstructorAccessorImpl.newInstance(DelegatingConstructorAccessorImpl.java:45)
	at java.base/java.lang.reflect.Constructor.newInstanceWithCaller(Constructor.java:499)
	at java.base/java.lang.reflect.Constructor.newInstance(Constructor.java:480)
	at org.eclipse.core.internal.registry.osgi.RegistryStrategyOSGI.createExecutableExtension(RegistryStrategyOSGI.java:204)
	at org.eclipse.core.internal.registry.ExtensionRegistry.createExecutableExtension(ExtensionRegistry.java:920)
	at org.eclipse.core.internal.registry.ConfigurationElement.createExecutableExtension(ConfigurationElement.java:246)
	at org.eclipse.core.internal.registry.ConfigurationElementHandle.createExecutableExtension(ConfigurationElementHandle.java:63)
	at org.eclipse.lsp4e.LanguageServersRegistry$ExtensionLanguageServerDefinition.createConnectionProvider(LanguageServersRegistry.java:161)
	at org.eclipse.lsp4e.LanguageServerWrapper.lambda$0(LanguageServerWrapper.java:233)
	at java.base/java.util.concurrent.CompletableFuture$AsyncSupply.run(CompletableFuture.java:1768)
	at java.base/java.util.concurrent.CompletableFuture$AsyncSupply.exec(CompletableFuture.java:1760)
	at java.base/java.util.concurrent.ForkJoinTask.doExec(ForkJoinTask.java:373)
	at java.base/java.util.concurrent.ForkJoinPool$WorkQueue.topLevelExec(ForkJoinPool.java:1182)
	at java.base/java.util.concurrent.ForkJoinPool.scan(ForkJoinPool.java:1655)
	at java.base/java.util.concurrent.ForkJoinPool.runWorker(ForkJoinPool.java:1622)
	at java.base/java.util.concurrent.ForkJoinWorkerThread.run(ForkJoinWorkerThread.java:165)

!ENTRY org.eclipse.lsp4e 4 0 2025-12-27 07:29:01.574
!MESSAGE プラグイン "org.eclipse.wildwebdeveloper" は、クラス "org.eclipse.wildwebdeveloper.html.HTMLLanguageServer" をインスタンス化できませんでした。
!STACK 1
org.eclipse.core.runtime.CoreException: プラグイン "org.eclipse.wildwebdeveloper" は、クラス "org.eclipse.wildwebdeveloper.html.HTMLLanguageServer" をインスタンス化できませんでした。
	at org.eclipse.core.internal.registry.osgi.RegistryStrategyOSGI.throwException(RegistryStrategyOSGI.java:212)
	at org.eclipse.core.internal.registry.osgi.RegistryStrategyOSGI.createExecutableExtension(RegistryStrategyOSGI.java:206)
	at org.eclipse.core.internal.registry.ExtensionRegistry.createExecutableExtension(ExtensionRegistry.java:920)
	at org.eclipse.core.internal.registry.ConfigurationElement.createExecutableExtension(ConfigurationElement.java:246)
	at org.eclipse.core.internal.registry.ConfigurationElementHandle.createExecutableExtension(ConfigurationElementHandle.java:63)
	at org.eclipse.lsp4e.LanguageServersRegistry$ExtensionLanguageServerDefinition.createConnectionProvider(LanguageServersRegistry.java:161)
	at org.eclipse.lsp4e.LanguageServerWrapper.lambda$0(LanguageServerWrapper.java:233)
	at java.base/java.util.concurrent.CompletableFuture$AsyncSupply.run(CompletableFuture.java:1768)
	at java.base/java.util.concurrent.CompletableFuture$AsyncSupply.exec(CompletableFuture.java:1760)
	at java.base/java.util.concurrent.ForkJoinTask.doExec(ForkJoinTask.java:373)
	at java.base/java.util.concurrent.ForkJoinPool$WorkQueue.topLevelExec(ForkJoinPool.java:1182)
	at java.base/java.util.concurrent.ForkJoinPool.scan(ForkJoinPool.java:1655)
	at java.base/java.util.concurrent.ForkJoinPool.runWorker(ForkJoinPool.java:1622)
	at java.base/java.util.concurrent.ForkJoinWorkerThread.run(ForkJoinWorkerThread.java:165)
Caused by: java.lang.reflect.InvocationTargetException
	at jdk.internal.reflect.GeneratedConstructorAccessor102.newInstance(Unknown Source)
	at java.base/jdk.internal.reflect.DelegatingConstructorAccessorImpl.newInstance(DelegatingConstructorAccessorImpl.java:45)
	at java.base/java.lang.reflect.Constructor.newInstanceWithCaller(Constructor.java:499)
	at java.base/java.lang.reflect.Constructor.newInstance(Constructor.java:480)
	at org.eclipse.core.internal.registry.osgi.RegistryStrategyOSGI.createExecutableExtension(RegistryStrategyOSGI.java:204)
	... 12 more
Caused by: java.lang.NullPointerException: Cannot invoke "java.io.File.getAbsolutePath()" because the return value of "org.eclipse.wildwebdeveloper.embedder.node.NodeJSManager.getNodeJsLocation()" is null
	at org.eclipse.wildwebdeveloper.html.HTMLLanguageServer.<init>(HTMLLanguageServer.java:40)
	... 17 more
!SUBENTRY 1 org.eclipse.equinox.registry 4 1 2025-12-27 07:29:01.574
!MESSAGE プラグイン "org.eclipse.wildwebdeveloper" は、クラス "org.eclipse.wildwebdeveloper.html.HTMLLanguageServer" をインスタンス化できませんでした。
!STACK 0
java.lang.reflect.InvocationTargetException
	at jdk.internal.reflect.GeneratedConstructorAccessor102.newInstance(Unknown Source)
	at java.base/jdk.internal.reflect.DelegatingConstructorAccessorImpl.newInstance(DelegatingConstructorAccessorImpl.java:45)
	at java.base/java.lang.reflect.Constructor.newInstanceWithCaller(Constructor.java:499)
	at java.base/java.lang.reflect.Constructor.newInstance(Constructor.java:480)
	at org.eclipse.core.internal.registry.osgi.RegistryStrategyOSGI.createExecutableExtension(RegistryStrategyOSGI.java:204)
	at org.eclipse.core.internal.registry.ExtensionRegistry.createExecutableExtension(ExtensionRegistry.java:920)
	at org.eclipse.core.internal.registry.ConfigurationElement.createExecutableExtension(ConfigurationElement.java:246)
	at org.eclipse.core.internal.registry.ConfigurationElementHandle.createExecutableExtension(ConfigurationElementHandle.java:63)
	at org.eclipse.lsp4e.LanguageServersRegistry$ExtensionLanguageServerDefinition.createConnectionProvider(LanguageServersRegistry.java:161)
	at org.eclipse.lsp4e.LanguageServerWrapper.lambda$0(LanguageServerWrapper.java:233)
	at java.base/java.util.concurrent.CompletableFuture$AsyncSupply.run(CompletableFuture.java:1768)
	at java.base/java.util.concurrent.CompletableFuture$AsyncSupply.exec(CompletableFuture.java:1760)
	at java.base/java.util.concurrent.ForkJoinTask.doExec(ForkJoinTask.java:373)
	at java.base/java.util.concurrent.ForkJoinPool$WorkQueue.topLevelExec(ForkJoinPool.java:1182)
	at java.base/java.util.concurrent.ForkJoinPool.scan(ForkJoinPool.java:1655)
	at java.base/java.util.concurrent.ForkJoinPool.runWorker(ForkJoinPool.java:1622)
	at java.base/java.util.concurrent.ForkJoinWorkerThread.run(ForkJoinWorkerThread.java:165)
Caused by: java.lang.NullPointerException: Cannot invoke "java.io.File.getAbsolutePath()" because the return value of "org.eclipse.wildwebdeveloper.embedder.node.NodeJSManager.getNodeJsLocation()" is null
	at org.eclipse.wildwebdeveloper.html.HTMLLanguageServer.<init>(HTMLLanguageServer.java:40)
	... 17 more
Root exception:
java.lang.NullPointerException: Cannot invoke "java.io.File.getAbsolutePath()" because the return value of "org.eclipse.wildwebdeveloper.embedder.node.NodeJSManager.getNodeJsLocation()" is null
	at org.eclipse.wildwebdeveloper.html.HTMLLanguageServer.<init>(HTMLLanguageServer.java:40)
	at jdk.internal.reflect.GeneratedConstructorAccessor102.newInstance(Unknown Source)
	at java.base/jdk.internal.reflect.DelegatingConstructorAccessorImpl.newInstance(DelegatingConstructorAccessorImpl.java:45)
	at java.base/java.lang.reflect.Constructor.newInstanceWithCaller(Constructor.java:499)
	at java.base/java.lang.reflect.Constructor.newInstance(Constructor.java:480)
	at org.eclipse.core.internal.registry.osgi.RegistryStrategyOSGI.createExecutableExtension(RegistryStrategyOSGI.java:204)
	at org.eclipse.core.internal.registry.ExtensionRegistry.createExecutableExtension(ExtensionRegistry.java:920)
	at org.eclipse.core.internal.registry.ConfigurationElement.createExecutableExtension(ConfigurationElement.java:246)
	at org.eclipse.core.internal.registry.ConfigurationElementHandle.createExecutableExtension(ConfigurationElementHandle.java:63)
	at org.eclipse.lsp4e.LanguageServersRegistry$ExtensionLanguageServerDefinition.createConnectionProvider(LanguageServersRegistry.java:161)
	at org.eclipse.lsp4e.LanguageServerWrapper.lambda$0(LanguageServerWrapper.java:233)
	at java.base/java.util.concurrent.CompletableFuture$AsyncSupply.run(CompletableFuture.java:1768)
	at java.base/java.util.concurrent.CompletableFuture$AsyncSupply.exec(CompletableFuture.java:1760)
	at java.base/java.util.concurrent.ForkJoinTask.doExec(ForkJoinTask.java:373)
	at java.base/java.util.concurrent.ForkJoinPool$WorkQueue.topLevelExec(ForkJoinPool.java:1182)
	at java.base/java.util.concurrent.ForkJoinPool.scan(ForkJoinPool.java:1655)
	at java.base/java.util.concurrent.ForkJoinPool.runWorker(ForkJoinPool.java:1622)
	at java.base/java.util.concurrent.ForkJoinWorkerThread.run(ForkJoinWorkerThread.java:165)

!ENTRY org.eclipse.lsp4e 4 0 2025-12-27 07:29:01.575
!MESSAGE Exception occurred while creating an instance of the stream connection provider
!STACK 0
java.lang.RuntimeException: Exception occurred while creating an instance of the stream connection provider
	at org.eclipse.lsp4e.LanguageServersRegistry$ExtensionLanguageServerDefinition.createConnectionProvider(LanguageServersRegistry.java:164)
	at org.eclipse.lsp4e.LanguageServerWrapper.lambda$0(LanguageServerWrapper.java:233)
	at java.base/java.util.concurrent.CompletableFuture$AsyncSupply.run(CompletableFuture.java:1768)
	at java.base/java.util.concurrent.CompletableFuture$AsyncSupply.exec(CompletableFuture.java:1760)
	at java.base/java.util.concurrent.ForkJoinTask.doExec(ForkJoinTask.java:373)
	at java.base/java.util.concurrent.ForkJoinPool$WorkQueue.topLevelExec(ForkJoinPool.java:1182)
	at java.base/java.util.concurrent.ForkJoinPool.scan(ForkJoinPool.java:1655)
	at java.base/java.util.concurrent.ForkJoinPool.runWorker(ForkJoinPool.java:1622)
	at java.base/java.util.concurrent.ForkJoinWorkerThread.run(ForkJoinWorkerThread.java:165)
Caused by: org.eclipse.core.runtime.CoreException: プラグイン "org.eclipse.wildwebdeveloper" は、クラス "org.eclipse.wildwebdeveloper.html.HTMLLanguageServer" をインスタンス化できませんでした。
	at org.eclipse.core.internal.registry.osgi.RegistryStrategyOSGI.throwException(RegistryStrategyOSGI.java:212)
	at org.eclipse.core.internal.registry.osgi.RegistryStrategyOSGI.createExecutableExtension(RegistryStrategyOSGI.java:206)
	at org.eclipse.core.internal.registry.ExtensionRegistry.createExecutableExtension(ExtensionRegistry.java:920)
	at org.eclipse.core.internal.registry.ConfigurationElement.createExecutableExtension(ConfigurationElement.java:246)
	at org.eclipse.core.internal.registry.ConfigurationElementHandle.createExecutableExtension(ConfigurationElementHandle.java:63)
	at org.eclipse.lsp4e.LanguageServersRegistry$ExtensionLanguageServerDefinition.createConnectionProvider(LanguageServersRegistry.java:161)
	... 8 more
Caused by: java.lang.reflect.InvocationTargetException
	at jdk.internal.reflect.GeneratedConstructorAccessor102.newInstance(Unknown Source)
	at java.base/jdk.internal.reflect.DelegatingConstructorAccessorImpl.newInstance(DelegatingConstructorAccessorImpl.java:45)
	at java.base/java.lang.reflect.Constructor.newInstanceWithCaller(Constructor.java:499)
	at java.base/java.lang.reflect.Constructor.newInstance(Constructor.java:480)
	at org.eclipse.core.internal.registry.osgi.RegistryStrategyOSGI.createExecutableExtension(RegistryStrategyOSGI.java:204)
	... 12 more
Caused by: java.lang.NullPointerException: Cannot invoke "java.io.File.getAbsolutePath()" because the return value of "org.eclipse.wildwebdeveloper.embedder.node.NodeJSManager.getNodeJsLocation()" is null
	at org.eclipse.wildwebdeveloper.html.HTMLLanguageServer.<init>(HTMLLanguageServer.java:40)
	... 17 more

!ENTRY org.eclipse.lsp4e 4 0 2025-12-27 07:29:01.575
!MESSAGE Exception occurred while creating an instance of the stream connection provider
!STACK 0
java.lang.RuntimeException: Exception occurred while creating an instance of the stream connection provider
	at org.eclipse.lsp4e.LanguageServersRegistry$ExtensionLanguageServerDefinition.createConnectionProvider(LanguageServersRegistry.java:164)
	at org.eclipse.lsp4e.LanguageServerWrapper.lambda$0(LanguageServerWrapper.java:233)
	at java.base/java.util.concurrent.CompletableFuture$AsyncSupply.run(CompletableFuture.java:1768)
	at java.base/java.util.concurrent.CompletableFuture$AsyncSupply.exec(CompletableFuture.java:1760)
	at java.base/java.util.concurrent.ForkJoinTask.doExec(ForkJoinTask.java:373)
	at java.base/java.util.concurrent.ForkJoinPool$WorkQueue.topLevelExec(ForkJoinPool.java:1182)
	at java.base/java.util.concurrent.ForkJoinPool.scan(ForkJoinPool.java:1655)
	at java.base/java.util.concurrent.ForkJoinPool.runWorker(ForkJoinPool.java:1622)
	at java.base/java.util.concurrent.ForkJoinWorkerThread.run(ForkJoinWorkerThread.java:165)
Caused by: org.eclipse.core.runtime.CoreException: プラグイン "org.eclipse.wildwebdeveloper" は、クラス "org.eclipse.wildwebdeveloper.angular.AngularLanguageServer" をインスタンス化できませんでした。
	at org.eclipse.core.internal.registry.osgi.RegistryStrategyOSGI.throwException(RegistryStrategyOSGI.java:212)
	at org.eclipse.core.internal.registry.osgi.RegistryStrategyOSGI.createExecutableExtension(RegistryStrategyOSGI.java:206)
	at org.eclipse.core.internal.registry.ExtensionRegistry.createExecutableExtension(ExtensionRegistry.java:920)
	at org.eclipse.core.internal.registry.ConfigurationElement.createExecutableExtension(ConfigurationElement.java:246)
	at org.eclipse.core.internal.registry.ConfigurationElementHandle.createExecutableExtension(ConfigurationElementHandle.java:63)
	at org.eclipse.lsp4e.LanguageServersRegistry$ExtensionLanguageServerDefinition.createConnectionProvider(LanguageServersRegistry.java:161)
	... 8 more
Caused by: java.lang.reflect.InvocationTargetException
	at jdk.internal.reflect.GeneratedConstructorAccessor101.newInstance(Unknown Source)
	at java.base/jdk.internal.reflect.DelegatingConstructorAccessorImpl.newInstance(DelegatingConstructorAccessorImpl.java:45)
	at java.base/java.lang.reflect.Constructor.newInstanceWithCaller(Constructor.java:499)
	at java.base/java.lang.reflect.Constructor.newInstance(Constructor.java:480)
	at org.eclipse.core.internal.registry.osgi.RegistryStrategyOSGI.createExecutableExtension(RegistryStrategyOSGI.java:204)
	... 12 more
Caused by: java.lang.NullPointerException: Cannot invoke "java.io.File.getAbsolutePath()" because the return value of "org.eclipse.wildwebdeveloper.embedder.node.NodeJSManager.getNodeJsLocation()" is null
	at org.eclipse.wildwebdeveloper.angular.AngularLanguageServer.<init>(AngularLanguageServer.java:43)
	... 17 more

!ENTRY org.eclipse.lsp4e 4 0 2025-12-27 07:29:01.575
!MESSAGE Cannot invoke "org.eclipse.lsp4e.server.StreamConnectionProvider.getInputStream()" because "this.lspStreamProvider" is null
!STACK 0
java.lang.NullPointerException: Cannot invoke "org.eclipse.lsp4e.server.StreamConnectionProvider.getInputStream()" because "this.lspStreamProvider" is null
	at org.eclipse.lsp4e.LanguageServerWrapper.lambda$1(LanguageServerWrapper.java:284)
	at java.base/java.util.concurrent.CompletableFuture$UniApply.tryFire(CompletableFuture.java:646)
	at java.base/java.util.concurrent.CompletableFuture.postComplete(CompletableFuture.java:510)
	at java.base/java.util.concurrent.CompletableFuture$AsyncSupply.run(CompletableFuture.java:1773)
	at java.base/java.util.concurrent.CompletableFuture$AsyncSupply.exec(CompletableFuture.java:1760)
	at java.base/java.util.concurrent.ForkJoinTask.doExec(ForkJoinTask.java:373)
	at java.base/java.util.concurrent.ForkJoinPool$WorkQueue.topLevelExec(ForkJoinPool.java:1182)
	at java.base/java.util.concurrent.ForkJoinPool.scan(ForkJoinPool.java:1655)
	at java.base/java.util.concurrent.ForkJoinPool.runWorker(ForkJoinPool.java:1622)
	at java.base/java.util.concurrent.ForkJoinWorkerThread.run(ForkJoinWorkerThread.java:165)

!ENTRY org.eclipse.lsp4e 4 0 2025-12-27 07:29:01.577
!MESSAGE Cannot invoke "org.eclipse.lsp4e.server.StreamConnectionProvider.getInputStream()" because "this.lspStreamProvider" is null
!STACK 0
java.lang.NullPointerException: Cannot invoke "org.eclipse.lsp4e.server.StreamConnectionProvider.getInputStream()" because "this.lspStreamProvider" is null
	at org.eclipse.lsp4e.LanguageServerWrapper.lambda$1(LanguageServerWrapper.java:284)
	at java.base/java.util.concurrent.CompletableFuture$UniApply.tryFire(CompletableFuture.java:646)
	at java.base/java.util.concurrent.CompletableFuture.postComplete(CompletableFuture.java:510)
	at java.base/java.util.concurrent.CompletableFuture$AsyncSupply.run(CompletableFuture.java:1773)
	at java.base/java.util.concurrent.CompletableFuture$AsyncSupply.exec(CompletableFuture.java:1760)
	at java.base/java.util.concurrent.ForkJoinTask.doExec(ForkJoinTask.java:373)
	at java.base/java.util.concurrent.ForkJoinPool$WorkQueue.topLevelExec(ForkJoinPool.java:1182)
	at java.base/java.util.concurrent.ForkJoinPool.scan(ForkJoinPool.java:1655)
	at java.base/java.util.concurrent.ForkJoinPool.runWorker(ForkJoinPool.java:1622)
	at java.base/java.util.concurrent.ForkJoinWorkerThread.run(ForkJoinWorkerThread.java:165)

!ENTRY org.eclipse.lsp4e 4 0 2025-12-27 07:29:01.642
!MESSAGE プラグイン "org.eclipse.wildwebdeveloper" は、クラス "org.eclipse.wildwebdeveloper.angular.AngularLanguageServer" をインスタンス化できませんでした。
!STACK 1
org.eclipse.core.runtime.CoreException: プラグイン "org.eclipse.wildwebdeveloper" は、クラス "org.eclipse.wildwebdeveloper.angular.AngularLanguageServer" をインスタンス化できませんでした。
	at org.eclipse.core.internal.registry.osgi.RegistryStrategyOSGI.throwException(RegistryStrategyOSGI.java:212)
	at org.eclipse.core.internal.registry.osgi.RegistryStrategyOSGI.createExecutableExtension(RegistryStrategyOSGI.java:206)
	at org.eclipse.core.internal.registry.ExtensionRegistry.createExecutableExtension(ExtensionRegistry.java:920)
	at org.eclipse.core.internal.registry.ConfigurationElement.createExecutableExtension(ConfigurationElement.java:246)
	at org.eclipse.core.internal.registry.ConfigurationElementHandle.createExecutableExtension(ConfigurationElementHandle.java:63)
	at org.eclipse.lsp4e.LanguageServersRegistry$ExtensionLanguageServerDefinition.createConnectionProvider(LanguageServersRegistry.java:161)
	at org.eclipse.lsp4e.LanguageServerWrapper.lambda$0(LanguageServerWrapper.java:233)
	at java.base/java.util.concurrent.CompletableFuture$AsyncSupply.run(CompletableFuture.java:1768)
	at java.base/java.util.concurrent.CompletableFuture$AsyncSupply.exec(CompletableFuture.java:1760)
	at java.base/java.util.concurrent.ForkJoinTask.doExec(ForkJoinTask.java:373)
	at java.base/java.util.concurrent.ForkJoinPool$WorkQueue.topLevelExec(ForkJoinPool.java:1182)
	at java.base/java.util.concurrent.ForkJoinPool.scan(ForkJoinPool.java:1655)
	at java.base/java.util.concurrent.ForkJoinPool.runWorker(ForkJoinPool.java:1622)
	at java.base/java.util.concurrent.ForkJoinWorkerThread.run(ForkJoinWorkerThread.java:165)
Caused by: java.lang.reflect.InvocationTargetException
	at jdk.internal.reflect.GeneratedConstructorAccessor101.newInstance(Unknown Source)
	at java.base/jdk.internal.reflect.DelegatingConstructorAccessorImpl.newInstance(DelegatingConstructorAccessorImpl.java:45)
	at java.base/java.lang.reflect.Constructor.newInstanceWithCaller(Constructor.java:499)
	at java.base/java.lang.reflect.Constructor.newInstance(Constructor.java:480)
	at org.eclipse.core.internal.registry.osgi.RegistryStrategyOSGI.createExecutableExtension(RegistryStrategyOSGI.java:204)
	... 12 more
Caused by: java.lang.NullPointerException: Cannot invoke "java.io.File.getAbsolutePath()" because the return value of "org.eclipse.wildwebdeveloper.embedder.node.NodeJSManager.getNodeJsLocation()" is null
	at org.eclipse.wildwebdeveloper.angular.AngularLanguageServer.<init>(AngularLanguageServer.java:43)
	... 17 more
!SUBENTRY 1 org.eclipse.equinox.registry 4 1 2025-12-27 07:29:01.642
!MESSAGE プラグイン "org.eclipse.wildwebdeveloper" は、クラス "org.eclipse.wildwebdeveloper.angular.AngularLanguageServer" をインスタンス化できませんでした。
!STACK 0
java.lang.reflect.InvocationTargetException
	at jdk.internal.reflect.GeneratedConstructorAccessor101.newInstance(Unknown Source)
	at java.base/jdk.internal.reflect.DelegatingConstructorAccessorImpl.newInstance(DelegatingConstructorAccessorImpl.java:45)
	at java.base/java.lang.reflect.Constructor.newInstanceWithCaller(Constructor.java:499)
	at java.base/java.lang.reflect.Constructor.newInstance(Constructor.java:480)
	at org.eclipse.core.internal.registry.osgi.RegistryStrategyOSGI.createExecutableExtension(RegistryStrategyOSGI.java:204)
	at org.eclipse.core.internal.registry.ExtensionRegistry.createExecutableExtension(ExtensionRegistry.java:920)
	at org.eclipse.core.internal.registry.ConfigurationElement.createExecutableExtension(ConfigurationElement.java:246)
	at org.eclipse.core.internal.registry.ConfigurationElementHandle.createExecutableExtension(ConfigurationElementHandle.java:63)
	at org.eclipse.lsp4e.LanguageServersRegistry$ExtensionLanguageServerDefinition.createConnectionProvider(LanguageServersRegistry.java:161)
	at org.eclipse.lsp4e.LanguageServerWrapper.lambda$0(LanguageServerWrapper.java:233)
	at java.base/java.util.concurrent.CompletableFuture$AsyncSupply.run(CompletableFuture.java:1768)
	at java.base/java.util.concurrent.CompletableFuture$AsyncSupply.exec(CompletableFuture.java:1760)
	at java.base/java.util.concurrent.ForkJoinTask.doExec(ForkJoinTask.java:373)
	at java.base/java.util.concurrent.ForkJoinPool$WorkQueue.topLevelExec(ForkJoinPool.java:1182)
	at java.base/java.util.concurrent.ForkJoinPool.scan(ForkJoinPool.java:1655)
	at java.base/java.util.concurrent.ForkJoinPool.runWorker(ForkJoinPool.java:1622)
	at java.base/java.util.concurrent.ForkJoinWorkerThread.run(ForkJoinWorkerThread.java:165)
Caused by: java.lang.NullPointerException: Cannot invoke "java.io.File.getAbsolutePath()" because the return value of "org.eclipse.wildwebdeveloper.embedder.node.NodeJSManager.getNodeJsLocation()" is null
	at org.eclipse.wildwebdeveloper.angular.AngularLanguageServer.<init>(AngularLanguageServer.java:43)
	... 17 more
Root exception:
java.lang.NullPointerException: Cannot invoke "java.io.File.getAbsolutePath()" because the return value of "org.eclipse.wildwebdeveloper.embedder.node.NodeJSManager.getNodeJsLocation()" is null
	at org.eclipse.wildwebdeveloper.angular.AngularLanguageServer.<init>(AngularLanguageServer.java:43)
	at jdk.internal.reflect.GeneratedConstructorAccessor101.newInstance(Unknown Source)
	at java.base/jdk.internal.reflect.DelegatingConstructorAccessorImpl.newInstance(DelegatingConstructorAccessorImpl.java:45)
	at java.base/java.lang.reflect.Constructor.newInstanceWithCaller(Constructor.java:499)
	at java.base/java.lang.reflect.Constructor.newInstance(Constructor.java:480)
	at org.eclipse.core.internal.registry.osgi.RegistryStrategyOSGI.createExecutableExtension(RegistryStrategyOSGI.java:204)
	at org.eclipse.core.internal.registry.ExtensionRegistry.createExecutableExtension(ExtensionRegistry.java:920)
	at org.eclipse.core.internal.registry.ConfigurationElement.createExecutableExtension(ConfigurationElement.java:246)
	at org.eclipse.core.internal.registry.ConfigurationElementHandle.createExecutableExtension(ConfigurationElementHandle.java:63)
	at org.eclipse.lsp4e.LanguageServersRegistry$ExtensionLanguageServerDefinition.createConnectionProvider(LanguageServersRegistry.java:161)
	at org.eclipse.lsp4e.LanguageServerWrapper.lambda$0(LanguageServerWrapper.java:233)
	at java.base/java.util.concurrent.CompletableFuture$AsyncSupply.run(CompletableFuture.java:1768)
	at java.base/java.util.concurrent.CompletableFuture$AsyncSupply.exec(CompletableFuture.java:1760)
	at java.base/java.util.concurrent.ForkJoinTask.doExec(ForkJoinTask.java:373)
	at java.base/java.util.concurrent.ForkJoinPool$WorkQueue.topLevelExec(ForkJoinPool.java:1182)
	at java.base/java.util.concurrent.ForkJoinPool.scan(ForkJoinPool.java:1655)
	at java.base/java.util.concurrent.ForkJoinPool.runWorker(ForkJoinPool.java:1622)
	at java.base/java.util.concurrent.ForkJoinWorkerThread.run(ForkJoinWorkerThread.java:165)

!ENTRY org.eclipse.lsp4e 4 0 2025-12-27 07:29:01.643
!MESSAGE Exception occurred while creating an instance of the stream connection provider
!STACK 0
java.lang.RuntimeException: Exception occurred while creating an instance of the stream connection provider
	at org.eclipse.lsp4e.LanguageServersRegistry$ExtensionLanguageServerDefinition.createConnectionProvider(LanguageServersRegistry.java:164)
	at org.eclipse.lsp4e.LanguageServerWrapper.lambda$0(LanguageServerWrapper.java:233)
	at java.base/java.util.concurrent.CompletableFuture$AsyncSupply.run(CompletableFuture.java:1768)
	at java.base/java.util.concurrent.CompletableFuture$AsyncSupply.exec(CompletableFuture.java:1760)
	at java.base/java.util.concurrent.ForkJoinTask.doExec(ForkJoinTask.java:373)
	at java.base/java.util.concurrent.ForkJoinPool$WorkQueue.topLevelExec(ForkJoinPool.java:1182)
	at java.base/java.util.concurrent.ForkJoinPool.scan(ForkJoinPool.java:1655)
	at java.base/java.util.concurrent.ForkJoinPool.runWorker(ForkJoinPool.java:1622)
	at java.base/java.util.concurrent.ForkJoinWorkerThread.run(ForkJoinWorkerThread.java:165)
Caused by: org.eclipse.core.runtime.CoreException: プラグイン "org.eclipse.wildwebdeveloper" は、クラス "org.eclipse.wildwebdeveloper.angular.AngularLanguageServer" をインスタンス化できませんでした。
	at org.eclipse.core.internal.registry.osgi.RegistryStrategyOSGI.throwException(RegistryStrategyOSGI.java:212)
	at org.eclipse.core.internal.registry.osgi.RegistryStrategyOSGI.createExecutableExtension(RegistryStrategyOSGI.java:206)
	at org.eclipse.core.internal.registry.ExtensionRegistry.createExecutableExtension(ExtensionRegistry.java:920)
	at org.eclipse.core.internal.registry.ConfigurationElement.createExecutableExtension(ConfigurationElement.java:246)
	at org.eclipse.core.internal.registry.ConfigurationElementHandle.createExecutableExtension(ConfigurationElementHandle.java:63)
	at org.eclipse.lsp4e.LanguageServersRegistry$ExtensionLanguageServerDefinition.createConnectionProvider(LanguageServersRegistry.java:161)
	... 8 more
Caused by: java.lang.reflect.InvocationTargetException
	at jdk.internal.reflect.GeneratedConstructorAccessor101.newInstance(Unknown Source)
	at java.base/jdk.internal.reflect.DelegatingConstructorAccessorImpl.newInstance(DelegatingConstructorAccessorImpl.java:45)
	at java.base/java.lang.reflect.Constructor.newInstanceWithCaller(Constructor.java:499)
	at java.base/java.lang.reflect.Constructor.newInstance(Constructor.java:480)
	at org.eclipse.core.internal.registry.osgi.RegistryStrategyOSGI.createExecutableExtension(RegistryStrategyOSGI.java:204)
	... 12 more
Caused by: java.lang.NullPointerException: Cannot invoke "java.io.File.getAbsolutePath()" because the return value of "org.eclipse.wildwebdeveloper.embedder.node.NodeJSManager.getNodeJsLocation()" is null
	at org.eclipse.wildwebdeveloper.angular.AngularLanguageServer.<init>(AngularLanguageServer.java:43)
	... 17 more

!ENTRY org.eclipse.lsp4e 4 0 2025-12-27 07:29:01.643
!MESSAGE Cannot invoke "org.eclipse.lsp4e.server.StreamConnectionProvider.getInputStream()" because "this.lspStreamProvider" is null
!STACK 0
java.lang.NullPointerException: Cannot invoke "org.eclipse.lsp4e.server.StreamConnectionProvider.getInputStream()" because "this.lspStreamProvider" is null
	at org.eclipse.lsp4e.LanguageServerWrapper.lambda$1(LanguageServerWrapper.java:284)
	at java.base/java.util.concurrent.CompletableFuture$UniApply.tryFire(CompletableFuture.java:646)
	at java.base/java.util.concurrent.CompletableFuture.postComplete(CompletableFuture.java:510)
	at java.base/java.util.concurrent.CompletableFuture$AsyncSupply.run(CompletableFuture.java:1773)
	at java.base/java.util.concurrent.CompletableFuture$AsyncSupply.exec(CompletableFuture.java:1760)
	at java.base/java.util.concurrent.ForkJoinTask.doExec(ForkJoinTask.java:373)
	at java.base/java.util.concurrent.ForkJoinPool$WorkQueue.topLevelExec(ForkJoinPool.java:1182)
	at java.base/java.util.concurrent.ForkJoinPool.scan(ForkJoinPool.java:1655)
	at java.base/java.util.concurrent.ForkJoinPool.runWorker(ForkJoinPool.java:1622)
	at java.base/java.util.concurrent.ForkJoinWorkerThread.run(ForkJoinWorkerThread.java:165)

!ENTRY org.eclipse.lsp4e 4 0 2025-12-27 07:29:01.646
!MESSAGE プラグイン "org.eclipse.wildwebdeveloper" は、クラス "org.eclipse.wildwebdeveloper.angular.AngularLanguageServer" をインスタンス化できませんでした。
!STACK 1
org.eclipse.core.runtime.CoreException: プラグイン "org.eclipse.wildwebdeveloper" は、クラス "org.eclipse.wildwebdeveloper.angular.AngularLanguageServer" をインスタンス化できませんでした。
	at org.eclipse.core.internal.registry.osgi.RegistryStrategyOSGI.throwException(RegistryStrategyOSGI.java:212)
	at org.eclipse.core.internal.registry.osgi.RegistryStrategyOSGI.createExecutableExtension(RegistryStrategyOSGI.java:206)
	at org.eclipse.core.internal.registry.ExtensionRegistry.createExecutableExtension(ExtensionRegistry.java:920)
	at org.eclipse.core.internal.registry.ConfigurationElement.createExecutableExtension(ConfigurationElement.java:246)
	at org.eclipse.core.internal.registry.ConfigurationElementHandle.createExecutableExtension(ConfigurationElementHandle.java:63)
	at org.eclipse.lsp4e.LanguageServersRegistry$ExtensionLanguageServerDefinition.createConnectionProvider(LanguageServersRegistry.java:161)
	at org.eclipse.lsp4e.LanguageServerWrapper.lambda$0(LanguageServerWrapper.java:233)
	at java.base/java.util.concurrent.CompletableFuture$AsyncSupply.run(CompletableFuture.java:1768)
	at java.base/java.util.concurrent.CompletableFuture$AsyncSupply.exec(CompletableFuture.java:1760)
	at java.base/java.util.concurrent.ForkJoinTask.doExec(ForkJoinTask.java:373)
	at java.base/java.util.concurrent.ForkJoinPool$WorkQueue.topLevelExec(ForkJoinPool.java:1182)
	at java.base/java.util.concurrent.ForkJoinPool.scan(ForkJoinPool.java:1655)
	at java.base/java.util.concurrent.ForkJoinPool.runWorker(ForkJoinPool.java:1622)
	at java.base/java.util.concurrent.ForkJoinWorkerThread.run(ForkJoinWorkerThread.java:165)
Caused by: java.lang.reflect.InvocationTargetException
	at jdk.internal.reflect.GeneratedConstructorAccessor101.newInstance(Unknown Source)
	at java.base/jdk.internal.reflect.DelegatingConstructorAccessorImpl.newInstance(DelegatingConstructorAccessorImpl.java:45)
	at java.base/java.lang.reflect.Constructor.newInstanceWithCaller(Constructor.java:499)
	at java.base/java.lang.reflect.Constructor.newInstance(Constructor.java:480)
	at org.eclipse.core.internal.registry.osgi.RegistryStrategyOSGI.createExecutableExtension(RegistryStrategyOSGI.java:204)
	... 12 more
Caused by: java.lang.NullPointerException: Cannot invoke "java.io.File.getAbsolutePath()" because the return value of "org.eclipse.wildwebdeveloper.embedder.node.NodeJSManager.getNodeJsLocation()" is null
	at org.eclipse.wildwebdeveloper.angular.AngularLanguageServer.<init>(AngularLanguageServer.java:43)
	... 17 more
!SUBENTRY 1 org.eclipse.equinox.registry 4 1 2025-12-27 07:29:01.646
!MESSAGE プラグイン "org.eclipse.wildwebdeveloper" は、クラス "org.eclipse.wildwebdeveloper.angular.AngularLanguageServer" をインスタンス化できませんでした。
!STACK 0
java.lang.reflect.InvocationTargetException
	at jdk.internal.reflect.GeneratedConstructorAccessor101.newInstance(Unknown Source)
	at java.base/jdk.internal.reflect.DelegatingConstructorAccessorImpl.newInstance(DelegatingConstructorAccessorImpl.java:45)
	at java.base/java.lang.reflect.Constructor.newInstanceWithCaller(Constructor.java:499)
	at java.base/java.lang.reflect.Constructor.newInstance(Constructor.java:480)
	at org.eclipse.core.internal.registry.osgi.RegistryStrategyOSGI.createExecutableExtension(RegistryStrategyOSGI.java:204)
	at org.eclipse.core.internal.registry.ExtensionRegistry.createExecutableExtension(ExtensionRegistry.java:920)
	at org.eclipse.core.internal.registry.ConfigurationElement.createExecutableExtension(ConfigurationElement.java:246)
	at org.eclipse.core.internal.registry.ConfigurationElementHandle.createExecutableExtension(ConfigurationElementHandle.java:63)
	at org.eclipse.lsp4e.LanguageServersRegistry$ExtensionLanguageServerDefinition.createConnectionProvider(LanguageServersRegistry.java:161)
	at org.eclipse.lsp4e.LanguageServerWrapper.lambda$0(LanguageServerWrapper.java:233)
	at java.base/java.util.concurrent.CompletableFuture$AsyncSupply.run(CompletableFuture.java:1768)
	at java.base/java.util.concurrent.CompletableFuture$AsyncSupply.exec(CompletableFuture.java:1760)
	at java.base/java.util.concurrent.ForkJoinTask.doExec(ForkJoinTask.java:373)
	at java.base/java.util.concurrent.ForkJoinPool$WorkQueue.topLevelExec(ForkJoinPool.java:1182)
	at java.base/java.util.concurrent.ForkJoinPool.scan(ForkJoinPool.java:1655)
	at java.base/java.util.concurrent.ForkJoinPool.runWorker(ForkJoinPool.java:1622)
	at java.base/java.util.concurrent.ForkJoinWorkerThread.run(ForkJoinWorkerThread.java:165)
Caused by: java.lang.NullPointerException: Cannot invoke "java.io.File.getAbsolutePath()" because the return value of "org.eclipse.wildwebdeveloper.embedder.node.NodeJSManager.getNodeJsLocation()" is null
	at org.eclipse.wildwebdeveloper.angular.AngularLanguageServer.<init>(AngularLanguageServer.java:43)
	... 17 more
Root exception:
java.lang.NullPointerException: Cannot invoke "java.io.File.getAbsolutePath()" because the return value of "org.eclipse.wildwebdeveloper.embedder.node.NodeJSManager.getNodeJsLocation()" is null
	at org.eclipse.wildwebdeveloper.angular.AngularLanguageServer.<init>(AngularLanguageServer.java:43)
	at jdk.internal.reflect.GeneratedConstructorAccessor101.newInstance(Unknown Source)
	at java.base/jdk.internal.reflect.DelegatingConstructorAccessorImpl.newInstance(DelegatingConstructorAccessorImpl.java:45)
	at java.base/java.lang.reflect.Constructor.newInstanceWithCaller(Constructor.java:499)
	at java.base/java.lang.reflect.Constructor.newInstance(Constructor.java:480)
	at org.eclipse.core.internal.registry.osgi.RegistryStrategyOSGI.createExecutableExtension(RegistryStrategyOSGI.java:204)
	at org.eclipse.core.internal.registry.ExtensionRegistry.createExecutableExtension(ExtensionRegistry.java:920)
	at org.eclipse.core.internal.registry.ConfigurationElement.createExecutableExtension(ConfigurationElement.java:246)
	at org.eclipse.core.internal.registry.ConfigurationElementHandle.createExecutableExtension(ConfigurationElementHandle.java:63)
	at org.eclipse.lsp4e.LanguageServersRegistry$ExtensionLanguageServerDefinition.createConnectionProvider(LanguageServersRegistry.java:161)
	at org.eclipse.lsp4e.LanguageServerWrapper.lambda$0(LanguageServerWrapper.java:233)
	at java.base/java.util.concurrent.CompletableFuture$AsyncSupply.run(CompletableFuture.java:1768)
	at java.base/java.util.concurrent.CompletableFuture$AsyncSupply.exec(CompletableFuture.java:1760)
	at java.base/java.util.concurrent.ForkJoinTask.doExec(ForkJoinTask.java:373)
	at java.base/java.util.concurrent.ForkJoinPool$WorkQueue.topLevelExec(ForkJoinPool.java:1182)
	at java.base/java.util.concurrent.ForkJoinPool.scan(ForkJoinPool.java:1655)
	at java.base/java.util.concurrent.ForkJoinPool.runWorker(ForkJoinPool.java:1622)
	at java.base/java.util.concurrent.ForkJoinWorkerThread.run(ForkJoinWorkerThread.java:165)

!ENTRY org.eclipse.lsp4e 4 0 2025-12-27 07:29:01.646
!MESSAGE Exception occurred while creating an instance of the stream connection provider
!STACK 0
java.lang.RuntimeException: Exception occurred while creating an instance of the stream connection provider
	at org.eclipse.lsp4e.LanguageServersRegistry$ExtensionLanguageServerDefinition.createConnectionProvider(LanguageServersRegistry.java:164)
	at org.eclipse.lsp4e.LanguageServerWrapper.lambda$0(LanguageServerWrapper.java:233)
	at java.base/java.util.concurrent.CompletableFuture$AsyncSupply.run(CompletableFuture.java:1768)
	at java.base/java.util.concurrent.CompletableFuture$AsyncSupply.exec(CompletableFuture.java:1760)
	at java.base/java.util.concurrent.ForkJoinTask.doExec(ForkJoinTask.java:373)
	at java.base/java.util.concurrent.ForkJoinPool$WorkQueue.topLevelExec(ForkJoinPool.java:1182)
	at java.base/java.util.concurrent.ForkJoinPool.scan(ForkJoinPool.java:1655)
	at java.base/java.util.concurrent.ForkJoinPool.runWorker(ForkJoinPool.java:1622)
	at java.base/java.util.concurrent.ForkJoinWorkerThread.run(ForkJoinWorkerThread.java:165)
Caused by: org.eclipse.core.runtime.CoreException: プラグイン "org.eclipse.wildwebdeveloper" は、クラス "org.eclipse.wildwebdeveloper.angular.AngularLanguageServer" をインスタンス化できませんでした。
	at org.eclipse.core.internal.registry.osgi.RegistryStrategyOSGI.throwException(RegistryStrategyOSGI.java:212)
	at org.eclipse.core.internal.registry.osgi.RegistryStrategyOSGI.createExecutableExtension(RegistryStrategyOSGI.java:206)
	at org.eclipse.core.internal.registry.ExtensionRegistry.createExecutableExtension(ExtensionRegistry.java:920)
	at org.eclipse.core.internal.registry.ConfigurationElement.createExecutableExtension(ConfigurationElement.java:246)
	at org.eclipse.core.internal.registry.ConfigurationElementHandle.createExecutableExtension(ConfigurationElementHandle.java:63)
	at org.eclipse.lsp4e.LanguageServersRegistry$ExtensionLanguageServerDefinition.createConnectionProvider(LanguageServersRegistry.java:161)
	... 8 more
Caused by: java.lang.reflect.InvocationTargetException
	at jdk.internal.reflect.GeneratedConstructorAccessor101.newInstance(Unknown Source)
	at java.base/jdk.internal.reflect.DelegatingConstructorAccessorImpl.newInstance(DelegatingConstructorAccessorImpl.java:45)
	at java.base/java.lang.reflect.Constructor.newInstanceWithCaller(Constructor.java:499)
	at java.base/java.lang.reflect.Constructor.newInstance(Constructor.java:480)
	at org.eclipse.core.internal.registry.osgi.RegistryStrategyOSGI.createExecutableExtension(RegistryStrategyOSGI.java:204)
	... 12 more
Caused by: java.lang.NullPointerException: Cannot invoke "java.io.File.getAbsolutePath()" because the return value of "org.eclipse.wildwebdeveloper.embedder.node.NodeJSManager.getNodeJsLocation()" is null
	at org.eclipse.wildwebdeveloper.angular.AngularLanguageServer.<init>(AngularLanguageServer.java:43)
	... 17 more

!ENTRY org.eclipse.lsp4e 4 0 2025-12-27 07:29:01.647
!MESSAGE プラグイン "org.eclipse.wildwebdeveloper" は、クラス "org.eclipse.wildwebdeveloper.html.HTMLLanguageServer" をインスタンス化できませんでした。
!STACK 1
org.eclipse.core.runtime.CoreException: プラグイン "org.eclipse.wildwebdeveloper" は、クラス "org.eclipse.wildwebdeveloper.html.HTMLLanguageServer" をインスタンス化できませんでした。
	at org.eclipse.core.internal.registry.osgi.RegistryStrategyOSGI.throwException(RegistryStrategyOSGI.java:212)
	at org.eclipse.core.internal.registry.osgi.RegistryStrategyOSGI.createExecutableExtension(RegistryStrategyOSGI.java:206)
	at org.eclipse.core.internal.registry.ExtensionRegistry.createExecutableExtension(ExtensionRegistry.java:920)
	at org.eclipse.core.internal.registry.ConfigurationElement.createExecutableExtension(ConfigurationElement.java:246)
	at org.eclipse.core.internal.registry.ConfigurationElementHandle.createExecutableExtension(ConfigurationElementHandle.java:63)
	at org.eclipse.lsp4e.LanguageServersRegistry$ExtensionLanguageServerDefinition.createConnectionProvider(LanguageServersRegistry.java:161)
	at org.eclipse.lsp4e.LanguageServerWrapper.lambda$0(LanguageServerWrapper.java:233)
	at java.base/java.util.concurrent.CompletableFuture$AsyncSupply.run(CompletableFuture.java:1768)
	at java.base/java.util.concurrent.CompletableFuture$AsyncSupply.exec(CompletableFuture.java:1760)
	at java.base/java.util.concurrent.ForkJoinTask.doExec(ForkJoinTask.java:373)
	at java.base/java.util.concurrent.ForkJoinPool$WorkQueue.topLevelExec(ForkJoinPool.java:1182)
	at java.base/java.util.concurrent.ForkJoinPool.scan(ForkJoinPool.java:1655)
	at java.base/java.util.concurrent.ForkJoinPool.runWorker(ForkJoinPool.java:1622)
	at java.base/java.util.concurrent.ForkJoinWorkerThread.run(ForkJoinWorkerThread.java:165)
Caused by: java.lang.reflect.InvocationTargetException
	at jdk.internal.reflect.GeneratedConstructorAccessor102.newInstance(Unknown Source)
	at java.base/jdk.internal.reflect.DelegatingConstructorAccessorImpl.newInstance(DelegatingConstructorAccessorImpl.java:45)
	at java.base/java.lang.reflect.Constructor.newInstanceWithCaller(Constructor.java:499)
	at java.base/java.lang.reflect.Constructor.newInstance(Constructor.java:480)
	at org.eclipse.core.internal.registry.osgi.RegistryStrategyOSGI.createExecutableExtension(RegistryStrategyOSGI.java:204)
	... 12 more
Caused by: java.lang.NullPointerException: Cannot invoke "java.io.File.getAbsolutePath()" because the return value of "org.eclipse.wildwebdeveloper.embedder.node.NodeJSManager.getNodeJsLocation()" is null
	at org.eclipse.wildwebdeveloper.html.HTMLLanguageServer.<init>(HTMLLanguageServer.java:40)
	... 17 more
!SUBENTRY 1 org.eclipse.equinox.registry 4 1 2025-12-27 07:29:01.647
!MESSAGE プラグイン "org.eclipse.wildwebdeveloper" は、クラス "org.eclipse.wildwebdeveloper.html.HTMLLanguageServer" をインスタンス化できませんでした。
!STACK 0
java.lang.reflect.InvocationTargetException
	at jdk.internal.reflect.GeneratedConstructorAccessor102.newInstance(Unknown Source)
	at java.base/jdk.internal.reflect.DelegatingConstructorAccessorImpl.newInstance(DelegatingConstructorAccessorImpl.java:45)
	at java.base/java.lang.reflect.Constructor.newInstanceWithCaller(Constructor.java:499)
	at java.base/java.lang.reflect.Constructor.newInstance(Constructor.java:480)
	at org.eclipse.core.internal.registry.osgi.RegistryStrategyOSGI.createExecutableExtension(RegistryStrategyOSGI.java:204)
	at org.eclipse.core.internal.registry.ExtensionRegistry.createExecutableExtension(ExtensionRegistry.java:920)
	at org.eclipse.core.internal.registry.ConfigurationElement.createExecutableExtension(ConfigurationElement.java:246)
	at org.eclipse.core.internal.registry.ConfigurationElementHandle.createExecutableExtension(ConfigurationElementHandle.java:63)
	at org.eclipse.lsp4e.LanguageServersRegistry$ExtensionLanguageServerDefinition.createConnectionProvider(LanguageServersRegistry.java:161)
	at org.eclipse.lsp4e.LanguageServerWrapper.lambda$0(LanguageServerWrapper.java:233)
	at java.base/java.util.concurrent.CompletableFuture$AsyncSupply.run(CompletableFuture.java:1768)
	at java.base/java.util.concurrent.CompletableFuture$AsyncSupply.exec(CompletableFuture.java:1760)
	at java.base/java.util.concurrent.ForkJoinTask.doExec(ForkJoinTask.java:373)
	at java.base/java.util.concurrent.ForkJoinPool$WorkQueue.topLevelExec(ForkJoinPool.java:1182)
	at java.base/java.util.concurrent.ForkJoinPool.scan(ForkJoinPool.java:1655)
	at java.base/java.util.concurrent.ForkJoinPool.runWorker(ForkJoinPool.java:1622)
	at java.base/java.util.concurrent.ForkJoinWorkerThread.run(ForkJoinWorkerThread.java:165)
Caused by: java.lang.NullPointerException: Cannot invoke "java.io.File.getAbsolutePath()" because the return value of "org.eclipse.wildwebdeveloper.embedder.node.NodeJSManager.getNodeJsLocation()" is null
	at org.eclipse.wildwebdeveloper.html.HTMLLanguageServer.<init>(HTMLLanguageServer.java:40)
	... 17 more
Root exception:
java.lang.NullPointerException: Cannot invoke "java.io.File.getAbsolutePath()" because the return value of "org.eclipse.wildwebdeveloper.embedder.node.NodeJSManager.getNodeJsLocation()" is null
	at org.eclipse.wildwebdeveloper.html.HTMLLanguageServer.<init>(HTMLLanguageServer.java:40)
	at jdk.internal.reflect.GeneratedConstructorAccessor102.newInstance(Unknown Source)
	at java.base/jdk.internal.reflect.DelegatingConstructorAccessorImpl.newInstance(DelegatingConstructorAccessorImpl.java:45)
	at java.base/java.lang.reflect.Constructor.newInstanceWithCaller(Constructor.java:499)
	at java.base/java.lang.reflect.Constructor.newInstance(Constructor.java:480)
	at org.eclipse.core.internal.registry.osgi.RegistryStrategyOSGI.createExecutableExtension(RegistryStrategyOSGI.java:204)
	at org.eclipse.core.internal.registry.ExtensionRegistry.createExecutableExtension(ExtensionRegistry.java:920)
	at org.eclipse.core.internal.registry.ConfigurationElement.createExecutableExtension(ConfigurationElement.java:246)
	at org.eclipse.core.internal.registry.ConfigurationElementHandle.createExecutableExtension(ConfigurationElementHandle.java:63)
	at org.eclipse.lsp4e.LanguageServersRegistry$ExtensionLanguageServerDefinition.createConnectionProvider(LanguageServersRegistry.java:161)
	at org.eclipse.lsp4e.LanguageServerWrapper.lambda$0(LanguageServerWrapper.java:233)
	at java.base/java.util.concurrent.CompletableFuture$AsyncSupply.run(CompletableFuture.java:1768)
	at java.base/java.util.concurrent.CompletableFuture$AsyncSupply.exec(CompletableFuture.java:1760)
	at java.base/java.util.concurrent.ForkJoinTask.doExec(ForkJoinTask.java:373)
	at java.base/java.util.concurrent.ForkJoinPool$WorkQueue.topLevelExec(ForkJoinPool.java:1182)
	at java.base/java.util.concurrent.ForkJoinPool.scan(ForkJoinPool.java:1655)
	at java.base/java.util.concurrent.ForkJoinPool.runWorker(ForkJoinPool.java:1622)
	at java.base/java.util.concurrent.ForkJoinWorkerThread.run(ForkJoinWorkerThread.java:165)

!ENTRY org.eclipse.lsp4e 4 0 2025-12-27 07:29:01.647
!MESSAGE Exception occurred while creating an instance of the stream connection provider
!STACK 0
java.lang.RuntimeException: Exception occurred while creating an instance of the stream connection provider
	at org.eclipse.lsp4e.LanguageServersRegistry$ExtensionLanguageServerDefinition.createConnectionProvider(LanguageServersRegistry.java:164)
	at org.eclipse.lsp4e.LanguageServerWrapper.lambda$0(LanguageServerWrapper.java:233)
	at java.base/java.util.concurrent.CompletableFuture$AsyncSupply.run(CompletableFuture.java:1768)
	at java.base/java.util.concurrent.CompletableFuture$AsyncSupply.exec(CompletableFuture.java:1760)
	at java.base/java.util.concurrent.ForkJoinTask.doExec(ForkJoinTask.java:373)
	at java.base/java.util.concurrent.ForkJoinPool$WorkQueue.topLevelExec(ForkJoinPool.java:1182)
	at java.base/java.util.concurrent.ForkJoinPool.scan(ForkJoinPool.java:1655)
	at java.base/java.util.concurrent.ForkJoinPool.runWorker(ForkJoinPool.java:1622)
	at java.base/java.util.concurrent.ForkJoinWorkerThread.run(ForkJoinWorkerThread.java:165)
Caused by: org.eclipse.core.runtime.CoreException: プラグイン "org.eclipse.wildwebdeveloper" は、クラス "org.eclipse.wildwebdeveloper.html.HTMLLanguageServer" をインスタンス化できませんでした。
	at org.eclipse.core.internal.registry.osgi.RegistryStrategyOSGI.throwException(RegistryStrategyOSGI.java:212)
	at org.eclipse.core.internal.registry.osgi.RegistryStrategyOSGI.createExecutableExtension(RegistryStrategyOSGI.java:206)
	at org.eclipse.core.internal.registry.ExtensionRegistry.createExecutableExtension(ExtensionRegistry.java:920)
	at org.eclipse.core.internal.registry.ConfigurationElement.createExecutableExtension(ConfigurationElement.java:246)
	at org.eclipse.core.internal.registry.ConfigurationElementHandle.createExecutableExtension(ConfigurationElementHandle.java:63)
	at org.eclipse.lsp4e.LanguageServersRegistry$ExtensionLanguageServerDefinition.createConnectionProvider(LanguageServersRegistry.java:161)
	... 8 more
Caused by: java.lang.reflect.InvocationTargetException
	at jdk.internal.reflect.GeneratedConstructorAccessor102.newInstance(Unknown Source)
	at java.base/jdk.internal.reflect.DelegatingConstructorAccessorImpl.newInstance(DelegatingConstructorAccessorImpl.java:45)
	at java.base/java.lang.reflect.Constructor.newInstanceWithCaller(Constructor.java:499)
	at java.base/java.lang.reflect.Constructor.newInstance(Constructor.java:480)
	at org.eclipse.core.internal.registry.osgi.RegistryStrategyOSGI.createExecutableExtension(RegistryStrategyOSGI.java:204)
	... 12 more
Caused by: java.lang.NullPointerException: Cannot invoke "java.io.File.getAbsolutePath()" because the return value of "org.eclipse.wildwebdeveloper.embedder.node.NodeJSManager.getNodeJsLocation()" is null
	at org.eclipse.wildwebdeveloper.html.HTMLLanguageServer.<init>(HTMLLanguageServer.java:40)
	... 17 more

!ENTRY org.eclipse.lsp4e 4 0 2025-12-27 07:29:01.647
!MESSAGE Cannot invoke "org.eclipse.lsp4e.server.StreamConnectionProvider.getInputStream()" because "this.lspStreamProvider" is null
!STACK 0
java.lang.NullPointerException: Cannot invoke "org.eclipse.lsp4e.server.StreamConnectionProvider.getInputStream()" because "this.lspStreamProvider" is null
	at org.eclipse.lsp4e.LanguageServerWrapper.lambda$1(LanguageServerWrapper.java:284)
	at java.base/java.util.concurrent.CompletableFuture$UniApply.tryFire(CompletableFuture.java:646)
	at java.base/java.util.concurrent.CompletableFuture.postComplete(CompletableFuture.java:510)
	at java.base/java.util.concurrent.CompletableFuture$AsyncSupply.run(CompletableFuture.java:1773)
	at java.base/java.util.concurrent.CompletableFuture$AsyncSupply.exec(CompletableFuture.java:1760)
	at java.base/java.util.concurrent.ForkJoinTask.doExec(ForkJoinTask.java:373)
	at java.base/java.util.concurrent.ForkJoinPool$WorkQueue.topLevelExec(ForkJoinPool.java:1182)
	at java.base/java.util.concurrent.ForkJoinPool.scan(ForkJoinPool.java:1655)
	at java.base/java.util.concurrent.ForkJoinPool.runWorker(ForkJoinPool.java:1622)
	at java.base/java.util.concurrent.ForkJoinWorkerThread.run(ForkJoinWorkerThread.java:165)

!ENTRY org.eclipse.lsp4e 4 0 2025-12-27 07:29:10.400
!MESSAGE プラグイン "org.eclipse.wildwebdeveloper" は、クラス "org.eclipse.wildwebdeveloper.angular.AngularLanguageServer" をインスタンス化できませんでした。
!STACK 1
org.eclipse.core.runtime.CoreException: プラグイン "org.eclipse.wildwebdeveloper" は、クラス "org.eclipse.wildwebdeveloper.angular.AngularLanguageServer" をインスタンス化できませんでした。
	at org.eclipse.core.internal.registry.osgi.RegistryStrategyOSGI.throwException(RegistryStrategyOSGI.java:212)
	at org.eclipse.core.internal.registry.osgi.RegistryStrategyOSGI.createExecutableExtension(RegistryStrategyOSGI.java:206)
	at org.eclipse.core.internal.registry.ExtensionRegistry.createExecutableExtension(ExtensionRegistry.java:920)
	at org.eclipse.core.internal.registry.ConfigurationElement.createExecutableExtension(ConfigurationElement.java:246)
	at org.eclipse.core.internal.registry.ConfigurationElementHandle.createExecutableExtension(ConfigurationElementHandle.java:63)
	at org.eclipse.lsp4e.LanguageServersRegistry$ExtensionLanguageServerDefinition.createConnectionProvider(LanguageServersRegistry.java:161)
	at org.eclipse.lsp4e.LanguageServerWrapper.lambda$0(LanguageServerWrapper.java:233)
	at java.base/java.util.concurrent.CompletableFuture$AsyncSupply.run(CompletableFuture.java:1768)
	at java.base/java.util.concurrent.CompletableFuture$AsyncSupply.exec(CompletableFuture.java:1760)
	at java.base/java.util.concurrent.ForkJoinTask.doExec(ForkJoinTask.java:373)
	at java.base/java.util.concurrent.ForkJoinPool$WorkQueue.topLevelExec(ForkJoinPool.java:1182)
	at java.base/java.util.concurrent.ForkJoinPool.scan(ForkJoinPool.java:1655)
	at java.base/java.util.concurrent.ForkJoinPool.runWorker(ForkJoinPool.java:1622)
	at java.base/java.util.concurrent.ForkJoinWorkerThread.run(ForkJoinWorkerThread.java:165)
Caused by: java.lang.reflect.InvocationTargetException
	at jdk.internal.reflect.GeneratedConstructorAccessor101.newInstance(Unknown Source)
	at java.base/jdk.internal.reflect.DelegatingConstructorAccessorImpl.newInstance(DelegatingConstructorAccessorImpl.java:45)
	at java.base/java.lang.reflect.Constructor.newInstanceWithCaller(Constructor.java:499)
	at java.base/java.lang.reflect.Constructor.newInstance(Constructor.java:480)
	at org.eclipse.core.internal.registry.osgi.RegistryStrategyOSGI.createExecutableExtension(RegistryStrategyOSGI.java:204)
	... 12 more
Caused by: java.lang.NullPointerException: Cannot invoke "java.io.File.getAbsolutePath()" because the return value of "org.eclipse.wildwebdeveloper.embedder.node.NodeJSManager.getNodeJsLocation()" is null
	at org.eclipse.wildwebdeveloper.angular.AngularLanguageServer.<init>(AngularLanguageServer.java:43)
	... 17 more
!SUBENTRY 1 org.eclipse.equinox.registry 4 1 2025-12-27 07:29:10.400
!MESSAGE プラグイン "org.eclipse.wildwebdeveloper" は、クラス "org.eclipse.wildwebdeveloper.angular.AngularLanguageServer" をインスタンス化できませんでした。
!STACK 0
java.lang.reflect.InvocationTargetException
	at jdk.internal.reflect.GeneratedConstructorAccessor101.newInstance(Unknown Source)
	at java.base/jdk.internal.reflect.DelegatingConstructorAccessorImpl.newInstance(DelegatingConstructorAccessorImpl.java:45)
	at java.base/java.lang.reflect.Constructor.newInstanceWithCaller(Constructor.java:499)
	at java.base/java.lang.reflect.Constructor.newInstance(Constructor.java:480)
	at org.eclipse.core.internal.registry.osgi.RegistryStrategyOSGI.createExecutableExtension(RegistryStrategyOSGI.java:204)
	at org.eclipse.core.internal.registry.ExtensionRegistry.createExecutableExtension(ExtensionRegistry.java:920)
	at org.eclipse.core.internal.registry.ConfigurationElement.createExecutableExtension(ConfigurationElement.java:246)
	at org.eclipse.core.internal.registry.ConfigurationElementHandle.createExecutableExtension(ConfigurationElementHandle.java:63)
	at org.eclipse.lsp4e.LanguageServersRegistry$ExtensionLanguageServerDefinition.createConnectionProvider(LanguageServersRegistry.java:161)
	at org.eclipse.lsp4e.LanguageServerWrapper.lambda$0(LanguageServerWrapper.java:233)
	at java.base/java.util.concurrent.CompletableFuture$AsyncSupply.run(CompletableFuture.java:1768)
	at java.base/java.util.concurrent.CompletableFuture$AsyncSupply.exec(CompletableFuture.java:1760)
	at java.base/java.util.concurrent.ForkJoinTask.doExec(ForkJoinTask.java:373)
	at java.base/java.util.concurrent.ForkJoinPool$WorkQueue.topLevelExec(ForkJoinPool.java:1182)
	at java.base/java.util.concurrent.ForkJoinPool.scan(ForkJoinPool.java:1655)
	at java.base/java.util.concurrent.ForkJoinPool.runWorker(ForkJoinPool.java:1622)
	at java.base/java.util.concurrent.ForkJoinWorkerThread.run(ForkJoinWorkerThread.java:165)
Caused by: java.lang.NullPointerException: Cannot invoke "java.io.File.getAbsolutePath()" because the return value of "org.eclipse.wildwebdeveloper.embedder.node.NodeJSManager.getNodeJsLocation()" is null
	at org.eclipse.wildwebdeveloper.angular.AngularLanguageServer.<init>(AngularLanguageServer.java:43)
	... 17 more
Root exception:
java.lang.NullPointerException: Cannot invoke "java.io.File.getAbsolutePath()" because the return value of "org.eclipse.wildwebdeveloper.embedder.node.NodeJSManager.getNodeJsLocation()" is null
	at org.eclipse.wildwebdeveloper.angular.AngularLanguageServer.<init>(AngularLanguageServer.java:43)
	at jdk.internal.reflect.GeneratedConstructorAccessor101.newInstance(Unknown Source)
	at java.base/jdk.internal.reflect.DelegatingConstructorAccessorImpl.newInstance(DelegatingConstructorAccessorImpl.java:45)
	at java.base/java.lang.reflect.Constructor.newInstanceWithCaller(Constructor.java:499)
	at java.base/java.lang.reflect.Constructor.newInstance(Constructor.java:480)
	at org.eclipse.core.internal.registry.osgi.RegistryStrategyOSGI.createExecutableExtension(RegistryStrategyOSGI.java:204)
	at org.eclipse.core.internal.registry.ExtensionRegistry.createExecutableExtension(ExtensionRegistry.java:920)
	at org.eclipse.core.internal.registry.ConfigurationElement.createExecutableExtension(ConfigurationElement.java:246)
	at org.eclipse.core.internal.registry.ConfigurationElementHandle.createExecutableExtension(ConfigurationElementHandle.java:63)
	at org.eclipse.lsp4e.LanguageServersRegistry$ExtensionLanguageServerDefinition.createConnectionProvider(LanguageServersRegistry.java:161)
	at org.eclipse.lsp4e.LanguageServerWrapper.lambda$0(LanguageServerWrapper.java:233)
	at java.base/java.util.concurrent.CompletableFuture$AsyncSupply.run(CompletableFuture.java:1768)
	at java.base/java.util.concurrent.CompletableFuture$AsyncSupply.exec(CompletableFuture.java:1760)
	at java.base/java.util.concurrent.ForkJoinTask.doExec(ForkJoinTask.java:373)
	at java.base/java.util.concurrent.ForkJoinPool$WorkQueue.topLevelExec(ForkJoinPool.java:1182)
	at java.base/java.util.concurrent.ForkJoinPool.scan(ForkJoinPool.java:1655)
	at java.base/java.util.concurrent.ForkJoinPool.runWorker(ForkJoinPool.java:1622)
	at java.base/java.util.concurrent.ForkJoinWorkerThread.run(ForkJoinWorkerThread.java:165)

!ENTRY org.eclipse.lsp4e 4 0 2025-12-27 07:29:10.400
!MESSAGE Exception occurred while creating an instance of the stream connection provider
!STACK 0
java.lang.RuntimeException: Exception occurred while creating an instance of the stream connection provider
	at org.eclipse.lsp4e.LanguageServersRegistry$ExtensionLanguageServerDefinition.createConnectionProvider(LanguageServersRegistry.java:164)
	at org.eclipse.lsp4e.LanguageServerWrapper.lambda$0(LanguageServerWrapper.java:233)
	at java.base/java.util.concurrent.CompletableFuture$AsyncSupply.run(CompletableFuture.java:1768)
	at java.base/java.util.concurrent.CompletableFuture$AsyncSupply.exec(CompletableFuture.java:1760)
	at java.base/java.util.concurrent.ForkJoinTask.doExec(ForkJoinTask.java:373)
	at java.base/java.util.concurrent.ForkJoinPool$WorkQueue.topLevelExec(ForkJoinPool.java:1182)
	at java.base/java.util.concurrent.ForkJoinPool.scan(ForkJoinPool.java:1655)
	at java.base/java.util.concurrent.ForkJoinPool.runWorker(ForkJoinPool.java:1622)
	at java.base/java.util.concurrent.ForkJoinWorkerThread.run(ForkJoinWorkerThread.java:165)
Caused by: org.eclipse.core.runtime.CoreException: プラグイン "org.eclipse.wildwebdeveloper" は、クラス "org.eclipse.wildwebdeveloper.angular.AngularLanguageServer" をインスタンス化できませんでした。
	at org.eclipse.core.internal.registry.osgi.RegistryStrategyOSGI.throwException(RegistryStrategyOSGI.java:212)
	at org.eclipse.core.internal.registry.osgi.RegistryStrategyOSGI.createExecutableExtension(RegistryStrategyOSGI.java:206)
	at org.eclipse.core.internal.registry.ExtensionRegistry.createExecutableExtension(ExtensionRegistry.java:920)
	at org.eclipse.core.internal.registry.ConfigurationElement.createExecutableExtension(ConfigurationElement.java:246)
	at org.eclipse.core.internal.registry.ConfigurationElementHandle.createExecutableExtension(ConfigurationElementHandle.java:63)
	at org.eclipse.lsp4e.LanguageServersRegistry$ExtensionLanguageServerDefinition.createConnectionProvider(LanguageServersRegistry.java:161)
	... 8 more
Caused by: java.lang.reflect.InvocationTargetException
	at jdk.internal.reflect.GeneratedConstructorAccessor101.newInstance(Unknown Source)
	at java.base/jdk.internal.reflect.DelegatingConstructorAccessorImpl.newInstance(DelegatingConstructorAccessorImpl.java:45)
	at java.base/java.lang.reflect.Constructor.newInstanceWithCaller(Constructor.java:499)
	at java.base/java.lang.reflect.Constructor.newInstance(Constructor.java:480)
	at org.eclipse.core.internal.registry.osgi.RegistryStrategyOSGI.createExecutableExtension(RegistryStrategyOSGI.java:204)
	... 12 more
Caused by: java.lang.NullPointerException: Cannot invoke "java.io.File.getAbsolutePath()" because the return value of "org.eclipse.wildwebdeveloper.embedder.node.NodeJSManager.getNodeJsLocation()" is null
	at org.eclipse.wildwebdeveloper.angular.AngularLanguageServer.<init>(AngularLanguageServer.java:43)
	... 17 more

!ENTRY org.eclipse.lsp4e 4 0 2025-12-27 07:29:10.401
!MESSAGE Cannot invoke "org.eclipse.lsp4e.server.StreamConnectionProvider.getInputStream()" because "this.lspStreamProvider" is null
!STACK 0
java.lang.NullPointerException: Cannot invoke "org.eclipse.lsp4e.server.StreamConnectionProvider.getInputStream()" because "this.lspStreamProvider" is null
	at org.eclipse.lsp4e.LanguageServerWrapper.lambda$1(LanguageServerWrapper.java:284)
	at java.base/java.util.concurrent.CompletableFuture$UniApply.tryFire(CompletableFuture.java:646)
	at java.base/java.util.concurrent.CompletableFuture.postComplete(CompletableFuture.java:510)
	at java.base/java.util.concurrent.CompletableFuture$AsyncSupply.run(CompletableFuture.java:1773)
	at java.base/java.util.concurrent.CompletableFuture$AsyncSupply.exec(CompletableFuture.java:1760)
	at java.base/java.util.concurrent.ForkJoinTask.doExec(ForkJoinTask.java:373)
	at java.base/java.util.concurrent.ForkJoinPool$WorkQueue.topLevelExec(ForkJoinPool.java:1182)
	at java.base/java.util.concurrent.ForkJoinPool.scan(ForkJoinPool.java:1655)
	at java.base/java.util.concurrent.ForkJoinPool.runWorker(ForkJoinPool.java:1622)
	at java.base/java.util.concurrent.ForkJoinWorkerThread.run(ForkJoinWorkerThread.java:165)

!ENTRY org.eclipse.lsp4e 4 0 2025-12-27 07:29:10.404
!MESSAGE プラグイン "org.eclipse.wildwebdeveloper" は、クラス "org.eclipse.wildwebdeveloper.html.HTMLLanguageServer" をインスタンス化できませんでした。
!STACK 1
org.eclipse.core.runtime.CoreException: プラグイン "org.eclipse.wildwebdeveloper" は、クラス "org.eclipse.wildwebdeveloper.html.HTMLLanguageServer" をインスタンス化できませんでした。
	at org.eclipse.core.internal.registry.osgi.RegistryStrategyOSGI.throwException(RegistryStrategyOSGI.java:212)
	at org.eclipse.core.internal.registry.osgi.RegistryStrategyOSGI.createExecutableExtension(RegistryStrategyOSGI.java:206)
	at org.eclipse.core.internal.registry.ExtensionRegistry.createExecutableExtension(ExtensionRegistry.java:920)
	at org.eclipse.core.internal.registry.ConfigurationElement.createExecutableExtension(ConfigurationElement.java:246)
	at org.eclipse.core.internal.registry.ConfigurationElementHandle.createExecutableExtension(ConfigurationElementHandle.java:63)
	at org.eclipse.lsp4e.LanguageServersRegistry$ExtensionLanguageServerDefinition.createConnectionProvider(LanguageServersRegistry.java:161)
	at org.eclipse.lsp4e.LanguageServerWrapper.lambda$0(LanguageServerWrapper.java:233)
	at java.base/java.util.concurrent.CompletableFuture$AsyncSupply.run(CompletableFuture.java:1768)
	at java.base/java.util.concurrent.CompletableFuture$AsyncSupply.exec(CompletableFuture.java:1760)
	at java.base/java.util.concurrent.ForkJoinTask.doExec(ForkJoinTask.java:373)
	at java.base/java.util.concurrent.ForkJoinPool$WorkQueue.topLevelExec(ForkJoinPool.java:1182)
	at java.base/java.util.concurrent.ForkJoinPool.scan(ForkJoinPool.java:1655)
	at java.base/java.util.concurrent.ForkJoinPool.runWorker(ForkJoinPool.java:1622)
	at java.base/java.util.concurrent.ForkJoinWorkerThread.run(ForkJoinWorkerThread.java:165)
Caused by: java.lang.reflect.InvocationTargetException
	at jdk.internal.reflect.GeneratedConstructorAccessor102.newInstance(Unknown Source)
	at java.base/jdk.internal.reflect.DelegatingConstructorAccessorImpl.newInstance(DelegatingConstructorAccessorImpl.java:45)
	at java.base/java.lang.reflect.Constructor.newInstanceWithCaller(Constructor.java:499)
	at java.base/java.lang.reflect.Constructor.newInstance(Constructor.java:480)
	at org.eclipse.core.internal.registry.osgi.RegistryStrategyOSGI.createExecutableExtension(RegistryStrategyOSGI.java:204)
	... 12 more
Caused by: java.lang.NullPointerException: Cannot invoke "java.io.File.getAbsolutePath()" because the return value of "org.eclipse.wildwebdeveloper.embedder.node.NodeJSManager.getNodeJsLocation()" is null
	at org.eclipse.wildwebdeveloper.html.HTMLLanguageServer.<init>(HTMLLanguageServer.java:40)
	... 17 more
!SUBENTRY 1 org.eclipse.equinox.registry 4 1 2025-12-27 07:29:10.404
!MESSAGE プラグイン "org.eclipse.wildwebdeveloper" は、クラス "org.eclipse.wildwebdeveloper.html.HTMLLanguageServer" をインスタンス化できませんでした。
!STACK 0
java.lang.reflect.InvocationTargetException
	at jdk.internal.reflect.GeneratedConstructorAccessor102.newInstance(Unknown Source)
	at java.base/jdk.internal.reflect.DelegatingConstructorAccessorImpl.newInstance(DelegatingConstructorAccessorImpl.java:45)
	at java.base/java.lang.reflect.Constructor.newInstanceWithCaller(Constructor.java:499)
	at java.base/java.lang.reflect.Constructor.newInstance(Constructor.java:480)
	at org.eclipse.core.internal.registry.osgi.RegistryStrategyOSGI.createExecutableExtension(RegistryStrategyOSGI.java:204)
	at org.eclipse.core.internal.registry.ExtensionRegistry.createExecutableExtension(ExtensionRegistry.java:920)
	at org.eclipse.core.internal.registry.ConfigurationElement.createExecutableExtension(ConfigurationElement.java:246)
	at org.eclipse.core.internal.registry.ConfigurationElementHandle.createExecutableExtension(ConfigurationElementHandle.java:63)
	at org.eclipse.lsp4e.LanguageServersRegistry$ExtensionLanguageServerDefinition.createConnectionProvider(LanguageServersRegistry.java:161)
	at org.eclipse.lsp4e.LanguageServerWrapper.lambda$0(LanguageServerWrapper.java:233)
	at java.base/java.util.concurrent.CompletableFuture$AsyncSupply.run(CompletableFuture.java:1768)
	at java.base/java.util.concurrent.CompletableFuture$AsyncSupply.exec(CompletableFuture.java:1760)
	at java.base/java.util.concurrent.ForkJoinTask.doExec(ForkJoinTask.java:373)
	at java.base/java.util.concurrent.ForkJoinPool$WorkQueue.topLevelExec(ForkJoinPool.java:1182)
	at java.base/java.util.concurrent.ForkJoinPool.scan(ForkJoinPool.java:1655)
	at java.base/java.util.concurrent.ForkJoinPool.runWorker(ForkJoinPool.java:1622)
	at java.base/java.util.concurrent.ForkJoinWorkerThread.run(ForkJoinWorkerThread.java:165)
Caused by: java.lang.NullPointerException: Cannot invoke "java.io.File.getAbsolutePath()" because the return value of "org.eclipse.wildwebdeveloper.embedder.node.NodeJSManager.getNodeJsLocation()" is null
	at org.eclipse.wildwebdeveloper.html.HTMLLanguageServer.<init>(HTMLLanguageServer.java:40)
	... 17 more
Root exception:
java.lang.NullPointerException: Cannot invoke "java.io.File.getAbsolutePath()" because the return value of "org.eclipse.wildwebdeveloper.embedder.node.NodeJSManager.getNodeJsLocation()" is null
	at org.eclipse.wildwebdeveloper.html.HTMLLanguageServer.<init>(HTMLLanguageServer.java:40)
	at jdk.internal.reflect.GeneratedConstructorAccessor102.newInstance(Unknown Source)
	at java.base/jdk.internal.reflect.DelegatingConstructorAccessorImpl.newInstance(DelegatingConstructorAccessorImpl.java:45)
	at java.base/java.lang.reflect.Constructor.newInstanceWithCaller(Constructor.java:499)
	at java.base/java.lang.reflect.Constructor.newInstance(Constructor.java:480)
	at org.eclipse.core.internal.registry.osgi.RegistryStrategyOSGI.createExecutableExtension(RegistryStrategyOSGI.java:204)
	at org.eclipse.core.internal.registry.ExtensionRegistry.createExecutableExtension(ExtensionRegistry.java:920)
	at org.eclipse.core.internal.registry.ConfigurationElement.createExecutableExtension(ConfigurationElement.java:246)
	at org.eclipse.core.internal.registry.ConfigurationElementHandle.createExecutableExtension(ConfigurationElementHandle.java:63)
	at org.eclipse.lsp4e.LanguageServersRegistry$ExtensionLanguageServerDefinition.createConnectionProvider(LanguageServersRegistry.java:161)
	at org.eclipse.lsp4e.LanguageServerWrapper.lambda$0(LanguageServerWrapper.java:233)
	at java.base/java.util.concurrent.CompletableFuture$AsyncSupply.run(CompletableFuture.java:1768)
	at java.base/java.util.concurrent.CompletableFuture$AsyncSupply.exec(CompletableFuture.java:1760)
	at java.base/java.util.concurrent.ForkJoinTask.doExec(ForkJoinTask.java:373)
	at java.base/java.util.concurrent.ForkJoinPool$WorkQueue.topLevelExec(ForkJoinPool.java:1182)
	at java.base/java.util.concurrent.ForkJoinPool.scan(ForkJoinPool.java:1655)
	at java.base/java.util.concurrent.ForkJoinPool.runWorker(ForkJoinPool.java:1622)
	at java.base/java.util.concurrent.ForkJoinWorkerThread.run(ForkJoinWorkerThread.java:165)

!ENTRY org.eclipse.lsp4e 4 0 2025-12-27 07:29:10.404
!MESSAGE Exception occurred while creating an instance of the stream connection provider
!STACK 0
java.lang.RuntimeException: Exception occurred while creating an instance of the stream connection provider
	at org.eclipse.lsp4e.LanguageServersRegistry$ExtensionLanguageServerDefinition.createConnectionProvider(LanguageServersRegistry.java:164)
	at org.eclipse.lsp4e.LanguageServerWrapper.lambda$0(LanguageServerWrapper.java:233)
	at java.base/java.util.concurrent.CompletableFuture$AsyncSupply.run(CompletableFuture.java:1768)
	at java.base/java.util.concurrent.CompletableFuture$AsyncSupply.exec(CompletableFuture.java:1760)
	at java.base/java.util.concurrent.ForkJoinTask.doExec(ForkJoinTask.java:373)
	at java.base/java.util.concurrent.ForkJoinPool$WorkQueue.topLevelExec(ForkJoinPool.java:1182)
	at java.base/java.util.concurrent.ForkJoinPool.scan(ForkJoinPool.java:1655)
	at java.base/java.util.concurrent.ForkJoinPool.runWorker(ForkJoinPool.java:1622)
	at java.base/java.util.concurrent.ForkJoinWorkerThread.run(ForkJoinWorkerThread.java:165)
Caused by: org.eclipse.core.runtime.CoreException: プラグイン "org.eclipse.wildwebdeveloper" は、クラス "org.eclipse.wildwebdeveloper.html.HTMLLanguageServer" をインスタンス化できませんでした。
	at org.eclipse.core.internal.registry.osgi.RegistryStrategyOSGI.throwException(RegistryStrategyOSGI.java:212)
	at org.eclipse.core.internal.registry.osgi.RegistryStrategyOSGI.createExecutableExtension(RegistryStrategyOSGI.java:206)
	at org.eclipse.core.internal.registry.ExtensionRegistry.createExecutableExtension(ExtensionRegistry.java:920)
	at org.eclipse.core.internal.registry.ConfigurationElement.createExecutableExtension(ConfigurationElement.java:246)
	at org.eclipse.core.internal.registry.ConfigurationElementHandle.createExecutableExtension(ConfigurationElementHandle.java:63)
	at org.eclipse.lsp4e.LanguageServersRegistry$ExtensionLanguageServerDefinition.createConnectionProvider(LanguageServersRegistry.java:161)
	... 8 more
Caused by: java.lang.reflect.InvocationTargetException
	at jdk.internal.reflect.GeneratedConstructorAccessor102.newInstance(Unknown Source)
	at java.base/jdk.internal.reflect.DelegatingConstructorAccessorImpl.newInstance(DelegatingConstructorAccessorImpl.java:45)
	at java.base/java.lang.reflect.Constructor.newInstanceWithCaller(Constructor.java:499)
	at java.base/java.lang.reflect.Constructor.newInstance(Constructor.java:480)
	at org.eclipse.core.internal.registry.osgi.RegistryStrategyOSGI.createExecutableExtension(RegistryStrategyOSGI.java:204)
	... 12 more
Caused by: java.lang.NullPointerException: Cannot invoke "java.io.File.getAbsolutePath()" because the return value of "org.eclipse.wildwebdeveloper.embedder.node.NodeJSManager.getNodeJsLocation()" is null
	at org.eclipse.wildwebdeveloper.html.HTMLLanguageServer.<init>(HTMLLanguageServer.java:40)
	... 17 more

!ENTRY org.eclipse.lsp4e 4 0 2025-12-27 07:29:10.405
!MESSAGE Cannot invoke "org.eclipse.lsp4e.server.StreamConnectionProvider.getInputStream()" because "this.lspStreamProvider" is null
!STACK 0
java.lang.NullPointerException: Cannot invoke "org.eclipse.lsp4e.server.StreamConnectionProvider.getInputStream()" because "this.lspStreamProvider" is null
	at org.eclipse.lsp4e.LanguageServerWrapper.lambda$1(LanguageServerWrapper.java:284)
	at java.base/java.util.concurrent.CompletableFuture$UniApply.tryFire(CompletableFuture.java:646)
	at java.base/java.util.concurrent.CompletableFuture.postComplete(CompletableFuture.java:510)
	at java.base/java.util.concurrent.CompletableFuture$AsyncSupply.run(CompletableFuture.java:1773)
	at java.base/java.util.concurrent.CompletableFuture$AsyncSupply.exec(CompletableFuture.java:1760)
	at java.base/java.util.concurrent.ForkJoinTask.doExec(ForkJoinTask.java:373)
	at java.base/java.util.concurrent.ForkJoinPool$WorkQueue.topLevelExec(ForkJoinPool.java:1182)
	at java.base/java.util.concurrent.ForkJoinPool.scan(ForkJoinPool.java:1655)
	at java.base/java.util.concurrent.ForkJoinPool.runWorker(ForkJoinPool.java:1622)
	at java.base/java.util.concurrent.ForkJoinWorkerThread.run(ForkJoinWorkerThread.java:165)

!ENTRY org.eclipse.lsp4e 4 0 2025-12-27 07:29:10.469
!MESSAGE プラグイン "org.eclipse.wildwebdeveloper" は、クラス "org.eclipse.wildwebdeveloper.html.HTMLLanguageServer" をインスタンス化できませんでした。
!STACK 1
org.eclipse.core.runtime.CoreException: プラグイン "org.eclipse.wildwebdeveloper" は、クラス "org.eclipse.wildwebdeveloper.html.HTMLLanguageServer" をインスタンス化できませんでした。
	at org.eclipse.core.internal.registry.osgi.RegistryStrategyOSGI.throwException(RegistryStrategyOSGI.java:212)
	at org.eclipse.core.internal.registry.osgi.RegistryStrategyOSGI.createExecutableExtension(RegistryStrategyOSGI.java:206)
	at org.eclipse.core.internal.registry.ExtensionRegistry.createExecutableExtension(ExtensionRegistry.java:920)
	at org.eclipse.core.internal.registry.ConfigurationElement.createExecutableExtension(ConfigurationElement.java:246)
	at org.eclipse.core.internal.registry.ConfigurationElementHandle.createExecutableExtension(ConfigurationElementHandle.java:63)
	at org.eclipse.lsp4e.LanguageServersRegistry$ExtensionLanguageServerDefinition.createConnectionProvider(LanguageServersRegistry.java:161)
	at org.eclipse.lsp4e.LanguageServerWrapper.lambda$0(LanguageServerWrapper.java:233)
	at java.base/java.util.concurrent.CompletableFuture$AsyncSupply.run(CompletableFuture.java:1768)
	at java.base/java.util.concurrent.CompletableFuture$AsyncSupply.exec(CompletableFuture.java:1760)
	at java.base/java.util.concurrent.ForkJoinTask.doExec(ForkJoinTask.java:373)
	at java.base/java.util.concurrent.ForkJoinPool$WorkQueue.topLevelExec(ForkJoinPool.java:1182)
	at java.base/java.util.concurrent.ForkJoinPool.scan(ForkJoinPool.java:1655)
	at java.base/java.util.concurrent.ForkJoinPool.runWorker(ForkJoinPool.java:1622)
	at java.base/java.util.concurrent.ForkJoinWorkerThread.run(ForkJoinWorkerThread.java:165)
Caused by: java.lang.reflect.InvocationTargetException
	at jdk.internal.reflect.GeneratedConstructorAccessor102.newInstance(Unknown Source)
	at java.base/jdk.internal.reflect.DelegatingConstructorAccessorImpl.newInstance(DelegatingConstructorAccessorImpl.java:45)
	at java.base/java.lang.reflect.Constructor.newInstanceWithCaller(Constructor.java:499)
	at java.base/java.lang.reflect.Constructor.newInstance(Constructor.java:480)
	at org.eclipse.core.internal.registry.osgi.RegistryStrategyOSGI.createExecutableExtension(RegistryStrategyOSGI.java:204)
	... 12 more
Caused by: java.lang.NullPointerException: Cannot invoke "java.io.File.getAbsolutePath()" because the return value of "org.eclipse.wildwebdeveloper.embedder.node.NodeJSManager.getNodeJsLocation()" is null
	at org.eclipse.wildwebdeveloper.html.HTMLLanguageServer.<init>(HTMLLanguageServer.java:40)
	... 17 more
!SUBENTRY 1 org.eclipse.equinox.registry 4 1 2025-12-27 07:29:10.469
!MESSAGE プラグイン "org.eclipse.wildwebdeveloper" は、クラス "org.eclipse.wildwebdeveloper.html.HTMLLanguageServer" をインスタンス化できませんでした。
!STACK 0
java.lang.reflect.InvocationTargetException
	at jdk.internal.reflect.GeneratedConstructorAccessor102.newInstance(Unknown Source)
	at java.base/jdk.internal.reflect.DelegatingConstructorAccessorImpl.newInstance(DelegatingConstructorAccessorImpl.java:45)
	at java.base/java.lang.reflect.Constructor.newInstanceWithCaller(Constructor.java:499)
	at java.base/java.lang.reflect.Constructor.newInstance(Constructor.java:480)
	at org.eclipse.core.internal.registry.osgi.RegistryStrategyOSGI.createExecutableExtension(RegistryStrategyOSGI.java:204)
	at org.eclipse.core.internal.registry.ExtensionRegistry.createExecutableExtension(ExtensionRegistry.java:920)
	at org.eclipse.core.internal.registry.ConfigurationElement.createExecutableExtension(ConfigurationElement.java:246)
	at org.eclipse.core.internal.registry.ConfigurationElementHandle.createExecutableExtension(ConfigurationElementHandle.java:63)
	at org.eclipse.lsp4e.LanguageServersRegistry$ExtensionLanguageServerDefinition.createConnectionProvider(LanguageServersRegistry.java:161)
	at org.eclipse.lsp4e.LanguageServerWrapper.lambda$0(LanguageServerWrapper.java:233)
	at java.base/java.util.concurrent.CompletableFuture$AsyncSupply.run(CompletableFuture.java:1768)
	at java.base/java.util.concurrent.CompletableFuture$AsyncSupply.exec(CompletableFuture.java:1760)
	at java.base/java.util.concurrent.ForkJoinTask.doExec(ForkJoinTask.java:373)
	at java.base/java.util.concurrent.ForkJoinPool$WorkQueue.topLevelExec(ForkJoinPool.java:1182)
	at java.base/java.util.concurrent.ForkJoinPool.scan(ForkJoinPool.java:1655)
	at java.base/java.util.concurrent.ForkJoinPool.runWorker(ForkJoinPool.java:1622)
	at java.base/java.util.concurrent.ForkJoinWorkerThread.run(ForkJoinWorkerThread.java:165)
Caused by: java.lang.NullPointerException: Cannot invoke "java.io.File.getAbsolutePath()" because the return value of "org.eclipse.wildwebdeveloper.embedder.node.NodeJSManager.getNodeJsLocation()" is null
	at org.eclipse.wildwebdeveloper.html.HTMLLanguageServer.<init>(HTMLLanguageServer.java:40)
	... 17 more
Root exception:
java.lang.NullPointerException: Cannot invoke "java.io.File.getAbsolutePath()" because the return value of "org.eclipse.wildwebdeveloper.embedder.node.NodeJSManager.getNodeJsLocation()" is null
	at org.eclipse.wildwebdeveloper.html.HTMLLanguageServer.<init>(HTMLLanguageServer.java:40)
	at jdk.internal.reflect.GeneratedConstructorAccessor102.newInstance(Unknown Source)
	at java.base/jdk.internal.reflect.DelegatingConstructorAccessorImpl.newInstance(DelegatingConstructorAccessorImpl.java:45)
	at java.base/java.lang.reflect.Constructor.newInstanceWithCaller(Constructor.java:499)
	at java.base/java.lang.reflect.Constructor.newInstance(Constructor.java:480)
	at org.eclipse.core.internal.registry.osgi.RegistryStrategyOSGI.createExecutableExtension(RegistryStrategyOSGI.java:204)
	at org.eclipse.core.internal.registry.ExtensionRegistry.createExecutableExtension(ExtensionRegistry.java:920)
	at org.eclipse.core.internal.registry.ConfigurationElement.createExecutableExtension(ConfigurationElement.java:246)
	at org.eclipse.core.internal.registry.ConfigurationElementHandle.createExecutableExtension(ConfigurationElementHandle.java:63)
	at org.eclipse.lsp4e.LanguageServersRegistry$ExtensionLanguageServerDefinition.createConnectionProvider(LanguageServersRegistry.java:161)
	at org.eclipse.lsp4e.LanguageServerWrapper.lambda$0(LanguageServerWrapper.java:233)
	at java.base/java.util.concurrent.CompletableFuture$AsyncSupply.run(CompletableFuture.java:1768)
	at java.base/java.util.concurrent.CompletableFuture$AsyncSupply.exec(CompletableFuture.java:1760)
	at java.base/java.util.concurrent.ForkJoinTask.doExec(ForkJoinTask.java:373)
	at java.base/java.util.concurrent.ForkJoinPool$WorkQueue.topLevelExec(ForkJoinPool.java:1182)
	at java.base/java.util.concurrent.ForkJoinPool.scan(ForkJoinPool.java:1655)
	at java.base/java.util.concurrent.ForkJoinPool.runWorker(ForkJoinPool.java:1622)
	at java.base/java.util.concurrent.ForkJoinWorkerThread.run(ForkJoinWorkerThread.java:165)

!ENTRY org.eclipse.lsp4e 4 0 2025-12-27 07:29:10.469
!MESSAGE プラグイン "org.eclipse.wildwebdeveloper" は、クラス "org.eclipse.wildwebdeveloper.angular.AngularLanguageServer" をインスタンス化できませんでした。
!STACK 1
org.eclipse.core.runtime.CoreException: プラグイン "org.eclipse.wildwebdeveloper" は、クラス "org.eclipse.wildwebdeveloper.angular.AngularLanguageServer" をインスタンス化できませんでした。
	at org.eclipse.core.internal.registry.osgi.RegistryStrategyOSGI.throwException(RegistryStrategyOSGI.java:212)
	at org.eclipse.core.internal.registry.osgi.RegistryStrategyOSGI.createExecutableExtension(RegistryStrategyOSGI.java:206)
	at org.eclipse.core.internal.registry.ExtensionRegistry.createExecutableExtension(ExtensionRegistry.java:920)
	at org.eclipse.core.internal.registry.ConfigurationElement.createExecutableExtension(ConfigurationElement.java:246)
	at org.eclipse.core.internal.registry.ConfigurationElementHandle.createExecutableExtension(ConfigurationElementHandle.java:63)
	at org.eclipse.lsp4e.LanguageServersRegistry$ExtensionLanguageServerDefinition.createConnectionProvider(LanguageServersRegistry.java:161)
	at org.eclipse.lsp4e.LanguageServerWrapper.lambda$0(LanguageServerWrapper.java:233)
	at java.base/java.util.concurrent.CompletableFuture$AsyncSupply.run(CompletableFuture.java:1768)
	at java.base/java.util.concurrent.CompletableFuture$AsyncSupply.exec(CompletableFuture.java:1760)
	at java.base/java.util.concurrent.ForkJoinTask.doExec(ForkJoinTask.java:373)
	at java.base/java.util.concurrent.ForkJoinPool$WorkQueue.topLevelExec(ForkJoinPool.java:1182)
	at java.base/java.util.concurrent.ForkJoinPool.scan(ForkJoinPool.java:1655)
	at java.base/java.util.concurrent.ForkJoinPool.runWorker(ForkJoinPool.java:1622)
	at java.base/java.util.concurrent.ForkJoinWorkerThread.run(ForkJoinWorkerThread.java:165)
Caused by: java.lang.reflect.InvocationTargetException
	at jdk.internal.reflect.GeneratedConstructorAccessor101.newInstance(Unknown Source)
	at java.base/jdk.internal.reflect.DelegatingConstructorAccessorImpl.newInstance(DelegatingConstructorAccessorImpl.java:45)
	at java.base/java.lang.reflect.Constructor.newInstanceWithCaller(Constructor.java:499)
	at java.base/java.lang.reflect.Constructor.newInstance(Constructor.java:480)
	at org.eclipse.core.internal.registry.osgi.RegistryStrategyOSGI.createExecutableExtension(RegistryStrategyOSGI.java:204)
	... 12 more
Caused by: java.lang.NullPointerException: Cannot invoke "java.io.File.getAbsolutePath()" because the return value of "org.eclipse.wildwebdeveloper.embedder.node.NodeJSManager.getNodeJsLocation()" is null
	at org.eclipse.wildwebdeveloper.angular.AngularLanguageServer.<init>(AngularLanguageServer.java:43)
	... 17 more
!SUBENTRY 1 org.eclipse.equinox.registry 4 1 2025-12-27 07:29:10.469
!MESSAGE プラグイン "org.eclipse.wildwebdeveloper" は、クラス "org.eclipse.wildwebdeveloper.angular.AngularLanguageServer" をインスタンス化できませんでした。
!STACK 0
java.lang.reflect.InvocationTargetException
	at jdk.internal.reflect.GeneratedConstructorAccessor101.newInstance(Unknown Source)
	at java.base/jdk.internal.reflect.DelegatingConstructorAccessorImpl.newInstance(DelegatingConstructorAccessorImpl.java:45)
	at java.base/java.lang.reflect.Constructor.newInstanceWithCaller(Constructor.java:499)
	at java.base/java.lang.reflect.Constructor.newInstance(Constructor.java:480)
	at org.eclipse.core.internal.registry.osgi.RegistryStrategyOSGI.createExecutableExtension(RegistryStrategyOSGI.java:204)
	at org.eclipse.core.internal.registry.ExtensionRegistry.createExecutableExtension(ExtensionRegistry.java:920)
	at org.eclipse.core.internal.registry.ConfigurationElement.createExecutableExtension(ConfigurationElement.java:246)
	at org.eclipse.core.internal.registry.ConfigurationElementHandle.createExecutableExtension(ConfigurationElementHandle.java:63)
	at org.eclipse.lsp4e.LanguageServersRegistry$ExtensionLanguageServerDefinition.createConnectionProvider(LanguageServersRegistry.java:161)
	at org.eclipse.lsp4e.LanguageServerWrapper.lambda$0(LanguageServerWrapper.java:233)
	at java.base/java.util.concurrent.CompletableFuture$AsyncSupply.run(CompletableFuture.java:1768)
	at java.base/java.util.concurrent.CompletableFuture$AsyncSupply.exec(CompletableFuture.java:1760)
	at java.base/java.util.concurrent.ForkJoinTask.doExec(ForkJoinTask.java:373)
	at java.base/java.util.concurrent.ForkJoinPool$WorkQueue.topLevelExec(ForkJoinPool.java:1182)
	at java.base/java.util.concurrent.ForkJoinPool.scan(ForkJoinPool.java:1655)
	at java.base/java.util.concurrent.ForkJoinPool.runWorker(ForkJoinPool.java:1622)
	at java.base/java.util.concurrent.ForkJoinWorkerThread.run(ForkJoinWorkerThread.java:165)
Caused by: java.lang.NullPointerException: Cannot invoke "java.io.File.getAbsolutePath()" because the return value of "org.eclipse.wildwebdeveloper.embedder.node.NodeJSManager.getNodeJsLocation()" is null
	at org.eclipse.wildwebdeveloper.angular.AngularLanguageServer.<init>(AngularLanguageServer.java:43)
	... 17 more
Root exception:
java.lang.NullPointerException: Cannot invoke "java.io.File.getAbsolutePath()" because the return value of "org.eclipse.wildwebdeveloper.embedder.node.NodeJSManager.getNodeJsLocation()" is null
	at org.eclipse.wildwebdeveloper.angular.AngularLanguageServer.<init>(AngularLanguageServer.java:43)
	at jdk.internal.reflect.GeneratedConstructorAccessor101.newInstance(Unknown Source)
	at java.base/jdk.internal.reflect.DelegatingConstructorAccessorImpl.newInstance(DelegatingConstructorAccessorImpl.java:45)
	at java.base/java.lang.reflect.Constructor.newInstanceWithCaller(Constructor.java:499)
	at java.base/java.lang.reflect.Constructor.newInstance(Constructor.java:480)
	at org.eclipse.core.internal.registry.osgi.RegistryStrategyOSGI.createExecutableExtension(RegistryStrategyOSGI.java:204)
	at org.eclipse.core.internal.registry.ExtensionRegistry.createExecutableExtension(ExtensionRegistry.java:920)
	at org.eclipse.core.internal.registry.ConfigurationElement.createExecutableExtension(ConfigurationElement.java:246)
	at org.eclipse.core.internal.registry.ConfigurationElementHandle.createExecutableExtension(ConfigurationElementHandle.java:63)
	at org.eclipse.lsp4e.LanguageServersRegistry$ExtensionLanguageServerDefinition.createConnectionProvider(LanguageServersRegistry.java:161)
	at org.eclipse.lsp4e.LanguageServerWrapper.lambda$0(LanguageServerWrapper.java:233)
	at java.base/java.util.concurrent.CompletableFuture$AsyncSupply.run(CompletableFuture.java:1768)
	at java.base/java.util.concurrent.CompletableFuture$AsyncSupply.exec(CompletableFuture.java:1760)
	at java.base/java.util.concurrent.ForkJoinTask.doExec(ForkJoinTask.java:373)
	at java.base/java.util.concurrent.ForkJoinPool$WorkQueue.topLevelExec(ForkJoinPool.java:1182)
	at java.base/java.util.concurrent.ForkJoinPool.scan(ForkJoinPool.java:1655)
	at java.base/java.util.concurrent.ForkJoinPool.runWorker(ForkJoinPool.java:1622)
	at java.base/java.util.concurrent.ForkJoinWorkerThread.run(ForkJoinWorkerThread.java:165)

!ENTRY org.eclipse.lsp4e 4 0 2025-12-27 07:29:10.469
!MESSAGE Exception occurred while creating an instance of the stream connection provider
!STACK 0
java.lang.RuntimeException: Exception occurred while creating an instance of the stream connection provider
	at org.eclipse.lsp4e.LanguageServersRegistry$ExtensionLanguageServerDefinition.createConnectionProvider(LanguageServersRegistry.java:164)
	at org.eclipse.lsp4e.LanguageServerWrapper.lambda$0(LanguageServerWrapper.java:233)
	at java.base/java.util.concurrent.CompletableFuture$AsyncSupply.run(CompletableFuture.java:1768)
	at java.base/java.util.concurrent.CompletableFuture$AsyncSupply.exec(CompletableFuture.java:1760)
	at java.base/java.util.concurrent.ForkJoinTask.doExec(ForkJoinTask.java:373)
	at java.base/java.util.concurrent.ForkJoinPool$WorkQueue.topLevelExec(ForkJoinPool.java:1182)
	at java.base/java.util.concurrent.ForkJoinPool.scan(ForkJoinPool.java:1655)
	at java.base/java.util.concurrent.ForkJoinPool.runWorker(ForkJoinPool.java:1622)
	at java.base/java.util.concurrent.ForkJoinWorkerThread.run(ForkJoinWorkerThread.java:165)
Caused by: org.eclipse.core.runtime.CoreException: プラグイン "org.eclipse.wildwebdeveloper" は、クラス "org.eclipse.wildwebdeveloper.html.HTMLLanguageServer" をインスタンス化できませんでした。
	at org.eclipse.core.internal.registry.osgi.RegistryStrategyOSGI.throwException(RegistryStrategyOSGI.java:212)
	at org.eclipse.core.internal.registry.osgi.RegistryStrategyOSGI.createExecutableExtension(RegistryStrategyOSGI.java:206)
	at org.eclipse.core.internal.registry.ExtensionRegistry.createExecutableExtension(ExtensionRegistry.java:920)
	at org.eclipse.core.internal.registry.ConfigurationElement.createExecutableExtension(ConfigurationElement.java:246)
	at org.eclipse.core.internal.registry.ConfigurationElementHandle.createExecutableExtension(ConfigurationElementHandle.java:63)
	at org.eclipse.lsp4e.LanguageServersRegistry$ExtensionLanguageServerDefinition.createConnectionProvider(LanguageServersRegistry.java:161)
	... 8 more
Caused by: java.lang.reflect.InvocationTargetException
	at jdk.internal.reflect.GeneratedConstructorAccessor102.newInstance(Unknown Source)
	at java.base/jdk.internal.reflect.DelegatingConstructorAccessorImpl.newInstance(DelegatingConstructorAccessorImpl.java:45)
	at java.base/java.lang.reflect.Constructor.newInstanceWithCaller(Constructor.java:499)
	at java.base/java.lang.reflect.Constructor.newInstance(Constructor.java:480)
	at org.eclipse.core.internal.registry.osgi.RegistryStrategyOSGI.createExecutableExtension(RegistryStrategyOSGI.java:204)
	... 12 more
Caused by: java.lang.NullPointerException: Cannot invoke "java.io.File.getAbsolutePath()" because the return value of "org.eclipse.wildwebdeveloper.embedder.node.NodeJSManager.getNodeJsLocation()" is null
	at org.eclipse.wildwebdeveloper.html.HTMLLanguageServer.<init>(HTMLLanguageServer.java:40)
	... 17 more

!ENTRY org.eclipse.lsp4e 4 0 2025-12-27 07:29:10.469
!MESSAGE Exception occurred while creating an instance of the stream connection provider
!STACK 0
java.lang.RuntimeException: Exception occurred while creating an instance of the stream connection provider
	at org.eclipse.lsp4e.LanguageServersRegistry$ExtensionLanguageServerDefinition.createConnectionProvider(LanguageServersRegistry.java:164)
	at org.eclipse.lsp4e.LanguageServerWrapper.lambda$0(LanguageServerWrapper.java:233)
	at java.base/java.util.concurrent.CompletableFuture$AsyncSupply.run(CompletableFuture.java:1768)
	at java.base/java.util.concurrent.CompletableFuture$AsyncSupply.exec(CompletableFuture.java:1760)
	at java.base/java.util.concurrent.ForkJoinTask.doExec(ForkJoinTask.java:373)
	at java.base/java.util.concurrent.ForkJoinPool$WorkQueue.topLevelExec(ForkJoinPool.java:1182)
	at java.base/java.util.concurrent.ForkJoinPool.scan(ForkJoinPool.java:1655)
	at java.base/java.util.concurrent.ForkJoinPool.runWorker(ForkJoinPool.java:1622)
	at java.base/java.util.concurrent.ForkJoinWorkerThread.run(ForkJoinWorkerThread.java:165)
Caused by: org.eclipse.core.runtime.CoreException: プラグイン "org.eclipse.wildwebdeveloper" は、クラス "org.eclipse.wildwebdeveloper.angular.AngularLanguageServer" をインスタンス化できませんでした。
	at org.eclipse.core.internal.registry.osgi.RegistryStrategyOSGI.throwException(RegistryStrategyOSGI.java:212)
	at org.eclipse.core.internal.registry.osgi.RegistryStrategyOSGI.createExecutableExtension(RegistryStrategyOSGI.java:206)
	at org.eclipse.core.internal.registry.ExtensionRegistry.createExecutableExtension(ExtensionRegistry.java:920)
	at org.eclipse.core.internal.registry.ConfigurationElement.createExecutableExtension(ConfigurationElement.java:246)
	at org.eclipse.core.internal.registry.ConfigurationElementHandle.createExecutableExtension(ConfigurationElementHandle.java:63)
	at org.eclipse.lsp4e.LanguageServersRegistry$ExtensionLanguageServerDefinition.createConnectionProvider(LanguageServersRegistry.java:161)
	... 8 more
Caused by: java.lang.reflect.InvocationTargetException
	at jdk.internal.reflect.GeneratedConstructorAccessor101.newInstance(Unknown Source)
	at java.base/jdk.internal.reflect.DelegatingConstructorAccessorImpl.newInstance(DelegatingConstructorAccessorImpl.java:45)
	at java.base/java.lang.reflect.Constructor.newInstanceWithCaller(Constructor.java:499)
	at java.base/java.lang.reflect.Constructor.newInstance(Constructor.java:480)
	at org.eclipse.core.internal.registry.osgi.RegistryStrategyOSGI.createExecutableExtension(RegistryStrategyOSGI.java:204)
	... 12 more
Caused by: java.lang.NullPointerException: Cannot invoke "java.io.File.getAbsolutePath()" because the return value of "org.eclipse.wildwebdeveloper.embedder.node.NodeJSManager.getNodeJsLocation()" is null
	at org.eclipse.wildwebdeveloper.angular.AngularLanguageServer.<init>(AngularLanguageServer.java:43)
	... 17 more

!ENTRY org.eclipse.lsp4e 4 0 2025-12-27 07:29:10.471
!MESSAGE Cannot invoke "org.eclipse.lsp4e.server.StreamConnectionProvider.getInputStream()" because "this.lspStreamProvider" is null
!STACK 0
java.lang.NullPointerException: Cannot invoke "org.eclipse.lsp4e.server.StreamConnectionProvider.getInputStream()" because "this.lspStreamProvider" is null
	at org.eclipse.lsp4e.LanguageServerWrapper.lambda$1(LanguageServerWrapper.java:284)
	at java.base/java.util.concurrent.CompletableFuture$UniApply.tryFire(CompletableFuture.java:646)
	at java.base/java.util.concurrent.CompletableFuture.postComplete(CompletableFuture.java:510)
	at java.base/java.util.concurrent.CompletableFuture$AsyncSupply.run(CompletableFuture.java:1773)
	at java.base/java.util.concurrent.CompletableFuture$AsyncSupply.exec(CompletableFuture.java:1760)
	at java.base/java.util.concurrent.ForkJoinTask.doExec(ForkJoinTask.java:373)
	at java.base/java.util.concurrent.ForkJoinPool$WorkQueue.topLevelExec(ForkJoinPool.java:1182)
	at java.base/java.util.concurrent.ForkJoinPool.scan(ForkJoinPool.java:1655)
	at java.base/java.util.concurrent.ForkJoinPool.runWorker(ForkJoinPool.java:1622)
	at java.base/java.util.concurrent.ForkJoinWorkerThread.run(ForkJoinWorkerThread.java:165)

!ENTRY org.eclipse.lsp4e 4 0 2025-12-27 07:29:10.471
!MESSAGE Cannot invoke "org.eclipse.lsp4e.server.StreamConnectionProvider.getInputStream()" because "this.lspStreamProvider" is null
!STACK 0
java.lang.NullPointerException: Cannot invoke "org.eclipse.lsp4e.server.StreamConnectionProvider.getInputStream()" because "this.lspStreamProvider" is null
	at org.eclipse.lsp4e.LanguageServerWrapper.lambda$1(LanguageServerWrapper.java:284)
	at java.base/java.util.concurrent.CompletableFuture$UniApply.tryFire(CompletableFuture.java:646)
	at java.base/java.util.concurrent.CompletableFuture.postComplete(CompletableFuture.java:510)
	at java.base/java.util.concurrent.CompletableFuture$AsyncSupply.run(CompletableFuture.java:1773)
	at java.base/java.util.concurrent.CompletableFuture$AsyncSupply.exec(CompletableFuture.java:1760)
	at java.base/java.util.concurrent.ForkJoinTask.doExec(ForkJoinTask.java:373)
	at java.base/java.util.concurrent.ForkJoinPool$WorkQueue.topLevelExec(ForkJoinPool.java:1182)
	at java.base/java.util.concurrent.ForkJoinPool.scan(ForkJoinPool.java:1655)
	at java.base/java.util.concurrent.ForkJoinPool.runWorker(ForkJoinPool.java:1622)
	at java.base/java.util.concurrent.ForkJoinWorkerThread.run(ForkJoinWorkerThread.java:165)

!ENTRY org.eclipse.lsp4e 4 0 2025-12-27 07:29:10.547
!MESSAGE プラグイン "org.eclipse.wildwebdeveloper" は、クラス "org.eclipse.wildwebdeveloper.angular.AngularLanguageServer" をインスタンス化できませんでした。
!STACK 1
org.eclipse.core.runtime.CoreException: プラグイン "org.eclipse.wildwebdeveloper" は、クラス "org.eclipse.wildwebdeveloper.angular.AngularLanguageServer" をインスタンス化できませんでした。
	at org.eclipse.core.internal.registry.osgi.RegistryStrategyOSGI.throwException(RegistryStrategyOSGI.java:212)
	at org.eclipse.core.internal.registry.osgi.RegistryStrategyOSGI.createExecutableExtension(RegistryStrategyOSGI.java:206)
	at org.eclipse.core.internal.registry.ExtensionRegistry.createExecutableExtension(ExtensionRegistry.java:920)
	at org.eclipse.core.internal.registry.ConfigurationElement.createExecutableExtension(ConfigurationElement.java:246)
	at org.eclipse.core.internal.registry.ConfigurationElementHandle.createExecutableExtension(ConfigurationElementHandle.java:63)
	at org.eclipse.lsp4e.LanguageServersRegistry$ExtensionLanguageServerDefinition.createConnectionProvider(LanguageServersRegistry.java:161)
	at org.eclipse.lsp4e.LanguageServerWrapper.lambda$0(LanguageServerWrapper.java:233)
	at java.base/java.util.concurrent.CompletableFuture$AsyncSupply.run(CompletableFuture.java:1768)
	at java.base/java.util.concurrent.CompletableFuture$AsyncSupply.exec(CompletableFuture.java:1760)
	at java.base/java.util.concurrent.ForkJoinTask.doExec(ForkJoinTask.java:373)
	at java.base/java.util.concurrent.ForkJoinPool$WorkQueue.topLevelExec(ForkJoinPool.java:1182)
	at java.base/java.util.concurrent.ForkJoinPool.scan(ForkJoinPool.java:1655)
	at java.base/java.util.concurrent.ForkJoinPool.runWorker(ForkJoinPool.java:1622)
	at java.base/java.util.concurrent.ForkJoinWorkerThread.run(ForkJoinWorkerThread.java:165)
Caused by: java.lang.reflect.InvocationTargetException
	at jdk.internal.reflect.GeneratedConstructorAccessor101.newInstance(Unknown Source)
	at java.base/jdk.internal.reflect.DelegatingConstructorAccessorImpl.newInstance(DelegatingConstructorAccessorImpl.java:45)
	at java.base/java.lang.reflect.Constructor.newInstanceWithCaller(Constructor.java:499)
	at java.base/java.lang.reflect.Constructor.newInstance(Constructor.java:480)
	at org.eclipse.core.internal.registry.osgi.RegistryStrategyOSGI.createExecutableExtension(RegistryStrategyOSGI.java:204)
	... 12 more
Caused by: java.lang.NullPointerException: Cannot invoke "java.io.File.getAbsolutePath()" because the return value of "org.eclipse.wildwebdeveloper.embedder.node.NodeJSManager.getNodeJsLocation()" is null
	at org.eclipse.wildwebdeveloper.angular.AngularLanguageServer.<init>(AngularLanguageServer.java:43)
	... 17 more
!SUBENTRY 1 org.eclipse.equinox.registry 4 1 2025-12-27 07:29:10.547
!MESSAGE プラグイン "org.eclipse.wildwebdeveloper" は、クラス "org.eclipse.wildwebdeveloper.angular.AngularLanguageServer" をインスタンス化できませんでした。
!STACK 0
java.lang.reflect.InvocationTargetException
	at jdk.internal.reflect.GeneratedConstructorAccessor101.newInstance(Unknown Source)
	at java.base/jdk.internal.reflect.DelegatingConstructorAccessorImpl.newInstance(DelegatingConstructorAccessorImpl.java:45)
	at java.base/java.lang.reflect.Constructor.newInstanceWithCaller(Constructor.java:499)
	at java.base/java.lang.reflect.Constructor.newInstance(Constructor.java:480)
	at org.eclipse.core.internal.registry.osgi.RegistryStrategyOSGI.createExecutableExtension(RegistryStrategyOSGI.java:204)
	at org.eclipse.core.internal.registry.ExtensionRegistry.createExecutableExtension(ExtensionRegistry.java:920)
	at org.eclipse.core.internal.registry.ConfigurationElement.createExecutableExtension(ConfigurationElement.java:246)
	at org.eclipse.core.internal.registry.ConfigurationElementHandle.createExecutableExtension(ConfigurationElementHandle.java:63)
	at org.eclipse.lsp4e.LanguageServersRegistry$ExtensionLanguageServerDefinition.createConnectionProvider(LanguageServersRegistry.java:161)
	at org.eclipse.lsp4e.LanguageServerWrapper.lambda$0(LanguageServerWrapper.java:233)
	at java.base/java.util.concurrent.CompletableFuture$AsyncSupply.run(CompletableFuture.java:1768)
	at java.base/java.util.concurrent.CompletableFuture$AsyncSupply.exec(CompletableFuture.java:1760)
	at java.base/java.util.concurrent.ForkJoinTask.doExec(ForkJoinTask.java:373)
	at java.base/java.util.concurrent.ForkJoinPool$WorkQueue.topLevelExec(ForkJoinPool.java:1182)
	at java.base/java.util.concurrent.ForkJoinPool.scan(ForkJoinPool.java:1655)
	at java.base/java.util.concurrent.ForkJoinPool.runWorker(ForkJoinPool.java:1622)
	at java.base/java.util.concurrent.ForkJoinWorkerThread.run(ForkJoinWorkerThread.java:165)
Caused by: java.lang.NullPointerException: Cannot invoke "java.io.File.getAbsolutePath()" because the return value of "org.eclipse.wildwebdeveloper.embedder.node.NodeJSManager.getNodeJsLocation()" is null
	at org.eclipse.wildwebdeveloper.angular.AngularLanguageServer.<init>(AngularLanguageServer.java:43)
	... 17 more
Root exception:
java.lang.NullPointerException: Cannot invoke "java.io.File.getAbsolutePath()" because the return value of "org.eclipse.wildwebdeveloper.embedder.node.NodeJSManager.getNodeJsLocation()" is null
	at org.eclipse.wildwebdeveloper.angular.AngularLanguageServer.<init>(AngularLanguageServer.java:43)
	at jdk.internal.reflect.GeneratedConstructorAccessor101.newInstance(Unknown Source)
	at java.base/jdk.internal.reflect.DelegatingConstructorAccessorImpl.newInstance(DelegatingConstructorAccessorImpl.java:45)
	at java.base/java.lang.reflect.Constructor.newInstanceWithCaller(Constructor.java:499)
	at java.base/java.lang.reflect.Constructor.newInstance(Constructor.java:480)
	at org.eclipse.core.internal.registry.osgi.RegistryStrategyOSGI.createExecutableExtension(RegistryStrategyOSGI.java:204)
	at org.eclipse.core.internal.registry.ExtensionRegistry.createExecutableExtension(ExtensionRegistry.java:920)
	at org.eclipse.core.internal.registry.ConfigurationElement.createExecutableExtension(ConfigurationElement.java:246)
	at org.eclipse.core.internal.registry.ConfigurationElementHandle.createExecutableExtension(ConfigurationElementHandle.java:63)
	at org.eclipse.lsp4e.LanguageServersRegistry$ExtensionLanguageServerDefinition.createConnectionProvider(LanguageServersRegistry.java:161)
	at org.eclipse.lsp4e.LanguageServerWrapper.lambda$0(LanguageServerWrapper.java:233)
	at java.base/java.util.concurrent.CompletableFuture$AsyncSupply.run(CompletableFuture.java:1768)
	at java.base/java.util.concurrent.CompletableFuture$AsyncSupply.exec(CompletableFuture.java:1760)
	at java.base/java.util.concurrent.ForkJoinTask.doExec(ForkJoinTask.java:373)
	at java.base/java.util.concurrent.ForkJoinPool$WorkQueue.topLevelExec(ForkJoinPool.java:1182)
	at java.base/java.util.concurrent.ForkJoinPool.scan(ForkJoinPool.java:1655)
	at java.base/java.util.concurrent.ForkJoinPool.runWorker(ForkJoinPool.java:1622)
	at java.base/java.util.concurrent.ForkJoinWorkerThread.run(ForkJoinWorkerThread.java:165)

!ENTRY org.eclipse.lsp4e 4 0 2025-12-27 07:29:10.547
!MESSAGE Exception occurred while creating an instance of the stream connection provider
!STACK 0
java.lang.RuntimeException: Exception occurred while creating an instance of the stream connection provider
	at org.eclipse.lsp4e.LanguageServersRegistry$ExtensionLanguageServerDefinition.createConnectionProvider(LanguageServersRegistry.java:164)
	at org.eclipse.lsp4e.LanguageServerWrapper.lambda$0(LanguageServerWrapper.java:233)
	at java.base/java.util.concurrent.CompletableFuture$AsyncSupply.run(CompletableFuture.java:1768)
	at java.base/java.util.concurrent.CompletableFuture$AsyncSupply.exec(CompletableFuture.java:1760)
	at java.base/java.util.concurrent.ForkJoinTask.doExec(ForkJoinTask.java:373)
	at java.base/java.util.concurrent.ForkJoinPool$WorkQueue.topLevelExec(ForkJoinPool.java:1182)
	at java.base/java.util.concurrent.ForkJoinPool.scan(ForkJoinPool.java:1655)
	at java.base/java.util.concurrent.ForkJoinPool.runWorker(ForkJoinPool.java:1622)
	at java.base/java.util.concurrent.ForkJoinWorkerThread.run(ForkJoinWorkerThread.java:165)
Caused by: org.eclipse.core.runtime.CoreException: プラグイン "org.eclipse.wildwebdeveloper" は、クラス "org.eclipse.wildwebdeveloper.angular.AngularLanguageServer" をインスタンス化できませんでした。
	at org.eclipse.core.internal.registry.osgi.RegistryStrategyOSGI.throwException(RegistryStrategyOSGI.java:212)
	at org.eclipse.core.internal.registry.osgi.RegistryStrategyOSGI.createExecutableExtension(RegistryStrategyOSGI.java:206)
	at org.eclipse.core.internal.registry.ExtensionRegistry.createExecutableExtension(ExtensionRegistry.java:920)
	at org.eclipse.core.internal.registry.ConfigurationElement.createExecutableExtension(ConfigurationElement.java:246)
	at org.eclipse.core.internal.registry.ConfigurationElementHandle.createExecutableExtension(ConfigurationElementHandle.java:63)
	at org.eclipse.lsp4e.LanguageServersRegistry$ExtensionLanguageServerDefinition.createConnectionProvider(LanguageServersRegistry.java:161)
	... 8 more
Caused by: java.lang.reflect.InvocationTargetException
	at jdk.internal.reflect.GeneratedConstructorAccessor101.newInstance(Unknown Source)
	at java.base/jdk.internal.reflect.DelegatingConstructorAccessorImpl.newInstance(DelegatingConstructorAccessorImpl.java:45)
	at java.base/java.lang.reflect.Constructor.newInstanceWithCaller(Constructor.java:499)
	at java.base/java.lang.reflect.Constructor.newInstance(Constructor.java:480)
	at org.eclipse.core.internal.registry.osgi.RegistryStrategyOSGI.createExecutableExtension(RegistryStrategyOSGI.java:204)
	... 12 more
Caused by: java.lang.NullPointerException: Cannot invoke "java.io.File.getAbsolutePath()" because the return value of "org.eclipse.wildwebdeveloper.embedder.node.NodeJSManager.getNodeJsLocation()" is null
	at org.eclipse.wildwebdeveloper.angular.AngularLanguageServer.<init>(AngularLanguageServer.java:43)
	... 17 more

!ENTRY org.eclipse.lsp4e 4 0 2025-12-27 07:29:10.548
!MESSAGE Cannot invoke "org.eclipse.lsp4e.server.StreamConnectionProvider.getInputStream()" because "this.lspStreamProvider" is null
!STACK 0
java.lang.NullPointerException: Cannot invoke "org.eclipse.lsp4e.server.StreamConnectionProvider.getInputStream()" because "this.lspStreamProvider" is null
	at org.eclipse.lsp4e.LanguageServerWrapper.lambda$1(LanguageServerWrapper.java:284)
	at java.base/java.util.concurrent.CompletableFuture$UniApply.tryFire(CompletableFuture.java:646)
	at java.base/java.util.concurrent.CompletableFuture.postComplete(CompletableFuture.java:510)
	at java.base/java.util.concurrent.CompletableFuture$AsyncSupply.run(CompletableFuture.java:1773)
	at java.base/java.util.concurrent.CompletableFuture$AsyncSupply.exec(CompletableFuture.java:1760)
	at java.base/java.util.concurrent.ForkJoinTask.doExec(ForkJoinTask.java:373)
	at java.base/java.util.concurrent.ForkJoinPool$WorkQueue.topLevelExec(ForkJoinPool.java:1182)
	at java.base/java.util.concurrent.ForkJoinPool.scan(ForkJoinPool.java:1655)
	at java.base/java.util.concurrent.ForkJoinPool.runWorker(ForkJoinPool.java:1622)
	at java.base/java.util.concurrent.ForkJoinWorkerThread.run(ForkJoinWorkerThread.java:165)

!ENTRY org.eclipse.lsp4e 4 0 2025-12-27 07:29:10.548
!MESSAGE プラグイン "org.eclipse.wildwebdeveloper" は、クラス "org.eclipse.wildwebdeveloper.html.HTMLLanguageServer" をインスタンス化できませんでした。
!STACK 1
org.eclipse.core.runtime.CoreException: プラグイン "org.eclipse.wildwebdeveloper" は、クラス "org.eclipse.wildwebdeveloper.html.HTMLLanguageServer" をインスタンス化できませんでした。
	at org.eclipse.core.internal.registry.osgi.RegistryStrategyOSGI.throwException(RegistryStrategyOSGI.java:212)
	at org.eclipse.core.internal.registry.osgi.RegistryStrategyOSGI.createExecutableExtension(RegistryStrategyOSGI.java:206)
	at org.eclipse.core.internal.registry.ExtensionRegistry.createExecutableExtension(ExtensionRegistry.java:920)
	at org.eclipse.core.internal.registry.ConfigurationElement.createExecutableExtension(ConfigurationElement.java:246)
	at org.eclipse.core.internal.registry.ConfigurationElementHandle.createExecutableExtension(ConfigurationElementHandle.java:63)
	at org.eclipse.lsp4e.LanguageServersRegistry$ExtensionLanguageServerDefinition.createConnectionProvider(LanguageServersRegistry.java:161)
	at org.eclipse.lsp4e.LanguageServerWrapper.lambda$0(LanguageServerWrapper.java:233)
	at java.base/java.util.concurrent.CompletableFuture$AsyncSupply.run(CompletableFuture.java:1768)
	at java.base/java.util.concurrent.CompletableFuture$AsyncSupply.exec(CompletableFuture.java:1760)
	at java.base/java.util.concurrent.ForkJoinTask.doExec(ForkJoinTask.java:373)
	at java.base/java.util.concurrent.ForkJoinPool$WorkQueue.topLevelExec(ForkJoinPool.java:1182)
	at java.base/java.util.concurrent.ForkJoinPool.scan(ForkJoinPool.java:1655)
	at java.base/java.util.concurrent.ForkJoinPool.runWorker(ForkJoinPool.java:1622)
	at java.base/java.util.concurrent.ForkJoinWorkerThread.run(ForkJoinWorkerThread.java:165)
Caused by: java.lang.reflect.InvocationTargetException
	at jdk.internal.reflect.GeneratedConstructorAccessor102.newInstance(Unknown Source)
	at java.base/jdk.internal.reflect.DelegatingConstructorAccessorImpl.newInstance(DelegatingConstructorAccessorImpl.java:45)
	at java.base/java.lang.reflect.Constructor.newInstanceWithCaller(Constructor.java:499)
	at java.base/java.lang.reflect.Constructor.newInstance(Constructor.java:480)
	at org.eclipse.core.internal.registry.osgi.RegistryStrategyOSGI.createExecutableExtension(RegistryStrategyOSGI.java:204)
	... 12 more
Caused by: java.lang.NullPointerException: Cannot invoke "java.io.File.getAbsolutePath()" because the return value of "org.eclipse.wildwebdeveloper.embedder.node.NodeJSManager.getNodeJsLocation()" is null
	at org.eclipse.wildwebdeveloper.html.HTMLLanguageServer.<init>(HTMLLanguageServer.java:40)
	... 17 more
!SUBENTRY 1 org.eclipse.equinox.registry 4 1 2025-12-27 07:29:10.548
!MESSAGE プラグイン "org.eclipse.wildwebdeveloper" は、クラス "org.eclipse.wildwebdeveloper.html.HTMLLanguageServer" をインスタンス化できませんでした。
!STACK 0
java.lang.reflect.InvocationTargetException
	at jdk.internal.reflect.GeneratedConstructorAccessor102.newInstance(Unknown Source)
	at java.base/jdk.internal.reflect.DelegatingConstructorAccessorImpl.newInstance(DelegatingConstructorAccessorImpl.java:45)
	at java.base/java.lang.reflect.Constructor.newInstanceWithCaller(Constructor.java:499)
	at java.base/java.lang.reflect.Constructor.newInstance(Constructor.java:480)
	at org.eclipse.core.internal.registry.osgi.RegistryStrategyOSGI.createExecutableExtension(RegistryStrategyOSGI.java:204)
	at org.eclipse.core.internal.registry.ExtensionRegistry.createExecutableExtension(ExtensionRegistry.java:920)
	at org.eclipse.core.internal.registry.ConfigurationElement.createExecutableExtension(ConfigurationElement.java:246)
	at org.eclipse.core.internal.registry.ConfigurationElementHandle.createExecutableExtension(ConfigurationElementHandle.java:63)
	at org.eclipse.lsp4e.LanguageServersRegistry$ExtensionLanguageServerDefinition.createConnectionProvider(LanguageServersRegistry.java:161)
	at org.eclipse.lsp4e.LanguageServerWrapper.lambda$0(LanguageServerWrapper.java:233)
	at java.base/java.util.concurrent.CompletableFuture$AsyncSupply.run(CompletableFuture.java:1768)
	at java.base/java.util.concurrent.CompletableFuture$AsyncSupply.exec(CompletableFuture.java:1760)
	at java.base/java.util.concurrent.ForkJoinTask.doExec(ForkJoinTask.java:373)
	at java.base/java.util.concurrent.ForkJoinPool$WorkQueue.topLevelExec(ForkJoinPool.java:1182)
	at java.base/java.util.concurrent.ForkJoinPool.scan(ForkJoinPool.java:1655)
	at java.base/java.util.concurrent.ForkJoinPool.runWorker(ForkJoinPool.java:1622)
	at java.base/java.util.concurrent.ForkJoinWorkerThread.run(ForkJoinWorkerThread.java:165)
Caused by: java.lang.NullPointerException: Cannot invoke "java.io.File.getAbsolutePath()" because the return value of "org.eclipse.wildwebdeveloper.embedder.node.NodeJSManager.getNodeJsLocation()" is null
	at org.eclipse.wildwebdeveloper.html.HTMLLanguageServer.<init>(HTMLLanguageServer.java:40)
	... 17 more
Root exception:
java.lang.NullPointerException: Cannot invoke "java.io.File.getAbsolutePath()" because the return value of "org.eclipse.wildwebdeveloper.embedder.node.NodeJSManager.getNodeJsLocation()" is null
	at org.eclipse.wildwebdeveloper.html.HTMLLanguageServer.<init>(HTMLLanguageServer.java:40)
	at jdk.internal.reflect.GeneratedConstructorAccessor102.newInstance(Unknown Source)
	at java.base/jdk.internal.reflect.DelegatingConstructorAccessorImpl.newInstance(DelegatingConstructorAccessorImpl.java:45)
	at java.base/java.lang.reflect.Constructor.newInstanceWithCaller(Constructor.java:499)
	at java.base/java.lang.reflect.Constructor.newInstance(Constructor.java:480)
	at org.eclipse.core.internal.registry.osgi.RegistryStrategyOSGI.createExecutableExtension(RegistryStrategyOSGI.java:204)
	at org.eclipse.core.internal.registry.ExtensionRegistry.createExecutableExtension(ExtensionRegistry.java:920)
	at org.eclipse.core.internal.registry.ConfigurationElement.createExecutableExtension(ConfigurationElement.java:246)
	at org.eclipse.core.internal.registry.ConfigurationElementHandle.createExecutableExtension(ConfigurationElementHandle.java:63)
	at org.eclipse.lsp4e.LanguageServersRegistry$ExtensionLanguageServerDefinition.createConnectionProvider(LanguageServersRegistry.java:161)
	at org.eclipse.lsp4e.LanguageServerWrapper.lambda$0(LanguageServerWrapper.java:233)
	at java.base/java.util.concurrent.CompletableFuture$AsyncSupply.run(CompletableFuture.java:1768)
	at java.base/java.util.concurrent.CompletableFuture$AsyncSupply.exec(CompletableFuture.java:1760)
	at java.base/java.util.concurrent.ForkJoinTask.doExec(ForkJoinTask.java:373)
	at java.base/java.util.concurrent.ForkJoinPool$WorkQueue.topLevelExec(ForkJoinPool.java:1182)
	at java.base/java.util.concurrent.ForkJoinPool.scan(ForkJoinPool.java:1655)
	at java.base/java.util.concurrent.ForkJoinPool.runWorker(ForkJoinPool.java:1622)
	at java.base/java.util.concurrent.ForkJoinWorkerThread.run(ForkJoinWorkerThread.java:165)

!ENTRY org.eclipse.lsp4e 4 0 2025-12-27 07:29:10.548
!MESSAGE Exception occurred while creating an instance of the stream connection provider
!STACK 0
java.lang.RuntimeException: Exception occurred while creating an instance of the stream connection provider
	at org.eclipse.lsp4e.LanguageServersRegistry$ExtensionLanguageServerDefinition.createConnectionProvider(LanguageServersRegistry.java:164)
	at org.eclipse.lsp4e.LanguageServerWrapper.lambda$0(LanguageServerWrapper.java:233)
	at java.base/java.util.concurrent.CompletableFuture$AsyncSupply.run(CompletableFuture.java:1768)
	at java.base/java.util.concurrent.CompletableFuture$AsyncSupply.exec(CompletableFuture.java:1760)
	at java.base/java.util.concurrent.ForkJoinTask.doExec(ForkJoinTask.java:373)
	at java.base/java.util.concurrent.ForkJoinPool$WorkQueue.topLevelExec(ForkJoinPool.java:1182)
	at java.base/java.util.concurrent.ForkJoinPool.scan(ForkJoinPool.java:1655)
	at java.base/java.util.concurrent.ForkJoinPool.runWorker(ForkJoinPool.java:1622)
	at java.base/java.util.concurrent.ForkJoinWorkerThread.run(ForkJoinWorkerThread.java:165)
Caused by: org.eclipse.core.runtime.CoreException: プラグイン "org.eclipse.wildwebdeveloper" は、クラス "org.eclipse.wildwebdeveloper.html.HTMLLanguageServer" をインスタンス化できませんでした。
	at org.eclipse.core.internal.registry.osgi.RegistryStrategyOSGI.throwException(RegistryStrategyOSGI.java:212)
	at org.eclipse.core.internal.registry.osgi.RegistryStrategyOSGI.createExecutableExtension(RegistryStrategyOSGI.java:206)
	at org.eclipse.core.internal.registry.ExtensionRegistry.createExecutableExtension(ExtensionRegistry.java:920)
	at org.eclipse.core.internal.registry.ConfigurationElement.createExecutableExtension(ConfigurationElement.java:246)
	at org.eclipse.core.internal.registry.ConfigurationElementHandle.createExecutableExtension(ConfigurationElementHandle.java:63)
	at org.eclipse.lsp4e.LanguageServersRegistry$ExtensionLanguageServerDefinition.createConnectionProvider(LanguageServersRegistry.java:161)
	... 8 more
Caused by: java.lang.reflect.InvocationTargetException
	at jdk.internal.reflect.GeneratedConstructorAccessor102.newInstance(Unknown Source)
	at java.base/jdk.internal.reflect.DelegatingConstructorAccessorImpl.newInstance(DelegatingConstructorAccessorImpl.java:45)
	at java.base/java.lang.reflect.Constructor.newInstanceWithCaller(Constructor.java:499)
	at java.base/java.lang.reflect.Constructor.newInstance(Constructor.java:480)
	at org.eclipse.core.internal.registry.osgi.RegistryStrategyOSGI.createExecutableExtension(RegistryStrategyOSGI.java:204)
	... 12 more
Caused by: java.lang.NullPointerException: Cannot invoke "java.io.File.getAbsolutePath()" because the return value of "org.eclipse.wildwebdeveloper.embedder.node.NodeJSManager.getNodeJsLocation()" is null
	at org.eclipse.wildwebdeveloper.html.HTMLLanguageServer.<init>(HTMLLanguageServer.java:40)
	... 17 more

!ENTRY org.eclipse.lsp4e 4 0 2025-12-27 07:29:10.549
!MESSAGE Cannot invoke "org.eclipse.lsp4e.server.StreamConnectionProvider.getInputStream()" because "this.lspStreamProvider" is null
!STACK 0
java.lang.NullPointerException: Cannot invoke "org.eclipse.lsp4e.server.StreamConnectionProvider.getInputStream()" because "this.lspStreamProvider" is null
	at org.eclipse.lsp4e.LanguageServerWrapper.lambda$1(LanguageServerWrapper.java:284)
	at java.base/java.util.concurrent.CompletableFuture$UniApply.tryFire(CompletableFuture.java:646)
	at java.base/java.util.concurrent.CompletableFuture.postComplete(CompletableFuture.java:510)
	at java.base/java.util.concurrent.CompletableFuture$AsyncSupply.run(CompletableFuture.java:1773)
	at java.base/java.util.concurrent.CompletableFuture$AsyncSupply.exec(CompletableFuture.java:1760)
	at java.base/java.util.concurrent.ForkJoinTask.doExec(ForkJoinTask.java:373)
	at java.base/java.util.concurrent.ForkJoinPool$WorkQueue.topLevelExec(ForkJoinPool.java:1182)
	at java.base/java.util.concurrent.ForkJoinPool.scan(ForkJoinPool.java:1655)
	at java.base/java.util.concurrent.ForkJoinPool.runWorker(ForkJoinPool.java:1622)
	at java.base/java.util.concurrent.ForkJoinWorkerThread.run(ForkJoinWorkerThread.java:165)

!ENTRY org.eclipse.lsp4e 4 0 2025-12-27 07:29:10.618
!MESSAGE プラグイン "org.eclipse.wildwebdeveloper" は、クラス "org.eclipse.wildwebdeveloper.html.HTMLLanguageServer" をインスタンス化できませんでした。
!STACK 1
org.eclipse.core.runtime.CoreException: プラグイン "org.eclipse.wildwebdeveloper" は、クラス "org.eclipse.wildwebdeveloper.html.HTMLLanguageServer" をインスタンス化できませんでした。
	at org.eclipse.core.internal.registry.osgi.RegistryStrategyOSGI.throwException(RegistryStrategyOSGI.java:212)
	at org.eclipse.core.internal.registry.osgi.RegistryStrategyOSGI.createExecutableExtension(RegistryStrategyOSGI.java:206)
	at org.eclipse.core.internal.registry.ExtensionRegistry.createExecutableExtension(ExtensionRegistry.java:920)
	at org.eclipse.core.internal.registry.ConfigurationElement.createExecutableExtension(ConfigurationElement.java:246)
	at org.eclipse.core.internal.registry.ConfigurationElementHandle.createExecutableExtension(ConfigurationElementHandle.java:63)
	at org.eclipse.lsp4e.LanguageServersRegistry$ExtensionLanguageServerDefinition.createConnectionProvider(LanguageServersRegistry.java:161)
	at org.eclipse.lsp4e.LanguageServerWrapper.lambda$0(LanguageServerWrapper.java:233)
	at java.base/java.util.concurrent.CompletableFuture$AsyncSupply.run(CompletableFuture.java:1768)
	at java.base/java.util.concurrent.CompletableFuture$AsyncSupply.exec(CompletableFuture.java:1760)
	at java.base/java.util.concurrent.ForkJoinTask.doExec(ForkJoinTask.java:373)
	at java.base/java.util.concurrent.ForkJoinPool$WorkQueue.topLevelExec(ForkJoinPool.java:1182)
	at java.base/java.util.concurrent.ForkJoinPool.scan(ForkJoinPool.java:1655)
	at java.base/java.util.concurrent.ForkJoinPool.runWorker(ForkJoinPool.java:1622)
	at java.base/java.util.concurrent.ForkJoinWorkerThread.run(ForkJoinWorkerThread.java:165)
Caused by: java.lang.reflect.InvocationTargetException
	at jdk.internal.reflect.GeneratedConstructorAccessor102.newInstance(Unknown Source)
	at java.base/jdk.internal.reflect.DelegatingConstructorAccessorImpl.newInstance(DelegatingConstructorAccessorImpl.java:45)
	at java.base/java.lang.reflect.Constructor.newInstanceWithCaller(Constructor.java:499)
	at java.base/java.lang.reflect.Constructor.newInstance(Constructor.java:480)
	at org.eclipse.core.internal.registry.osgi.RegistryStrategyOSGI.createExecutableExtension(RegistryStrategyOSGI.java:204)
	... 12 more
Caused by: java.lang.NullPointerException: Cannot invoke "java.io.File.getAbsolutePath()" because the return value of "org.eclipse.wildwebdeveloper.embedder.node.NodeJSManager.getNodeJsLocation()" is null
	at org.eclipse.wildwebdeveloper.html.HTMLLanguageServer.<init>(HTMLLanguageServer.java:40)
	... 17 more
!SUBENTRY 1 org.eclipse.equinox.registry 4 1 2025-12-27 07:29:10.618
!MESSAGE プラグイン "org.eclipse.wildwebdeveloper" は、クラス "org.eclipse.wildwebdeveloper.html.HTMLLanguageServer" をインスタンス化できませんでした。
!STACK 0
java.lang.reflect.InvocationTargetException
	at jdk.internal.reflect.GeneratedConstructorAccessor102.newInstance(Unknown Source)
	at java.base/jdk.internal.reflect.DelegatingConstructorAccessorImpl.newInstance(DelegatingConstructorAccessorImpl.java:45)
	at java.base/java.lang.reflect.Constructor.newInstanceWithCaller(Constructor.java:499)
	at java.base/java.lang.reflect.Constructor.newInstance(Constructor.java:480)
	at org.eclipse.core.internal.registry.osgi.RegistryStrategyOSGI.createExecutableExtension(RegistryStrategyOSGI.java:204)
	at org.eclipse.core.internal.registry.ExtensionRegistry.createExecutableExtension(ExtensionRegistry.java:920)
	at org.eclipse.core.internal.registry.ConfigurationElement.createExecutableExtension(ConfigurationElement.java:246)
	at org.eclipse.core.internal.registry.ConfigurationElementHandle.createExecutableExtension(ConfigurationElementHandle.java:63)
	at org.eclipse.lsp4e.LanguageServersRegistry$ExtensionLanguageServerDefinition.createConnectionProvider(LanguageServersRegistry.java:161)
	at org.eclipse.lsp4e.LanguageServerWrapper.lambda$0(LanguageServerWrapper.java:233)
	at java.base/java.util.concurrent.CompletableFuture$AsyncSupply.run(CompletableFuture.java:1768)
	at java.base/java.util.concurrent.CompletableFuture$AsyncSupply.exec(CompletableFuture.java:1760)
	at java.base/java.util.concurrent.ForkJoinTask.doExec(ForkJoinTask.java:373)
	at java.base/java.util.concurrent.ForkJoinPool$WorkQueue.topLevelExec(ForkJoinPool.java:1182)
	at java.base/java.util.concurrent.ForkJoinPool.scan(ForkJoinPool.java:1655)
	at java.base/java.util.concurrent.ForkJoinPool.runWorker(ForkJoinPool.java:1622)
	at java.base/java.util.concurrent.ForkJoinWorkerThread.run(ForkJoinWorkerThread.java:165)
Caused by: java.lang.NullPointerException: Cannot invoke "java.io.File.getAbsolutePath()" because the return value of "org.eclipse.wildwebdeveloper.embedder.node.NodeJSManager.getNodeJsLocation()" is null
	at org.eclipse.wildwebdeveloper.html.HTMLLanguageServer.<init>(HTMLLanguageServer.java:40)
	... 17 more
Root exception:
java.lang.NullPointerException: Cannot invoke "java.io.File.getAbsolutePath()" because the return value of "org.eclipse.wildwebdeveloper.embedder.node.NodeJSManager.getNodeJsLocation()" is null
	at org.eclipse.wildwebdeveloper.html.HTMLLanguageServer.<init>(HTMLLanguageServer.java:40)
	at jdk.internal.reflect.GeneratedConstructorAccessor102.newInstance(Unknown Source)
	at java.base/jdk.internal.reflect.DelegatingConstructorAccessorImpl.newInstance(DelegatingConstructorAccessorImpl.java:45)
	at java.base/java.lang.reflect.Constructor.newInstanceWithCaller(Constructor.java:499)
	at java.base/java.lang.reflect.Constructor.newInstance(Constructor.java:480)
	at org.eclipse.core.internal.registry.osgi.RegistryStrategyOSGI.createExecutableExtension(RegistryStrategyOSGI.java:204)
	at org.eclipse.core.internal.registry.ExtensionRegistry.createExecutableExtension(ExtensionRegistry.java:920)
	at org.eclipse.core.internal.registry.ConfigurationElement.createExecutableExtension(ConfigurationElement.java:246)
	at org.eclipse.core.internal.registry.ConfigurationElementHandle.createExecutableExtension(ConfigurationElementHandle.java:63)
	at org.eclipse.lsp4e.LanguageServersRegistry$ExtensionLanguageServerDefinition.createConnectionProvider(LanguageServersRegistry.java:161)
	at org.eclipse.lsp4e.LanguageServerWrapper.lambda$0(LanguageServerWrapper.java:233)
	at java.base/java.util.concurrent.CompletableFuture$AsyncSupply.run(CompletableFuture.java:1768)
	at java.base/java.util.concurrent.CompletableFuture$AsyncSupply.exec(CompletableFuture.java:1760)
	at java.base/java.util.concurrent.ForkJoinTask.doExec(ForkJoinTask.java:373)
	at java.base/java.util.concurrent.ForkJoinPool$WorkQueue.topLevelExec(ForkJoinPool.java:1182)
	at java.base/java.util.concurrent.ForkJoinPool.scan(ForkJoinPool.java:1655)
	at java.base/java.util.concurrent.ForkJoinPool.runWorker(ForkJoinPool.java:1622)
	at java.base/java.util.concurrent.ForkJoinWorkerThread.run(ForkJoinWorkerThread.java:165)

!ENTRY org.eclipse.lsp4e 4 0 2025-12-27 07:29:10.620
!MESSAGE Exception occurred while creating an instance of the stream connection provider
!STACK 0
java.lang.RuntimeException: Exception occurred while creating an instance of the stream connection provider
	at org.eclipse.lsp4e.LanguageServersRegistry$ExtensionLanguageServerDefinition.createConnectionProvider(LanguageServersRegistry.java:164)
	at org.eclipse.lsp4e.LanguageServerWrapper.lambda$0(LanguageServerWrapper.java:233)
	at java.base/java.util.concurrent.CompletableFuture$AsyncSupply.run(CompletableFuture.java:1768)
	at java.base/java.util.concurrent.CompletableFuture$AsyncSupply.exec(CompletableFuture.java:1760)
	at java.base/java.util.concurrent.ForkJoinTask.doExec(ForkJoinTask.java:373)
	at java.base/java.util.concurrent.ForkJoinPool$WorkQueue.topLevelExec(ForkJoinPool.java:1182)
	at java.base/java.util.concurrent.ForkJoinPool.scan(ForkJoinPool.java:1655)
	at java.base/java.util.concurrent.ForkJoinPool.runWorker(ForkJoinPool.java:1622)
	at java.base/java.util.concurrent.ForkJoinWorkerThread.run(ForkJoinWorkerThread.java:165)
Caused by: org.eclipse.core.runtime.CoreException: プラグイン "org.eclipse.wildwebdeveloper" は、クラス "org.eclipse.wildwebdeveloper.html.HTMLLanguageServer" をインスタンス化できませんでした。
	at org.eclipse.core.internal.registry.osgi.RegistryStrategyOSGI.throwException(RegistryStrategyOSGI.java:212)
	at org.eclipse.core.internal.registry.osgi.RegistryStrategyOSGI.createExecutableExtension(RegistryStrategyOSGI.java:206)
	at org.eclipse.core.internal.registry.ExtensionRegistry.createExecutableExtension(ExtensionRegistry.java:920)
	at org.eclipse.core.internal.registry.ConfigurationElement.createExecutableExtension(ConfigurationElement.java:246)
	at org.eclipse.core.internal.registry.ConfigurationElementHandle.createExecutableExtension(ConfigurationElementHandle.java:63)
	at org.eclipse.lsp4e.LanguageServersRegistry$ExtensionLanguageServerDefinition.createConnectionProvider(LanguageServersRegistry.java:161)
	... 8 more
Caused by: java.lang.reflect.InvocationTargetException
	at jdk.internal.reflect.GeneratedConstructorAccessor102.newInstance(Unknown Source)
	at java.base/jdk.internal.reflect.DelegatingConstructorAccessorImpl.newInstance(DelegatingConstructorAccessorImpl.java:45)
	at java.base/java.lang.reflect.Constructor.newInstanceWithCaller(Constructor.java:499)
	at java.base/java.lang.reflect.Constructor.newInstance(Constructor.java:480)
	at org.eclipse.core.internal.registry.osgi.RegistryStrategyOSGI.createExecutableExtension(RegistryStrategyOSGI.java:204)
	... 12 more
Caused by: java.lang.NullPointerException: Cannot invoke "java.io.File.getAbsolutePath()" because the return value of "org.eclipse.wildwebdeveloper.embedder.node.NodeJSManager.getNodeJsLocation()" is null
	at org.eclipse.wildwebdeveloper.html.HTMLLanguageServer.<init>(HTMLLanguageServer.java:40)
	... 17 more

!ENTRY org.eclipse.lsp4e 4 0 2025-12-27 07:29:10.620
!MESSAGE プラグイン "org.eclipse.wildwebdeveloper" は、クラス "org.eclipse.wildwebdeveloper.angular.AngularLanguageServer" をインスタンス化できませんでした。
!STACK 1
org.eclipse.core.runtime.CoreException: プラグイン "org.eclipse.wildwebdeveloper" は、クラス "org.eclipse.wildwebdeveloper.angular.AngularLanguageServer" をインスタンス化できませんでした。
	at org.eclipse.core.internal.registry.osgi.RegistryStrategyOSGI.throwException(RegistryStrategyOSGI.java:212)
	at org.eclipse.core.internal.registry.osgi.RegistryStrategyOSGI.createExecutableExtension(RegistryStrategyOSGI.java:206)
	at org.eclipse.core.internal.registry.ExtensionRegistry.createExecutableExtension(ExtensionRegistry.java:920)
	at org.eclipse.core.internal.registry.ConfigurationElement.createExecutableExtension(ConfigurationElement.java:246)
	at org.eclipse.core.internal.registry.ConfigurationElementHandle.createExecutableExtension(ConfigurationElementHandle.java:63)
	at org.eclipse.lsp4e.LanguageServersRegistry$ExtensionLanguageServerDefinition.createConnectionProvider(LanguageServersRegistry.java:161)
	at org.eclipse.lsp4e.LanguageServerWrapper.lambda$0(LanguageServerWrapper.java:233)
	at java.base/java.util.concurrent.CompletableFuture$AsyncSupply.run(CompletableFuture.java:1768)
	at java.base/java.util.concurrent.CompletableFuture$AsyncSupply.exec(CompletableFuture.java:1760)
	at java.base/java.util.concurrent.ForkJoinTask.doExec(ForkJoinTask.java:373)
	at java.base/java.util.concurrent.ForkJoinPool$WorkQueue.topLevelExec(ForkJoinPool.java:1182)
	at java.base/java.util.concurrent.ForkJoinPool.scan(ForkJoinPool.java:1655)
	at java.base/java.util.concurrent.ForkJoinPool.runWorker(ForkJoinPool.java:1622)
	at java.base/java.util.concurrent.ForkJoinWorkerThread.run(ForkJoinWorkerThread.java:165)
Caused by: java.lang.reflect.InvocationTargetException
	at jdk.internal.reflect.GeneratedConstructorAccessor101.newInstance(Unknown Source)
	at java.base/jdk.internal.reflect.DelegatingConstructorAccessorImpl.newInstance(DelegatingConstructorAccessorImpl.java:45)
	at java.base/java.lang.reflect.Constructor.newInstanceWithCaller(Constructor.java:499)
	at java.base/java.lang.reflect.Constructor.newInstance(Constructor.java:480)
	at org.eclipse.core.internal.registry.osgi.RegistryStrategyOSGI.createExecutableExtension(RegistryStrategyOSGI.java:204)
	... 12 more
Caused by: java.lang.NullPointerException: Cannot invoke "java.io.File.getAbsolutePath()" because the return value of "org.eclipse.wildwebdeveloper.embedder.node.NodeJSManager.getNodeJsLocation()" is null
	at org.eclipse.wildwebdeveloper.angular.AngularLanguageServer.<init>(AngularLanguageServer.java:43)
	... 17 more
!SUBENTRY 1 org.eclipse.equinox.registry 4 1 2025-12-27 07:29:10.620
!MESSAGE プラグイン "org.eclipse.wildwebdeveloper" は、クラス "org.eclipse.wildwebdeveloper.angular.AngularLanguageServer" をインスタンス化できませんでした。
!STACK 0
java.lang.reflect.InvocationTargetException
	at jdk.internal.reflect.GeneratedConstructorAccessor101.newInstance(Unknown Source)
	at java.base/jdk.internal.reflect.DelegatingConstructorAccessorImpl.newInstance(DelegatingConstructorAccessorImpl.java:45)
	at java.base/java.lang.reflect.Constructor.newInstanceWithCaller(Constructor.java:499)
	at java.base/java.lang.reflect.Constructor.newInstance(Constructor.java:480)
	at org.eclipse.core.internal.registry.osgi.RegistryStrategyOSGI.createExecutableExtension(RegistryStrategyOSGI.java:204)
	at org.eclipse.core.internal.registry.ExtensionRegistry.createExecutableExtension(ExtensionRegistry.java:920)
	at org.eclipse.core.internal.registry.ConfigurationElement.createExecutableExtension(ConfigurationElement.java:246)
	at org.eclipse.core.internal.registry.ConfigurationElementHandle.createExecutableExtension(ConfigurationElementHandle.java:63)
	at org.eclipse.lsp4e.LanguageServersRegistry$ExtensionLanguageServerDefinition.createConnectionProvider(LanguageServersRegistry.java:161)
	at org.eclipse.lsp4e.LanguageServerWrapper.lambda$0(LanguageServerWrapper.java:233)
	at java.base/java.util.concurrent.CompletableFuture$AsyncSupply.run(CompletableFuture.java:1768)
	at java.base/java.util.concurrent.CompletableFuture$AsyncSupply.exec(CompletableFuture.java:1760)
	at java.base/java.util.concurrent.ForkJoinTask.doExec(ForkJoinTask.java:373)
	at java.base/java.util.concurrent.ForkJoinPool$WorkQueue.topLevelExec(ForkJoinPool.java:1182)
	at java.base/java.util.concurrent.ForkJoinPool.scan(ForkJoinPool.java:1655)
	at java.base/java.util.concurrent.ForkJoinPool.runWorker(ForkJoinPool.java:1622)
	at java.base/java.util.concurrent.ForkJoinWorkerThread.run(ForkJoinWorkerThread.java:165)
Caused by: java.lang.NullPointerException: Cannot invoke "java.io.File.getAbsolutePath()" because the return value of "org.eclipse.wildwebdeveloper.embedder.node.NodeJSManager.getNodeJsLocation()" is null
	at org.eclipse.wildwebdeveloper.angular.AngularLanguageServer.<init>(AngularLanguageServer.java:43)
	... 17 more
Root exception:
java.lang.NullPointerException: Cannot invoke "java.io.File.getAbsolutePath()" because the return value of "org.eclipse.wildwebdeveloper.embedder.node.NodeJSManager.getNodeJsLocation()" is null
	at org.eclipse.wildwebdeveloper.angular.AngularLanguageServer.<init>(AngularLanguageServer.java:43)
	at jdk.internal.reflect.GeneratedConstructorAccessor101.newInstance(Unknown Source)
	at java.base/jdk.internal.reflect.DelegatingConstructorAccessorImpl.newInstance(DelegatingConstructorAccessorImpl.java:45)
	at java.base/java.lang.reflect.Constructor.newInstanceWithCaller(Constructor.java:499)
	at java.base/java.lang.reflect.Constructor.newInstance(Constructor.java:480)
	at org.eclipse.core.internal.registry.osgi.RegistryStrategyOSGI.createExecutableExtension(RegistryStrategyOSGI.java:204)
	at org.eclipse.core.internal.registry.ExtensionRegistry.createExecutableExtension(ExtensionRegistry.java:920)
	at org.eclipse.core.internal.registry.ConfigurationElement.createExecutableExtension(ConfigurationElement.java:246)
	at org.eclipse.core.internal.registry.ConfigurationElementHandle.createExecutableExtension(ConfigurationElementHandle.java:63)
	at org.eclipse.lsp4e.LanguageServersRegistry$ExtensionLanguageServerDefinition.createConnectionProvider(LanguageServersRegistry.java:161)
	at org.eclipse.lsp4e.LanguageServerWrapper.lambda$0(LanguageServerWrapper.java:233)
	at java.base/java.util.concurrent.CompletableFuture$AsyncSupply.run(CompletableFuture.java:1768)
	at java.base/java.util.concurrent.CompletableFuture$AsyncSupply.exec(CompletableFuture.java:1760)
	at java.base/java.util.concurrent.ForkJoinTask.doExec(ForkJoinTask.java:373)
	at java.base/java.util.concurrent.ForkJoinPool$WorkQueue.topLevelExec(ForkJoinPool.java:1182)
	at java.base/java.util.concurrent.ForkJoinPool.scan(ForkJoinPool.java:1655)
	at java.base/java.util.concurrent.ForkJoinPool.runWorker(ForkJoinPool.java:1622)
	at java.base/java.util.concurrent.ForkJoinWorkerThread.run(ForkJoinWorkerThread.java:165)

!ENTRY org.eclipse.lsp4e 4 0 2025-12-27 07:29:10.622
!MESSAGE Cannot invoke "org.eclipse.lsp4e.server.StreamConnectionProvider.getInputStream()" because "this.lspStreamProvider" is null
!STACK 0
java.lang.NullPointerException: Cannot invoke "org.eclipse.lsp4e.server.StreamConnectionProvider.getInputStream()" because "this.lspStreamProvider" is null
	at org.eclipse.lsp4e.LanguageServerWrapper.lambda$1(LanguageServerWrapper.java:284)
	at java.base/java.util.concurrent.CompletableFuture$UniApply.tryFire(CompletableFuture.java:646)
	at java.base/java.util.concurrent.CompletableFuture.postComplete(CompletableFuture.java:510)
	at java.base/java.util.concurrent.CompletableFuture$AsyncSupply.run(CompletableFuture.java:1773)
	at java.base/java.util.concurrent.CompletableFuture$AsyncSupply.exec(CompletableFuture.java:1760)
	at java.base/java.util.concurrent.ForkJoinTask.doExec(ForkJoinTask.java:373)
	at java.base/java.util.concurrent.ForkJoinPool$WorkQueue.topLevelExec(ForkJoinPool.java:1182)
	at java.base/java.util.concurrent.ForkJoinPool.scan(ForkJoinPool.java:1655)
	at java.base/java.util.concurrent.ForkJoinPool.runWorker(ForkJoinPool.java:1622)
	at java.base/java.util.concurrent.ForkJoinWorkerThread.run(ForkJoinWorkerThread.java:165)

!ENTRY org.eclipse.lsp4e 4 0 2025-12-27 07:29:10.622
!MESSAGE Exception occurred while creating an instance of the stream connection provider
!STACK 0
java.lang.RuntimeException: Exception occurred while creating an instance of the stream connection provider
	at org.eclipse.lsp4e.LanguageServersRegistry$ExtensionLanguageServerDefinition.createConnectionProvider(LanguageServersRegistry.java:164)
	at org.eclipse.lsp4e.LanguageServerWrapper.lambda$0(LanguageServerWrapper.java:233)
	at java.base/java.util.concurrent.CompletableFuture$AsyncSupply.run(CompletableFuture.java:1768)
	at java.base/java.util.concurrent.CompletableFuture$AsyncSupply.exec(CompletableFuture.java:1760)
	at java.base/java.util.concurrent.ForkJoinTask.doExec(ForkJoinTask.java:373)
	at java.base/java.util.concurrent.ForkJoinPool$WorkQueue.topLevelExec(ForkJoinPool.java:1182)
	at java.base/java.util.concurrent.ForkJoinPool.scan(ForkJoinPool.java:1655)
	at java.base/java.util.concurrent.ForkJoinPool.runWorker(ForkJoinPool.java:1622)
	at java.base/java.util.concurrent.ForkJoinWorkerThread.run(ForkJoinWorkerThread.java:165)
Caused by: org.eclipse.core.runtime.CoreException: プラグイン "org.eclipse.wildwebdeveloper" は、クラス "org.eclipse.wildwebdeveloper.angular.AngularLanguageServer" をインスタンス化できませんでした。
	at org.eclipse.core.internal.registry.osgi.RegistryStrategyOSGI.throwException(RegistryStrategyOSGI.java:212)
	at org.eclipse.core.internal.registry.osgi.RegistryStrategyOSGI.createExecutableExtension(RegistryStrategyOSGI.java:206)
	at org.eclipse.core.internal.registry.ExtensionRegistry.createExecutableExtension(ExtensionRegistry.java:920)
	at org.eclipse.core.internal.registry.ConfigurationElement.createExecutableExtension(ConfigurationElement.java:246)
	at org.eclipse.core.internal.registry.ConfigurationElementHandle.createExecutableExtension(ConfigurationElementHandle.java:63)
	at org.eclipse.lsp4e.LanguageServersRegistry$ExtensionLanguageServerDefinition.createConnectionProvider(LanguageServersRegistry.java:161)
	... 8 more
Caused by: java.lang.reflect.InvocationTargetException
	at jdk.internal.reflect.GeneratedConstructorAccessor101.newInstance(Unknown Source)
	at java.base/jdk.internal.reflect.DelegatingConstructorAccessorImpl.newInstance(DelegatingConstructorAccessorImpl.java:45)
	at java.base/java.lang.reflect.Constructor.newInstanceWithCaller(Constructor.java:499)
	at java.base/java.lang.reflect.Constructor.newInstance(Constructor.java:480)
	at org.eclipse.core.internal.registry.osgi.RegistryStrategyOSGI.createExecutableExtension(RegistryStrategyOSGI.java:204)
	... 12 more
Caused by: java.lang.NullPointerException: Cannot invoke "java.io.File.getAbsolutePath()" because the return value of "org.eclipse.wildwebdeveloper.embedder.node.NodeJSManager.getNodeJsLocation()" is null
	at org.eclipse.wildwebdeveloper.angular.AngularLanguageServer.<init>(AngularLanguageServer.java:43)
	... 17 more

!ENTRY org.eclipse.lsp4e 4 0 2025-12-27 07:29:10.623
!MESSAGE Cannot invoke "org.eclipse.lsp4e.server.StreamConnectionProvider.getInputStream()" because "this.lspStreamProvider" is null
!STACK 0
java.lang.NullPointerException: Cannot invoke "org.eclipse.lsp4e.server.StreamConnectionProvider.getInputStream()" because "this.lspStreamProvider" is null
	at org.eclipse.lsp4e.LanguageServerWrapper.lambda$1(LanguageServerWrapper.java:284)
	at java.base/java.util.concurrent.CompletableFuture$UniApply.tryFire(CompletableFuture.java:646)
	at java.base/java.util.concurrent.CompletableFuture.postComplete(CompletableFuture.java:510)
	at java.base/java.util.concurrent.CompletableFuture$AsyncSupply.run(CompletableFuture.java:1773)
	at java.base/java.util.concurrent.CompletableFuture$AsyncSupply.exec(CompletableFuture.java:1760)
	at java.base/java.util.concurrent.ForkJoinTask.doExec(ForkJoinTask.java:373)
	at java.base/java.util.concurrent.ForkJoinPool$WorkQueue.topLevelExec(ForkJoinPool.java:1182)
	at java.base/java.util.concurrent.ForkJoinPool.scan(ForkJoinPool.java:1655)
	at java.base/java.util.concurrent.ForkJoinPool.runWorker(ForkJoinPool.java:1622)
	at java.base/java.util.concurrent.ForkJoinWorkerThread.run(ForkJoinWorkerThread.java:165)

!ENTRY org.eclipse.lsp4e 4 0 2025-12-27 07:29:22.568
!MESSAGE プラグイン "org.eclipse.wildwebdeveloper" は、クラス "org.eclipse.wildwebdeveloper.angular.AngularLanguageServer" をインスタンス化できませんでした。
!STACK 1
org.eclipse.core.runtime.CoreException: プラグイン "org.eclipse.wildwebdeveloper" は、クラス "org.eclipse.wildwebdeveloper.angular.AngularLanguageServer" をインスタンス化できませんでした。
	at org.eclipse.core.internal.registry.osgi.RegistryStrategyOSGI.throwException(RegistryStrategyOSGI.java:212)
	at org.eclipse.core.internal.registry.osgi.RegistryStrategyOSGI.createExecutableExtension(RegistryStrategyOSGI.java:206)
	at org.eclipse.core.internal.registry.ExtensionRegistry.createExecutableExtension(ExtensionRegistry.java:920)
	at org.eclipse.core.internal.registry.ConfigurationElement.createExecutableExtension(ConfigurationElement.java:246)
	at org.eclipse.core.internal.registry.ConfigurationElementHandle.createExecutableExtension(ConfigurationElementHandle.java:63)
	at org.eclipse.lsp4e.LanguageServersRegistry$ExtensionLanguageServerDefinition.createConnectionProvider(LanguageServersRegistry.java:161)
	at org.eclipse.lsp4e.LanguageServerWrapper.lambda$0(LanguageServerWrapper.java:233)
	at java.base/java.util.concurrent.CompletableFuture$AsyncSupply.run(CompletableFuture.java:1768)
	at java.base/java.util.concurrent.CompletableFuture$AsyncSupply.exec(CompletableFuture.java:1760)
	at java.base/java.util.concurrent.ForkJoinTask.doExec(ForkJoinTask.java:373)
	at java.base/java.util.concurrent.ForkJoinPool$WorkQueue.topLevelExec(ForkJoinPool.java:1182)
	at java.base/java.util.concurrent.ForkJoinPool.scan(ForkJoinPool.java:1655)
	at java.base/java.util.concurrent.ForkJoinPool.runWorker(ForkJoinPool.java:1622)
	at java.base/java.util.concurrent.ForkJoinWorkerThread.run(ForkJoinWorkerThread.java:165)
Caused by: java.lang.reflect.InvocationTargetException
	at jdk.internal.reflect.GeneratedConstructorAccessor101.newInstance(Unknown Source)
	at java.base/jdk.internal.reflect.DelegatingConstructorAccessorImpl.newInstance(DelegatingConstructorAccessorImpl.java:45)
	at java.base/java.lang.reflect.Constructor.newInstanceWithCaller(Constructor.java:499)
	at java.base/java.lang.reflect.Constructor.newInstance(Constructor.java:480)
	at org.eclipse.core.internal.registry.osgi.RegistryStrategyOSGI.createExecutableExtension(RegistryStrategyOSGI.java:204)
	... 12 more
Caused by: java.lang.NullPointerException: Cannot invoke "java.io.File.getAbsolutePath()" because the return value of "org.eclipse.wildwebdeveloper.embedder.node.NodeJSManager.getNodeJsLocation()" is null
	at org.eclipse.wildwebdeveloper.angular.AngularLanguageServer.<init>(AngularLanguageServer.java:43)
	... 17 more
!SUBENTRY 1 org.eclipse.equinox.registry 4 1 2025-12-27 07:29:22.568
!MESSAGE プラグイン "org.eclipse.wildwebdeveloper" は、クラス "org.eclipse.wildwebdeveloper.angular.AngularLanguageServer" をインスタンス化できませんでした。
!STACK 0
java.lang.reflect.InvocationTargetException
	at jdk.internal.reflect.GeneratedConstructorAccessor101.newInstance(Unknown Source)
	at java.base/jdk.internal.reflect.DelegatingConstructorAccessorImpl.newInstance(DelegatingConstructorAccessorImpl.java:45)
	at java.base/java.lang.reflect.Constructor.newInstanceWithCaller(Constructor.java:499)
	at java.base/java.lang.reflect.Constructor.newInstance(Constructor.java:480)
	at org.eclipse.core.internal.registry.osgi.RegistryStrategyOSGI.createExecutableExtension(RegistryStrategyOSGI.java:204)
	at org.eclipse.core.internal.registry.ExtensionRegistry.createExecutableExtension(ExtensionRegistry.java:920)
	at org.eclipse.core.internal.registry.ConfigurationElement.createExecutableExtension(ConfigurationElement.java:246)
	at org.eclipse.core.internal.registry.ConfigurationElementHandle.createExecutableExtension(ConfigurationElementHandle.java:63)
	at org.eclipse.lsp4e.LanguageServersRegistry$ExtensionLanguageServerDefinition.createConnectionProvider(LanguageServersRegistry.java:161)
	at org.eclipse.lsp4e.LanguageServerWrapper.lambda$0(LanguageServerWrapper.java:233)
	at java.base/java.util.concurrent.CompletableFuture$AsyncSupply.run(CompletableFuture.java:1768)
	at java.base/java.util.concurrent.CompletableFuture$AsyncSupply.exec(CompletableFuture.java:1760)
	at java.base/java.util.concurrent.ForkJoinTask.doExec(ForkJoinTask.java:373)
	at java.base/java.util.concurrent.ForkJoinPool$WorkQueue.topLevelExec(ForkJoinPool.java:1182)
	at java.base/java.util.concurrent.ForkJoinPool.scan(ForkJoinPool.java:1655)
	at java.base/java.util.concurrent.ForkJoinPool.runWorker(ForkJoinPool.java:1622)
	at java.base/java.util.concurrent.ForkJoinWorkerThread.run(ForkJoinWorkerThread.java:165)
Caused by: java.lang.NullPointerException: Cannot invoke "java.io.File.getAbsolutePath()" because the return value of "org.eclipse.wildwebdeveloper.embedder.node.NodeJSManager.getNodeJsLocation()" is null
	at org.eclipse.wildwebdeveloper.angular.AngularLanguageServer.<init>(AngularLanguageServer.java:43)
	... 17 more
Root exception:
java.lang.NullPointerException: Cannot invoke "java.io.File.getAbsolutePath()" because the return value of "org.eclipse.wildwebdeveloper.embedder.node.NodeJSManager.getNodeJsLocation()" is null
	at org.eclipse.wildwebdeveloper.angular.AngularLanguageServer.<init>(AngularLanguageServer.java:43)
	at jdk.internal.reflect.GeneratedConstructorAccessor101.newInstance(Unknown Source)
	at java.base/jdk.internal.reflect.DelegatingConstructorAccessorImpl.newInstance(DelegatingConstructorAccessorImpl.java:45)
	at java.base/java.lang.reflect.Constructor.newInstanceWithCaller(Constructor.java:499)
	at java.base/java.lang.reflect.Constructor.newInstance(Constructor.java:480)
	at org.eclipse.core.internal.registry.osgi.RegistryStrategyOSGI.createExecutableExtension(RegistryStrategyOSGI.java:204)
	at org.eclipse.core.internal.registry.ExtensionRegistry.createExecutableExtension(ExtensionRegistry.java:920)
	at org.eclipse.core.internal.registry.ConfigurationElement.createExecutableExtension(ConfigurationElement.java:246)
	at org.eclipse.core.internal.registry.ConfigurationElementHandle.createExecutableExtension(ConfigurationElementHandle.java:63)
	at org.eclipse.lsp4e.LanguageServersRegistry$ExtensionLanguageServerDefinition.createConnectionProvider(LanguageServersRegistry.java:161)
	at org.eclipse.lsp4e.LanguageServerWrapper.lambda$0(LanguageServerWrapper.java:233)
	at java.base/java.util.concurrent.CompletableFuture$AsyncSupply.run(CompletableFuture.java:1768)
	at java.base/java.util.concurrent.CompletableFuture$AsyncSupply.exec(CompletableFuture.java:1760)
	at java.base/java.util.concurrent.ForkJoinTask.doExec(ForkJoinTask.java:373)
	at java.base/java.util.concurrent.ForkJoinPool$WorkQueue.topLevelExec(ForkJoinPool.java:1182)
	at java.base/java.util.concurrent.ForkJoinPool.scan(ForkJoinPool.java:1655)
	at java.base/java.util.concurrent.ForkJoinPool.runWorker(ForkJoinPool.java:1622)
	at java.base/java.util.concurrent.ForkJoinWorkerThread.run(ForkJoinWorkerThread.java:165)

!ENTRY org.eclipse.lsp4e 4 0 2025-12-27 07:29:22.570
!MESSAGE プラグイン "org.eclipse.wildwebdeveloper" は、クラス "org.eclipse.wildwebdeveloper.html.HTMLLanguageServer" をインスタンス化できませんでした。
!STACK 1
org.eclipse.core.runtime.CoreException: プラグイン "org.eclipse.wildwebdeveloper" は、クラス "org.eclipse.wildwebdeveloper.html.HTMLLanguageServer" をインスタンス化できませんでした。
	at org.eclipse.core.internal.registry.osgi.RegistryStrategyOSGI.throwException(RegistryStrategyOSGI.java:212)
	at org.eclipse.core.internal.registry.osgi.RegistryStrategyOSGI.createExecutableExtension(RegistryStrategyOSGI.java:206)
	at org.eclipse.core.internal.registry.ExtensionRegistry.createExecutableExtension(ExtensionRegistry.java:920)
	at org.eclipse.core.internal.registry.ConfigurationElement.createExecutableExtension(ConfigurationElement.java:246)
	at org.eclipse.core.internal.registry.ConfigurationElementHandle.createExecutableExtension(ConfigurationElementHandle.java:63)
	at org.eclipse.lsp4e.LanguageServersRegistry$ExtensionLanguageServerDefinition.createConnectionProvider(LanguageServersRegistry.java:161)
	at org.eclipse.lsp4e.LanguageServerWrapper.lambda$0(LanguageServerWrapper.java:233)
	at java.base/java.util.concurrent.CompletableFuture$AsyncSupply.run(CompletableFuture.java:1768)
	at java.base/java.util.concurrent.CompletableFuture$AsyncSupply.exec(CompletableFuture.java:1760)
	at java.base/java.util.concurrent.ForkJoinTask.doExec(ForkJoinTask.java:373)
	at java.base/java.util.concurrent.ForkJoinPool$WorkQueue.topLevelExec(ForkJoinPool.java:1182)
	at java.base/java.util.concurrent.ForkJoinPool.scan(ForkJoinPool.java:1655)
	at java.base/java.util.concurrent.ForkJoinPool.runWorker(ForkJoinPool.java:1622)
	at java.base/java.util.concurrent.ForkJoinWorkerThread.run(ForkJoinWorkerThread.java:165)
Caused by: java.lang.reflect.InvocationTargetException
	at jdk.internal.reflect.GeneratedConstructorAccessor102.newInstance(Unknown Source)
	at java.base/jdk.internal.reflect.DelegatingConstructorAccessorImpl.newInstance(DelegatingConstructorAccessorImpl.java:45)
	at java.base/java.lang.reflect.Constructor.newInstanceWithCaller(Constructor.java:499)
	at java.base/java.lang.reflect.Constructor.newInstance(Constructor.java:480)
	at org.eclipse.core.internal.registry.osgi.RegistryStrategyOSGI.createExecutableExtension(RegistryStrategyOSGI.java:204)
	... 12 more
Caused by: java.lang.NullPointerException: Cannot invoke "java.io.File.getAbsolutePath()" because the return value of "org.eclipse.wildwebdeveloper.embedder.node.NodeJSManager.getNodeJsLocation()" is null
	at org.eclipse.wildwebdeveloper.html.HTMLLanguageServer.<init>(HTMLLanguageServer.java:40)
	... 17 more
!SUBENTRY 1 org.eclipse.equinox.registry 4 1 2025-12-27 07:29:22.570
!MESSAGE プラグイン "org.eclipse.wildwebdeveloper" は、クラス "org.eclipse.wildwebdeveloper.html.HTMLLanguageServer" をインスタンス化できませんでした。
!STACK 0
java.lang.reflect.InvocationTargetException
	at jdk.internal.reflect.GeneratedConstructorAccessor102.newInstance(Unknown Source)
	at java.base/jdk.internal.reflect.DelegatingConstructorAccessorImpl.newInstance(DelegatingConstructorAccessorImpl.java:45)
	at java.base/java.lang.reflect.Constructor.newInstanceWithCaller(Constructor.java:499)
	at java.base/java.lang.reflect.Constructor.newInstance(Constructor.java:480)
	at org.eclipse.core.internal.registry.osgi.RegistryStrategyOSGI.createExecutableExtension(RegistryStrategyOSGI.java:204)
	at org.eclipse.core.internal.registry.ExtensionRegistry.createExecutableExtension(ExtensionRegistry.java:920)
	at org.eclipse.core.internal.registry.ConfigurationElement.createExecutableExtension(ConfigurationElement.java:246)
	at org.eclipse.core.internal.registry.ConfigurationElementHandle.createExecutableExtension(ConfigurationElementHandle.java:63)
	at org.eclipse.lsp4e.LanguageServersRegistry$ExtensionLanguageServerDefinition.createConnectionProvider(LanguageServersRegistry.java:161)
	at org.eclipse.lsp4e.LanguageServerWrapper.lambda$0(LanguageServerWrapper.java:233)
	at java.base/java.util.concurrent.CompletableFuture$AsyncSupply.run(CompletableFuture.java:1768)
	at java.base/java.util.concurrent.CompletableFuture$AsyncSupply.exec(CompletableFuture.java:1760)
	at java.base/java.util.concurrent.ForkJoinTask.doExec(ForkJoinTask.java:373)
	at java.base/java.util.concurrent.ForkJoinPool$WorkQueue.topLevelExec(ForkJoinPool.java:1182)
	at java.base/java.util.concurrent.ForkJoinPool.scan(ForkJoinPool.java:1655)
	at java.base/java.util.concurrent.ForkJoinPool.runWorker(ForkJoinPool.java:1622)
	at java.base/java.util.concurrent.ForkJoinWorkerThread.run(ForkJoinWorkerThread.java:165)
Caused by: java.lang.NullPointerException: Cannot invoke "java.io.File.getAbsolutePath()" because the return value of "org.eclipse.wildwebdeveloper.embedder.node.NodeJSManager.getNodeJsLocation()" is null
	at org.eclipse.wildwebdeveloper.html.HTMLLanguageServer.<init>(HTMLLanguageServer.java:40)
	... 17 more
Root exception:
java.lang.NullPointerException: Cannot invoke "java.io.File.getAbsolutePath()" because the return value of "org.eclipse.wildwebdeveloper.embedder.node.NodeJSManager.getNodeJsLocation()" is null
	at org.eclipse.wildwebdeveloper.html.HTMLLanguageServer.<init>(HTMLLanguageServer.java:40)
	at jdk.internal.reflect.GeneratedConstructorAccessor102.newInstance(Unknown Source)
	at java.base/jdk.internal.reflect.DelegatingConstructorAccessorImpl.newInstance(DelegatingConstructorAccessorImpl.java:45)
	at java.base/java.lang.reflect.Constructor.newInstanceWithCaller(Constructor.java:499)
	at java.base/java.lang.reflect.Constructor.newInstance(Constructor.java:480)
	at org.eclipse.core.internal.registry.osgi.RegistryStrategyOSGI.createExecutableExtension(RegistryStrategyOSGI.java:204)
	at org.eclipse.core.internal.registry.ExtensionRegistry.createExecutableExtension(ExtensionRegistry.java:920)
	at org.eclipse.core.internal.registry.ConfigurationElement.createExecutableExtension(ConfigurationElement.java:246)
	at org.eclipse.core.internal.registry.ConfigurationElementHandle.createExecutableExtension(ConfigurationElementHandle.java:63)
	at org.eclipse.lsp4e.LanguageServersRegistry$ExtensionLanguageServerDefinition.createConnectionProvider(LanguageServersRegistry.java:161)
	at org.eclipse.lsp4e.LanguageServerWrapper.lambda$0(LanguageServerWrapper.java:233)
	at java.base/java.util.concurrent.CompletableFuture$AsyncSupply.run(CompletableFuture.java:1768)
	at java.base/java.util.concurrent.CompletableFuture$AsyncSupply.exec(CompletableFuture.java:1760)
	at java.base/java.util.concurrent.ForkJoinTask.doExec(ForkJoinTask.java:373)
	at java.base/java.util.concurrent.ForkJoinPool$WorkQueue.topLevelExec(ForkJoinPool.java:1182)
	at java.base/java.util.concurrent.ForkJoinPool.scan(ForkJoinPool.java:1655)
	at java.base/java.util.concurrent.ForkJoinPool.runWorker(ForkJoinPool.java:1622)
	at java.base/java.util.concurrent.ForkJoinWorkerThread.run(ForkJoinWorkerThread.java:165)

!ENTRY org.eclipse.lsp4e 4 0 2025-12-27 07:29:22.570
!MESSAGE Exception occurred while creating an instance of the stream connection provider
!STACK 0
java.lang.RuntimeException: Exception occurred while creating an instance of the stream connection provider
	at org.eclipse.lsp4e.LanguageServersRegistry$ExtensionLanguageServerDefinition.createConnectionProvider(LanguageServersRegistry.java:164)
	at org.eclipse.lsp4e.LanguageServerWrapper.lambda$0(LanguageServerWrapper.java:233)
	at java.base/java.util.concurrent.CompletableFuture$AsyncSupply.run(CompletableFuture.java:1768)
	at java.base/java.util.concurrent.CompletableFuture$AsyncSupply.exec(CompletableFuture.java:1760)
	at java.base/java.util.concurrent.ForkJoinTask.doExec(ForkJoinTask.java:373)
	at java.base/java.util.concurrent.ForkJoinPool$WorkQueue.topLevelExec(ForkJoinPool.java:1182)
	at java.base/java.util.concurrent.ForkJoinPool.scan(ForkJoinPool.java:1655)
	at java.base/java.util.concurrent.ForkJoinPool.runWorker(ForkJoinPool.java:1622)
	at java.base/java.util.concurrent.ForkJoinWorkerThread.run(ForkJoinWorkerThread.java:165)
Caused by: org.eclipse.core.runtime.CoreException: プラグイン "org.eclipse.wildwebdeveloper" は、クラス "org.eclipse.wildwebdeveloper.angular.AngularLanguageServer" をインスタンス化できませんでした。
	at org.eclipse.core.internal.registry.osgi.RegistryStrategyOSGI.throwException(RegistryStrategyOSGI.java:212)
	at org.eclipse.core.internal.registry.osgi.RegistryStrategyOSGI.createExecutableExtension(RegistryStrategyOSGI.java:206)
	at org.eclipse.core.internal.registry.ExtensionRegistry.createExecutableExtension(ExtensionRegistry.java:920)
	at org.eclipse.core.internal.registry.ConfigurationElement.createExecutableExtension(ConfigurationElement.java:246)
	at org.eclipse.core.internal.registry.ConfigurationElementHandle.createExecutableExtension(ConfigurationElementHandle.java:63)
	at org.eclipse.lsp4e.LanguageServersRegistry$ExtensionLanguageServerDefinition.createConnectionProvider(LanguageServersRegistry.java:161)
	... 8 more
Caused by: java.lang.reflect.InvocationTargetException
	at jdk.internal.reflect.GeneratedConstructorAccessor101.newInstance(Unknown Source)
	at java.base/jdk.internal.reflect.DelegatingConstructorAccessorImpl.newInstance(DelegatingConstructorAccessorImpl.java:45)
	at java.base/java.lang.reflect.Constructor.newInstanceWithCaller(Constructor.java:499)
	at java.base/java.lang.reflect.Constructor.newInstance(Constructor.java:480)
	at org.eclipse.core.internal.registry.osgi.RegistryStrategyOSGI.createExecutableExtension(RegistryStrategyOSGI.java:204)
	... 12 more
Caused by: java.lang.NullPointerException: Cannot invoke "java.io.File.getAbsolutePath()" because the return value of "org.eclipse.wildwebdeveloper.embedder.node.NodeJSManager.getNodeJsLocation()" is null
	at org.eclipse.wildwebdeveloper.angular.AngularLanguageServer.<init>(AngularLanguageServer.java:43)
	... 17 more

!ENTRY org.eclipse.lsp4e 4 0 2025-12-27 07:29:22.570
!MESSAGE Exception occurred while creating an instance of the stream connection provider
!STACK 0
java.lang.RuntimeException: Exception occurred while creating an instance of the stream connection provider
	at org.eclipse.lsp4e.LanguageServersRegistry$ExtensionLanguageServerDefinition.createConnectionProvider(LanguageServersRegistry.java:164)
	at org.eclipse.lsp4e.LanguageServerWrapper.lambda$0(LanguageServerWrapper.java:233)
	at java.base/java.util.concurrent.CompletableFuture$AsyncSupply.run(CompletableFuture.java:1768)
	at java.base/java.util.concurrent.CompletableFuture$AsyncSupply.exec(CompletableFuture.java:1760)
	at java.base/java.util.concurrent.ForkJoinTask.doExec(ForkJoinTask.java:373)
	at java.base/java.util.concurrent.ForkJoinPool$WorkQueue.topLevelExec(ForkJoinPool.java:1182)
	at java.base/java.util.concurrent.ForkJoinPool.scan(ForkJoinPool.java:1655)
	at java.base/java.util.concurrent.ForkJoinPool.runWorker(ForkJoinPool.java:1622)
	at java.base/java.util.concurrent.ForkJoinWorkerThread.run(ForkJoinWorkerThread.java:165)
Caused by: org.eclipse.core.runtime.CoreException: プラグイン "org.eclipse.wildwebdeveloper" は、クラス "org.eclipse.wildwebdeveloper.html.HTMLLanguageServer" をインスタンス化できませんでした。
	at org.eclipse.core.internal.registry.osgi.RegistryStrategyOSGI.throwException(RegistryStrategyOSGI.java:212)
	at org.eclipse.core.internal.registry.osgi.RegistryStrategyOSGI.createExecutableExtension(RegistryStrategyOSGI.java:206)
	at org.eclipse.core.internal.registry.ExtensionRegistry.createExecutableExtension(ExtensionRegistry.java:920)
	at org.eclipse.core.internal.registry.ConfigurationElement.createExecutableExtension(ConfigurationElement.java:246)
	at org.eclipse.core.internal.registry.ConfigurationElementHandle.createExecutableExtension(ConfigurationElementHandle.java:63)
	at org.eclipse.lsp4e.LanguageServersRegistry$ExtensionLanguageServerDefinition.createConnectionProvider(LanguageServersRegistry.java:161)
	... 8 more
Caused by: java.lang.reflect.InvocationTargetException
	at jdk.internal.reflect.GeneratedConstructorAccessor102.newInstance(Unknown Source)
	at java.base/jdk.internal.reflect.DelegatingConstructorAccessorImpl.newInstance(DelegatingConstructorAccessorImpl.java:45)
	at java.base/java.lang.reflect.Constructor.newInstanceWithCaller(Constructor.java:499)
	at java.base/java.lang.reflect.Constructor.newInstance(Constructor.java:480)
	at org.eclipse.core.internal.registry.osgi.RegistryStrategyOSGI.createExecutableExtension(RegistryStrategyOSGI.java:204)
	... 12 more
Caused by: java.lang.NullPointerException: Cannot invoke "java.io.File.getAbsolutePath()" because the return value of "org.eclipse.wildwebdeveloper.embedder.node.NodeJSManager.getNodeJsLocation()" is null
	at org.eclipse.wildwebdeveloper.html.HTMLLanguageServer.<init>(HTMLLanguageServer.java:40)
	... 17 more

!ENTRY org.eclipse.lsp4e 4 0 2025-12-27 07:29:22.570
!MESSAGE java.lang.RuntimeException: Exception occurred while creating an instance of the stream connection provider
!STACK 0
java.util.concurrent.ExecutionException: java.lang.RuntimeException: Exception occurred while creating an instance of the stream connection provider
	at java.base/java.util.concurrent.CompletableFuture.reportGet(CompletableFuture.java:396)
	at java.base/java.util.concurrent.CompletableFuture.get(CompletableFuture.java:2096)
	at org.eclipse.lsp4e.operations.declaration.OpenDeclarationHyperlinkDetector.detectHyperlinks(OpenDeclarationHyperlinkDetector.java:94)
	at org.eclipse.ui.texteditor.HyperlinkDetectorRegistry$HyperlinkDetectorDelegate.detectHyperlinks(HyperlinkDetectorRegistry.java:81)
	at org.eclipse.jface.text.hyperlink.HyperlinkManager.findHyperlinks(HyperlinkManager.java:289)
	at org.eclipse.jface.text.hyperlink.HyperlinkManager.findHyperlinks(HyperlinkManager.java:262)
	at org.eclipse.jface.text.hyperlink.HyperlinkManager.mouseMove(HyperlinkManager.java:457)
	at org.eclipse.swt.widgets.TypedListener.handleEvent(TypedListener.java:216)
	at org.eclipse.swt.widgets.EventTable.sendEvent(EventTable.java:89)
	at org.eclipse.swt.widgets.Display.sendEvent(Display.java:4251)
	at org.eclipse.swt.widgets.Widget.sendEvent(Widget.java:1066)
	at org.eclipse.swt.widgets.Display.runDeferredEvents(Display.java:4068)
	at org.eclipse.swt.widgets.Display.readAndDispatch(Display.java:3645)
	at org.eclipse.e4.ui.internal.workbench.swt.PartRenderingEngine$5.run(PartRenderingEngine.java:1155)
	at org.eclipse.core.databinding.observable.Realm.runWithDefault(Realm.java:338)
	at org.eclipse.e4.ui.internal.workbench.swt.PartRenderingEngine.run(PartRenderingEngine.java:1046)
	at org.eclipse.e4.ui.internal.workbench.E4Workbench.createAndRunUI(E4Workbench.java:155)
	at org.eclipse.ui.internal.Workbench.lambda$3(Workbench.java:644)
	at org.eclipse.core.databinding.observable.Realm.runWithDefault(Realm.java:338)
	at org.eclipse.ui.internal.Workbench.createAndRunWorkbench(Workbench.java:551)
	at org.eclipse.ui.PlatformUI.createAndRunWorkbench(PlatformUI.java:156)
	at org.eclipse.ui.internal.ide.application.IDEApplication.start(IDEApplication.java:152)
	at org.eclipse.equinox.internal.app.EclipseAppHandle.run(EclipseAppHandle.java:203)
	at org.eclipse.core.runtime.internal.adaptor.EclipseAppLauncher.runApplication(EclipseAppLauncher.java:136)
	at org.eclipse.core.runtime.internal.adaptor.EclipseAppLauncher.start(EclipseAppLauncher.java:104)
	at org.eclipse.core.runtime.adaptor.EclipseStarter.run(EclipseStarter.java:402)
	at org.eclipse.core.runtime.adaptor.EclipseStarter.run(EclipseStarter.java:255)
	at java.base/jdk.internal.reflect.NativeMethodAccessorImpl.invoke0(Native Method)
	at java.base/jdk.internal.reflect.NativeMethodAccessorImpl.invoke(NativeMethodAccessorImpl.java:77)
	at java.base/jdk.internal.reflect.DelegatingMethodAccessorImpl.invoke(DelegatingMethodAccessorImpl.java:43)
	at java.base/java.lang.reflect.Method.invoke(Method.java:568)
	at org.eclipse.equinox.launcher.Main.invokeFramework(Main.java:659)
	at org.eclipse.equinox.launcher.Main.basicRun(Main.java:596)
	at org.eclipse.equinox.launcher.Main.run(Main.java:1467)
Caused by: java.lang.RuntimeException: Exception occurred while creating an instance of the stream connection provider
	at org.eclipse.lsp4e.LanguageServersRegistry$ExtensionLanguageServerDefinition.createConnectionProvider(LanguageServersRegistry.java:164)
	at org.eclipse.lsp4e.LanguageServerWrapper.lambda$0(LanguageServerWrapper.java:233)
	at java.base/java.util.concurrent.CompletableFuture$AsyncSupply.run(CompletableFuture.java:1768)
	at java.base/java.util.concurrent.CompletableFuture$AsyncSupply.exec(CompletableFuture.java:1760)
	at java.base/java.util.concurrent.ForkJoinTask.doExec(ForkJoinTask.java:373)
	at java.base/java.util.concurrent.ForkJoinPool$WorkQueue.topLevelExec(ForkJoinPool.java:1182)
	at java.base/java.util.concurrent.ForkJoinPool.scan(ForkJoinPool.java:1655)
	at java.base/java.util.concurrent.ForkJoinPool.runWorker(ForkJoinPool.java:1622)
	at java.base/java.util.concurrent.ForkJoinWorkerThread.run(ForkJoinWorkerThread.java:165)
Caused by: org.eclipse.core.runtime.CoreException: プラグイン "org.eclipse.wildwebdeveloper" は、クラス "org.eclipse.wildwebdeveloper.html.HTMLLanguageServer" をインスタンス化できませんでした。
	at org.eclipse.core.internal.registry.osgi.RegistryStrategyOSGI.throwException(RegistryStrategyOSGI.java:212)
	at org.eclipse.core.internal.registry.osgi.RegistryStrategyOSGI.createExecutableExtension(RegistryStrategyOSGI.java:206)
	at org.eclipse.core.internal.registry.ExtensionRegistry.createExecutableExtension(ExtensionRegistry.java:920)
	at org.eclipse.core.internal.registry.ConfigurationElement.createExecutableExtension(ConfigurationElement.java:246)
	at org.eclipse.core.internal.registry.ConfigurationElementHandle.createExecutableExtension(ConfigurationElementHandle.java:63)
	at org.eclipse.lsp4e.LanguageServersRegistry$ExtensionLanguageServerDefinition.createConnectionProvider(LanguageServersRegistry.java:161)
	... 8 more
Caused by: java.lang.reflect.InvocationTargetException
	at jdk.internal.reflect.GeneratedConstructorAccessor102.newInstance(Unknown Source)
	at java.base/jdk.internal.reflect.DelegatingConstructorAccessorImpl.newInstance(DelegatingConstructorAccessorImpl.java:45)
	at java.base/java.lang.reflect.Constructor.newInstanceWithCaller(Constructor.java:499)
	at java.base/java.lang.reflect.Constructor.newInstance(Constructor.java:480)
	at org.eclipse.core.internal.registry.osgi.RegistryStrategyOSGI.createExecutableExtension(RegistryStrategyOSGI.java:204)
	... 12 more
Caused by: java.lang.NullPointerException: Cannot invoke "java.io.File.getAbsolutePath()" because the return value of "org.eclipse.wildwebdeveloper.embedder.node.NodeJSManager.getNodeJsLocation()" is null
	at org.eclipse.wildwebdeveloper.html.HTMLLanguageServer.<init>(HTMLLanguageServer.java:40)
	... 17 more

!ENTRY org.eclipse.lsp4e 4 0 2025-12-27 07:29:22.572
!MESSAGE Cannot invoke "org.eclipse.lsp4e.server.StreamConnectionProvider.getInputStream()" because "this.lspStreamProvider" is null
!STACK 0
java.lang.NullPointerException: Cannot invoke "org.eclipse.lsp4e.server.StreamConnectionProvider.getInputStream()" because "this.lspStreamProvider" is null
	at org.eclipse.lsp4e.LanguageServerWrapper.lambda$1(LanguageServerWrapper.java:284)
	at java.base/java.util.concurrent.CompletableFuture$UniApply.tryFire(CompletableFuture.java:646)
	at java.base/java.util.concurrent.CompletableFuture.postComplete(CompletableFuture.java:510)
	at java.base/java.util.concurrent.CompletableFuture$AsyncSupply.run(CompletableFuture.java:1773)
	at java.base/java.util.concurrent.CompletableFuture$AsyncSupply.exec(CompletableFuture.java:1760)
	at java.base/java.util.concurrent.ForkJoinTask.doExec(ForkJoinTask.java:373)
	at java.base/java.util.concurrent.ForkJoinPool$WorkQueue.topLevelExec(ForkJoinPool.java:1182)
	at java.base/java.util.concurrent.ForkJoinPool.scan(ForkJoinPool.java:1655)
	at java.base/java.util.concurrent.ForkJoinPool.runWorker(ForkJoinPool.java:1622)
	at java.base/java.util.concurrent.ForkJoinWorkerThread.run(ForkJoinWorkerThread.java:165)

!ENTRY org.eclipse.lsp4e 4 0 2025-12-27 07:29:22.572
!MESSAGE Cannot invoke "org.eclipse.lsp4e.server.StreamConnectionProvider.getInputStream()" because "this.lspStreamProvider" is null
!STACK 0
java.lang.NullPointerException: Cannot invoke "org.eclipse.lsp4e.server.StreamConnectionProvider.getInputStream()" because "this.lspStreamProvider" is null
	at org.eclipse.lsp4e.LanguageServerWrapper.lambda$1(LanguageServerWrapper.java:284)
	at java.base/java.util.concurrent.CompletableFuture$UniApply.tryFire(CompletableFuture.java:646)
	at java.base/java.util.concurrent.CompletableFuture.postComplete(CompletableFuture.java:510)
	at java.base/java.util.concurrent.CompletableFuture$AsyncSupply.run(CompletableFuture.java:1773)
	at java.base/java.util.concurrent.CompletableFuture$AsyncSupply.exec(CompletableFuture.java:1760)
	at java.base/java.util.concurrent.ForkJoinTask.doExec(ForkJoinTask.java:373)
	at java.base/java.util.concurrent.ForkJoinPool$WorkQueue.topLevelExec(ForkJoinPool.java:1182)
	at java.base/java.util.concurrent.ForkJoinPool.scan(ForkJoinPool.java:1655)
	at java.base/java.util.concurrent.ForkJoinPool.runWorker(ForkJoinPool.java:1622)
	at java.base/java.util.concurrent.ForkJoinWorkerThread.run(ForkJoinWorkerThread.java:165)

!ENTRY org.eclipse.lsp4e 4 0 2025-12-27 07:29:22.636
!MESSAGE プラグイン "org.eclipse.wildwebdeveloper" は、クラス "org.eclipse.wildwebdeveloper.html.HTMLLanguageServer" をインスタンス化できませんでした。
!STACK 1
org.eclipse.core.runtime.CoreException: プラグイン "org.eclipse.wildwebdeveloper" は、クラス "org.eclipse.wildwebdeveloper.html.HTMLLanguageServer" をインスタンス化できませんでした。
	at org.eclipse.core.internal.registry.osgi.RegistryStrategyOSGI.throwException(RegistryStrategyOSGI.java:212)
	at org.eclipse.core.internal.registry.osgi.RegistryStrategyOSGI.createExecutableExtension(RegistryStrategyOSGI.java:206)
	at org.eclipse.core.internal.registry.ExtensionRegistry.createExecutableExtension(ExtensionRegistry.java:920)
	at org.eclipse.core.internal.registry.ConfigurationElement.createExecutableExtension(ConfigurationElement.java:246)
	at org.eclipse.core.internal.registry.ConfigurationElementHandle.createExecutableExtension(ConfigurationElementHandle.java:63)
	at org.eclipse.lsp4e.LanguageServersRegistry$ExtensionLanguageServerDefinition.createConnectionProvider(LanguageServersRegistry.java:161)
	at org.eclipse.lsp4e.LanguageServerWrapper.lambda$0(LanguageServerWrapper.java:233)
	at java.base/java.util.concurrent.CompletableFuture$AsyncSupply.run(CompletableFuture.java:1768)
	at java.base/java.util.concurrent.CompletableFuture$AsyncSupply.exec(CompletableFuture.java:1760)
	at java.base/java.util.concurrent.ForkJoinTask.doExec(ForkJoinTask.java:373)
	at java.base/java.util.concurrent.ForkJoinPool$WorkQueue.topLevelExec(ForkJoinPool.java:1182)
	at java.base/java.util.concurrent.ForkJoinPool.scan(ForkJoinPool.java:1655)
	at java.base/java.util.concurrent.ForkJoinPool.runWorker(ForkJoinPool.java:1622)
	at java.base/java.util.concurrent.ForkJoinWorkerThread.run(ForkJoinWorkerThread.java:165)
Caused by: java.lang.reflect.InvocationTargetException
	at jdk.internal.reflect.GeneratedConstructorAccessor102.newInstance(Unknown Source)
	at java.base/jdk.internal.reflect.DelegatingConstructorAccessorImpl.newInstance(DelegatingConstructorAccessorImpl.java:45)
	at java.base/java.lang.reflect.Constructor.newInstanceWithCaller(Constructor.java:499)
	at java.base/java.lang.reflect.Constructor.newInstance(Constructor.java:480)
	at org.eclipse.core.internal.registry.osgi.RegistryStrategyOSGI.createExecutableExtension(RegistryStrategyOSGI.java:204)
	... 12 more
Caused by: java.lang.NullPointerException: Cannot invoke "java.io.File.getAbsolutePath()" because the return value of "org.eclipse.wildwebdeveloper.embedder.node.NodeJSManager.getNodeJsLocation()" is null
	at org.eclipse.wildwebdeveloper.html.HTMLLanguageServer.<init>(HTMLLanguageServer.java:40)
	... 17 more
!SUBENTRY 1 org.eclipse.equinox.registry 4 1 2025-12-27 07:29:22.636
!MESSAGE プラグイン "org.eclipse.wildwebdeveloper" は、クラス "org.eclipse.wildwebdeveloper.html.HTMLLanguageServer" をインスタンス化できませんでした。
!STACK 0
java.lang.reflect.InvocationTargetException
	at jdk.internal.reflect.GeneratedConstructorAccessor102.newInstance(Unknown Source)
	at java.base/jdk.internal.reflect.DelegatingConstructorAccessorImpl.newInstance(DelegatingConstructorAccessorImpl.java:45)
	at java.base/java.lang.reflect.Constructor.newInstanceWithCaller(Constructor.java:499)
	at java.base/java.lang.reflect.Constructor.newInstance(Constructor.java:480)
	at org.eclipse.core.internal.registry.osgi.RegistryStrategyOSGI.createExecutableExtension(RegistryStrategyOSGI.java:204)
	at org.eclipse.core.internal.registry.ExtensionRegistry.createExecutableExtension(ExtensionRegistry.java:920)
	at org.eclipse.core.internal.registry.ConfigurationElement.createExecutableExtension(ConfigurationElement.java:246)
	at org.eclipse.core.internal.registry.ConfigurationElementHandle.createExecutableExtension(ConfigurationElementHandle.java:63)
	at org.eclipse.lsp4e.LanguageServersRegistry$ExtensionLanguageServerDefinition.createConnectionProvider(LanguageServersRegistry.java:161)
	at org.eclipse.lsp4e.LanguageServerWrapper.lambda$0(LanguageServerWrapper.java:233)
	at java.base/java.util.concurrent.CompletableFuture$AsyncSupply.run(CompletableFuture.java:1768)
	at java.base/java.util.concurrent.CompletableFuture$AsyncSupply.exec(CompletableFuture.java:1760)
	at java.base/java.util.concurrent.ForkJoinTask.doExec(ForkJoinTask.java:373)
	at java.base/java.util.concurrent.ForkJoinPool$WorkQueue.topLevelExec(ForkJoinPool.java:1182)
	at java.base/java.util.concurrent.ForkJoinPool.scan(ForkJoinPool.java:1655)
	at java.base/java.util.concurrent.ForkJoinPool.runWorker(ForkJoinPool.java:1622)
	at java.base/java.util.concurrent.ForkJoinWorkerThread.run(ForkJoinWorkerThread.java:165)
Caused by: java.lang.NullPointerException: Cannot invoke "java.io.File.getAbsolutePath()" because the return value of "org.eclipse.wildwebdeveloper.embedder.node.NodeJSManager.getNodeJsLocation()" is null
	at org.eclipse.wildwebdeveloper.html.HTMLLanguageServer.<init>(HTMLLanguageServer.java:40)
	... 17 more
Root exception:
java.lang.NullPointerException: Cannot invoke "java.io.File.getAbsolutePath()" because the return value of "org.eclipse.wildwebdeveloper.embedder.node.NodeJSManager.getNodeJsLocation()" is null
	at org.eclipse.wildwebdeveloper.html.HTMLLanguageServer.<init>(HTMLLanguageServer.java:40)
	at jdk.internal.reflect.GeneratedConstructorAccessor102.newInstance(Unknown Source)
	at java.base/jdk.internal.reflect.DelegatingConstructorAccessorImpl.newInstance(DelegatingConstructorAccessorImpl.java:45)
	at java.base/java.lang.reflect.Constructor.newInstanceWithCaller(Constructor.java:499)
	at java.base/java.lang.reflect.Constructor.newInstance(Constructor.java:480)
	at org.eclipse.core.internal.registry.osgi.RegistryStrategyOSGI.createExecutableExtension(RegistryStrategyOSGI.java:204)
	at org.eclipse.core.internal.registry.ExtensionRegistry.createExecutableExtension(ExtensionRegistry.java:920)
	at org.eclipse.core.internal.registry.ConfigurationElement.createExecutableExtension(ConfigurationElement.java:246)
	at org.eclipse.core.internal.registry.ConfigurationElementHandle.createExecutableExtension(ConfigurationElementHandle.java:63)
	at org.eclipse.lsp4e.LanguageServersRegistry$ExtensionLanguageServerDefinition.createConnectionProvider(LanguageServersRegistry.java:161)
	at org.eclipse.lsp4e.LanguageServerWrapper.lambda$0(LanguageServerWrapper.java:233)
	at java.base/java.util.concurrent.CompletableFuture$AsyncSupply.run(CompletableFuture.java:1768)
	at java.base/java.util.concurrent.CompletableFuture$AsyncSupply.exec(CompletableFuture.java:1760)
	at java.base/java.util.concurrent.ForkJoinTask.doExec(ForkJoinTask.java:373)
	at java.base/java.util.concurrent.ForkJoinPool$WorkQueue.topLevelExec(ForkJoinPool.java:1182)
	at java.base/java.util.concurrent.ForkJoinPool.scan(ForkJoinPool.java:1655)
	at java.base/java.util.concurrent.ForkJoinPool.runWorker(ForkJoinPool.java:1622)
	at java.base/java.util.concurrent.ForkJoinWorkerThread.run(ForkJoinWorkerThread.java:165)

!ENTRY org.eclipse.lsp4e 4 0 2025-12-27 07:29:22.637
!MESSAGE プラグイン "org.eclipse.wildwebdeveloper" は、クラス "org.eclipse.wildwebdeveloper.angular.AngularLanguageServer" をインスタンス化できませんでした。
!STACK 1
org.eclipse.core.runtime.CoreException: プラグイン "org.eclipse.wildwebdeveloper" は、クラス "org.eclipse.wildwebdeveloper.angular.AngularLanguageServer" をインスタンス化できませんでした。
	at org.eclipse.core.internal.registry.osgi.RegistryStrategyOSGI.throwException(RegistryStrategyOSGI.java:212)
	at org.eclipse.core.internal.registry.osgi.RegistryStrategyOSGI.createExecutableExtension(RegistryStrategyOSGI.java:206)
	at org.eclipse.core.internal.registry.ExtensionRegistry.createExecutableExtension(ExtensionRegistry.java:920)
	at org.eclipse.core.internal.registry.ConfigurationElement.createExecutableExtension(ConfigurationElement.java:246)
	at org.eclipse.core.internal.registry.ConfigurationElementHandle.createExecutableExtension(ConfigurationElementHandle.java:63)
	at org.eclipse.lsp4e.LanguageServersRegistry$ExtensionLanguageServerDefinition.createConnectionProvider(LanguageServersRegistry.java:161)
	at org.eclipse.lsp4e.LanguageServerWrapper.lambda$0(LanguageServerWrapper.java:233)
	at java.base/java.util.concurrent.CompletableFuture$AsyncSupply.run(CompletableFuture.java:1768)
	at java.base/java.util.concurrent.CompletableFuture$AsyncSupply.exec(CompletableFuture.java:1760)
	at java.base/java.util.concurrent.ForkJoinTask.doExec(ForkJoinTask.java:373)
	at java.base/java.util.concurrent.ForkJoinPool$WorkQueue.topLevelExec(ForkJoinPool.java:1182)
	at java.base/java.util.concurrent.ForkJoinPool.scan(ForkJoinPool.java:1655)
	at java.base/java.util.concurrent.ForkJoinPool.runWorker(ForkJoinPool.java:1622)
	at java.base/java.util.concurrent.ForkJoinWorkerThread.run(ForkJoinWorkerThread.java:165)
Caused by: java.lang.reflect.InvocationTargetException
	at jdk.internal.reflect.GeneratedConstructorAccessor101.newInstance(Unknown Source)
	at java.base/jdk.internal.reflect.DelegatingConstructorAccessorImpl.newInstance(DelegatingConstructorAccessorImpl.java:45)
	at java.base/java.lang.reflect.Constructor.newInstanceWithCaller(Constructor.java:499)
	at java.base/java.lang.reflect.Constructor.newInstance(Constructor.java:480)
	at org.eclipse.core.internal.registry.osgi.RegistryStrategyOSGI.createExecutableExtension(RegistryStrategyOSGI.java:204)
	... 12 more
Caused by: java.lang.NullPointerException: Cannot invoke "java.io.File.getAbsolutePath()" because the return value of "org.eclipse.wildwebdeveloper.embedder.node.NodeJSManager.getNodeJsLocation()" is null
	at org.eclipse.wildwebdeveloper.angular.AngularLanguageServer.<init>(AngularLanguageServer.java:43)
	... 17 more
!SUBENTRY 1 org.eclipse.equinox.registry 4 1 2025-12-27 07:29:22.637
!MESSAGE プラグイン "org.eclipse.wildwebdeveloper" は、クラス "org.eclipse.wildwebdeveloper.angular.AngularLanguageServer" をインスタンス化できませんでした。
!STACK 0
java.lang.reflect.InvocationTargetException
	at jdk.internal.reflect.GeneratedConstructorAccessor101.newInstance(Unknown Source)
	at java.base/jdk.internal.reflect.DelegatingConstructorAccessorImpl.newInstance(DelegatingConstructorAccessorImpl.java:45)
	at java.base/java.lang.reflect.Constructor.newInstanceWithCaller(Constructor.java:499)
	at java.base/java.lang.reflect.Constructor.newInstance(Constructor.java:480)
	at org.eclipse.core.internal.registry.osgi.RegistryStrategyOSGI.createExecutableExtension(RegistryStrategyOSGI.java:204)
	at org.eclipse.core.internal.registry.ExtensionRegistry.createExecutableExtension(ExtensionRegistry.java:920)
	at org.eclipse.core.internal.registry.ConfigurationElement.createExecutableExtension(ConfigurationElement.java:246)
	at org.eclipse.core.internal.registry.ConfigurationElementHandle.createExecutableExtension(ConfigurationElementHandle.java:63)
	at org.eclipse.lsp4e.LanguageServersRegistry$ExtensionLanguageServerDefinition.createConnectionProvider(LanguageServersRegistry.java:161)
	at org.eclipse.lsp4e.LanguageServerWrapper.lambda$0(LanguageServerWrapper.java:233)
	at java.base/java.util.concurrent.CompletableFuture$AsyncSupply.run(CompletableFuture.java:1768)
	at java.base/java.util.concurrent.CompletableFuture$AsyncSupply.exec(CompletableFuture.java:1760)
	at java.base/java.util.concurrent.ForkJoinTask.doExec(ForkJoinTask.java:373)
	at java.base/java.util.concurrent.ForkJoinPool$WorkQueue.topLevelExec(ForkJoinPool.java:1182)
	at java.base/java.util.concurrent.ForkJoinPool.scan(ForkJoinPool.java:1655)
	at java.base/java.util.concurrent.ForkJoinPool.runWorker(ForkJoinPool.java:1622)
	at java.base/java.util.concurrent.ForkJoinWorkerThread.run(ForkJoinWorkerThread.java:165)
Caused by: java.lang.NullPointerException: Cannot invoke "java.io.File.getAbsolutePath()" because the return value of "org.eclipse.wildwebdeveloper.embedder.node.NodeJSManager.getNodeJsLocation()" is null
	at org.eclipse.wildwebdeveloper.angular.AngularLanguageServer.<init>(AngularLanguageServer.java:43)
	... 17 more
Root exception:
java.lang.NullPointerException: Cannot invoke "java.io.File.getAbsolutePath()" because the return value of "org.eclipse.wildwebdeveloper.embedder.node.NodeJSManager.getNodeJsLocation()" is null
	at org.eclipse.wildwebdeveloper.angular.AngularLanguageServer.<init>(AngularLanguageServer.java:43)
	at jdk.internal.reflect.GeneratedConstructorAccessor101.newInstance(Unknown Source)
	at java.base/jdk.internal.reflect.DelegatingConstructorAccessorImpl.newInstance(DelegatingConstructorAccessorImpl.java:45)
	at java.base/java.lang.reflect.Constructor.newInstanceWithCaller(Constructor.java:499)
	at java.base/java.lang.reflect.Constructor.newInstance(Constructor.java:480)
	at org.eclipse.core.internal.registry.osgi.RegistryStrategyOSGI.createExecutableExtension(RegistryStrategyOSGI.java:204)
	at org.eclipse.core.internal.registry.ExtensionRegistry.createExecutableExtension(ExtensionRegistry.java:920)
	at org.eclipse.core.internal.registry.ConfigurationElement.createExecutableExtension(ConfigurationElement.java:246)
	at org.eclipse.core.internal.registry.ConfigurationElementHandle.createExecutableExtension(ConfigurationElementHandle.java:63)
	at org.eclipse.lsp4e.LanguageServersRegistry$ExtensionLanguageServerDefinition.createConnectionProvider(LanguageServersRegistry.java:161)
	at org.eclipse.lsp4e.LanguageServerWrapper.lambda$0(LanguageServerWrapper.java:233)
	at java.base/java.util.concurrent.CompletableFuture$AsyncSupply.run(CompletableFuture.java:1768)
	at java.base/java.util.concurrent.CompletableFuture$AsyncSupply.exec(CompletableFuture.java:1760)
	at java.base/java.util.concurrent.ForkJoinTask.doExec(ForkJoinTask.java:373)
	at java.base/java.util.concurrent.ForkJoinPool$WorkQueue.topLevelExec(ForkJoinPool.java:1182)
	at java.base/java.util.concurrent.ForkJoinPool.scan(ForkJoinPool.java:1655)
	at java.base/java.util.concurrent.ForkJoinPool.runWorker(ForkJoinPool.java:1622)
	at java.base/java.util.concurrent.ForkJoinWorkerThread.run(ForkJoinWorkerThread.java:165)

!ENTRY org.eclipse.lsp4e 4 0 2025-12-27 07:29:22.637
!MESSAGE Exception occurred while creating an instance of the stream connection provider
!STACK 0
java.lang.RuntimeException: Exception occurred while creating an instance of the stream connection provider
	at org.eclipse.lsp4e.LanguageServersRegistry$ExtensionLanguageServerDefinition.createConnectionProvider(LanguageServersRegistry.java:164)
	at org.eclipse.lsp4e.LanguageServerWrapper.lambda$0(LanguageServerWrapper.java:233)
	at java.base/java.util.concurrent.CompletableFuture$AsyncSupply.run(CompletableFuture.java:1768)
	at java.base/java.util.concurrent.CompletableFuture$AsyncSupply.exec(CompletableFuture.java:1760)
	at java.base/java.util.concurrent.ForkJoinTask.doExec(ForkJoinTask.java:373)
	at java.base/java.util.concurrent.ForkJoinPool$WorkQueue.topLevelExec(ForkJoinPool.java:1182)
	at java.base/java.util.concurrent.ForkJoinPool.scan(ForkJoinPool.java:1655)
	at java.base/java.util.concurrent.ForkJoinPool.runWorker(ForkJoinPool.java:1622)
	at java.base/java.util.concurrent.ForkJoinWorkerThread.run(ForkJoinWorkerThread.java:165)
Caused by: org.eclipse.core.runtime.CoreException: プラグイン "org.eclipse.wildwebdeveloper" は、クラス "org.eclipse.wildwebdeveloper.html.HTMLLanguageServer" をインスタンス化できませんでした。
	at org.eclipse.core.internal.registry.osgi.RegistryStrategyOSGI.throwException(RegistryStrategyOSGI.java:212)
	at org.eclipse.core.internal.registry.osgi.RegistryStrategyOSGI.createExecutableExtension(RegistryStrategyOSGI.java:206)
	at org.eclipse.core.internal.registry.ExtensionRegistry.createExecutableExtension(ExtensionRegistry.java:920)
	at org.eclipse.core.internal.registry.ConfigurationElement.createExecutableExtension(ConfigurationElement.java:246)
	at org.eclipse.core.internal.registry.ConfigurationElementHandle.createExecutableExtension(ConfigurationElementHandle.java:63)
	at org.eclipse.lsp4e.LanguageServersRegistry$ExtensionLanguageServerDefinition.createConnectionProvider(LanguageServersRegistry.java:161)
	... 8 more
Caused by: java.lang.reflect.InvocationTargetException
	at jdk.internal.reflect.GeneratedConstructorAccessor102.newInstance(Unknown Source)
	at java.base/jdk.internal.reflect.DelegatingConstructorAccessorImpl.newInstance(DelegatingConstructorAccessorImpl.java:45)
	at java.base/java.lang.reflect.Constructor.newInstanceWithCaller(Constructor.java:499)
	at java.base/java.lang.reflect.Constructor.newInstance(Constructor.java:480)
	at org.eclipse.core.internal.registry.osgi.RegistryStrategyOSGI.createExecutableExtension(RegistryStrategyOSGI.java:204)
	... 12 more
Caused by: java.lang.NullPointerException: Cannot invoke "java.io.File.getAbsolutePath()" because the return value of "org.eclipse.wildwebdeveloper.embedder.node.NodeJSManager.getNodeJsLocation()" is null
	at org.eclipse.wildwebdeveloper.html.HTMLLanguageServer.<init>(HTMLLanguageServer.java:40)
	... 17 more

!ENTRY org.eclipse.lsp4e 4 0 2025-12-27 07:29:22.637
!MESSAGE Exception occurred while creating an instance of the stream connection provider
!STACK 0
java.lang.RuntimeException: Exception occurred while creating an instance of the stream connection provider
	at org.eclipse.lsp4e.LanguageServersRegistry$ExtensionLanguageServerDefinition.createConnectionProvider(LanguageServersRegistry.java:164)
	at org.eclipse.lsp4e.LanguageServerWrapper.lambda$0(LanguageServerWrapper.java:233)
	at java.base/java.util.concurrent.CompletableFuture$AsyncSupply.run(CompletableFuture.java:1768)
	at java.base/java.util.concurrent.CompletableFuture$AsyncSupply.exec(CompletableFuture.java:1760)
	at java.base/java.util.concurrent.ForkJoinTask.doExec(ForkJoinTask.java:373)
	at java.base/java.util.concurrent.ForkJoinPool$WorkQueue.topLevelExec(ForkJoinPool.java:1182)
	at java.base/java.util.concurrent.ForkJoinPool.scan(ForkJoinPool.java:1655)
	at java.base/java.util.concurrent.ForkJoinPool.runWorker(ForkJoinPool.java:1622)
	at java.base/java.util.concurrent.ForkJoinWorkerThread.run(ForkJoinWorkerThread.java:165)
Caused by: org.eclipse.core.runtime.CoreException: プラグイン "org.eclipse.wildwebdeveloper" は、クラス "org.eclipse.wildwebdeveloper.angular.AngularLanguageServer" をインスタンス化できませんでした。
	at org.eclipse.core.internal.registry.osgi.RegistryStrategyOSGI.throwException(RegistryStrategyOSGI.java:212)
	at org.eclipse.core.internal.registry.osgi.RegistryStrategyOSGI.createExecutableExtension(RegistryStrategyOSGI.java:206)
	at org.eclipse.core.internal.registry.ExtensionRegistry.createExecutableExtension(ExtensionRegistry.java:920)
	at org.eclipse.core.internal.registry.ConfigurationElement.createExecutableExtension(ConfigurationElement.java:246)
	at org.eclipse.core.internal.registry.ConfigurationElementHandle.createExecutableExtension(ConfigurationElementHandle.java:63)
	at org.eclipse.lsp4e.LanguageServersRegistry$ExtensionLanguageServerDefinition.createConnectionProvider(LanguageServersRegistry.java:161)
	... 8 more
Caused by: java.lang.reflect.InvocationTargetException
	at jdk.internal.reflect.GeneratedConstructorAccessor101.newInstance(Unknown Source)
	at java.base/jdk.internal.reflect.DelegatingConstructorAccessorImpl.newInstance(DelegatingConstructorAccessorImpl.java:45)
	at java.base/java.lang.reflect.Constructor.newInstanceWithCaller(Constructor.java:499)
	at java.base/java.lang.reflect.Constructor.newInstance(Constructor.java:480)
	at org.eclipse.core.internal.registry.osgi.RegistryStrategyOSGI.createExecutableExtension(RegistryStrategyOSGI.java:204)
	... 12 more
Caused by: java.lang.NullPointerException: Cannot invoke "java.io.File.getAbsolutePath()" because the return value of "org.eclipse.wildwebdeveloper.embedder.node.NodeJSManager.getNodeJsLocation()" is null
	at org.eclipse.wildwebdeveloper.angular.AngularLanguageServer.<init>(AngularLanguageServer.java:43)
	... 17 more

!ENTRY org.eclipse.lsp4e 4 0 2025-12-27 07:29:22.638
!MESSAGE java.lang.RuntimeException: Exception occurred while creating an instance of the stream connection provider
!STACK 0
java.util.concurrent.ExecutionException: java.lang.RuntimeException: Exception occurred while creating an instance of the stream connection provider
	at java.base/java.util.concurrent.CompletableFuture.reportGet(CompletableFuture.java:396)
	at java.base/java.util.concurrent.CompletableFuture.get(CompletableFuture.java:2096)
	at org.eclipse.lsp4e.operations.documentLink.DocumentLinkDetector.detectHyperlinks(DocumentLinkDetector.java:119)
	at org.eclipse.ui.texteditor.HyperlinkDetectorRegistry$HyperlinkDetectorDelegate.detectHyperlinks(HyperlinkDetectorRegistry.java:81)
	at org.eclipse.jface.text.hyperlink.HyperlinkManager.findHyperlinks(HyperlinkManager.java:289)
	at org.eclipse.jface.text.hyperlink.HyperlinkManager.findHyperlinks(HyperlinkManager.java:262)
	at org.eclipse.jface.text.hyperlink.HyperlinkManager.mouseMove(HyperlinkManager.java:457)
	at org.eclipse.swt.widgets.TypedListener.handleEvent(TypedListener.java:216)
	at org.eclipse.swt.widgets.EventTable.sendEvent(EventTable.java:89)
	at org.eclipse.swt.widgets.Display.sendEvent(Display.java:4251)
	at org.eclipse.swt.widgets.Widget.sendEvent(Widget.java:1066)
	at org.eclipse.swt.widgets.Display.runDeferredEvents(Display.java:4068)
	at org.eclipse.swt.widgets.Display.readAndDispatch(Display.java:3645)
	at org.eclipse.e4.ui.internal.workbench.swt.PartRenderingEngine$5.run(PartRenderingEngine.java:1155)
	at org.eclipse.core.databinding.observable.Realm.runWithDefault(Realm.java:338)
	at org.eclipse.e4.ui.internal.workbench.swt.PartRenderingEngine.run(PartRenderingEngine.java:1046)
	at org.eclipse.e4.ui.internal.workbench.E4Workbench.createAndRunUI(E4Workbench.java:155)
	at org.eclipse.ui.internal.Workbench.lambda$3(Workbench.java:644)
	at org.eclipse.core.databinding.observable.Realm.runWithDefault(Realm.java:338)
	at org.eclipse.ui.internal.Workbench.createAndRunWorkbench(Workbench.java:551)
	at org.eclipse.ui.PlatformUI.createAndRunWorkbench(PlatformUI.java:156)
	at org.eclipse.ui.internal.ide.application.IDEApplication.start(IDEApplication.java:152)
	at org.eclipse.equinox.internal.app.EclipseAppHandle.run(EclipseAppHandle.java:203)
	at org.eclipse.core.runtime.internal.adaptor.EclipseAppLauncher.runApplication(EclipseAppLauncher.java:136)
	at org.eclipse.core.runtime.internal.adaptor.EclipseAppLauncher.start(EclipseAppLauncher.java:104)
	at org.eclipse.core.runtime.adaptor.EclipseStarter.run(EclipseStarter.java:402)
	at org.eclipse.core.runtime.adaptor.EclipseStarter.run(EclipseStarter.java:255)
	at java.base/jdk.internal.reflect.NativeMethodAccessorImpl.invoke0(Native Method)
	at java.base/jdk.internal.reflect.NativeMethodAccessorImpl.invoke(NativeMethodAccessorImpl.java:77)
	at java.base/jdk.internal.reflect.DelegatingMethodAccessorImpl.invoke(DelegatingMethodAccessorImpl.java:43)
	at java.base/java.lang.reflect.Method.invoke(Method.java:568)
	at org.eclipse.equinox.launcher.Main.invokeFramework(Main.java:659)
	at org.eclipse.equinox.launcher.Main.basicRun(Main.java:596)
	at org.eclipse.equinox.launcher.Main.run(Main.java:1467)
Caused by: java.lang.RuntimeException: Exception occurred while creating an instance of the stream connection provider
	at org.eclipse.lsp4e.LanguageServersRegistry$ExtensionLanguageServerDefinition.createConnectionProvider(LanguageServersRegistry.java:164)
	at org.eclipse.lsp4e.LanguageServerWrapper.lambda$0(LanguageServerWrapper.java:233)
	at java.base/java.util.concurrent.CompletableFuture$AsyncSupply.run(CompletableFuture.java:1768)
	at java.base/java.util.concurrent.CompletableFuture$AsyncSupply.exec(CompletableFuture.java:1760)
	at java.base/java.util.concurrent.ForkJoinTask.doExec(ForkJoinTask.java:373)
	at java.base/java.util.concurrent.ForkJoinPool$WorkQueue.topLevelExec(ForkJoinPool.java:1182)
	at java.base/java.util.concurrent.ForkJoinPool.scan(ForkJoinPool.java:1655)
	at java.base/java.util.concurrent.ForkJoinPool.runWorker(ForkJoinPool.java:1622)
	at java.base/java.util.concurrent.ForkJoinWorkerThread.run(ForkJoinWorkerThread.java:165)
Caused by: org.eclipse.core.runtime.CoreException: プラグイン "org.eclipse.wildwebdeveloper" は、クラス "org.eclipse.wildwebdeveloper.html.HTMLLanguageServer" をインスタンス化できませんでした。
	at org.eclipse.core.internal.registry.osgi.RegistryStrategyOSGI.throwException(RegistryStrategyOSGI.java:212)
	at org.eclipse.core.internal.registry.osgi.RegistryStrategyOSGI.createExecutableExtension(RegistryStrategyOSGI.java:206)
	at org.eclipse.core.internal.registry.ExtensionRegistry.createExecutableExtension(ExtensionRegistry.java:920)
	at org.eclipse.core.internal.registry.ConfigurationElement.createExecutableExtension(ConfigurationElement.java:246)
	at org.eclipse.core.internal.registry.ConfigurationElementHandle.createExecutableExtension(ConfigurationElementHandle.java:63)
	at org.eclipse.lsp4e.LanguageServersRegistry$ExtensionLanguageServerDefinition.createConnectionProvider(LanguageServersRegistry.java:161)
	... 8 more
Caused by: java.lang.reflect.InvocationTargetException
	at jdk.internal.reflect.GeneratedConstructorAccessor102.newInstance(Unknown Source)
	at java.base/jdk.internal.reflect.DelegatingConstructorAccessorImpl.newInstance(DelegatingConstructorAccessorImpl.java:45)
	at java.base/java.lang.reflect.Constructor.newInstanceWithCaller(Constructor.java:499)
	at java.base/java.lang.reflect.Constructor.newInstance(Constructor.java:480)
	at org.eclipse.core.internal.registry.osgi.RegistryStrategyOSGI.createExecutableExtension(RegistryStrategyOSGI.java:204)
	... 12 more
Caused by: java.lang.NullPointerException: Cannot invoke "java.io.File.getAbsolutePath()" because the return value of "org.eclipse.wildwebdeveloper.embedder.node.NodeJSManager.getNodeJsLocation()" is null
	at org.eclipse.wildwebdeveloper.html.HTMLLanguageServer.<init>(HTMLLanguageServer.java:40)
	... 17 more

!ENTRY org.eclipse.lsp4e 4 0 2025-12-27 07:29:22.638
!MESSAGE Cannot invoke "org.eclipse.lsp4e.server.StreamConnectionProvider.getInputStream()" because "this.lspStreamProvider" is null
!STACK 0
java.lang.NullPointerException: Cannot invoke "org.eclipse.lsp4e.server.StreamConnectionProvider.getInputStream()" because "this.lspStreamProvider" is null
	at org.eclipse.lsp4e.LanguageServerWrapper.lambda$1(LanguageServerWrapper.java:284)
	at java.base/java.util.concurrent.CompletableFuture$UniApply.tryFire(CompletableFuture.java:646)
	at java.base/java.util.concurrent.CompletableFuture.postComplete(CompletableFuture.java:510)
	at java.base/java.util.concurrent.CompletableFuture$AsyncSupply.run(CompletableFuture.java:1773)
	at java.base/java.util.concurrent.CompletableFuture$AsyncSupply.exec(CompletableFuture.java:1760)
	at java.base/java.util.concurrent.ForkJoinTask.doExec(ForkJoinTask.java:373)
	at java.base/java.util.concurrent.ForkJoinPool$WorkQueue.topLevelExec(ForkJoinPool.java:1182)
	at java.base/java.util.concurrent.ForkJoinPool.scan(ForkJoinPool.java:1655)
	at java.base/java.util.concurrent.ForkJoinPool.runWorker(ForkJoinPool.java:1622)
	at java.base/java.util.concurrent.ForkJoinWorkerThread.run(ForkJoinWorkerThread.java:165)

!ENTRY org.eclipse.lsp4e 4 0 2025-12-27 07:29:22.638
!MESSAGE Cannot invoke "org.eclipse.lsp4e.server.StreamConnectionProvider.getInputStream()" because "this.lspStreamProvider" is null
!STACK 0
java.lang.NullPointerException: Cannot invoke "org.eclipse.lsp4e.server.StreamConnectionProvider.getInputStream()" because "this.lspStreamProvider" is null
	at org.eclipse.lsp4e.LanguageServerWrapper.lambda$1(LanguageServerWrapper.java:284)
	at java.base/java.util.concurrent.CompletableFuture$UniApply.tryFire(CompletableFuture.java:646)
	at java.base/java.util.concurrent.CompletableFuture.postComplete(CompletableFuture.java:510)
	at java.base/java.util.concurrent.CompletableFuture$AsyncSupply.run(CompletableFuture.java:1773)
	at java.base/java.util.concurrent.CompletableFuture$AsyncSupply.exec(CompletableFuture.java:1760)
	at java.base/java.util.concurrent.ForkJoinTask.doExec(ForkJoinTask.java:373)
	at java.base/java.util.concurrent.ForkJoinPool$WorkQueue.topLevelExec(ForkJoinPool.java:1182)
	at java.base/java.util.concurrent.ForkJoinPool.scan(ForkJoinPool.java:1655)
	at java.base/java.util.concurrent.ForkJoinPool.runWorker(ForkJoinPool.java:1622)
	at java.base/java.util.concurrent.ForkJoinWorkerThread.run(ForkJoinWorkerThread.java:165)

!ENTRY org.eclipse.lsp4e 4 0 2025-12-27 07:29:22.715
!MESSAGE プラグイン "org.eclipse.wildwebdeveloper" は、クラス "org.eclipse.wildwebdeveloper.angular.AngularLanguageServer" をインスタンス化できませんでした。
!STACK 1
org.eclipse.core.runtime.CoreException: プラグイン "org.eclipse.wildwebdeveloper" は、クラス "org.eclipse.wildwebdeveloper.angular.AngularLanguageServer" をインスタンス化できませんでした。
	at org.eclipse.core.internal.registry.osgi.RegistryStrategyOSGI.throwException(RegistryStrategyOSGI.java:212)
	at org.eclipse.core.internal.registry.osgi.RegistryStrategyOSGI.createExecutableExtension(RegistryStrategyOSGI.java:206)
	at org.eclipse.core.internal.registry.ExtensionRegistry.createExecutableExtension(ExtensionRegistry.java:920)
	at org.eclipse.core.internal.registry.ConfigurationElement.createExecutableExtension(ConfigurationElement.java:246)
	at org.eclipse.core.internal.registry.ConfigurationElementHandle.createExecutableExtension(ConfigurationElementHandle.java:63)
	at org.eclipse.lsp4e.LanguageServersRegistry$ExtensionLanguageServerDefinition.createConnectionProvider(LanguageServersRegistry.java:161)
	at org.eclipse.lsp4e.LanguageServerWrapper.lambda$0(LanguageServerWrapper.java:233)
	at java.base/java.util.concurrent.CompletableFuture$AsyncSupply.run(CompletableFuture.java:1768)
	at java.base/java.util.concurrent.CompletableFuture$AsyncSupply.exec(CompletableFuture.java:1760)
	at java.base/java.util.concurrent.ForkJoinTask.doExec(ForkJoinTask.java:373)
	at java.base/java.util.concurrent.ForkJoinPool$WorkQueue.topLevelExec(ForkJoinPool.java:1182)
	at java.base/java.util.concurrent.ForkJoinPool.scan(ForkJoinPool.java:1655)
	at java.base/java.util.concurrent.ForkJoinPool.runWorker(ForkJoinPool.java:1622)
	at java.base/java.util.concurrent.ForkJoinWorkerThread.run(ForkJoinWorkerThread.java:165)
Caused by: java.lang.reflect.InvocationTargetException
	at jdk.internal.reflect.GeneratedConstructorAccessor101.newInstance(Unknown Source)
	at java.base/jdk.internal.reflect.DelegatingConstructorAccessorImpl.newInstance(DelegatingConstructorAccessorImpl.java:45)
	at java.base/java.lang.reflect.Constructor.newInstanceWithCaller(Constructor.java:499)
	at java.base/java.lang.reflect.Constructor.newInstance(Constructor.java:480)
	at org.eclipse.core.internal.registry.osgi.RegistryStrategyOSGI.createExecutableExtension(RegistryStrategyOSGI.java:204)
	... 12 more
Caused by: java.lang.NullPointerException: Cannot invoke "java.io.File.getAbsolutePath()" because the return value of "org.eclipse.wildwebdeveloper.embedder.node.NodeJSManager.getNodeJsLocation()" is null
	at org.eclipse.wildwebdeveloper.angular.AngularLanguageServer.<init>(AngularLanguageServer.java:43)
	... 17 more
!SUBENTRY 1 org.eclipse.equinox.registry 4 1 2025-12-27 07:29:22.715
!MESSAGE プラグイン "org.eclipse.wildwebdeveloper" は、クラス "org.eclipse.wildwebdeveloper.angular.AngularLanguageServer" をインスタンス化できませんでした。
!STACK 0
java.lang.reflect.InvocationTargetException
	at jdk.internal.reflect.GeneratedConstructorAccessor101.newInstance(Unknown Source)
	at java.base/jdk.internal.reflect.DelegatingConstructorAccessorImpl.newInstance(DelegatingConstructorAccessorImpl.java:45)
	at java.base/java.lang.reflect.Constructor.newInstanceWithCaller(Constructor.java:499)
	at java.base/java.lang.reflect.Constructor.newInstance(Constructor.java:480)
	at org.eclipse.core.internal.registry.osgi.RegistryStrategyOSGI.createExecutableExtension(RegistryStrategyOSGI.java:204)
	at org.eclipse.core.internal.registry.ExtensionRegistry.createExecutableExtension(ExtensionRegistry.java:920)
	at org.eclipse.core.internal.registry.ConfigurationElement.createExecutableExtension(ConfigurationElement.java:246)
	at org.eclipse.core.internal.registry.ConfigurationElementHandle.createExecutableExtension(ConfigurationElementHandle.java:63)
	at org.eclipse.lsp4e.LanguageServersRegistry$ExtensionLanguageServerDefinition.createConnectionProvider(LanguageServersRegistry.java:161)
	at org.eclipse.lsp4e.LanguageServerWrapper.lambda$0(LanguageServerWrapper.java:233)
	at java.base/java.util.concurrent.CompletableFuture$AsyncSupply.run(CompletableFuture.java:1768)
	at java.base/java.util.concurrent.CompletableFuture$AsyncSupply.exec(CompletableFuture.java:1760)
	at java.base/java.util.concurrent.ForkJoinTask.doExec(ForkJoinTask.java:373)
	at java.base/java.util.concurrent.ForkJoinPool$WorkQueue.topLevelExec(ForkJoinPool.java:1182)
	at java.base/java.util.concurrent.ForkJoinPool.scan(ForkJoinPool.java:1655)
	at java.base/java.util.concurrent.ForkJoinPool.runWorker(ForkJoinPool.java:1622)
	at java.base/java.util.concurrent.ForkJoinWorkerThread.run(ForkJoinWorkerThread.java:165)
Caused by: java.lang.NullPointerException: Cannot invoke "java.io.File.getAbsolutePath()" because the return value of "org.eclipse.wildwebdeveloper.embedder.node.NodeJSManager.getNodeJsLocation()" is null
	at org.eclipse.wildwebdeveloper.angular.AngularLanguageServer.<init>(AngularLanguageServer.java:43)
	... 17 more
Root exception:
java.lang.NullPointerException: Cannot invoke "java.io.File.getAbsolutePath()" because the return value of "org.eclipse.wildwebdeveloper.embedder.node.NodeJSManager.getNodeJsLocation()" is null
	at org.eclipse.wildwebdeveloper.angular.AngularLanguageServer.<init>(AngularLanguageServer.java:43)
	at jdk.internal.reflect.GeneratedConstructorAccessor101.newInstance(Unknown Source)
	at java.base/jdk.internal.reflect.DelegatingConstructorAccessorImpl.newInstance(DelegatingConstructorAccessorImpl.java:45)
	at java.base/java.lang.reflect.Constructor.newInstanceWithCaller(Constructor.java:499)
	at java.base/java.lang.reflect.Constructor.newInstance(Constructor.java:480)
	at org.eclipse.core.internal.registry.osgi.RegistryStrategyOSGI.createExecutableExtension(RegistryStrategyOSGI.java:204)
	at org.eclipse.core.internal.registry.ExtensionRegistry.createExecutableExtension(ExtensionRegistry.java:920)
	at org.eclipse.core.internal.registry.ConfigurationElement.createExecutableExtension(ConfigurationElement.java:246)
	at org.eclipse.core.internal.registry.ConfigurationElementHandle.createExecutableExtension(ConfigurationElementHandle.java:63)
	at org.eclipse.lsp4e.LanguageServersRegistry$ExtensionLanguageServerDefinition.createConnectionProvider(LanguageServersRegistry.java:161)
	at org.eclipse.lsp4e.LanguageServerWrapper.lambda$0(LanguageServerWrapper.java:233)
	at java.base/java.util.concurrent.CompletableFuture$AsyncSupply.run(CompletableFuture.java:1768)
	at java.base/java.util.concurrent.CompletableFuture$AsyncSupply.exec(CompletableFuture.java:1760)
	at java.base/java.util.concurrent.ForkJoinTask.doExec(ForkJoinTask.java:373)
	at java.base/java.util.concurrent.ForkJoinPool$WorkQueue.topLevelExec(ForkJoinPool.java:1182)
	at java.base/java.util.concurrent.ForkJoinPool.scan(ForkJoinPool.java:1655)
	at java.base/java.util.concurrent.ForkJoinPool.runWorker(ForkJoinPool.java:1622)
	at java.base/java.util.concurrent.ForkJoinWorkerThread.run(ForkJoinWorkerThread.java:165)

!ENTRY org.eclipse.lsp4e 4 0 2025-12-27 07:29:22.715
!MESSAGE プラグイン "org.eclipse.wildwebdeveloper" は、クラス "org.eclipse.wildwebdeveloper.html.HTMLLanguageServer" をインスタンス化できませんでした。
!STACK 1
org.eclipse.core.runtime.CoreException: プラグイン "org.eclipse.wildwebdeveloper" は、クラス "org.eclipse.wildwebdeveloper.html.HTMLLanguageServer" をインスタンス化できませんでした。
	at org.eclipse.core.internal.registry.osgi.RegistryStrategyOSGI.throwException(RegistryStrategyOSGI.java:212)
	at org.eclipse.core.internal.registry.osgi.RegistryStrategyOSGI.createExecutableExtension(RegistryStrategyOSGI.java:206)
	at org.eclipse.core.internal.registry.ExtensionRegistry.createExecutableExtension(ExtensionRegistry.java:920)
	at org.eclipse.core.internal.registry.ConfigurationElement.createExecutableExtension(ConfigurationElement.java:246)
	at org.eclipse.core.internal.registry.ConfigurationElementHandle.createExecutableExtension(ConfigurationElementHandle.java:63)
	at org.eclipse.lsp4e.LanguageServersRegistry$ExtensionLanguageServerDefinition.createConnectionProvider(LanguageServersRegistry.java:161)
	at org.eclipse.lsp4e.LanguageServerWrapper.lambda$0(LanguageServerWrapper.java:233)
	at java.base/java.util.concurrent.CompletableFuture$AsyncSupply.run(CompletableFuture.java:1768)
	at java.base/java.util.concurrent.CompletableFuture$AsyncSupply.exec(CompletableFuture.java:1760)
	at java.base/java.util.concurrent.ForkJoinTask.doExec(ForkJoinTask.java:373)
	at java.base/java.util.concurrent.ForkJoinPool$WorkQueue.topLevelExec(ForkJoinPool.java:1182)
	at java.base/java.util.concurrent.ForkJoinPool.scan(ForkJoinPool.java:1655)
	at java.base/java.util.concurrent.ForkJoinPool.runWorker(ForkJoinPool.java:1622)
	at java.base/java.util.concurrent.ForkJoinWorkerThread.run(ForkJoinWorkerThread.java:165)
Caused by: java.lang.reflect.InvocationTargetException
	at jdk.internal.reflect.GeneratedConstructorAccessor102.newInstance(Unknown Source)
	at java.base/jdk.internal.reflect.DelegatingConstructorAccessorImpl.newInstance(DelegatingConstructorAccessorImpl.java:45)
	at java.base/java.lang.reflect.Constructor.newInstanceWithCaller(Constructor.java:499)
	at java.base/java.lang.reflect.Constructor.newInstance(Constructor.java:480)
	at org.eclipse.core.internal.registry.osgi.RegistryStrategyOSGI.createExecutableExtension(RegistryStrategyOSGI.java:204)
	... 12 more
Caused by: java.lang.NullPointerException: Cannot invoke "java.io.File.getAbsolutePath()" because the return value of "org.eclipse.wildwebdeveloper.embedder.node.NodeJSManager.getNodeJsLocation()" is null
	at org.eclipse.wildwebdeveloper.html.HTMLLanguageServer.<init>(HTMLLanguageServer.java:40)
	... 17 more
!SUBENTRY 1 org.eclipse.equinox.registry 4 1 2025-12-27 07:29:22.715
!MESSAGE プラグイン "org.eclipse.wildwebdeveloper" は、クラス "org.eclipse.wildwebdeveloper.html.HTMLLanguageServer" をインスタンス化できませんでした。
!STACK 0
java.lang.reflect.InvocationTargetException
	at jdk.internal.reflect.GeneratedConstructorAccessor102.newInstance(Unknown Source)
	at java.base/jdk.internal.reflect.DelegatingConstructorAccessorImpl.newInstance(DelegatingConstructorAccessorImpl.java:45)
	at java.base/java.lang.reflect.Constructor.newInstanceWithCaller(Constructor.java:499)
	at java.base/java.lang.reflect.Constructor.newInstance(Constructor.java:480)
	at org.eclipse.core.internal.registry.osgi.RegistryStrategyOSGI.createExecutableExtension(RegistryStrategyOSGI.java:204)
	at org.eclipse.core.internal.registry.ExtensionRegistry.createExecutableExtension(ExtensionRegistry.java:920)
	at org.eclipse.core.internal.registry.ConfigurationElement.createExecutableExtension(ConfigurationElement.java:246)
	at org.eclipse.core.internal.registry.ConfigurationElementHandle.createExecutableExtension(ConfigurationElementHandle.java:63)
	at org.eclipse.lsp4e.LanguageServersRegistry$ExtensionLanguageServerDefinition.createConnectionProvider(LanguageServersRegistry.java:161)
	at org.eclipse.lsp4e.LanguageServerWrapper.lambda$0(LanguageServerWrapper.java:233)
	at java.base/java.util.concurrent.CompletableFuture$AsyncSupply.run(CompletableFuture.java:1768)
	at java.base/java.util.concurrent.CompletableFuture$AsyncSupply.exec(CompletableFuture.java:1760)
	at java.base/java.util.concurrent.ForkJoinTask.doExec(ForkJoinTask.java:373)
	at java.base/java.util.concurrent.ForkJoinPool$WorkQueue.topLevelExec(ForkJoinPool.java:1182)
	at java.base/java.util.concurrent.ForkJoinPool.scan(ForkJoinPool.java:1655)
	at java.base/java.util.concurrent.ForkJoinPool.runWorker(ForkJoinPool.java:1622)
	at java.base/java.util.concurrent.ForkJoinWorkerThread.run(ForkJoinWorkerThread.java:165)
Caused by: java.lang.NullPointerException: Cannot invoke "java.io.File.getAbsolutePath()" because the return value of "org.eclipse.wildwebdeveloper.embedder.node.NodeJSManager.getNodeJsLocation()" is null
	at org.eclipse.wildwebdeveloper.html.HTMLLanguageServer.<init>(HTMLLanguageServer.java:40)
	... 17 more
Root exception:
java.lang.NullPointerException: Cannot invoke "java.io.File.getAbsolutePath()" because the return value of "org.eclipse.wildwebdeveloper.embedder.node.NodeJSManager.getNodeJsLocation()" is null
	at org.eclipse.wildwebdeveloper.html.HTMLLanguageServer.<init>(HTMLLanguageServer.java:40)
	at jdk.internal.reflect.GeneratedConstructorAccessor102.newInstance(Unknown Source)
	at java.base/jdk.internal.reflect.DelegatingConstructorAccessorImpl.newInstance(DelegatingConstructorAccessorImpl.java:45)
	at java.base/java.lang.reflect.Constructor.newInstanceWithCaller(Constructor.java:499)
	at java.base/java.lang.reflect.Constructor.newInstance(Constructor.java:480)
	at org.eclipse.core.internal.registry.osgi.RegistryStrategyOSGI.createExecutableExtension(RegistryStrategyOSGI.java:204)
	at org.eclipse.core.internal.registry.ExtensionRegistry.createExecutableExtension(ExtensionRegistry.java:920)
	at org.eclipse.core.internal.registry.ConfigurationElement.createExecutableExtension(ConfigurationElement.java:246)
	at org.eclipse.core.internal.registry.ConfigurationElementHandle.createExecutableExtension(ConfigurationElementHandle.java:63)
	at org.eclipse.lsp4e.LanguageServersRegistry$ExtensionLanguageServerDefinition.createConnectionProvider(LanguageServersRegistry.java:161)
	at org.eclipse.lsp4e.LanguageServerWrapper.lambda$0(LanguageServerWrapper.java:233)
	at java.base/java.util.concurrent.CompletableFuture$AsyncSupply.run(CompletableFuture.java:1768)
	at java.base/java.util.concurrent.CompletableFuture$AsyncSupply.exec(CompletableFuture.java:1760)
	at java.base/java.util.concurrent.ForkJoinTask.doExec(ForkJoinTask.java:373)
	at java.base/java.util.concurrent.ForkJoinPool$WorkQueue.topLevelExec(ForkJoinPool.java:1182)
	at java.base/java.util.concurrent.ForkJoinPool.scan(ForkJoinPool.java:1655)
	at java.base/java.util.concurrent.ForkJoinPool.runWorker(ForkJoinPool.java:1622)
	at java.base/java.util.concurrent.ForkJoinWorkerThread.run(ForkJoinWorkerThread.java:165)

!ENTRY org.eclipse.lsp4e 4 0 2025-12-27 07:29:22.717
!MESSAGE Exception occurred while creating an instance of the stream connection provider
!STACK 0
java.lang.RuntimeException: Exception occurred while creating an instance of the stream connection provider
	at org.eclipse.lsp4e.LanguageServersRegistry$ExtensionLanguageServerDefinition.createConnectionProvider(LanguageServersRegistry.java:164)
	at org.eclipse.lsp4e.LanguageServerWrapper.lambda$0(LanguageServerWrapper.java:233)
	at java.base/java.util.concurrent.CompletableFuture$AsyncSupply.run(CompletableFuture.java:1768)
	at java.base/java.util.concurrent.CompletableFuture$AsyncSupply.exec(CompletableFuture.java:1760)
	at java.base/java.util.concurrent.ForkJoinTask.doExec(ForkJoinTask.java:373)
	at java.base/java.util.concurrent.ForkJoinPool$WorkQueue.topLevelExec(ForkJoinPool.java:1182)
	at java.base/java.util.concurrent.ForkJoinPool.scan(ForkJoinPool.java:1655)
	at java.base/java.util.concurrent.ForkJoinPool.runWorker(ForkJoinPool.java:1622)
	at java.base/java.util.concurrent.ForkJoinWorkerThread.run(ForkJoinWorkerThread.java:165)
Caused by: org.eclipse.core.runtime.CoreException: プラグイン "org.eclipse.wildwebdeveloper" は、クラス "org.eclipse.wildwebdeveloper.angular.AngularLanguageServer" をインスタンス化できませんでした。
	at org.eclipse.core.internal.registry.osgi.RegistryStrategyOSGI.throwException(RegistryStrategyOSGI.java:212)
	at org.eclipse.core.internal.registry.osgi.RegistryStrategyOSGI.createExecutableExtension(RegistryStrategyOSGI.java:206)
	at org.eclipse.core.internal.registry.ExtensionRegistry.createExecutableExtension(ExtensionRegistry.java:920)
	at org.eclipse.core.internal.registry.ConfigurationElement.createExecutableExtension(ConfigurationElement.java:246)
	at org.eclipse.core.internal.registry.ConfigurationElementHandle.createExecutableExtension(ConfigurationElementHandle.java:63)
	at org.eclipse.lsp4e.LanguageServersRegistry$ExtensionLanguageServerDefinition.createConnectionProvider(LanguageServersRegistry.java:161)
	... 8 more
Caused by: java.lang.reflect.InvocationTargetException
	at jdk.internal.reflect.GeneratedConstructorAccessor101.newInstance(Unknown Source)
	at java.base/jdk.internal.reflect.DelegatingConstructorAccessorImpl.newInstance(DelegatingConstructorAccessorImpl.java:45)
	at java.base/java.lang.reflect.Constructor.newInstanceWithCaller(Constructor.java:499)
	at java.base/java.lang.reflect.Constructor.newInstance(Constructor.java:480)
	at org.eclipse.core.internal.registry.osgi.RegistryStrategyOSGI.createExecutableExtension(RegistryStrategyOSGI.java:204)
	... 12 more
Caused by: java.lang.NullPointerException: Cannot invoke "java.io.File.getAbsolutePath()" because the return value of "org.eclipse.wildwebdeveloper.embedder.node.NodeJSManager.getNodeJsLocation()" is null
	at org.eclipse.wildwebdeveloper.angular.AngularLanguageServer.<init>(AngularLanguageServer.java:43)
	... 17 more

!ENTRY org.eclipse.lsp4e 4 0 2025-12-27 07:29:22.717
!MESSAGE Exception occurred while creating an instance of the stream connection provider
!STACK 0
java.lang.RuntimeException: Exception occurred while creating an instance of the stream connection provider
	at org.eclipse.lsp4e.LanguageServersRegistry$ExtensionLanguageServerDefinition.createConnectionProvider(LanguageServersRegistry.java:164)
	at org.eclipse.lsp4e.LanguageServerWrapper.lambda$0(LanguageServerWrapper.java:233)
	at java.base/java.util.concurrent.CompletableFuture$AsyncSupply.run(CompletableFuture.java:1768)
	at java.base/java.util.concurrent.CompletableFuture$AsyncSupply.exec(CompletableFuture.java:1760)
	at java.base/java.util.concurrent.ForkJoinTask.doExec(ForkJoinTask.java:373)
	at java.base/java.util.concurrent.ForkJoinPool$WorkQueue.topLevelExec(ForkJoinPool.java:1182)
	at java.base/java.util.concurrent.ForkJoinPool.scan(ForkJoinPool.java:1655)
	at java.base/java.util.concurrent.ForkJoinPool.runWorker(ForkJoinPool.java:1622)
	at java.base/java.util.concurrent.ForkJoinWorkerThread.run(ForkJoinWorkerThread.java:165)
Caused by: org.eclipse.core.runtime.CoreException: プラグイン "org.eclipse.wildwebdeveloper" は、クラス "org.eclipse.wildwebdeveloper.html.HTMLLanguageServer" をインスタンス化できませんでした。
	at org.eclipse.core.internal.registry.osgi.RegistryStrategyOSGI.throwException(RegistryStrategyOSGI.java:212)
	at org.eclipse.core.internal.registry.osgi.RegistryStrategyOSGI.createExecutableExtension(RegistryStrategyOSGI.java:206)
	at org.eclipse.core.internal.registry.ExtensionRegistry.createExecutableExtension(ExtensionRegistry.java:920)
	at org.eclipse.core.internal.registry.ConfigurationElement.createExecutableExtension(ConfigurationElement.java:246)
	at org.eclipse.core.internal.registry.ConfigurationElementHandle.createExecutableExtension(ConfigurationElementHandle.java:63)
	at org.eclipse.lsp4e.LanguageServersRegistry$ExtensionLanguageServerDefinition.createConnectionProvider(LanguageServersRegistry.java:161)
	... 8 more
Caused by: java.lang.reflect.InvocationTargetException
	at jdk.internal.reflect.GeneratedConstructorAccessor102.newInstance(Unknown Source)
	at java.base/jdk.internal.reflect.DelegatingConstructorAccessorImpl.newInstance(DelegatingConstructorAccessorImpl.java:45)
	at java.base/java.lang.reflect.Constructor.newInstanceWithCaller(Constructor.java:499)
	at java.base/java.lang.reflect.Constructor.newInstance(Constructor.java:480)
	at org.eclipse.core.internal.registry.osgi.RegistryStrategyOSGI.createExecutableExtension(RegistryStrategyOSGI.java:204)
	... 12 more
Caused by: java.lang.NullPointerException: Cannot invoke "java.io.File.getAbsolutePath()" because the return value of "org.eclipse.wildwebdeveloper.embedder.node.NodeJSManager.getNodeJsLocation()" is null
	at org.eclipse.wildwebdeveloper.html.HTMLLanguageServer.<init>(HTMLLanguageServer.java:40)
	... 17 more

!ENTRY org.eclipse.lsp4e 4 0 2025-12-27 07:29:22.717
!MESSAGE Cannot invoke "org.eclipse.lsp4e.server.StreamConnectionProvider.getInputStream()" because "this.lspStreamProvider" is null
!STACK 0
java.lang.NullPointerException: Cannot invoke "org.eclipse.lsp4e.server.StreamConnectionProvider.getInputStream()" because "this.lspStreamProvider" is null
	at org.eclipse.lsp4e.LanguageServerWrapper.lambda$1(LanguageServerWrapper.java:284)
	at java.base/java.util.concurrent.CompletableFuture$UniApply.tryFire(CompletableFuture.java:646)
	at java.base/java.util.concurrent.CompletableFuture.postComplete(CompletableFuture.java:510)
	at java.base/java.util.concurrent.CompletableFuture$AsyncSupply.run(CompletableFuture.java:1773)
	at java.base/java.util.concurrent.CompletableFuture$AsyncSupply.exec(CompletableFuture.java:1760)
	at java.base/java.util.concurrent.ForkJoinTask.doExec(ForkJoinTask.java:373)
	at java.base/java.util.concurrent.ForkJoinPool$WorkQueue.topLevelExec(ForkJoinPool.java:1182)
	at java.base/java.util.concurrent.ForkJoinPool.scan(ForkJoinPool.java:1655)
	at java.base/java.util.concurrent.ForkJoinPool.runWorker(ForkJoinPool.java:1622)
	at java.base/java.util.concurrent.ForkJoinWorkerThread.run(ForkJoinWorkerThread.java:165)

!ENTRY org.eclipse.lsp4e 4 0 2025-12-27 07:29:22.718
!MESSAGE java.lang.RuntimeException: Exception occurred while creating an instance of the stream connection provider
!STACK 0
java.util.concurrent.ExecutionException: java.lang.RuntimeException: Exception occurred while creating an instance of the stream connection provider
	at java.base/java.util.concurrent.CompletableFuture.reportGet(CompletableFuture.java:396)
	at java.base/java.util.concurrent.CompletableFuture.get(CompletableFuture.java:2096)
	at org.eclipse.lsp4e.operations.declaration.OpenDeclarationHyperlinkDetector.detectHyperlinks(OpenDeclarationHyperlinkDetector.java:94)
	at org.eclipse.ui.texteditor.HyperlinkDetectorRegistry$HyperlinkDetectorDelegate.detectHyperlinks(HyperlinkDetectorRegistry.java:81)
	at org.eclipse.jface.text.hyperlink.HyperlinkManager.findHyperlinks(HyperlinkManager.java:289)
	at org.eclipse.jface.text.hyperlink.HyperlinkManager.findHyperlinks(HyperlinkManager.java:262)
	at org.eclipse.jface.text.hyperlink.HyperlinkManager.mouseMove(HyperlinkManager.java:457)
	at org.eclipse.swt.widgets.TypedListener.handleEvent(TypedListener.java:216)
	at org.eclipse.swt.widgets.EventTable.sendEvent(EventTable.java:89)
	at org.eclipse.swt.widgets.Display.sendEvent(Display.java:4251)
	at org.eclipse.swt.widgets.Widget.sendEvent(Widget.java:1066)
	at org.eclipse.swt.widgets.Display.runDeferredEvents(Display.java:4068)
	at org.eclipse.swt.widgets.Display.readAndDispatch(Display.java:3645)
	at org.eclipse.e4.ui.internal.workbench.swt.PartRenderingEngine$5.run(PartRenderingEngine.java:1155)
	at org.eclipse.core.databinding.observable.Realm.runWithDefault(Realm.java:338)
	at org.eclipse.e4.ui.internal.workbench.swt.PartRenderingEngine.run(PartRenderingEngine.java:1046)
	at org.eclipse.e4.ui.internal.workbench.E4Workbench.createAndRunUI(E4Workbench.java:155)
	at org.eclipse.ui.internal.Workbench.lambda$3(Workbench.java:644)
	at org.eclipse.core.databinding.observable.Realm.runWithDefault(Realm.java:338)
	at org.eclipse.ui.internal.Workbench.createAndRunWorkbench(Workbench.java:551)
	at org.eclipse.ui.PlatformUI.createAndRunWorkbench(PlatformUI.java:156)
	at org.eclipse.ui.internal.ide.application.IDEApplication.start(IDEApplication.java:152)
	at org.eclipse.equinox.internal.app.EclipseAppHandle.run(EclipseAppHandle.java:203)
	at org.eclipse.core.runtime.internal.adaptor.EclipseAppLauncher.runApplication(EclipseAppLauncher.java:136)
	at org.eclipse.core.runtime.internal.adaptor.EclipseAppLauncher.start(EclipseAppLauncher.java:104)
	at org.eclipse.core.runtime.adaptor.EclipseStarter.run(EclipseStarter.java:402)
	at org.eclipse.core.runtime.adaptor.EclipseStarter.run(EclipseStarter.java:255)
	at java.base/jdk.internal.reflect.NativeMethodAccessorImpl.invoke0(Native Method)
	at java.base/jdk.internal.reflect.NativeMethodAccessorImpl.invoke(NativeMethodAccessorImpl.java:77)
	at java.base/jdk.internal.reflect.DelegatingMethodAccessorImpl.invoke(DelegatingMethodAccessorImpl.java:43)
	at java.base/java.lang.reflect.Method.invoke(Method.java:568)
	at org.eclipse.equinox.launcher.Main.invokeFramework(Main.java:659)
	at org.eclipse.equinox.launcher.Main.basicRun(Main.java:596)
	at org.eclipse.equinox.launcher.Main.run(Main.java:1467)
Caused by: java.lang.RuntimeException: Exception occurred while creating an instance of the stream connection provider
	at org.eclipse.lsp4e.LanguageServersRegistry$ExtensionLanguageServerDefinition.createConnectionProvider(LanguageServersRegistry.java:164)
	at org.eclipse.lsp4e.LanguageServerWrapper.lambda$0(LanguageServerWrapper.java:233)
	at java.base/java.util.concurrent.CompletableFuture$AsyncSupply.run(CompletableFuture.java:1768)
	at java.base/java.util.concurrent.CompletableFuture$AsyncSupply.exec(CompletableFuture.java:1760)
	at java.base/java.util.concurrent.ForkJoinTask.doExec(ForkJoinTask.java:373)
	at java.base/java.util.concurrent.ForkJoinPool$WorkQueue.topLevelExec(ForkJoinPool.java:1182)
	at java.base/java.util.concurrent.ForkJoinPool.scan(ForkJoinPool.java:1655)
	at java.base/java.util.concurrent.ForkJoinPool.runWorker(ForkJoinPool.java:1622)
	at java.base/java.util.concurrent.ForkJoinWorkerThread.run(ForkJoinWorkerThread.java:165)
Caused by: org.eclipse.core.runtime.CoreException: プラグイン "org.eclipse.wildwebdeveloper" は、クラス "org.eclipse.wildwebdeveloper.html.HTMLLanguageServer" をインスタンス化できませんでした。
	at org.eclipse.core.internal.registry.osgi.RegistryStrategyOSGI.throwException(RegistryStrategyOSGI.java:212)
	at org.eclipse.core.internal.registry.osgi.RegistryStrategyOSGI.createExecutableExtension(RegistryStrategyOSGI.java:206)
	at org.eclipse.core.internal.registry.ExtensionRegistry.createExecutableExtension(ExtensionRegistry.java:920)
	at org.eclipse.core.internal.registry.ConfigurationElement.createExecutableExtension(ConfigurationElement.java:246)
	at org.eclipse.core.internal.registry.ConfigurationElementHandle.createExecutableExtension(ConfigurationElementHandle.java:63)
	at org.eclipse.lsp4e.LanguageServersRegistry$ExtensionLanguageServerDefinition.createConnectionProvider(LanguageServersRegistry.java:161)
	... 8 more
Caused by: java.lang.reflect.InvocationTargetException
	at jdk.internal.reflect.GeneratedConstructorAccessor102.newInstance(Unknown Source)
	at java.base/jdk.internal.reflect.DelegatingConstructorAccessorImpl.newInstance(DelegatingConstructorAccessorImpl.java:45)
	at java.base/java.lang.reflect.Constructor.newInstanceWithCaller(Constructor.java:499)
	at java.base/java.lang.reflect.Constructor.newInstance(Constructor.java:480)
	at org.eclipse.core.internal.registry.osgi.RegistryStrategyOSGI.createExecutableExtension(RegistryStrategyOSGI.java:204)
	... 12 more
Caused by: java.lang.NullPointerException: Cannot invoke "java.io.File.getAbsolutePath()" because the return value of "org.eclipse.wildwebdeveloper.embedder.node.NodeJSManager.getNodeJsLocation()" is null
	at org.eclipse.wildwebdeveloper.html.HTMLLanguageServer.<init>(HTMLLanguageServer.java:40)
	... 17 more

!ENTRY org.eclipse.lsp4e 4 0 2025-12-27 07:29:22.718
!MESSAGE Cannot invoke "org.eclipse.lsp4e.server.StreamConnectionProvider.getInputStream()" because "this.lspStreamProvider" is null
!STACK 0
java.lang.NullPointerException: Cannot invoke "org.eclipse.lsp4e.server.StreamConnectionProvider.getInputStream()" because "this.lspStreamProvider" is null
	at org.eclipse.lsp4e.LanguageServerWrapper.lambda$1(LanguageServerWrapper.java:284)
	at java.base/java.util.concurrent.CompletableFuture$UniApply.tryFire(CompletableFuture.java:646)
	at java.base/java.util.concurrent.CompletableFuture.postComplete(CompletableFuture.java:510)
	at java.base/java.util.concurrent.CompletableFuture$AsyncSupply.run(CompletableFuture.java:1773)
	at java.base/java.util.concurrent.CompletableFuture$AsyncSupply.exec(CompletableFuture.java:1760)
	at java.base/java.util.concurrent.ForkJoinTask.doExec(ForkJoinTask.java:373)
	at java.base/java.util.concurrent.ForkJoinPool$WorkQueue.topLevelExec(ForkJoinPool.java:1182)
	at java.base/java.util.concurrent.ForkJoinPool.scan(ForkJoinPool.java:1655)
	at java.base/java.util.concurrent.ForkJoinPool.runWorker(ForkJoinPool.java:1622)
	at java.base/java.util.concurrent.ForkJoinWorkerThread.run(ForkJoinWorkerThread.java:165)

!ENTRY org.eclipse.lsp4e 4 0 2025-12-27 07:29:22.780
!MESSAGE プラグイン "org.eclipse.wildwebdeveloper" は、クラス "org.eclipse.wildwebdeveloper.html.HTMLLanguageServer" をインスタンス化できませんでした。
!STACK 1
org.eclipse.core.runtime.CoreException: プラグイン "org.eclipse.wildwebdeveloper" は、クラス "org.eclipse.wildwebdeveloper.html.HTMLLanguageServer" をインスタンス化できませんでした。
	at org.eclipse.core.internal.registry.osgi.RegistryStrategyOSGI.throwException(RegistryStrategyOSGI.java:212)
	at org.eclipse.core.internal.registry.osgi.RegistryStrategyOSGI.createExecutableExtension(RegistryStrategyOSGI.java:206)
	at org.eclipse.core.internal.registry.ExtensionRegistry.createExecutableExtension(ExtensionRegistry.java:920)
	at org.eclipse.core.internal.registry.ConfigurationElement.createExecutableExtension(ConfigurationElement.java:246)
	at org.eclipse.core.internal.registry.ConfigurationElementHandle.createExecutableExtension(ConfigurationElementHandle.java:63)
	at org.eclipse.lsp4e.LanguageServersRegistry$ExtensionLanguageServerDefinition.createConnectionProvider(LanguageServersRegistry.java:161)
	at org.eclipse.lsp4e.LanguageServerWrapper.lambda$0(LanguageServerWrapper.java:233)
	at java.base/java.util.concurrent.CompletableFuture$AsyncSupply.run(CompletableFuture.java:1768)
	at java.base/java.util.concurrent.CompletableFuture$AsyncSupply.exec(CompletableFuture.java:1760)
	at java.base/java.util.concurrent.ForkJoinTask.doExec(ForkJoinTask.java:373)
	at java.base/java.util.concurrent.ForkJoinPool$WorkQueue.topLevelExec(ForkJoinPool.java:1182)
	at java.base/java.util.concurrent.ForkJoinPool.scan(ForkJoinPool.java:1655)
	at java.base/java.util.concurrent.ForkJoinPool.runWorker(ForkJoinPool.java:1622)
	at java.base/java.util.concurrent.ForkJoinWorkerThread.run(ForkJoinWorkerThread.java:165)
Caused by: java.lang.reflect.InvocationTargetException
	at jdk.internal.reflect.GeneratedConstructorAccessor102.newInstance(Unknown Source)
	at java.base/jdk.internal.reflect.DelegatingConstructorAccessorImpl.newInstance(DelegatingConstructorAccessorImpl.java:45)
	at java.base/java.lang.reflect.Constructor.newInstanceWithCaller(Constructor.java:499)
	at java.base/java.lang.reflect.Constructor.newInstance(Constructor.java:480)
	at org.eclipse.core.internal.registry.osgi.RegistryStrategyOSGI.createExecutableExtension(RegistryStrategyOSGI.java:204)
	... 12 more
Caused by: java.lang.NullPointerException: Cannot invoke "java.io.File.getAbsolutePath()" because the return value of "org.eclipse.wildwebdeveloper.embedder.node.NodeJSManager.getNodeJsLocation()" is null
	at org.eclipse.wildwebdeveloper.html.HTMLLanguageServer.<init>(HTMLLanguageServer.java:40)
	... 17 more
!SUBENTRY 1 org.eclipse.equinox.registry 4 1 2025-12-27 07:29:22.781
!MESSAGE プラグイン "org.eclipse.wildwebdeveloper" は、クラス "org.eclipse.wildwebdeveloper.html.HTMLLanguageServer" をインスタンス化できませんでした。
!STACK 0
java.lang.reflect.InvocationTargetException
	at jdk.internal.reflect.GeneratedConstructorAccessor102.newInstance(Unknown Source)
	at java.base/jdk.internal.reflect.DelegatingConstructorAccessorImpl.newInstance(DelegatingConstructorAccessorImpl.java:45)
	at java.base/java.lang.reflect.Constructor.newInstanceWithCaller(Constructor.java:499)
	at java.base/java.lang.reflect.Constructor.newInstance(Constructor.java:480)
	at org.eclipse.core.internal.registry.osgi.RegistryStrategyOSGI.createExecutableExtension(RegistryStrategyOSGI.java:204)
	at org.eclipse.core.internal.registry.ExtensionRegistry.createExecutableExtension(ExtensionRegistry.java:920)
	at org.eclipse.core.internal.registry.ConfigurationElement.createExecutableExtension(ConfigurationElement.java:246)
	at org.eclipse.core.internal.registry.ConfigurationElementHandle.createExecutableExtension(ConfigurationElementHandle.java:63)
	at org.eclipse.lsp4e.LanguageServersRegistry$ExtensionLanguageServerDefinition.createConnectionProvider(LanguageServersRegistry.java:161)
	at org.eclipse.lsp4e.LanguageServerWrapper.lambda$0(LanguageServerWrapper.java:233)
	at java.base/java.util.concurrent.CompletableFuture$AsyncSupply.run(CompletableFuture.java:1768)
	at java.base/java.util.concurrent.CompletableFuture$AsyncSupply.exec(CompletableFuture.java:1760)
	at java.base/java.util.concurrent.ForkJoinTask.doExec(ForkJoinTask.java:373)
	at java.base/java.util.concurrent.ForkJoinPool$WorkQueue.topLevelExec(ForkJoinPool.java:1182)
	at java.base/java.util.concurrent.ForkJoinPool.scan(ForkJoinPool.java:1655)
	at java.base/java.util.concurrent.ForkJoinPool.runWorker(ForkJoinPool.java:1622)
	at java.base/java.util.concurrent.ForkJoinWorkerThread.run(ForkJoinWorkerThread.java:165)
Caused by: java.lang.NullPointerException: Cannot invoke "java.io.File.getAbsolutePath()" because the return value of "org.eclipse.wildwebdeveloper.embedder.node.NodeJSManager.getNodeJsLocation()" is null
	at org.eclipse.wildwebdeveloper.html.HTMLLanguageServer.<init>(HTMLLanguageServer.java:40)
	... 17 more
Root exception:
java.lang.NullPointerException: Cannot invoke "java.io.File.getAbsolutePath()" because the return value of "org.eclipse.wildwebdeveloper.embedder.node.NodeJSManager.getNodeJsLocation()" is null
	at org.eclipse.wildwebdeveloper.html.HTMLLanguageServer.<init>(HTMLLanguageServer.java:40)
	at jdk.internal.reflect.GeneratedConstructorAccessor102.newInstance(Unknown Source)
	at java.base/jdk.internal.reflect.DelegatingConstructorAccessorImpl.newInstance(DelegatingConstructorAccessorImpl.java:45)
	at java.base/java.lang.reflect.Constructor.newInstanceWithCaller(Constructor.java:499)
	at java.base/java.lang.reflect.Constructor.newInstance(Constructor.java:480)
	at org.eclipse.core.internal.registry.osgi.RegistryStrategyOSGI.createExecutableExtension(RegistryStrategyOSGI.java:204)
	at org.eclipse.core.internal.registry.ExtensionRegistry.createExecutableExtension(ExtensionRegistry.java:920)
	at org.eclipse.core.internal.registry.ConfigurationElement.createExecutableExtension(ConfigurationElement.java:246)
	at org.eclipse.core.internal.registry.ConfigurationElementHandle.createExecutableExtension(ConfigurationElementHandle.java:63)
	at org.eclipse.lsp4e.LanguageServersRegistry$ExtensionLanguageServerDefinition.createConnectionProvider(LanguageServersRegistry.java:161)
	at org.eclipse.lsp4e.LanguageServerWrapper.lambda$0(LanguageServerWrapper.java:233)
	at java.base/java.util.concurrent.CompletableFuture$AsyncSupply.run(CompletableFuture.java:1768)
	at java.base/java.util.concurrent.CompletableFuture$AsyncSupply.exec(CompletableFuture.java:1760)
	at java.base/java.util.concurrent.ForkJoinTask.doExec(ForkJoinTask.java:373)
	at java.base/java.util.concurrent.ForkJoinPool$WorkQueue.topLevelExec(ForkJoinPool.java:1182)
	at java.base/java.util.concurrent.ForkJoinPool.scan(ForkJoinPool.java:1655)
	at java.base/java.util.concurrent.ForkJoinPool.runWorker(ForkJoinPool.java:1622)
	at java.base/java.util.concurrent.ForkJoinWorkerThread.run(ForkJoinWorkerThread.java:165)

!ENTRY org.eclipse.lsp4e 4 0 2025-12-27 07:29:22.781
!MESSAGE Exception occurred while creating an instance of the stream connection provider
!STACK 0
java.lang.RuntimeException: Exception occurred while creating an instance of the stream connection provider
	at org.eclipse.lsp4e.LanguageServersRegistry$ExtensionLanguageServerDefinition.createConnectionProvider(LanguageServersRegistry.java:164)
	at org.eclipse.lsp4e.LanguageServerWrapper.lambda$0(LanguageServerWrapper.java:233)
	at java.base/java.util.concurrent.CompletableFuture$AsyncSupply.run(CompletableFuture.java:1768)
	at java.base/java.util.concurrent.CompletableFuture$AsyncSupply.exec(CompletableFuture.java:1760)
	at java.base/java.util.concurrent.ForkJoinTask.doExec(ForkJoinTask.java:373)
	at java.base/java.util.concurrent.ForkJoinPool$WorkQueue.topLevelExec(ForkJoinPool.java:1182)
	at java.base/java.util.concurrent.ForkJoinPool.scan(ForkJoinPool.java:1655)
	at java.base/java.util.concurrent.ForkJoinPool.runWorker(ForkJoinPool.java:1622)
	at java.base/java.util.concurrent.ForkJoinWorkerThread.run(ForkJoinWorkerThread.java:165)
Caused by: org.eclipse.core.runtime.CoreException: プラグイン "org.eclipse.wildwebdeveloper" は、クラス "org.eclipse.wildwebdeveloper.html.HTMLLanguageServer" をインスタンス化できませんでした。
	at org.eclipse.core.internal.registry.osgi.RegistryStrategyOSGI.throwException(RegistryStrategyOSGI.java:212)
	at org.eclipse.core.internal.registry.osgi.RegistryStrategyOSGI.createExecutableExtension(RegistryStrategyOSGI.java:206)
	at org.eclipse.core.internal.registry.ExtensionRegistry.createExecutableExtension(ExtensionRegistry.java:920)
	at org.eclipse.core.internal.registry.ConfigurationElement.createExecutableExtension(ConfigurationElement.java:246)
	at org.eclipse.core.internal.registry.ConfigurationElementHandle.createExecutableExtension(ConfigurationElementHandle.java:63)
	at org.eclipse.lsp4e.LanguageServersRegistry$ExtensionLanguageServerDefinition.createConnectionProvider(LanguageServersRegistry.java:161)
	... 8 more
Caused by: java.lang.reflect.InvocationTargetException
	at jdk.internal.reflect.GeneratedConstructorAccessor102.newInstance(Unknown Source)
	at java.base/jdk.internal.reflect.DelegatingConstructorAccessorImpl.newInstance(DelegatingConstructorAccessorImpl.java:45)
	at java.base/java.lang.reflect.Constructor.newInstanceWithCaller(Constructor.java:499)
	at java.base/java.lang.reflect.Constructor.newInstance(Constructor.java:480)
	at org.eclipse.core.internal.registry.osgi.RegistryStrategyOSGI.createExecutableExtension(RegistryStrategyOSGI.java:204)
	... 12 more
Caused by: java.lang.NullPointerException: Cannot invoke "java.io.File.getAbsolutePath()" because the return value of "org.eclipse.wildwebdeveloper.embedder.node.NodeJSManager.getNodeJsLocation()" is null
	at org.eclipse.wildwebdeveloper.html.HTMLLanguageServer.<init>(HTMLLanguageServer.java:40)
	... 17 more

!ENTRY org.eclipse.lsp4e 4 0 2025-12-27 07:29:22.781
!MESSAGE プラグイン "org.eclipse.wildwebdeveloper" は、クラス "org.eclipse.wildwebdeveloper.angular.AngularLanguageServer" をインスタンス化できませんでした。
!STACK 1
org.eclipse.core.runtime.CoreException: プラグイン "org.eclipse.wildwebdeveloper" は、クラス "org.eclipse.wildwebdeveloper.angular.AngularLanguageServer" をインスタンス化できませんでした。
	at org.eclipse.core.internal.registry.osgi.RegistryStrategyOSGI.throwException(RegistryStrategyOSGI.java:212)
	at org.eclipse.core.internal.registry.osgi.RegistryStrategyOSGI.createExecutableExtension(RegistryStrategyOSGI.java:206)
	at org.eclipse.core.internal.registry.ExtensionRegistry.createExecutableExtension(ExtensionRegistry.java:920)
	at org.eclipse.core.internal.registry.ConfigurationElement.createExecutableExtension(ConfigurationElement.java:246)
	at org.eclipse.core.internal.registry.ConfigurationElementHandle.createExecutableExtension(ConfigurationElementHandle.java:63)
	at org.eclipse.lsp4e.LanguageServersRegistry$ExtensionLanguageServerDefinition.createConnectionProvider(LanguageServersRegistry.java:161)
	at org.eclipse.lsp4e.LanguageServerWrapper.lambda$0(LanguageServerWrapper.java:233)
	at java.base/java.util.concurrent.CompletableFuture$AsyncSupply.run(CompletableFuture.java:1768)
	at java.base/java.util.concurrent.CompletableFuture$AsyncSupply.exec(CompletableFuture.java:1760)
	at java.base/java.util.concurrent.ForkJoinTask.doExec(ForkJoinTask.java:373)
	at java.base/java.util.concurrent.ForkJoinPool$WorkQueue.topLevelExec(ForkJoinPool.java:1182)
	at java.base/java.util.concurrent.ForkJoinPool.scan(ForkJoinPool.java:1655)
	at java.base/java.util.concurrent.ForkJoinPool.runWorker(ForkJoinPool.java:1622)
	at java.base/java.util.concurrent.ForkJoinWorkerThread.run(ForkJoinWorkerThread.java:165)
Caused by: java.lang.reflect.InvocationTargetException
	at jdk.internal.reflect.GeneratedConstructorAccessor101.newInstance(Unknown Source)
	at java.base/jdk.internal.reflect.DelegatingConstructorAccessorImpl.newInstance(DelegatingConstructorAccessorImpl.java:45)
	at java.base/java.lang.reflect.Constructor.newInstanceWithCaller(Constructor.java:499)
	at java.base/java.lang.reflect.Constructor.newInstance(Constructor.java:480)
	at org.eclipse.core.internal.registry.osgi.RegistryStrategyOSGI.createExecutableExtension(RegistryStrategyOSGI.java:204)
	... 12 more
Caused by: java.lang.NullPointerException: Cannot invoke "java.io.File.getAbsolutePath()" because the return value of "org.eclipse.wildwebdeveloper.embedder.node.NodeJSManager.getNodeJsLocation()" is null
	at org.eclipse.wildwebdeveloper.angular.AngularLanguageServer.<init>(AngularLanguageServer.java:43)
	... 17 more
!SUBENTRY 1 org.eclipse.equinox.registry 4 1 2025-12-27 07:29:22.781
!MESSAGE プラグイン "org.eclipse.wildwebdeveloper" は、クラス "org.eclipse.wildwebdeveloper.angular.AngularLanguageServer" をインスタンス化できませんでした。
!STACK 0
java.lang.reflect.InvocationTargetException
	at jdk.internal.reflect.GeneratedConstructorAccessor101.newInstance(Unknown Source)
	at java.base/jdk.internal.reflect.DelegatingConstructorAccessorImpl.newInstance(DelegatingConstructorAccessorImpl.java:45)
	at java.base/java.lang.reflect.Constructor.newInstanceWithCaller(Constructor.java:499)
	at java.base/java.lang.reflect.Constructor.newInstance(Constructor.java:480)
	at org.eclipse.core.internal.registry.osgi.RegistryStrategyOSGI.createExecutableExtension(RegistryStrategyOSGI.java:204)
	at org.eclipse.core.internal.registry.ExtensionRegistry.createExecutableExtension(ExtensionRegistry.java:920)
	at org.eclipse.core.internal.registry.ConfigurationElement.createExecutableExtension(ConfigurationElement.java:246)
	at org.eclipse.core.internal.registry.ConfigurationElementHandle.createExecutableExtension(ConfigurationElementHandle.java:63)
	at org.eclipse.lsp4e.LanguageServersRegistry$ExtensionLanguageServerDefinition.createConnectionProvider(LanguageServersRegistry.java:161)
	at org.eclipse.lsp4e.LanguageServerWrapper.lambda$0(LanguageServerWrapper.java:233)
	at java.base/java.util.concurrent.CompletableFuture$AsyncSupply.run(CompletableFuture.java:1768)
	at java.base/java.util.concurrent.CompletableFuture$AsyncSupply.exec(CompletableFuture.java:1760)
	at java.base/java.util.concurrent.ForkJoinTask.doExec(ForkJoinTask.java:373)
	at java.base/java.util.concurrent.ForkJoinPool$WorkQueue.topLevelExec(ForkJoinPool.java:1182)
	at java.base/java.util.concurrent.ForkJoinPool.scan(ForkJoinPool.java:1655)
	at java.base/java.util.concurrent.ForkJoinPool.runWorker(ForkJoinPool.java:1622)
	at java.base/java.util.concurrent.ForkJoinWorkerThread.run(ForkJoinWorkerThread.java:165)
Caused by: java.lang.NullPointerException: Cannot invoke "java.io.File.getAbsolutePath()" because the return value of "org.eclipse.wildwebdeveloper.embedder.node.NodeJSManager.getNodeJsLocation()" is null
	at org.eclipse.wildwebdeveloper.angular.AngularLanguageServer.<init>(AngularLanguageServer.java:43)
	... 17 more
Root exception:
java.lang.NullPointerException: Cannot invoke "java.io.File.getAbsolutePath()" because the return value of "org.eclipse.wildwebdeveloper.embedder.node.NodeJSManager.getNodeJsLocation()" is null
	at org.eclipse.wildwebdeveloper.angular.AngularLanguageServer.<init>(AngularLanguageServer.java:43)
	at jdk.internal.reflect.GeneratedConstructorAccessor101.newInstance(Unknown Source)
	at java.base/jdk.internal.reflect.DelegatingConstructorAccessorImpl.newInstance(DelegatingConstructorAccessorImpl.java:45)
	at java.base/java.lang.reflect.Constructor.newInstanceWithCaller(Constructor.java:499)
	at java.base/java.lang.reflect.Constructor.newInstance(Constructor.java:480)
	at org.eclipse.core.internal.registry.osgi.RegistryStrategyOSGI.createExecutableExtension(RegistryStrategyOSGI.java:204)
	at org.eclipse.core.internal.registry.ExtensionRegistry.createExecutableExtension(ExtensionRegistry.java:920)
	at org.eclipse.core.internal.registry.ConfigurationElement.createExecutableExtension(ConfigurationElement.java:246)
	at org.eclipse.core.internal.registry.ConfigurationElementHandle.createExecutableExtension(ConfigurationElementHandle.java:63)
	at org.eclipse.lsp4e.LanguageServersRegistry$ExtensionLanguageServerDefinition.createConnectionProvider(LanguageServersRegistry.java:161)
	at org.eclipse.lsp4e.LanguageServerWrapper.lambda$0(LanguageServerWrapper.java:233)
	at java.base/java.util.concurrent.CompletableFuture$AsyncSupply.run(CompletableFuture.java:1768)
	at java.base/java.util.concurrent.CompletableFuture$AsyncSupply.exec(CompletableFuture.java:1760)
	at java.base/java.util.concurrent.ForkJoinTask.doExec(ForkJoinTask.java:373)
	at java.base/java.util.concurrent.ForkJoinPool$WorkQueue.topLevelExec(ForkJoinPool.java:1182)
	at java.base/java.util.concurrent.ForkJoinPool.scan(ForkJoinPool.java:1655)
	at java.base/java.util.concurrent.ForkJoinPool.runWorker(ForkJoinPool.java:1622)
	at java.base/java.util.concurrent.ForkJoinWorkerThread.run(ForkJoinWorkerThread.java:165)

!ENTRY org.eclipse.lsp4e 4 0 2025-12-27 07:29:22.781
!MESSAGE Cannot invoke "org.eclipse.lsp4e.server.StreamConnectionProvider.getInputStream()" because "this.lspStreamProvider" is null
!STACK 0
java.lang.NullPointerException: Cannot invoke "org.eclipse.lsp4e.server.StreamConnectionProvider.getInputStream()" because "this.lspStreamProvider" is null
	at org.eclipse.lsp4e.LanguageServerWrapper.lambda$1(LanguageServerWrapper.java:284)
	at java.base/java.util.concurrent.CompletableFuture$UniApply.tryFire(CompletableFuture.java:646)
	at java.base/java.util.concurrent.CompletableFuture.postComplete(CompletableFuture.java:510)
	at java.base/java.util.concurrent.CompletableFuture$AsyncSupply.run(CompletableFuture.java:1773)
	at java.base/java.util.concurrent.CompletableFuture$AsyncSupply.exec(CompletableFuture.java:1760)
	at java.base/java.util.concurrent.ForkJoinTask.doExec(ForkJoinTask.java:373)
	at java.base/java.util.concurrent.ForkJoinPool$WorkQueue.topLevelExec(ForkJoinPool.java:1182)
	at java.base/java.util.concurrent.ForkJoinPool.scan(ForkJoinPool.java:1655)
	at java.base/java.util.concurrent.ForkJoinPool.runWorker(ForkJoinPool.java:1622)
	at java.base/java.util.concurrent.ForkJoinWorkerThread.run(ForkJoinWorkerThread.java:165)

!ENTRY org.eclipse.lsp4e 4 0 2025-12-27 07:29:22.782
!MESSAGE Exception occurred while creating an instance of the stream connection provider
!STACK 0
java.lang.RuntimeException: Exception occurred while creating an instance of the stream connection provider
	at org.eclipse.lsp4e.LanguageServersRegistry$ExtensionLanguageServerDefinition.createConnectionProvider(LanguageServersRegistry.java:164)
	at org.eclipse.lsp4e.LanguageServerWrapper.lambda$0(LanguageServerWrapper.java:233)
	at java.base/java.util.concurrent.CompletableFuture$AsyncSupply.run(CompletableFuture.java:1768)
	at java.base/java.util.concurrent.CompletableFuture$AsyncSupply.exec(CompletableFuture.java:1760)
	at java.base/java.util.concurrent.ForkJoinTask.doExec(ForkJoinTask.java:373)
	at java.base/java.util.concurrent.ForkJoinPool$WorkQueue.topLevelExec(ForkJoinPool.java:1182)
	at java.base/java.util.concurrent.ForkJoinPool.scan(ForkJoinPool.java:1655)
	at java.base/java.util.concurrent.ForkJoinPool.runWorker(ForkJoinPool.java:1622)
	at java.base/java.util.concurrent.ForkJoinWorkerThread.run(ForkJoinWorkerThread.java:165)
Caused by: org.eclipse.core.runtime.CoreException: プラグイン "org.eclipse.wildwebdeveloper" は、クラス "org.eclipse.wildwebdeveloper.angular.AngularLanguageServer" をインスタンス化できませんでした。
	at org.eclipse.core.internal.registry.osgi.RegistryStrategyOSGI.throwException(RegistryStrategyOSGI.java:212)
	at org.eclipse.core.internal.registry.osgi.RegistryStrategyOSGI.createExecutableExtension(RegistryStrategyOSGI.java:206)
	at org.eclipse.core.internal.registry.ExtensionRegistry.createExecutableExtension(ExtensionRegistry.java:920)
	at org.eclipse.core.internal.registry.ConfigurationElement.createExecutableExtension(ConfigurationElement.java:246)
	at org.eclipse.core.internal.registry.ConfigurationElementHandle.createExecutableExtension(ConfigurationElementHandle.java:63)
	at org.eclipse.lsp4e.LanguageServersRegistry$ExtensionLanguageServerDefinition.createConnectionProvider(LanguageServersRegistry.java:161)
	... 8 more
Caused by: java.lang.reflect.InvocationTargetException
	at jdk.internal.reflect.GeneratedConstructorAccessor101.newInstance(Unknown Source)
	at java.base/jdk.internal.reflect.DelegatingConstructorAccessorImpl.newInstance(DelegatingConstructorAccessorImpl.java:45)
	at java.base/java.lang.reflect.Constructor.newInstanceWithCaller(Constructor.java:499)
	at java.base/java.lang.reflect.Constructor.newInstance(Constructor.java:480)
	at org.eclipse.core.internal.registry.osgi.RegistryStrategyOSGI.createExecutableExtension(RegistryStrategyOSGI.java:204)
	... 12 more
Caused by: java.lang.NullPointerException: Cannot invoke "java.io.File.getAbsolutePath()" because the return value of "org.eclipse.wildwebdeveloper.embedder.node.NodeJSManager.getNodeJsLocation()" is null
	at org.eclipse.wildwebdeveloper.angular.AngularLanguageServer.<init>(AngularLanguageServer.java:43)
	... 17 more

!ENTRY org.eclipse.lsp4e 4 0 2025-12-27 07:29:22.782
!MESSAGE java.lang.RuntimeException: Exception occurred while creating an instance of the stream connection provider
!STACK 0
java.util.concurrent.ExecutionException: java.lang.RuntimeException: Exception occurred while creating an instance of the stream connection provider
	at java.base/java.util.concurrent.CompletableFuture.reportGet(CompletableFuture.java:396)
	at java.base/java.util.concurrent.CompletableFuture.get(CompletableFuture.java:2096)
	at org.eclipse.lsp4e.operations.documentLink.DocumentLinkDetector.detectHyperlinks(DocumentLinkDetector.java:119)
	at org.eclipse.ui.texteditor.HyperlinkDetectorRegistry$HyperlinkDetectorDelegate.detectHyperlinks(HyperlinkDetectorRegistry.java:81)
	at org.eclipse.jface.text.hyperlink.HyperlinkManager.findHyperlinks(HyperlinkManager.java:289)
	at org.eclipse.jface.text.hyperlink.HyperlinkManager.findHyperlinks(HyperlinkManager.java:262)
	at org.eclipse.jface.text.hyperlink.HyperlinkManager.mouseMove(HyperlinkManager.java:457)
	at org.eclipse.swt.widgets.TypedListener.handleEvent(TypedListener.java:216)
	at org.eclipse.swt.widgets.EventTable.sendEvent(EventTable.java:89)
	at org.eclipse.swt.widgets.Display.sendEvent(Display.java:4251)
	at org.eclipse.swt.widgets.Widget.sendEvent(Widget.java:1066)
	at org.eclipse.swt.widgets.Display.runDeferredEvents(Display.java:4068)
	at org.eclipse.swt.widgets.Display.readAndDispatch(Display.java:3645)
	at org.eclipse.e4.ui.internal.workbench.swt.PartRenderingEngine$5.run(PartRenderingEngine.java:1155)
	at org.eclipse.core.databinding.observable.Realm.runWithDefault(Realm.java:338)
	at org.eclipse.e4.ui.internal.workbench.swt.PartRenderingEngine.run(PartRenderingEngine.java:1046)
	at org.eclipse.e4.ui.internal.workbench.E4Workbench.createAndRunUI(E4Workbench.java:155)
	at org.eclipse.ui.internal.Workbench.lambda$3(Workbench.java:644)
	at org.eclipse.core.databinding.observable.Realm.runWithDefault(Realm.java:338)
	at org.eclipse.ui.internal.Workbench.createAndRunWorkbench(Workbench.java:551)
	at org.eclipse.ui.PlatformUI.createAndRunWorkbench(PlatformUI.java:156)
	at org.eclipse.ui.internal.ide.application.IDEApplication.start(IDEApplication.java:152)
	at org.eclipse.equinox.internal.app.EclipseAppHandle.run(EclipseAppHandle.java:203)
	at org.eclipse.core.runtime.internal.adaptor.EclipseAppLauncher.runApplication(EclipseAppLauncher.java:136)
	at org.eclipse.core.runtime.internal.adaptor.EclipseAppLauncher.start(EclipseAppLauncher.java:104)
	at org.eclipse.core.runtime.adaptor.EclipseStarter.run(EclipseStarter.java:402)
	at org.eclipse.core.runtime.adaptor.EclipseStarter.run(EclipseStarter.java:255)
	at java.base/jdk.internal.reflect.NativeMethodAccessorImpl.invoke0(Native Method)
	at java.base/jdk.internal.reflect.NativeMethodAccessorImpl.invoke(NativeMethodAccessorImpl.java:77)
	at java.base/jdk.internal.reflect.DelegatingMethodAccessorImpl.invoke(DelegatingMethodAccessorImpl.java:43)
	at java.base/java.lang.reflect.Method.invoke(Method.java:568)
	at org.eclipse.equinox.launcher.Main.invokeFramework(Main.java:659)
	at org.eclipse.equinox.launcher.Main.basicRun(Main.java:596)
	at org.eclipse.equinox.launcher.Main.run(Main.java:1467)
Caused by: java.lang.RuntimeException: Exception occurred while creating an instance of the stream connection provider
	at org.eclipse.lsp4e.LanguageServersRegistry$ExtensionLanguageServerDefinition.createConnectionProvider(LanguageServersRegistry.java:164)
	at org.eclipse.lsp4e.LanguageServerWrapper.lambda$0(LanguageServerWrapper.java:233)
	at java.base/java.util.concurrent.CompletableFuture$AsyncSupply.run(CompletableFuture.java:1768)
	at java.base/java.util.concurrent.CompletableFuture$AsyncSupply.exec(CompletableFuture.java:1760)
	at java.base/java.util.concurrent.ForkJoinTask.doExec(ForkJoinTask.java:373)
	at java.base/java.util.concurrent.ForkJoinPool$WorkQueue.topLevelExec(ForkJoinPool.java:1182)
	at java.base/java.util.concurrent.ForkJoinPool.scan(ForkJoinPool.java:1655)
	at java.base/java.util.concurrent.ForkJoinPool.runWorker(ForkJoinPool.java:1622)
	at java.base/java.util.concurrent.ForkJoinWorkerThread.run(ForkJoinWorkerThread.java:165)
Caused by: org.eclipse.core.runtime.CoreException: プラグイン "org.eclipse.wildwebdeveloper" は、クラス "org.eclipse.wildwebdeveloper.html.HTMLLanguageServer" をインスタンス化できませんでした。
	at org.eclipse.core.internal.registry.osgi.RegistryStrategyOSGI.throwException(RegistryStrategyOSGI.java:212)
	at org.eclipse.core.internal.registry.osgi.RegistryStrategyOSGI.createExecutableExtension(RegistryStrategyOSGI.java:206)
	at org.eclipse.core.internal.registry.ExtensionRegistry.createExecutableExtension(ExtensionRegistry.java:920)
	at org.eclipse.core.internal.registry.ConfigurationElement.createExecutableExtension(ConfigurationElement.java:246)
	at org.eclipse.core.internal.registry.ConfigurationElementHandle.createExecutableExtension(ConfigurationElementHandle.java:63)
	at org.eclipse.lsp4e.LanguageServersRegistry$ExtensionLanguageServerDefinition.createConnectionProvider(LanguageServersRegistry.java:161)
	... 8 more
Caused by: java.lang.reflect.InvocationTargetException
	at jdk.internal.reflect.GeneratedConstructorAccessor102.newInstance(Unknown Source)
	at java.base/jdk.internal.reflect.DelegatingConstructorAccessorImpl.newInstance(DelegatingConstructorAccessorImpl.java:45)
	at java.base/java.lang.reflect.Constructor.newInstanceWithCaller(Constructor.java:499)
	at java.base/java.lang.reflect.Constructor.newInstance(Constructor.java:480)
	at org.eclipse.core.internal.registry.osgi.RegistryStrategyOSGI.createExecutableExtension(RegistryStrategyOSGI.java:204)
	... 12 more
Caused by: java.lang.NullPointerException: Cannot invoke "java.io.File.getAbsolutePath()" because the return value of "org.eclipse.wildwebdeveloper.embedder.node.NodeJSManager.getNodeJsLocation()" is null
	at org.eclipse.wildwebdeveloper.html.HTMLLanguageServer.<init>(HTMLLanguageServer.java:40)
	... 17 more

!ENTRY org.eclipse.lsp4e 4 0 2025-12-27 07:29:22.782
!MESSAGE Cannot invoke "org.eclipse.lsp4e.server.StreamConnectionProvider.getInputStream()" because "this.lspStreamProvider" is null
!STACK 0
java.lang.NullPointerException: Cannot invoke "org.eclipse.lsp4e.server.StreamConnectionProvider.getInputStream()" because "this.lspStreamProvider" is null
	at org.eclipse.lsp4e.LanguageServerWrapper.lambda$1(LanguageServerWrapper.java:284)
	at java.base/java.util.concurrent.CompletableFuture$UniApply.tryFire(CompletableFuture.java:646)
	at java.base/java.util.concurrent.CompletableFuture.postComplete(CompletableFuture.java:510)
	at java.base/java.util.concurrent.CompletableFuture$AsyncSupply.run(CompletableFuture.java:1773)
	at java.base/java.util.concurrent.CompletableFuture$AsyncSupply.exec(CompletableFuture.java:1760)
	at java.base/java.util.concurrent.ForkJoinTask.doExec(ForkJoinTask.java:373)
	at java.base/java.util.concurrent.ForkJoinPool$WorkQueue.topLevelExec(ForkJoinPool.java:1182)
	at java.base/java.util.concurrent.ForkJoinPool.scan(ForkJoinPool.java:1655)
	at java.base/java.util.concurrent.ForkJoinPool.runWorker(ForkJoinPool.java:1622)
	at java.base/java.util.concurrent.ForkJoinWorkerThread.run(ForkJoinWorkerThread.java:165)

!ENTRY org.eclipse.lsp4e 4 0 2025-12-27 07:29:22.847
!MESSAGE プラグイン "org.eclipse.wildwebdeveloper" は、クラス "org.eclipse.wildwebdeveloper.angular.AngularLanguageServer" をインスタンス化できませんでした。
!STACK 1
org.eclipse.core.runtime.CoreException: プラグイン "org.eclipse.wildwebdeveloper" は、クラス "org.eclipse.wildwebdeveloper.angular.AngularLanguageServer" をインスタンス化できませんでした。
	at org.eclipse.core.internal.registry.osgi.RegistryStrategyOSGI.throwException(RegistryStrategyOSGI.java:212)
	at org.eclipse.core.internal.registry.osgi.RegistryStrategyOSGI.createExecutableExtension(RegistryStrategyOSGI.java:206)
	at org.eclipse.core.internal.registry.ExtensionRegistry.createExecutableExtension(ExtensionRegistry.java:920)
	at org.eclipse.core.internal.registry.ConfigurationElement.createExecutableExtension(ConfigurationElement.java:246)
	at org.eclipse.core.internal.registry.ConfigurationElementHandle.createExecutableExtension(ConfigurationElementHandle.java:63)
	at org.eclipse.lsp4e.LanguageServersRegistry$ExtensionLanguageServerDefinition.createConnectionProvider(LanguageServersRegistry.java:161)
	at org.eclipse.lsp4e.LanguageServerWrapper.lambda$0(LanguageServerWrapper.java:233)
	at java.base/java.util.concurrent.CompletableFuture$AsyncSupply.run(CompletableFuture.java:1768)
	at java.base/java.util.concurrent.CompletableFuture$AsyncSupply.exec(CompletableFuture.java:1760)
	at java.base/java.util.concurrent.ForkJoinTask.doExec(ForkJoinTask.java:373)
	at java.base/java.util.concurrent.ForkJoinPool$WorkQueue.topLevelExec(ForkJoinPool.java:1182)
	at java.base/java.util.concurrent.ForkJoinPool.scan(ForkJoinPool.java:1655)
	at java.base/java.util.concurrent.ForkJoinPool.runWorker(ForkJoinPool.java:1622)
	at java.base/java.util.concurrent.ForkJoinWorkerThread.run(ForkJoinWorkerThread.java:165)
Caused by: java.lang.reflect.InvocationTargetException
	at jdk.internal.reflect.GeneratedConstructorAccessor101.newInstance(Unknown Source)
	at java.base/jdk.internal.reflect.DelegatingConstructorAccessorImpl.newInstance(DelegatingConstructorAccessorImpl.java:45)
	at java.base/java.lang.reflect.Constructor.newInstanceWithCaller(Constructor.java:499)
	at java.base/java.lang.reflect.Constructor.newInstance(Constructor.java:480)
	at org.eclipse.core.internal.registry.osgi.RegistryStrategyOSGI.createExecutableExtension(RegistryStrategyOSGI.java:204)
	... 12 more
Caused by: java.lang.NullPointerException: Cannot invoke "java.io.File.getAbsolutePath()" because the return value of "org.eclipse.wildwebdeveloper.embedder.node.NodeJSManager.getNodeJsLocation()" is null
	at org.eclipse.wildwebdeveloper.angular.AngularLanguageServer.<init>(AngularLanguageServer.java:43)
	... 17 more
!SUBENTRY 1 org.eclipse.equinox.registry 4 1 2025-12-27 07:29:22.847
!MESSAGE プラグイン "org.eclipse.wildwebdeveloper" は、クラス "org.eclipse.wildwebdeveloper.angular.AngularLanguageServer" をインスタンス化できませんでした。
!STACK 0
java.lang.reflect.InvocationTargetException
	at jdk.internal.reflect.GeneratedConstructorAccessor101.newInstance(Unknown Source)
	at java.base/jdk.internal.reflect.DelegatingConstructorAccessorImpl.newInstance(DelegatingConstructorAccessorImpl.java:45)
	at java.base/java.lang.reflect.Constructor.newInstanceWithCaller(Constructor.java:499)
	at java.base/java.lang.reflect.Constructor.newInstance(Constructor.java:480)
	at org.eclipse.core.internal.registry.osgi.RegistryStrategyOSGI.createExecutableExtension(RegistryStrategyOSGI.java:204)
	at org.eclipse.core.internal.registry.ExtensionRegistry.createExecutableExtension(ExtensionRegistry.java:920)
	at org.eclipse.core.internal.registry.ConfigurationElement.createExecutableExtension(ConfigurationElement.java:246)
	at org.eclipse.core.internal.registry.ConfigurationElementHandle.createExecutableExtension(ConfigurationElementHandle.java:63)
	at org.eclipse.lsp4e.LanguageServersRegistry$ExtensionLanguageServerDefinition.createConnectionProvider(LanguageServersRegistry.java:161)
	at org.eclipse.lsp4e.LanguageServerWrapper.lambda$0(LanguageServerWrapper.java:233)
	at java.base/java.util.concurrent.CompletableFuture$AsyncSupply.run(CompletableFuture.java:1768)
	at java.base/java.util.concurrent.CompletableFuture$AsyncSupply.exec(CompletableFuture.java:1760)
	at java.base/java.util.concurrent.ForkJoinTask.doExec(ForkJoinTask.java:373)
	at java.base/java.util.concurrent.ForkJoinPool$WorkQueue.topLevelExec(ForkJoinPool.java:1182)
	at java.base/java.util.concurrent.ForkJoinPool.scan(ForkJoinPool.java:1655)
	at java.base/java.util.concurrent.ForkJoinPool.runWorker(ForkJoinPool.java:1622)
	at java.base/java.util.concurrent.ForkJoinWorkerThread.run(ForkJoinWorkerThread.java:165)
Caused by: java.lang.NullPointerException: Cannot invoke "java.io.File.getAbsolutePath()" because the return value of "org.eclipse.wildwebdeveloper.embedder.node.NodeJSManager.getNodeJsLocation()" is null
	at org.eclipse.wildwebdeveloper.angular.AngularLanguageServer.<init>(AngularLanguageServer.java:43)
	... 17 more
Root exception:
java.lang.NullPointerException: Cannot invoke "java.io.File.getAbsolutePath()" because the return value of "org.eclipse.wildwebdeveloper.embedder.node.NodeJSManager.getNodeJsLocation()" is null
	at org.eclipse.wildwebdeveloper.angular.AngularLanguageServer.<init>(AngularLanguageServer.java:43)
	at jdk.internal.reflect.GeneratedConstructorAccessor101.newInstance(Unknown Source)
	at java.base/jdk.internal.reflect.DelegatingConstructorAccessorImpl.newInstance(DelegatingConstructorAccessorImpl.java:45)
	at java.base/java.lang.reflect.Constructor.newInstanceWithCaller(Constructor.java:499)
	at java.base/java.lang.reflect.Constructor.newInstance(Constructor.java:480)
	at org.eclipse.core.internal.registry.osgi.RegistryStrategyOSGI.createExecutableExtension(RegistryStrategyOSGI.java:204)
	at org.eclipse.core.internal.registry.ExtensionRegistry.createExecutableExtension(ExtensionRegistry.java:920)
	at org.eclipse.core.internal.registry.ConfigurationElement.createExecutableExtension(ConfigurationElement.java:246)
	at org.eclipse.core.internal.registry.ConfigurationElementHandle.createExecutableExtension(ConfigurationElementHandle.java:63)
	at org.eclipse.lsp4e.LanguageServersRegistry$ExtensionLanguageServerDefinition.createConnectionProvider(LanguageServersRegistry.java:161)
	at org.eclipse.lsp4e.LanguageServerWrapper.lambda$0(LanguageServerWrapper.java:233)
	at java.base/java.util.concurrent.CompletableFuture$AsyncSupply.run(CompletableFuture.java:1768)
	at java.base/java.util.concurrent.CompletableFuture$AsyncSupply.exec(CompletableFuture.java:1760)
	at java.base/java.util.concurrent.ForkJoinTask.doExec(ForkJoinTask.java:373)
	at java.base/java.util.concurrent.ForkJoinPool$WorkQueue.topLevelExec(ForkJoinPool.java:1182)
	at java.base/java.util.concurrent.ForkJoinPool.scan(ForkJoinPool.java:1655)
	at java.base/java.util.concurrent.ForkJoinPool.runWorker(ForkJoinPool.java:1622)
	at java.base/java.util.concurrent.ForkJoinWorkerThread.run(ForkJoinWorkerThread.java:165)

!ENTRY org.eclipse.lsp4e 4 0 2025-12-27 07:29:22.848
!MESSAGE プラグイン "org.eclipse.wildwebdeveloper" は、クラス "org.eclipse.wildwebdeveloper.html.HTMLLanguageServer" をインスタンス化できませんでした。
!STACK 1
org.eclipse.core.runtime.CoreException: プラグイン "org.eclipse.wildwebdeveloper" は、クラス "org.eclipse.wildwebdeveloper.html.HTMLLanguageServer" をインスタンス化できませんでした。
	at org.eclipse.core.internal.registry.osgi.RegistryStrategyOSGI.throwException(RegistryStrategyOSGI.java:212)
	at org.eclipse.core.internal.registry.osgi.RegistryStrategyOSGI.createExecutableExtension(RegistryStrategyOSGI.java:206)
	at org.eclipse.core.internal.registry.ExtensionRegistry.createExecutableExtension(ExtensionRegistry.java:920)
	at org.eclipse.core.internal.registry.ConfigurationElement.createExecutableExtension(ConfigurationElement.java:246)
	at org.eclipse.core.internal.registry.ConfigurationElementHandle.createExecutableExtension(ConfigurationElementHandle.java:63)
	at org.eclipse.lsp4e.LanguageServersRegistry$ExtensionLanguageServerDefinition.createConnectionProvider(LanguageServersRegistry.java:161)
	at org.eclipse.lsp4e.LanguageServerWrapper.lambda$0(LanguageServerWrapper.java:233)
	at java.base/java.util.concurrent.CompletableFuture$AsyncSupply.run(CompletableFuture.java:1768)
	at java.base/java.util.concurrent.CompletableFuture$AsyncSupply.exec(CompletableFuture.java:1760)
	at java.base/java.util.concurrent.ForkJoinTask.doExec(ForkJoinTask.java:373)
	at java.base/java.util.concurrent.ForkJoinPool$WorkQueue.topLevelExec(ForkJoinPool.java:1182)
	at java.base/java.util.concurrent.ForkJoinPool.scan(ForkJoinPool.java:1655)
	at java.base/java.util.concurrent.ForkJoinPool.runWorker(ForkJoinPool.java:1622)
	at java.base/java.util.concurrent.ForkJoinWorkerThread.run(ForkJoinWorkerThread.java:165)
Caused by: java.lang.reflect.InvocationTargetException
	at jdk.internal.reflect.GeneratedConstructorAccessor102.newInstance(Unknown Source)
	at java.base/jdk.internal.reflect.DelegatingConstructorAccessorImpl.newInstance(DelegatingConstructorAccessorImpl.java:45)
	at java.base/java.lang.reflect.Constructor.newInstanceWithCaller(Constructor.java:499)
	at java.base/java.lang.reflect.Constructor.newInstance(Constructor.java:480)
	at org.eclipse.core.internal.registry.osgi.RegistryStrategyOSGI.createExecutableExtension(RegistryStrategyOSGI.java:204)
	... 12 more
Caused by: java.lang.NullPointerException: Cannot invoke "java.io.File.getAbsolutePath()" because the return value of "org.eclipse.wildwebdeveloper.embedder.node.NodeJSManager.getNodeJsLocation()" is null
	at org.eclipse.wildwebdeveloper.html.HTMLLanguageServer.<init>(HTMLLanguageServer.java:40)
	... 17 more
!SUBENTRY 1 org.eclipse.equinox.registry 4 1 2025-12-27 07:29:22.848
!MESSAGE プラグイン "org.eclipse.wildwebdeveloper" は、クラス "org.eclipse.wildwebdeveloper.html.HTMLLanguageServer" をインスタンス化できませんでした。
!STACK 0
java.lang.reflect.InvocationTargetException
	at jdk.internal.reflect.GeneratedConstructorAccessor102.newInstance(Unknown Source)
	at java.base/jdk.internal.reflect.DelegatingConstructorAccessorImpl.newInstance(DelegatingConstructorAccessorImpl.java:45)
	at java.base/java.lang.reflect.Constructor.newInstanceWithCaller(Constructor.java:499)
	at java.base/java.lang.reflect.Constructor.newInstance(Constructor.java:480)
	at org.eclipse.core.internal.registry.osgi.RegistryStrategyOSGI.createExecutableExtension(RegistryStrategyOSGI.java:204)
	at org.eclipse.core.internal.registry.ExtensionRegistry.createExecutableExtension(ExtensionRegistry.java:920)
	at org.eclipse.core.internal.registry.ConfigurationElement.createExecutableExtension(ConfigurationElement.java:246)
	at org.eclipse.core.internal.registry.ConfigurationElementHandle.createExecutableExtension(ConfigurationElementHandle.java:63)
	at org.eclipse.lsp4e.LanguageServersRegistry$ExtensionLanguageServerDefinition.createConnectionProvider(LanguageServersRegistry.java:161)
	at org.eclipse.lsp4e.LanguageServerWrapper.lambda$0(LanguageServerWrapper.java:233)
	at java.base/java.util.concurrent.CompletableFuture$AsyncSupply.run(CompletableFuture.java:1768)
	at java.base/java.util.concurrent.CompletableFuture$AsyncSupply.exec(CompletableFuture.java:1760)
	at java.base/java.util.concurrent.ForkJoinTask.doExec(ForkJoinTask.java:373)
	at java.base/java.util.concurrent.ForkJoinPool$WorkQueue.topLevelExec(ForkJoinPool.java:1182)
	at java.base/java.util.concurrent.ForkJoinPool.scan(ForkJoinPool.java:1655)
	at java.base/java.util.concurrent.ForkJoinPool.runWorker(ForkJoinPool.java:1622)
	at java.base/java.util.concurrent.ForkJoinWorkerThread.run(ForkJoinWorkerThread.java:165)
Caused by: java.lang.NullPointerException: Cannot invoke "java.io.File.getAbsolutePath()" because the return value of "org.eclipse.wildwebdeveloper.embedder.node.NodeJSManager.getNodeJsLocation()" is null
	at org.eclipse.wildwebdeveloper.html.HTMLLanguageServer.<init>(HTMLLanguageServer.java:40)
	... 17 more
Root exception:
java.lang.NullPointerException: Cannot invoke "java.io.File.getAbsolutePath()" because the return value of "org.eclipse.wildwebdeveloper.embedder.node.NodeJSManager.getNodeJsLocation()" is null
	at org.eclipse.wildwebdeveloper.html.HTMLLanguageServer.<init>(HTMLLanguageServer.java:40)
	at jdk.internal.reflect.GeneratedConstructorAccessor102.newInstance(Unknown Source)
	at java.base/jdk.internal.reflect.DelegatingConstructorAccessorImpl.newInstance(DelegatingConstructorAccessorImpl.java:45)
	at java.base/java.lang.reflect.Constructor.newInstanceWithCaller(Constructor.java:499)
	at java.base/java.lang.reflect.Constructor.newInstance(Constructor.java:480)
	at org.eclipse.core.internal.registry.osgi.RegistryStrategyOSGI.createExecutableExtension(RegistryStrategyOSGI.java:204)
	at org.eclipse.core.internal.registry.ExtensionRegistry.createExecutableExtension(ExtensionRegistry.java:920)
	at org.eclipse.core.internal.registry.ConfigurationElement.createExecutableExtension(ConfigurationElement.java:246)
	at org.eclipse.core.internal.registry.ConfigurationElementHandle.createExecutableExtension(ConfigurationElementHandle.java:63)
	at org.eclipse.lsp4e.LanguageServersRegistry$ExtensionLanguageServerDefinition.createConnectionProvider(LanguageServersRegistry.java:161)
	at org.eclipse.lsp4e.LanguageServerWrapper.lambda$0(LanguageServerWrapper.java:233)
	at java.base/java.util.concurrent.CompletableFuture$AsyncSupply.run(CompletableFuture.java:1768)
	at java.base/java.util.concurrent.CompletableFuture$AsyncSupply.exec(CompletableFuture.java:1760)
	at java.base/java.util.concurrent.ForkJoinTask.doExec(ForkJoinTask.java:373)
	at java.base/java.util.concurrent.ForkJoinPool$WorkQueue.topLevelExec(ForkJoinPool.java:1182)
	at java.base/java.util.concurrent.ForkJoinPool.scan(ForkJoinPool.java:1655)
	at java.base/java.util.concurrent.ForkJoinPool.runWorker(ForkJoinPool.java:1622)
	at java.base/java.util.concurrent.ForkJoinWorkerThread.run(ForkJoinWorkerThread.java:165)

!ENTRY org.eclipse.lsp4e 4 0 2025-12-27 07:29:22.848
!MESSAGE Exception occurred while creating an instance of the stream connection provider
!STACK 0
java.lang.RuntimeException: Exception occurred while creating an instance of the stream connection provider
	at org.eclipse.lsp4e.LanguageServersRegistry$ExtensionLanguageServerDefinition.createConnectionProvider(LanguageServersRegistry.java:164)
	at org.eclipse.lsp4e.LanguageServerWrapper.lambda$0(LanguageServerWrapper.java:233)
	at java.base/java.util.concurrent.CompletableFuture$AsyncSupply.run(CompletableFuture.java:1768)
	at java.base/java.util.concurrent.CompletableFuture$AsyncSupply.exec(CompletableFuture.java:1760)
	at java.base/java.util.concurrent.ForkJoinTask.doExec(ForkJoinTask.java:373)
	at java.base/java.util.concurrent.ForkJoinPool$WorkQueue.topLevelExec(ForkJoinPool.java:1182)
	at java.base/java.util.concurrent.ForkJoinPool.scan(ForkJoinPool.java:1655)
	at java.base/java.util.concurrent.ForkJoinPool.runWorker(ForkJoinPool.java:1622)
	at java.base/java.util.concurrent.ForkJoinWorkerThread.run(ForkJoinWorkerThread.java:165)
Caused by: org.eclipse.core.runtime.CoreException: プラグイン "org.eclipse.wildwebdeveloper" は、クラス "org.eclipse.wildwebdeveloper.angular.AngularLanguageServer" をインスタンス化できませんでした。
	at org.eclipse.core.internal.registry.osgi.RegistryStrategyOSGI.throwException(RegistryStrategyOSGI.java:212)
	at org.eclipse.core.internal.registry.osgi.RegistryStrategyOSGI.createExecutableExtension(RegistryStrategyOSGI.java:206)
	at org.eclipse.core.internal.registry.ExtensionRegistry.createExecutableExtension(ExtensionRegistry.java:920)
	at org.eclipse.core.internal.registry.ConfigurationElement.createExecutableExtension(ConfigurationElement.java:246)
	at org.eclipse.core.internal.registry.ConfigurationElementHandle.createExecutableExtension(ConfigurationElementHandle.java:63)
	at org.eclipse.lsp4e.LanguageServersRegistry$ExtensionLanguageServerDefinition.createConnectionProvider(LanguageServersRegistry.java:161)
	... 8 more
Caused by: java.lang.reflect.InvocationTargetException
	at jdk.internal.reflect.GeneratedConstructorAccessor101.newInstance(Unknown Source)
	at java.base/jdk.internal.reflect.DelegatingConstructorAccessorImpl.newInstance(DelegatingConstructorAccessorImpl.java:45)
	at java.base/java.lang.reflect.Constructor.newInstanceWithCaller(Constructor.java:499)
	at java.base/java.lang.reflect.Constructor.newInstance(Constructor.java:480)
	at org.eclipse.core.internal.registry.osgi.RegistryStrategyOSGI.createExecutableExtension(RegistryStrategyOSGI.java:204)
	... 12 more
Caused by: java.lang.NullPointerException: Cannot invoke "java.io.File.getAbsolutePath()" because the return value of "org.eclipse.wildwebdeveloper.embedder.node.NodeJSManager.getNodeJsLocation()" is null
	at org.eclipse.wildwebdeveloper.angular.AngularLanguageServer.<init>(AngularLanguageServer.java:43)
	... 17 more

!ENTRY org.eclipse.lsp4e 4 0 2025-12-27 07:29:22.849
!MESSAGE Exception occurred while creating an instance of the stream connection provider
!STACK 0
java.lang.RuntimeException: Exception occurred while creating an instance of the stream connection provider
	at org.eclipse.lsp4e.LanguageServersRegistry$ExtensionLanguageServerDefinition.createConnectionProvider(LanguageServersRegistry.java:164)
	at org.eclipse.lsp4e.LanguageServerWrapper.lambda$0(LanguageServerWrapper.java:233)
	at java.base/java.util.concurrent.CompletableFuture$AsyncSupply.run(CompletableFuture.java:1768)
	at java.base/java.util.concurrent.CompletableFuture$AsyncSupply.exec(CompletableFuture.java:1760)
	at java.base/java.util.concurrent.ForkJoinTask.doExec(ForkJoinTask.java:373)
	at java.base/java.util.concurrent.ForkJoinPool$WorkQueue.topLevelExec(ForkJoinPool.java:1182)
	at java.base/java.util.concurrent.ForkJoinPool.scan(ForkJoinPool.java:1655)
	at java.base/java.util.concurrent.ForkJoinPool.runWorker(ForkJoinPool.java:1622)
	at java.base/java.util.concurrent.ForkJoinWorkerThread.run(ForkJoinWorkerThread.java:165)
Caused by: org.eclipse.core.runtime.CoreException: プラグイン "org.eclipse.wildwebdeveloper" は、クラス "org.eclipse.wildwebdeveloper.html.HTMLLanguageServer" をインスタンス化できませんでした。
	at org.eclipse.core.internal.registry.osgi.RegistryStrategyOSGI.throwException(RegistryStrategyOSGI.java:212)
	at org.eclipse.core.internal.registry.osgi.RegistryStrategyOSGI.createExecutableExtension(RegistryStrategyOSGI.java:206)
	at org.eclipse.core.internal.registry.ExtensionRegistry.createExecutableExtension(ExtensionRegistry.java:920)
	at org.eclipse.core.internal.registry.ConfigurationElement.createExecutableExtension(ConfigurationElement.java:246)
	at org.eclipse.core.internal.registry.ConfigurationElementHandle.createExecutableExtension(ConfigurationElementHandle.java:63)
	at org.eclipse.lsp4e.LanguageServersRegistry$ExtensionLanguageServerDefinition.createConnectionProvider(LanguageServersRegistry.java:161)
	... 8 more
Caused by: java.lang.reflect.InvocationTargetException
	at jdk.internal.reflect.GeneratedConstructorAccessor102.newInstance(Unknown Source)
	at java.base/jdk.internal.reflect.DelegatingConstructorAccessorImpl.newInstance(DelegatingConstructorAccessorImpl.java:45)
	at java.base/java.lang.reflect.Constructor.newInstanceWithCaller(Constructor.java:499)
	at java.base/java.lang.reflect.Constructor.newInstance(Constructor.java:480)
	at org.eclipse.core.internal.registry.osgi.RegistryStrategyOSGI.createExecutableExtension(RegistryStrategyOSGI.java:204)
	... 12 more
Caused by: java.lang.NullPointerException: Cannot invoke "java.io.File.getAbsolutePath()" because the return value of "org.eclipse.wildwebdeveloper.embedder.node.NodeJSManager.getNodeJsLocation()" is null
	at org.eclipse.wildwebdeveloper.html.HTMLLanguageServer.<init>(HTMLLanguageServer.java:40)
	... 17 more

!ENTRY org.eclipse.lsp4e 4 0 2025-12-27 07:29:22.849
!MESSAGE Cannot invoke "org.eclipse.lsp4e.server.StreamConnectionProvider.getInputStream()" because "this.lspStreamProvider" is null
!STACK 0
java.lang.NullPointerException: Cannot invoke "org.eclipse.lsp4e.server.StreamConnectionProvider.getInputStream()" because "this.lspStreamProvider" is null
	at org.eclipse.lsp4e.LanguageServerWrapper.lambda$1(LanguageServerWrapper.java:284)
	at java.base/java.util.concurrent.CompletableFuture$UniApply.tryFire(CompletableFuture.java:646)
	at java.base/java.util.concurrent.CompletableFuture.postComplete(CompletableFuture.java:510)
	at java.base/java.util.concurrent.CompletableFuture$AsyncSupply.run(CompletableFuture.java:1773)
	at java.base/java.util.concurrent.CompletableFuture$AsyncSupply.exec(CompletableFuture.java:1760)
	at java.base/java.util.concurrent.ForkJoinTask.doExec(ForkJoinTask.java:373)
	at java.base/java.util.concurrent.ForkJoinPool$WorkQueue.topLevelExec(ForkJoinPool.java:1182)
	at java.base/java.util.concurrent.ForkJoinPool.scan(ForkJoinPool.java:1655)
	at java.base/java.util.concurrent.ForkJoinPool.runWorker(ForkJoinPool.java:1622)
	at java.base/java.util.concurrent.ForkJoinWorkerThread.run(ForkJoinWorkerThread.java:165)

!ENTRY org.eclipse.lsp4e 4 0 2025-12-27 07:29:22.849
!MESSAGE java.lang.RuntimeException: Exception occurred while creating an instance of the stream connection provider
!STACK 0
java.util.concurrent.ExecutionException: java.lang.RuntimeException: Exception occurred while creating an instance of the stream connection provider
	at java.base/java.util.concurrent.CompletableFuture.reportGet(CompletableFuture.java:396)
	at java.base/java.util.concurrent.CompletableFuture.get(CompletableFuture.java:2096)
	at org.eclipse.lsp4e.operations.declaration.OpenDeclarationHyperlinkDetector.detectHyperlinks(OpenDeclarationHyperlinkDetector.java:94)
	at org.eclipse.ui.texteditor.HyperlinkDetectorRegistry$HyperlinkDetectorDelegate.detectHyperlinks(HyperlinkDetectorRegistry.java:81)
	at org.eclipse.jface.text.hyperlink.HyperlinkManager.findHyperlinks(HyperlinkManager.java:289)
	at org.eclipse.jface.text.hyperlink.HyperlinkManager.findHyperlinks(HyperlinkManager.java:262)
	at org.eclipse.jface.text.hyperlink.HyperlinkManager.mouseMove(HyperlinkManager.java:457)
	at org.eclipse.swt.widgets.TypedListener.handleEvent(TypedListener.java:216)
	at org.eclipse.swt.widgets.EventTable.sendEvent(EventTable.java:89)
	at org.eclipse.swt.widgets.Display.sendEvent(Display.java:4251)
	at org.eclipse.swt.widgets.Widget.sendEvent(Widget.java:1066)
	at org.eclipse.swt.widgets.Display.runDeferredEvents(Display.java:4068)
	at org.eclipse.swt.widgets.Display.readAndDispatch(Display.java:3645)
	at org.eclipse.e4.ui.internal.workbench.swt.PartRenderingEngine$5.run(PartRenderingEngine.java:1155)
	at org.eclipse.core.databinding.observable.Realm.runWithDefault(Realm.java:338)
	at org.eclipse.e4.ui.internal.workbench.swt.PartRenderingEngine.run(PartRenderingEngine.java:1046)
	at org.eclipse.e4.ui.internal.workbench.E4Workbench.createAndRunUI(E4Workbench.java:155)
	at org.eclipse.ui.internal.Workbench.lambda$3(Workbench.java:644)
	at org.eclipse.core.databinding.observable.Realm.runWithDefault(Realm.java:338)
	at org.eclipse.ui.internal.Workbench.createAndRunWorkbench(Workbench.java:551)
	at org.eclipse.ui.PlatformUI.createAndRunWorkbench(PlatformUI.java:156)
	at org.eclipse.ui.internal.ide.application.IDEApplication.start(IDEApplication.java:152)
	at org.eclipse.equinox.internal.app.EclipseAppHandle.run(EclipseAppHandle.java:203)
	at org.eclipse.core.runtime.internal.adaptor.EclipseAppLauncher.runApplication(EclipseAppLauncher.java:136)
	at org.eclipse.core.runtime.internal.adaptor.EclipseAppLauncher.start(EclipseAppLauncher.java:104)
	at org.eclipse.core.runtime.adaptor.EclipseStarter.run(EclipseStarter.java:402)
	at org.eclipse.core.runtime.adaptor.EclipseStarter.run(EclipseStarter.java:255)
	at java.base/jdk.internal.reflect.NativeMethodAccessorImpl.invoke0(Native Method)
	at java.base/jdk.internal.reflect.NativeMethodAccessorImpl.invoke(NativeMethodAccessorImpl.java:77)
	at java.base/jdk.internal.reflect.DelegatingMethodAccessorImpl.invoke(DelegatingMethodAccessorImpl.java:43)
	at java.base/java.lang.reflect.Method.invoke(Method.java:568)
	at org.eclipse.equinox.launcher.Main.invokeFramework(Main.java:659)
	at org.eclipse.equinox.launcher.Main.basicRun(Main.java:596)
	at org.eclipse.equinox.launcher.Main.run(Main.java:1467)
Caused by: java.lang.RuntimeException: Exception occurred while creating an instance of the stream connection provider
	at org.eclipse.lsp4e.LanguageServersRegistry$ExtensionLanguageServerDefinition.createConnectionProvider(LanguageServersRegistry.java:164)
	at org.eclipse.lsp4e.LanguageServerWrapper.lambda$0(LanguageServerWrapper.java:233)
	at java.base/java.util.concurrent.CompletableFuture$AsyncSupply.run(CompletableFuture.java:1768)
	at java.base/java.util.concurrent.CompletableFuture$AsyncSupply.exec(CompletableFuture.java:1760)
	at java.base/java.util.concurrent.ForkJoinTask.doExec(ForkJoinTask.java:373)
	at java.base/java.util.concurrent.ForkJoinPool$WorkQueue.topLevelExec(ForkJoinPool.java:1182)
	at java.base/java.util.concurrent.ForkJoinPool.scan(ForkJoinPool.java:1655)
	at java.base/java.util.concurrent.ForkJoinPool.runWorker(ForkJoinPool.java:1622)
	at java.base/java.util.concurrent.ForkJoinWorkerThread.run(ForkJoinWorkerThread.java:165)
Caused by: org.eclipse.core.runtime.CoreException: プラグイン "org.eclipse.wildwebdeveloper" は、クラス "org.eclipse.wildwebdeveloper.html.HTMLLanguageServer" をインスタンス化できませんでした。
	at org.eclipse.core.internal.registry.osgi.RegistryStrategyOSGI.throwException(RegistryStrategyOSGI.java:212)
	at org.eclipse.core.internal.registry.osgi.RegistryStrategyOSGI.createExecutableExtension(RegistryStrategyOSGI.java:206)
	at org.eclipse.core.internal.registry.ExtensionRegistry.createExecutableExtension(ExtensionRegistry.java:920)
	at org.eclipse.core.internal.registry.ConfigurationElement.createExecutableExtension(ConfigurationElement.java:246)
	at org.eclipse.core.internal.registry.ConfigurationElementHandle.createExecutableExtension(ConfigurationElementHandle.java:63)
	at org.eclipse.lsp4e.LanguageServersRegistry$ExtensionLanguageServerDefinition.createConnectionProvider(LanguageServersRegistry.java:161)
	... 8 more
Caused by: java.lang.reflect.InvocationTargetException
	at jdk.internal.reflect.GeneratedConstructorAccessor102.newInstance(Unknown Source)
	at java.base/jdk.internal.reflect.DelegatingConstructorAccessorImpl.newInstance(DelegatingConstructorAccessorImpl.java:45)
	at java.base/java.lang.reflect.Constructor.newInstanceWithCaller(Constructor.java:499)
	at java.base/java.lang.reflect.Constructor.newInstance(Constructor.java:480)
	at org.eclipse.core.internal.registry.osgi.RegistryStrategyOSGI.createExecutableExtension(RegistryStrategyOSGI.java:204)
	... 12 more
Caused by: java.lang.NullPointerException: Cannot invoke "java.io.File.getAbsolutePath()" because the return value of "org.eclipse.wildwebdeveloper.embedder.node.NodeJSManager.getNodeJsLocation()" is null
	at org.eclipse.wildwebdeveloper.html.HTMLLanguageServer.<init>(HTMLLanguageServer.java:40)
	... 17 more

!ENTRY org.eclipse.lsp4e 4 0 2025-12-27 07:29:22.850
!MESSAGE Cannot invoke "org.eclipse.lsp4e.server.StreamConnectionProvider.getInputStream()" because "this.lspStreamProvider" is null
!STACK 0
java.lang.NullPointerException: Cannot invoke "org.eclipse.lsp4e.server.StreamConnectionProvider.getInputStream()" because "this.lspStreamProvider" is null
	at org.eclipse.lsp4e.LanguageServerWrapper.lambda$1(LanguageServerWrapper.java:284)
	at java.base/java.util.concurrent.CompletableFuture$UniApply.tryFire(CompletableFuture.java:646)
	at java.base/java.util.concurrent.CompletableFuture.postComplete(CompletableFuture.java:510)
	at java.base/java.util.concurrent.CompletableFuture$AsyncSupply.run(CompletableFuture.java:1773)
	at java.base/java.util.concurrent.CompletableFuture$AsyncSupply.exec(CompletableFuture.java:1760)
	at java.base/java.util.concurrent.ForkJoinTask.doExec(ForkJoinTask.java:373)
	at java.base/java.util.concurrent.ForkJoinPool$WorkQueue.topLevelExec(ForkJoinPool.java:1182)
	at java.base/java.util.concurrent.ForkJoinPool.scan(ForkJoinPool.java:1655)
	at java.base/java.util.concurrent.ForkJoinPool.runWorker(ForkJoinPool.java:1622)
	at java.base/java.util.concurrent.ForkJoinWorkerThread.run(ForkJoinWorkerThread.java:165)

!ENTRY org.eclipse.lsp4e 4 0 2025-12-27 07:29:22.912
!MESSAGE プラグイン "org.eclipse.wildwebdeveloper" は、クラス "org.eclipse.wildwebdeveloper.html.HTMLLanguageServer" をインスタンス化できませんでした。
!STACK 1
org.eclipse.core.runtime.CoreException: プラグイン "org.eclipse.wildwebdeveloper" は、クラス "org.eclipse.wildwebdeveloper.html.HTMLLanguageServer" をインスタンス化できませんでした。
	at org.eclipse.core.internal.registry.osgi.RegistryStrategyOSGI.throwException(RegistryStrategyOSGI.java:212)
	at org.eclipse.core.internal.registry.osgi.RegistryStrategyOSGI.createExecutableExtension(RegistryStrategyOSGI.java:206)
	at org.eclipse.core.internal.registry.ExtensionRegistry.createExecutableExtension(ExtensionRegistry.java:920)
	at org.eclipse.core.internal.registry.ConfigurationElement.createExecutableExtension(ConfigurationElement.java:246)
	at org.eclipse.core.internal.registry.ConfigurationElementHandle.createExecutableExtension(ConfigurationElementHandle.java:63)
	at org.eclipse.lsp4e.LanguageServersRegistry$ExtensionLanguageServerDefinition.createConnectionProvider(LanguageServersRegistry.java:161)
	at org.eclipse.lsp4e.LanguageServerWrapper.lambda$0(LanguageServerWrapper.java:233)
	at java.base/java.util.concurrent.CompletableFuture$AsyncSupply.run(CompletableFuture.java:1768)
	at java.base/java.util.concurrent.CompletableFuture$AsyncSupply.exec(CompletableFuture.java:1760)
	at java.base/java.util.concurrent.ForkJoinTask.doExec(ForkJoinTask.java:373)
	at java.base/java.util.concurrent.ForkJoinPool$WorkQueue.topLevelExec(ForkJoinPool.java:1182)
	at java.base/java.util.concurrent.ForkJoinPool.scan(ForkJoinPool.java:1655)
	at java.base/java.util.concurrent.ForkJoinPool.runWorker(ForkJoinPool.java:1622)
	at java.base/java.util.concurrent.ForkJoinWorkerThread.run(ForkJoinWorkerThread.java:165)
Caused by: java.lang.reflect.InvocationTargetException
	at jdk.internal.reflect.GeneratedConstructorAccessor102.newInstance(Unknown Source)
	at java.base/jdk.internal.reflect.DelegatingConstructorAccessorImpl.newInstance(DelegatingConstructorAccessorImpl.java:45)
	at java.base/java.lang.reflect.Constructor.newInstanceWithCaller(Constructor.java:499)
	at java.base/java.lang.reflect.Constructor.newInstance(Constructor.java:480)
	at org.eclipse.core.internal.registry.osgi.RegistryStrategyOSGI.createExecutableExtension(RegistryStrategyOSGI.java:204)
	... 12 more
Caused by: java.lang.NullPointerException: Cannot invoke "java.io.File.getAbsolutePath()" because the return value of "org.eclipse.wildwebdeveloper.embedder.node.NodeJSManager.getNodeJsLocation()" is null
	at org.eclipse.wildwebdeveloper.html.HTMLLanguageServer.<init>(HTMLLanguageServer.java:40)
	... 17 more
!SUBENTRY 1 org.eclipse.equinox.registry 4 1 2025-12-27 07:29:22.912
!MESSAGE プラグイン "org.eclipse.wildwebdeveloper" は、クラス "org.eclipse.wildwebdeveloper.html.HTMLLanguageServer" をインスタンス化できませんでした。
!STACK 0
java.lang.reflect.InvocationTargetException
	at jdk.internal.reflect.GeneratedConstructorAccessor102.newInstance(Unknown Source)
	at java.base/jdk.internal.reflect.DelegatingConstructorAccessorImpl.newInstance(DelegatingConstructorAccessorImpl.java:45)
	at java.base/java.lang.reflect.Constructor.newInstanceWithCaller(Constructor.java:499)
	at java.base/java.lang.reflect.Constructor.newInstance(Constructor.java:480)
	at org.eclipse.core.internal.registry.osgi.RegistryStrategyOSGI.createExecutableExtension(RegistryStrategyOSGI.java:204)
	at org.eclipse.core.internal.registry.ExtensionRegistry.createExecutableExtension(ExtensionRegistry.java:920)
	at org.eclipse.core.internal.registry.ConfigurationElement.createExecutableExtension(ConfigurationElement.java:246)
	at org.eclipse.core.internal.registry.ConfigurationElementHandle.createExecutableExtension(ConfigurationElementHandle.java:63)
	at org.eclipse.lsp4e.LanguageServersRegistry$ExtensionLanguageServerDefinition.createConnectionProvider(LanguageServersRegistry.java:161)
	at org.eclipse.lsp4e.LanguageServerWrapper.lambda$0(LanguageServerWrapper.java:233)
	at java.base/java.util.concurrent.CompletableFuture$AsyncSupply.run(CompletableFuture.java:1768)
	at java.base/java.util.concurrent.CompletableFuture$AsyncSupply.exec(CompletableFuture.java:1760)
	at java.base/java.util.concurrent.ForkJoinTask.doExec(ForkJoinTask.java:373)
	at java.base/java.util.concurrent.ForkJoinPool$WorkQueue.topLevelExec(ForkJoinPool.java:1182)
	at java.base/java.util.concurrent.ForkJoinPool.scan(ForkJoinPool.java:1655)
	at java.base/java.util.concurrent.ForkJoinPool.runWorker(ForkJoinPool.java:1622)
	at java.base/java.util.concurrent.ForkJoinWorkerThread.run(ForkJoinWorkerThread.java:165)
Caused by: java.lang.NullPointerException: Cannot invoke "java.io.File.getAbsolutePath()" because the return value of "org.eclipse.wildwebdeveloper.embedder.node.NodeJSManager.getNodeJsLocation()" is null
	at org.eclipse.wildwebdeveloper.html.HTMLLanguageServer.<init>(HTMLLanguageServer.java:40)
	... 17 more
Root exception:
java.lang.NullPointerException: Cannot invoke "java.io.File.getAbsolutePath()" because the return value of "org.eclipse.wildwebdeveloper.embedder.node.NodeJSManager.getNodeJsLocation()" is null
	at org.eclipse.wildwebdeveloper.html.HTMLLanguageServer.<init>(HTMLLanguageServer.java:40)
	at jdk.internal.reflect.GeneratedConstructorAccessor102.newInstance(Unknown Source)
	at java.base/jdk.internal.reflect.DelegatingConstructorAccessorImpl.newInstance(DelegatingConstructorAccessorImpl.java:45)
	at java.base/java.lang.reflect.Constructor.newInstanceWithCaller(Constructor.java:499)
	at java.base/java.lang.reflect.Constructor.newInstance(Constructor.java:480)
	at org.eclipse.core.internal.registry.osgi.RegistryStrategyOSGI.createExecutableExtension(RegistryStrategyOSGI.java:204)
	at org.eclipse.core.internal.registry.ExtensionRegistry.createExecutableExtension(ExtensionRegistry.java:920)
	at org.eclipse.core.internal.registry.ConfigurationElement.createExecutableExtension(ConfigurationElement.java:246)
	at org.eclipse.core.internal.registry.ConfigurationElementHandle.createExecutableExtension(ConfigurationElementHandle.java:63)
	at org.eclipse.lsp4e.LanguageServersRegistry$ExtensionLanguageServerDefinition.createConnectionProvider(LanguageServersRegistry.java:161)
	at org.eclipse.lsp4e.LanguageServerWrapper.lambda$0(LanguageServerWrapper.java:233)
	at java.base/java.util.concurrent.CompletableFuture$AsyncSupply.run(CompletableFuture.java:1768)
	at java.base/java.util.concurrent.CompletableFuture$AsyncSupply.exec(CompletableFuture.java:1760)
	at java.base/java.util.concurrent.ForkJoinTask.doExec(ForkJoinTask.java:373)
	at java.base/java.util.concurrent.ForkJoinPool$WorkQueue.topLevelExec(ForkJoinPool.java:1182)
	at java.base/java.util.concurrent.ForkJoinPool.scan(ForkJoinPool.java:1655)
	at java.base/java.util.concurrent.ForkJoinPool.runWorker(ForkJoinPool.java:1622)
	at java.base/java.util.concurrent.ForkJoinWorkerThread.run(ForkJoinWorkerThread.java:165)

!ENTRY org.eclipse.lsp4e 4 0 2025-12-27 07:29:22.913
!MESSAGE Exception occurred while creating an instance of the stream connection provider
!STACK 0
java.lang.RuntimeException: Exception occurred while creating an instance of the stream connection provider
	at org.eclipse.lsp4e.LanguageServersRegistry$ExtensionLanguageServerDefinition.createConnectionProvider(LanguageServersRegistry.java:164)
	at org.eclipse.lsp4e.LanguageServerWrapper.lambda$0(LanguageServerWrapper.java:233)
	at java.base/java.util.concurrent.CompletableFuture$AsyncSupply.run(CompletableFuture.java:1768)
	at java.base/java.util.concurrent.CompletableFuture$AsyncSupply.exec(CompletableFuture.java:1760)
	at java.base/java.util.concurrent.ForkJoinTask.doExec(ForkJoinTask.java:373)
	at java.base/java.util.concurrent.ForkJoinPool$WorkQueue.topLevelExec(ForkJoinPool.java:1182)
	at java.base/java.util.concurrent.ForkJoinPool.scan(ForkJoinPool.java:1655)
	at java.base/java.util.concurrent.ForkJoinPool.runWorker(ForkJoinPool.java:1622)
	at java.base/java.util.concurrent.ForkJoinWorkerThread.run(ForkJoinWorkerThread.java:165)
Caused by: org.eclipse.core.runtime.CoreException: プラグイン "org.eclipse.wildwebdeveloper" は、クラス "org.eclipse.wildwebdeveloper.html.HTMLLanguageServer" をインスタンス化できませんでした。
	at org.eclipse.core.internal.registry.osgi.RegistryStrategyOSGI.throwException(RegistryStrategyOSGI.java:212)
	at org.eclipse.core.internal.registry.osgi.RegistryStrategyOSGI.createExecutableExtension(RegistryStrategyOSGI.java:206)
	at org.eclipse.core.internal.registry.ExtensionRegistry.createExecutableExtension(ExtensionRegistry.java:920)
	at org.eclipse.core.internal.registry.ConfigurationElement.createExecutableExtension(ConfigurationElement.java:246)
	at org.eclipse.core.internal.registry.ConfigurationElementHandle.createExecutableExtension(ConfigurationElementHandle.java:63)
	at org.eclipse.lsp4e.LanguageServersRegistry$ExtensionLanguageServerDefinition.createConnectionProvider(LanguageServersRegistry.java:161)
	... 8 more
Caused by: java.lang.reflect.InvocationTargetException
	at jdk.internal.reflect.GeneratedConstructorAccessor102.newInstance(Unknown Source)
	at java.base/jdk.internal.reflect.DelegatingConstructorAccessorImpl.newInstance(DelegatingConstructorAccessorImpl.java:45)
	at java.base/java.lang.reflect.Constructor.newInstanceWithCaller(Constructor.java:499)
	at java.base/java.lang.reflect.Constructor.newInstance(Constructor.java:480)
	at org.eclipse.core.internal.registry.osgi.RegistryStrategyOSGI.createExecutableExtension(RegistryStrategyOSGI.java:204)
	... 12 more
Caused by: java.lang.NullPointerException: Cannot invoke "java.io.File.getAbsolutePath()" because the return value of "org.eclipse.wildwebdeveloper.embedder.node.NodeJSManager.getNodeJsLocation()" is null
	at org.eclipse.wildwebdeveloper.html.HTMLLanguageServer.<init>(HTMLLanguageServer.java:40)
	... 17 more

!ENTRY org.eclipse.lsp4e 4 0 2025-12-27 07:29:22.913
!MESSAGE プラグイン "org.eclipse.wildwebdeveloper" は、クラス "org.eclipse.wildwebdeveloper.angular.AngularLanguageServer" をインスタンス化できませんでした。
!STACK 1
org.eclipse.core.runtime.CoreException: プラグイン "org.eclipse.wildwebdeveloper" は、クラス "org.eclipse.wildwebdeveloper.angular.AngularLanguageServer" をインスタンス化できませんでした。
	at org.eclipse.core.internal.registry.osgi.RegistryStrategyOSGI.throwException(RegistryStrategyOSGI.java:212)
	at org.eclipse.core.internal.registry.osgi.RegistryStrategyOSGI.createExecutableExtension(RegistryStrategyOSGI.java:206)
	at org.eclipse.core.internal.registry.ExtensionRegistry.createExecutableExtension(ExtensionRegistry.java:920)
	at org.eclipse.core.internal.registry.ConfigurationElement.createExecutableExtension(ConfigurationElement.java:246)
	at org.eclipse.core.internal.registry.ConfigurationElementHandle.createExecutableExtension(ConfigurationElementHandle.java:63)
	at org.eclipse.lsp4e.LanguageServersRegistry$ExtensionLanguageServerDefinition.createConnectionProvider(LanguageServersRegistry.java:161)
	at org.eclipse.lsp4e.LanguageServerWrapper.lambda$0(LanguageServerWrapper.java:233)
	at java.base/java.util.concurrent.CompletableFuture$AsyncSupply.run(CompletableFuture.java:1768)
	at java.base/java.util.concurrent.CompletableFuture$AsyncSupply.exec(CompletableFuture.java:1760)
	at java.base/java.util.concurrent.ForkJoinTask.doExec(ForkJoinTask.java:373)
	at java.base/java.util.concurrent.ForkJoinPool$WorkQueue.topLevelExec(ForkJoinPool.java:1182)
	at java.base/java.util.concurrent.ForkJoinPool.scan(ForkJoinPool.java:1655)
	at java.base/java.util.concurrent.ForkJoinPool.runWorker(ForkJoinPool.java:1622)
	at java.base/java.util.concurrent.ForkJoinWorkerThread.run(ForkJoinWorkerThread.java:165)
Caused by: java.lang.reflect.InvocationTargetException
	at jdk.internal.reflect.GeneratedConstructorAccessor101.newInstance(Unknown Source)
	at java.base/jdk.internal.reflect.DelegatingConstructorAccessorImpl.newInstance(DelegatingConstructorAccessorImpl.java:45)
	at java.base/java.lang.reflect.Constructor.newInstanceWithCaller(Constructor.java:499)
	at java.base/java.lang.reflect.Constructor.newInstance(Constructor.java:480)
	at org.eclipse.core.internal.registry.osgi.RegistryStrategyOSGI.createExecutableExtension(RegistryStrategyOSGI.java:204)
	... 12 more
Caused by: java.lang.NullPointerException: Cannot invoke "java.io.File.getAbsolutePath()" because the return value of "org.eclipse.wildwebdeveloper.embedder.node.NodeJSManager.getNodeJsLocation()" is null
	at org.eclipse.wildwebdeveloper.angular.AngularLanguageServer.<init>(AngularLanguageServer.java:43)
	... 17 more
!SUBENTRY 1 org.eclipse.equinox.registry 4 1 2025-12-27 07:29:22.913
!MESSAGE プラグイン "org.eclipse.wildwebdeveloper" は、クラス "org.eclipse.wildwebdeveloper.angular.AngularLanguageServer" をインスタンス化できませんでした。
!STACK 0
java.lang.reflect.InvocationTargetException
	at jdk.internal.reflect.GeneratedConstructorAccessor101.newInstance(Unknown Source)
	at java.base/jdk.internal.reflect.DelegatingConstructorAccessorImpl.newInstance(DelegatingConstructorAccessorImpl.java:45)
	at java.base/java.lang.reflect.Constructor.newInstanceWithCaller(Constructor.java:499)
	at java.base/java.lang.reflect.Constructor.newInstance(Constructor.java:480)
	at org.eclipse.core.internal.registry.osgi.RegistryStrategyOSGI.createExecutableExtension(RegistryStrategyOSGI.java:204)
	at org.eclipse.core.internal.registry.ExtensionRegistry.createExecutableExtension(ExtensionRegistry.java:920)
	at org.eclipse.core.internal.registry.ConfigurationElement.createExecutableExtension(ConfigurationElement.java:246)
	at org.eclipse.core.internal.registry.ConfigurationElementHandle.createExecutableExtension(ConfigurationElementHandle.java:63)
	at org.eclipse.lsp4e.LanguageServersRegistry$ExtensionLanguageServerDefinition.createConnectionProvider(LanguageServersRegistry.java:161)
	at org.eclipse.lsp4e.LanguageServerWrapper.lambda$0(LanguageServerWrapper.java:233)
	at java.base/java.util.concurrent.CompletableFuture$AsyncSupply.run(CompletableFuture.java:1768)
	at java.base/java.util.concurrent.CompletableFuture$AsyncSupply.exec(CompletableFuture.java:1760)
	at java.base/java.util.concurrent.ForkJoinTask.doExec(ForkJoinTask.java:373)
	at java.base/java.util.concurrent.ForkJoinPool$WorkQueue.topLevelExec(ForkJoinPool.java:1182)
	at java.base/java.util.concurrent.ForkJoinPool.scan(ForkJoinPool.java:1655)
	at java.base/java.util.concurrent.ForkJoinPool.runWorker(ForkJoinPool.java:1622)
	at java.base/java.util.concurrent.ForkJoinWorkerThread.run(ForkJoinWorkerThread.java:165)
Caused by: java.lang.NullPointerException: Cannot invoke "java.io.File.getAbsolutePath()" because the return value of "org.eclipse.wildwebdeveloper.embedder.node.NodeJSManager.getNodeJsLocation()" is null
	at org.eclipse.wildwebdeveloper.angular.AngularLanguageServer.<init>(AngularLanguageServer.java:43)
	... 17 more
Root exception:
java.lang.NullPointerException: Cannot invoke "java.io.File.getAbsolutePath()" because the return value of "org.eclipse.wildwebdeveloper.embedder.node.NodeJSManager.getNodeJsLocation()" is null
	at org.eclipse.wildwebdeveloper.angular.AngularLanguageServer.<init>(AngularLanguageServer.java:43)
	at jdk.internal.reflect.GeneratedConstructorAccessor101.newInstance(Unknown Source)
	at java.base/jdk.internal.reflect.DelegatingConstructorAccessorImpl.newInstance(DelegatingConstructorAccessorImpl.java:45)
	at java.base/java.lang.reflect.Constructor.newInstanceWithCaller(Constructor.java:499)
	at java.base/java.lang.reflect.Constructor.newInstance(Constructor.java:480)
	at org.eclipse.core.internal.registry.osgi.RegistryStrategyOSGI.createExecutableExtension(RegistryStrategyOSGI.java:204)
	at org.eclipse.core.internal.registry.ExtensionRegistry.createExecutableExtension(ExtensionRegistry.java:920)
	at org.eclipse.core.internal.registry.ConfigurationElement.createExecutableExtension(ConfigurationElement.java:246)
	at org.eclipse.core.internal.registry.ConfigurationElementHandle.createExecutableExtension(ConfigurationElementHandle.java:63)
	at org.eclipse.lsp4e.LanguageServersRegistry$ExtensionLanguageServerDefinition.createConnectionProvider(LanguageServersRegistry.java:161)
	at org.eclipse.lsp4e.LanguageServerWrapper.lambda$0(LanguageServerWrapper.java:233)
	at java.base/java.util.concurrent.CompletableFuture$AsyncSupply.run(CompletableFuture.java:1768)
	at java.base/java.util.concurrent.CompletableFuture$AsyncSupply.exec(CompletableFuture.java:1760)
	at java.base/java.util.concurrent.ForkJoinTask.doExec(ForkJoinTask.java:373)
	at java.base/java.util.concurrent.ForkJoinPool$WorkQueue.topLevelExec(ForkJoinPool.java:1182)
	at java.base/java.util.concurrent.ForkJoinPool.scan(ForkJoinPool.java:1655)
	at java.base/java.util.concurrent.ForkJoinPool.runWorker(ForkJoinPool.java:1622)
	at java.base/java.util.concurrent.ForkJoinWorkerThread.run(ForkJoinWorkerThread.java:165)
