!SESSION 2025-12-22 18:47:44.609 -----------------------------------------------
eclipse.buildId=4.24.0.I20220607-0700
java.version=17.0.3
java.vendor=Eclipse Adoptium
BootLoader constants: OS=win32, ARCH=x86_64, WS=win32, NL=ja_JP
Framework arguments:  -product org.eclipse.epp.package.java.product
Command-line arguments:  -os win32 -ws win32 -arch x86_64 -product org.eclipse.epp.package.java.product

This is a continuation of log file C:\c\Users\t-jim\Documents\Spring_Study\.metadata\.bak_3.log
Created Time: 2025-12-22 21:56:22.271

!ENTRY org.eclipse.lsp4e 4 0 2025-12-22 21:56:22.271
!MESSAGE Cannot invoke "org.eclipse.lsp4e.server.StreamConnectionProvider.getInputStream()" because "this.lspStreamProvider" is null
!STACK 0
java.lang.NullPointerException: Cannot invoke "org.eclipse.lsp4e.server.StreamConnectionProvider.getInputStream()" because "this.lspStreamProvider" is null
	at org.eclipse.lsp4e.LanguageServerWrapper.lambda$1(LanguageServerWrapper.java:284)
	at java.base/java.util.concurrent.CompletableFuture$UniApply.tryFire(CompletableFuture.java:646)
	at java.base/java.util.concurrent.CompletableFuture.postComplete(CompletableFuture.java:510)
	at java.base/java.util.concurrent.CompletableFuture$AsyncSupply.run(CompletableFuture.java:1773)
	at java.base/java.util.concurrent.CompletableFuture$AsyncSupply.exec(CompletableFuture.java:1760)
	at java.base/java.util.concurrent.ForkJoinTask.doExec(ForkJoinTask.java:373)
	at java.base/java.util.concurrent.ForkJoinPool$WorkQueue.topLevelExec(ForkJoinPool.java:1182)
	at java.base/java.util.concurrent.ForkJoinPool.scan(ForkJoinPool.java:1655)
	at java.base/java.util.concurrent.ForkJoinPool.runWorker(ForkJoinPool.java:1622)
	at java.base/java.util.concurrent.ForkJoinWorkerThread.run(ForkJoinWorkerThread.java:165)

!ENTRY org.eclipse.lsp4e 4 0 2025-12-22 21:56:22.336
!MESSAGE プラグイン "org.eclipse.wildwebdeveloper" は、クラス "org.eclipse.wildwebdeveloper.html.HTMLLanguageServer" をインスタンス化できませんでした。
!STACK 1
org.eclipse.core.runtime.CoreException: プラグイン "org.eclipse.wildwebdeveloper" は、クラス "org.eclipse.wildwebdeveloper.html.HTMLLanguageServer" をインスタンス化できませんでした。
	at org.eclipse.core.internal.registry.osgi.RegistryStrategyOSGI.throwException(RegistryStrategyOSGI.java:212)
	at org.eclipse.core.internal.registry.osgi.RegistryStrategyOSGI.createExecutableExtension(RegistryStrategyOSGI.java:206)
	at org.eclipse.core.internal.registry.ExtensionRegistry.createExecutableExtension(ExtensionRegistry.java:920)
	at org.eclipse.core.internal.registry.ConfigurationElement.createExecutableExtension(ConfigurationElement.java:246)
	at org.eclipse.core.internal.registry.ConfigurationElementHandle.createExecutableExtension(ConfigurationElementHandle.java:63)
	at org.eclipse.lsp4e.LanguageServersRegistry$ExtensionLanguageServerDefinition.createConnectionProvider(LanguageServersRegistry.java:161)
	at org.eclipse.lsp4e.LanguageServerWrapper.lambda$0(LanguageServerWrapper.java:233)
	at java.base/java.util.concurrent.CompletableFuture$AsyncSupply.run(CompletableFuture.java:1768)
	at java.base/java.util.concurrent.CompletableFuture$AsyncSupply.exec(CompletableFuture.java:1760)
	at java.base/java.util.concurrent.ForkJoinTask.doExec(ForkJoinTask.java:373)
	at java.base/java.util.concurrent.ForkJoinPool$WorkQueue.topLevelExec(ForkJoinPool.java:1182)
	at java.base/java.util.concurrent.ForkJoinPool.scan(ForkJoinPool.java:1655)
	at java.base/java.util.concurrent.ForkJoinPool.runWorker(ForkJoinPool.java:1622)
	at java.base/java.util.concurrent.ForkJoinWorkerThread.run(ForkJoinWorkerThread.java:165)
Caused by: java.lang.reflect.InvocationTargetException
	at jdk.internal.reflect.GeneratedConstructorAccessor123.newInstance(Unknown Source)
	at java.base/jdk.internal.reflect.DelegatingConstructorAccessorImpl.newInstance(DelegatingConstructorAccessorImpl.java:45)
	at java.base/java.lang.reflect.Constructor.newInstanceWithCaller(Constructor.java:499)
	at java.base/java.lang.reflect.Constructor.newInstance(Constructor.java:480)
	at org.eclipse.core.internal.registry.osgi.RegistryStrategyOSGI.createExecutableExtension(RegistryStrategyOSGI.java:204)
	... 12 more
Caused by: java.lang.NullPointerException: Cannot invoke "java.io.File.getAbsolutePath()" because the return value of "org.eclipse.wildwebdeveloper.embedder.node.NodeJSManager.getNodeJsLocation()" is null
	at org.eclipse.wildwebdeveloper.html.HTMLLanguageServer.<init>(HTMLLanguageServer.java:40)
	... 17 more
!SUBENTRY 1 org.eclipse.equinox.registry 4 1 2025-12-22 21:56:22.338
!MESSAGE プラグイン "org.eclipse.wildwebdeveloper" は、クラス "org.eclipse.wildwebdeveloper.html.HTMLLanguageServer" をインスタンス化できませんでした。
!STACK 0
java.lang.reflect.InvocationTargetException
	at jdk.internal.reflect.GeneratedConstructorAccessor123.newInstance(Unknown Source)
	at java.base/jdk.internal.reflect.DelegatingConstructorAccessorImpl.newInstance(DelegatingConstructorAccessorImpl.java:45)
	at java.base/java.lang.reflect.Constructor.newInstanceWithCaller(Constructor.java:499)
	at java.base/java.lang.reflect.Constructor.newInstance(Constructor.java:480)
	at org.eclipse.core.internal.registry.osgi.RegistryStrategyOSGI.createExecutableExtension(RegistryStrategyOSGI.java:204)
	at org.eclipse.core.internal.registry.ExtensionRegistry.createExecutableExtension(ExtensionRegistry.java:920)
	at org.eclipse.core.internal.registry.ConfigurationElement.createExecutableExtension(ConfigurationElement.java:246)
	at org.eclipse.core.internal.registry.ConfigurationElementHandle.createExecutableExtension(ConfigurationElementHandle.java:63)
	at org.eclipse.lsp4e.LanguageServersRegistry$ExtensionLanguageServerDefinition.createConnectionProvider(LanguageServersRegistry.java:161)
	at org.eclipse.lsp4e.LanguageServerWrapper.lambda$0(LanguageServerWrapper.java:233)
	at java.base/java.util.concurrent.CompletableFuture$AsyncSupply.run(CompletableFuture.java:1768)
	at java.base/java.util.concurrent.CompletableFuture$AsyncSupply.exec(CompletableFuture.java:1760)
	at java.base/java.util.concurrent.ForkJoinTask.doExec(ForkJoinTask.java:373)
	at java.base/java.util.concurrent.ForkJoinPool$WorkQueue.topLevelExec(ForkJoinPool.java:1182)
	at java.base/java.util.concurrent.ForkJoinPool.scan(ForkJoinPool.java:1655)
	at java.base/java.util.concurrent.ForkJoinPool.runWorker(ForkJoinPool.java:1622)
	at java.base/java.util.concurrent.ForkJoinWorkerThread.run(ForkJoinWorkerThread.java:165)
Caused by: java.lang.NullPointerException: Cannot invoke "java.io.File.getAbsolutePath()" because the return value of "org.eclipse.wildwebdeveloper.embedder.node.NodeJSManager.getNodeJsLocation()" is null
	at org.eclipse.wildwebdeveloper.html.HTMLLanguageServer.<init>(HTMLLanguageServer.java:40)
	... 17 more
Root exception:
java.lang.NullPointerException: Cannot invoke "java.io.File.getAbsolutePath()" because the return value of "org.eclipse.wildwebdeveloper.embedder.node.NodeJSManager.getNodeJsLocation()" is null
	at org.eclipse.wildwebdeveloper.html.HTMLLanguageServer.<init>(HTMLLanguageServer.java:40)
	at jdk.internal.reflect.GeneratedConstructorAccessor123.newInstance(Unknown Source)
	at java.base/jdk.internal.reflect.DelegatingConstructorAccessorImpl.newInstance(DelegatingConstructorAccessorImpl.java:45)
	at java.base/java.lang.reflect.Constructor.newInstanceWithCaller(Constructor.java:499)
	at java.base/java.lang.reflect.Constructor.newInstance(Constructor.java:480)
	at org.eclipse.core.internal.registry.osgi.RegistryStrategyOSGI.createExecutableExtension(RegistryStrategyOSGI.java:204)
	at org.eclipse.core.internal.registry.ExtensionRegistry.createExecutableExtension(ExtensionRegistry.java:920)
	at org.eclipse.core.internal.registry.ConfigurationElement.createExecutableExtension(ConfigurationElement.java:246)
	at org.eclipse.core.internal.registry.ConfigurationElementHandle.createExecutableExtension(ConfigurationElementHandle.java:63)
	at org.eclipse.lsp4e.LanguageServersRegistry$ExtensionLanguageServerDefinition.createConnectionProvider(LanguageServersRegistry.java:161)
	at org.eclipse.lsp4e.LanguageServerWrapper.lambda$0(LanguageServerWrapper.java:233)
	at java.base/java.util.concurrent.CompletableFuture$AsyncSupply.run(CompletableFuture.java:1768)
	at java.base/java.util.concurrent.CompletableFuture$AsyncSupply.exec(CompletableFuture.java:1760)
	at java.base/java.util.concurrent.ForkJoinTask.doExec(ForkJoinTask.java:373)
	at java.base/java.util.concurrent.ForkJoinPool$WorkQueue.topLevelExec(ForkJoinPool.java:1182)
	at java.base/java.util.concurrent.ForkJoinPool.scan(ForkJoinPool.java:1655)
	at java.base/java.util.concurrent.ForkJoinPool.runWorker(ForkJoinPool.java:1622)
	at java.base/java.util.concurrent.ForkJoinWorkerThread.run(ForkJoinWorkerThread.java:165)

!ENTRY org.eclipse.lsp4e 4 0 2025-12-22 21:56:22.338
!MESSAGE Exception occurred while creating an instance of the stream connection provider
!STACK 0
java.lang.RuntimeException: Exception occurred while creating an instance of the stream connection provider
	at org.eclipse.lsp4e.LanguageServersRegistry$ExtensionLanguageServerDefinition.createConnectionProvider(LanguageServersRegistry.java:164)
	at org.eclipse.lsp4e.LanguageServerWrapper.lambda$0(LanguageServerWrapper.java:233)
	at java.base/java.util.concurrent.CompletableFuture$AsyncSupply.run(CompletableFuture.java:1768)
	at java.base/java.util.concurrent.CompletableFuture$AsyncSupply.exec(CompletableFuture.java:1760)
	at java.base/java.util.concurrent.ForkJoinTask.doExec(ForkJoinTask.java:373)
	at java.base/java.util.concurrent.ForkJoinPool$WorkQueue.topLevelExec(ForkJoinPool.java:1182)
	at java.base/java.util.concurrent.ForkJoinPool.scan(ForkJoinPool.java:1655)
	at java.base/java.util.concurrent.ForkJoinPool.runWorker(ForkJoinPool.java:1622)
	at java.base/java.util.concurrent.ForkJoinWorkerThread.run(ForkJoinWorkerThread.java:165)
Caused by: org.eclipse.core.runtime.CoreException: プラグイン "org.eclipse.wildwebdeveloper" は、クラス "org.eclipse.wildwebdeveloper.html.HTMLLanguageServer" をインスタンス化できませんでした。
	at org.eclipse.core.internal.registry.osgi.RegistryStrategyOSGI.throwException(RegistryStrategyOSGI.java:212)
	at org.eclipse.core.internal.registry.osgi.RegistryStrategyOSGI.createExecutableExtension(RegistryStrategyOSGI.java:206)
	at org.eclipse.core.internal.registry.ExtensionRegistry.createExecutableExtension(ExtensionRegistry.java:920)
	at org.eclipse.core.internal.registry.ConfigurationElement.createExecutableExtension(ConfigurationElement.java:246)
	at org.eclipse.core.internal.registry.ConfigurationElementHandle.createExecutableExtension(ConfigurationElementHandle.java:63)
	at org.eclipse.lsp4e.LanguageServersRegistry$ExtensionLanguageServerDefinition.createConnectionProvider(LanguageServersRegistry.java:161)
	... 8 more
Caused by: java.lang.reflect.InvocationTargetException
	at jdk.internal.reflect.GeneratedConstructorAccessor123.newInstance(Unknown Source)
	at java.base/jdk.internal.reflect.DelegatingConstructorAccessorImpl.newInstance(DelegatingConstructorAccessorImpl.java:45)
	at java.base/java.lang.reflect.Constructor.newInstanceWithCaller(Constructor.java:499)
	at java.base/java.lang.reflect.Constructor.newInstance(Constructor.java:480)
	at org.eclipse.core.internal.registry.osgi.RegistryStrategyOSGI.createExecutableExtension(RegistryStrategyOSGI.java:204)
	... 12 more
Caused by: java.lang.NullPointerException: Cannot invoke "java.io.File.getAbsolutePath()" because the return value of "org.eclipse.wildwebdeveloper.embedder.node.NodeJSManager.getNodeJsLocation()" is null
	at org.eclipse.wildwebdeveloper.html.HTMLLanguageServer.<init>(HTMLLanguageServer.java:40)
	... 17 more

!ENTRY org.eclipse.lsp4e 4 0 2025-12-22 21:56:22.338
!MESSAGE プラグイン "org.eclipse.wildwebdeveloper" は、クラス "org.eclipse.wildwebdeveloper.angular.AngularLanguageServer" をインスタンス化できませんでした。
!STACK 1
org.eclipse.core.runtime.CoreException: プラグイン "org.eclipse.wildwebdeveloper" は、クラス "org.eclipse.wildwebdeveloper.angular.AngularLanguageServer" をインスタンス化できませんでした。
	at org.eclipse.core.internal.registry.osgi.RegistryStrategyOSGI.throwException(RegistryStrategyOSGI.java:212)
	at org.eclipse.core.internal.registry.osgi.RegistryStrategyOSGI.createExecutableExtension(RegistryStrategyOSGI.java:206)
	at org.eclipse.core.internal.registry.ExtensionRegistry.createExecutableExtension(ExtensionRegistry.java:920)
	at org.eclipse.core.internal.registry.ConfigurationElement.createExecutableExtension(ConfigurationElement.java:246)
	at org.eclipse.core.internal.registry.ConfigurationElementHandle.createExecutableExtension(ConfigurationElementHandle.java:63)
	at org.eclipse.lsp4e.LanguageServersRegistry$ExtensionLanguageServerDefinition.createConnectionProvider(LanguageServersRegistry.java:161)
	at org.eclipse.lsp4e.LanguageServerWrapper.lambda$0(LanguageServerWrapper.java:233)
	at java.base/java.util.concurrent.CompletableFuture$AsyncSupply.run(CompletableFuture.java:1768)
	at java.base/java.util.concurrent.CompletableFuture$AsyncSupply.exec(CompletableFuture.java:1760)
	at java.base/java.util.concurrent.ForkJoinTask.doExec(ForkJoinTask.java:373)
	at java.base/java.util.concurrent.ForkJoinPool$WorkQueue.topLevelExec(ForkJoinPool.java:1182)
	at java.base/java.util.concurrent.ForkJoinPool.scan(ForkJoinPool.java:1655)
	at java.base/java.util.concurrent.ForkJoinPool.runWorker(ForkJoinPool.java:1622)
	at java.base/java.util.concurrent.ForkJoinWorkerThread.run(ForkJoinWorkerThread.java:165)
Caused by: java.lang.reflect.InvocationTargetException
	at jdk.internal.reflect.GeneratedConstructorAccessor122.newInstance(Unknown Source)
	at java.base/jdk.internal.reflect.DelegatingConstructorAccessorImpl.newInstance(DelegatingConstructorAccessorImpl.java:45)
	at java.base/java.lang.reflect.Constructor.newInstanceWithCaller(Constructor.java:499)
	at java.base/java.lang.reflect.Constructor.newInstance(Constructor.java:480)
	at org.eclipse.core.internal.registry.osgi.RegistryStrategyOSGI.createExecutableExtension(RegistryStrategyOSGI.java:204)
	... 12 more
Caused by: java.lang.NullPointerException: Cannot invoke "java.io.File.getAbsolutePath()" because the return value of "org.eclipse.wildwebdeveloper.embedder.node.NodeJSManager.getNodeJsLocation()" is null
	at org.eclipse.wildwebdeveloper.angular.AngularLanguageServer.<init>(AngularLanguageServer.java:43)
	... 17 more
!SUBENTRY 1 org.eclipse.equinox.registry 4 1 2025-12-22 21:56:22.338
!MESSAGE プラグイン "org.eclipse.wildwebdeveloper" は、クラス "org.eclipse.wildwebdeveloper.angular.AngularLanguageServer" をインスタンス化できませんでした。
!STACK 0
java.lang.reflect.InvocationTargetException
	at jdk.internal.reflect.GeneratedConstructorAccessor122.newInstance(Unknown Source)
	at java.base/jdk.internal.reflect.DelegatingConstructorAccessorImpl.newInstance(DelegatingConstructorAccessorImpl.java:45)
	at java.base/java.lang.reflect.Constructor.newInstanceWithCaller(Constructor.java:499)
	at java.base/java.lang.reflect.Constructor.newInstance(Constructor.java:480)
	at org.eclipse.core.internal.registry.osgi.RegistryStrategyOSGI.createExecutableExtension(RegistryStrategyOSGI.java:204)
	at org.eclipse.core.internal.registry.ExtensionRegistry.createExecutableExtension(ExtensionRegistry.java:920)
	at org.eclipse.core.internal.registry.ConfigurationElement.createExecutableExtension(ConfigurationElement.java:246)
	at org.eclipse.core.internal.registry.ConfigurationElementHandle.createExecutableExtension(ConfigurationElementHandle.java:63)
	at org.eclipse.lsp4e.LanguageServersRegistry$ExtensionLanguageServerDefinition.createConnectionProvider(LanguageServersRegistry.java:161)
	at org.eclipse.lsp4e.LanguageServerWrapper.lambda$0(LanguageServerWrapper.java:233)
	at java.base/java.util.concurrent.CompletableFuture$AsyncSupply.run(CompletableFuture.java:1768)
	at java.base/java.util.concurrent.CompletableFuture$AsyncSupply.exec(CompletableFuture.java:1760)
	at java.base/java.util.concurrent.ForkJoinTask.doExec(ForkJoinTask.java:373)
	at java.base/java.util.concurrent.ForkJoinPool$WorkQueue.topLevelExec(ForkJoinPool.java:1182)
	at java.base/java.util.concurrent.ForkJoinPool.scan(ForkJoinPool.java:1655)
	at java.base/java.util.concurrent.ForkJoinPool.runWorker(ForkJoinPool.java:1622)
	at java.base/java.util.concurrent.ForkJoinWorkerThread.run(ForkJoinWorkerThread.java:165)
Caused by: java.lang.NullPointerException: Cannot invoke "java.io.File.getAbsolutePath()" because the return value of "org.eclipse.wildwebdeveloper.embedder.node.NodeJSManager.getNodeJsLocation()" is null
	at org.eclipse.wildwebdeveloper.angular.AngularLanguageServer.<init>(AngularLanguageServer.java:43)
	... 17 more
Root exception:
java.lang.NullPointerException: Cannot invoke "java.io.File.getAbsolutePath()" because the return value of "org.eclipse.wildwebdeveloper.embedder.node.NodeJSManager.getNodeJsLocation()" is null
	at org.eclipse.wildwebdeveloper.angular.AngularLanguageServer.<init>(AngularLanguageServer.java:43)
	at jdk.internal.reflect.GeneratedConstructorAccessor122.newInstance(Unknown Source)
	at java.base/jdk.internal.reflect.DelegatingConstructorAccessorImpl.newInstance(DelegatingConstructorAccessorImpl.java:45)
	at java.base/java.lang.reflect.Constructor.newInstanceWithCaller(Constructor.java:499)
	at java.base/java.lang.reflect.Constructor.newInstance(Constructor.java:480)
	at org.eclipse.core.internal.registry.osgi.RegistryStrategyOSGI.createExecutableExtension(RegistryStrategyOSGI.java:204)
	at org.eclipse.core.internal.registry.ExtensionRegistry.createExecutableExtension(ExtensionRegistry.java:920)
	at org.eclipse.core.internal.registry.ConfigurationElement.createExecutableExtension(ConfigurationElement.java:246)
	at org.eclipse.core.internal.registry.ConfigurationElementHandle.createExecutableExtension(ConfigurationElementHandle.java:63)
	at org.eclipse.lsp4e.LanguageServersRegistry$ExtensionLanguageServerDefinition.createConnectionProvider(LanguageServersRegistry.java:161)
	at org.eclipse.lsp4e.LanguageServerWrapper.lambda$0(LanguageServerWrapper.java:233)
	at java.base/java.util.concurrent.CompletableFuture$AsyncSupply.run(CompletableFuture.java:1768)
	at java.base/java.util.concurrent.CompletableFuture$AsyncSupply.exec(CompletableFuture.java:1760)
	at java.base/java.util.concurrent.ForkJoinTask.doExec(ForkJoinTask.java:373)
	at java.base/java.util.concurrent.ForkJoinPool$WorkQueue.topLevelExec(ForkJoinPool.java:1182)
	at java.base/java.util.concurrent.ForkJoinPool.scan(ForkJoinPool.java:1655)
	at java.base/java.util.concurrent.ForkJoinPool.runWorker(ForkJoinPool.java:1622)
	at java.base/java.util.concurrent.ForkJoinWorkerThread.run(ForkJoinWorkerThread.java:165)

!ENTRY org.eclipse.lsp4e 4 0 2025-12-22 21:56:22.339
!MESSAGE Exception occurred while creating an instance of the stream connection provider
!STACK 0
java.lang.RuntimeException: Exception occurred while creating an instance of the stream connection provider
	at org.eclipse.lsp4e.LanguageServersRegistry$ExtensionLanguageServerDefinition.createConnectionProvider(LanguageServersRegistry.java:164)
	at org.eclipse.lsp4e.LanguageServerWrapper.lambda$0(LanguageServerWrapper.java:233)
	at java.base/java.util.concurrent.CompletableFuture$AsyncSupply.run(CompletableFuture.java:1768)
	at java.base/java.util.concurrent.CompletableFuture$AsyncSupply.exec(CompletableFuture.java:1760)
	at java.base/java.util.concurrent.ForkJoinTask.doExec(ForkJoinTask.java:373)
	at java.base/java.util.concurrent.ForkJoinPool$WorkQueue.topLevelExec(ForkJoinPool.java:1182)
	at java.base/java.util.concurrent.ForkJoinPool.scan(ForkJoinPool.java:1655)
	at java.base/java.util.concurrent.ForkJoinPool.runWorker(ForkJoinPool.java:1622)
	at java.base/java.util.concurrent.ForkJoinWorkerThread.run(ForkJoinWorkerThread.java:165)
Caused by: org.eclipse.core.runtime.CoreException: プラグイン "org.eclipse.wildwebdeveloper" は、クラス "org.eclipse.wildwebdeveloper.angular.AngularLanguageServer" をインスタンス化できませんでした。
	at org.eclipse.core.internal.registry.osgi.RegistryStrategyOSGI.throwException(RegistryStrategyOSGI.java:212)
	at org.eclipse.core.internal.registry.osgi.RegistryStrategyOSGI.createExecutableExtension(RegistryStrategyOSGI.java:206)
	at org.eclipse.core.internal.registry.ExtensionRegistry.createExecutableExtension(ExtensionRegistry.java:920)
	at org.eclipse.core.internal.registry.ConfigurationElement.createExecutableExtension(ConfigurationElement.java:246)
	at org.eclipse.core.internal.registry.ConfigurationElementHandle.createExecutableExtension(ConfigurationElementHandle.java:63)
	at org.eclipse.lsp4e.LanguageServersRegistry$ExtensionLanguageServerDefinition.createConnectionProvider(LanguageServersRegistry.java:161)
	... 8 more
Caused by: java.lang.reflect.InvocationTargetException
	at jdk.internal.reflect.GeneratedConstructorAccessor122.newInstance(Unknown Source)
	at java.base/jdk.internal.reflect.DelegatingConstructorAccessorImpl.newInstance(DelegatingConstructorAccessorImpl.java:45)
	at java.base/java.lang.reflect.Constructor.newInstanceWithCaller(Constructor.java:499)
	at java.base/java.lang.reflect.Constructor.newInstance(Constructor.java:480)
	at org.eclipse.core.internal.registry.osgi.RegistryStrategyOSGI.createExecutableExtension(RegistryStrategyOSGI.java:204)
	... 12 more
Caused by: java.lang.NullPointerException: Cannot invoke "java.io.File.getAbsolutePath()" because the return value of "org.eclipse.wildwebdeveloper.embedder.node.NodeJSManager.getNodeJsLocation()" is null
	at org.eclipse.wildwebdeveloper.angular.AngularLanguageServer.<init>(AngularLanguageServer.java:43)
	... 17 more

!ENTRY org.eclipse.lsp4e 4 0 2025-12-22 21:56:23.388
!MESSAGE プラグイン "org.eclipse.wildwebdeveloper" は、クラス "org.eclipse.wildwebdeveloper.angular.AngularLanguageServer" をインスタンス化できませんでした。
!STACK 1
org.eclipse.core.runtime.CoreException: プラグイン "org.eclipse.wildwebdeveloper" は、クラス "org.eclipse.wildwebdeveloper.angular.AngularLanguageServer" をインスタンス化できませんでした。
	at org.eclipse.core.internal.registry.osgi.RegistryStrategyOSGI.throwException(RegistryStrategyOSGI.java:212)
	at org.eclipse.core.internal.registry.osgi.RegistryStrategyOSGI.createExecutableExtension(RegistryStrategyOSGI.java:206)
	at org.eclipse.core.internal.registry.ExtensionRegistry.createExecutableExtension(ExtensionRegistry.java:920)
	at org.eclipse.core.internal.registry.ConfigurationElement.createExecutableExtension(ConfigurationElement.java:246)
	at org.eclipse.core.internal.registry.ConfigurationElementHandle.createExecutableExtension(ConfigurationElementHandle.java:63)
	at org.eclipse.lsp4e.LanguageServersRegistry$ExtensionLanguageServerDefinition.createConnectionProvider(LanguageServersRegistry.java:161)
	at org.eclipse.lsp4e.LanguageServerWrapper.lambda$0(LanguageServerWrapper.java:233)
	at java.base/java.util.concurrent.CompletableFuture$AsyncSupply.run(CompletableFuture.java:1768)
	at java.base/java.util.concurrent.CompletableFuture$AsyncSupply.exec(CompletableFuture.java:1760)
	at java.base/java.util.concurrent.ForkJoinTask.doExec(ForkJoinTask.java:373)
	at java.base/java.util.concurrent.ForkJoinPool$WorkQueue.topLevelExec(ForkJoinPool.java:1182)
	at java.base/java.util.concurrent.ForkJoinPool.scan(ForkJoinPool.java:1655)
	at java.base/java.util.concurrent.ForkJoinPool.runWorker(ForkJoinPool.java:1622)
	at java.base/java.util.concurrent.ForkJoinWorkerThread.run(ForkJoinWorkerThread.java:165)
Caused by: java.lang.reflect.InvocationTargetException
	at jdk.internal.reflect.GeneratedConstructorAccessor122.newInstance(Unknown Source)
	at java.base/jdk.internal.reflect.DelegatingConstructorAccessorImpl.newInstance(DelegatingConstructorAccessorImpl.java:45)
	at java.base/java.lang.reflect.Constructor.newInstanceWithCaller(Constructor.java:499)
	at java.base/java.lang.reflect.Constructor.newInstance(Constructor.java:480)
	at org.eclipse.core.internal.registry.osgi.RegistryStrategyOSGI.createExecutableExtension(RegistryStrategyOSGI.java:204)
	... 12 more
Caused by: java.lang.NullPointerException: Cannot invoke "java.io.File.getAbsolutePath()" because the return value of "org.eclipse.wildwebdeveloper.embedder.node.NodeJSManager.getNodeJsLocation()" is null
	at org.eclipse.wildwebdeveloper.angular.AngularLanguageServer.<init>(AngularLanguageServer.java:43)
	... 17 more
!SUBENTRY 1 org.eclipse.equinox.registry 4 1 2025-12-22 21:56:23.389
!MESSAGE プラグイン "org.eclipse.wildwebdeveloper" は、クラス "org.eclipse.wildwebdeveloper.angular.AngularLanguageServer" をインスタンス化できませんでした。
!STACK 0
java.lang.reflect.InvocationTargetException
	at jdk.internal.reflect.GeneratedConstructorAccessor122.newInstance(Unknown Source)
	at java.base/jdk.internal.reflect.DelegatingConstructorAccessorImpl.newInstance(DelegatingConstructorAccessorImpl.java:45)
	at java.base/java.lang.reflect.Constructor.newInstanceWithCaller(Constructor.java:499)
	at java.base/java.lang.reflect.Constructor.newInstance(Constructor.java:480)
	at org.eclipse.core.internal.registry.osgi.RegistryStrategyOSGI.createExecutableExtension(RegistryStrategyOSGI.java:204)
	at org.eclipse.core.internal.registry.ExtensionRegistry.createExecutableExtension(ExtensionRegistry.java:920)
	at org.eclipse.core.internal.registry.ConfigurationElement.createExecutableExtension(ConfigurationElement.java:246)
	at org.eclipse.core.internal.registry.ConfigurationElementHandle.createExecutableExtension(ConfigurationElementHandle.java:63)
	at org.eclipse.lsp4e.LanguageServersRegistry$ExtensionLanguageServerDefinition.createConnectionProvider(LanguageServersRegistry.java:161)
	at org.eclipse.lsp4e.LanguageServerWrapper.lambda$0(LanguageServerWrapper.java:233)
	at java.base/java.util.concurrent.CompletableFuture$AsyncSupply.run(CompletableFuture.java:1768)
	at java.base/java.util.concurrent.CompletableFuture$AsyncSupply.exec(CompletableFuture.java:1760)
	at java.base/java.util.concurrent.ForkJoinTask.doExec(ForkJoinTask.java:373)
	at java.base/java.util.concurrent.ForkJoinPool$WorkQueue.topLevelExec(ForkJoinPool.java:1182)
	at java.base/java.util.concurrent.ForkJoinPool.scan(ForkJoinPool.java:1655)
	at java.base/java.util.concurrent.ForkJoinPool.runWorker(ForkJoinPool.java:1622)
	at java.base/java.util.concurrent.ForkJoinWorkerThread.run(ForkJoinWorkerThread.java:165)
Caused by: java.lang.NullPointerException: Cannot invoke "java.io.File.getAbsolutePath()" because the return value of "org.eclipse.wildwebdeveloper.embedder.node.NodeJSManager.getNodeJsLocation()" is null
	at org.eclipse.wildwebdeveloper.angular.AngularLanguageServer.<init>(AngularLanguageServer.java:43)
	... 17 more
Root exception:
java.lang.NullPointerException: Cannot invoke "java.io.File.getAbsolutePath()" because the return value of "org.eclipse.wildwebdeveloper.embedder.node.NodeJSManager.getNodeJsLocation()" is null
	at org.eclipse.wildwebdeveloper.angular.AngularLanguageServer.<init>(AngularLanguageServer.java:43)
	at jdk.internal.reflect.GeneratedConstructorAccessor122.newInstance(Unknown Source)
	at java.base/jdk.internal.reflect.DelegatingConstructorAccessorImpl.newInstance(DelegatingConstructorAccessorImpl.java:45)
	at java.base/java.lang.reflect.Constructor.newInstanceWithCaller(Constructor.java:499)
	at java.base/java.lang.reflect.Constructor.newInstance(Constructor.java:480)
	at org.eclipse.core.internal.registry.osgi.RegistryStrategyOSGI.createExecutableExtension(RegistryStrategyOSGI.java:204)
	at org.eclipse.core.internal.registry.ExtensionRegistry.createExecutableExtension(ExtensionRegistry.java:920)
	at org.eclipse.core.internal.registry.ConfigurationElement.createExecutableExtension(ConfigurationElement.java:246)
	at org.eclipse.core.internal.registry.ConfigurationElementHandle.createExecutableExtension(ConfigurationElementHandle.java:63)
	at org.eclipse.lsp4e.LanguageServersRegistry$ExtensionLanguageServerDefinition.createConnectionProvider(LanguageServersRegistry.java:161)
	at org.eclipse.lsp4e.LanguageServerWrapper.lambda$0(LanguageServerWrapper.java:233)
	at java.base/java.util.concurrent.CompletableFuture$AsyncSupply.run(CompletableFuture.java:1768)
	at java.base/java.util.concurrent.CompletableFuture$AsyncSupply.exec(CompletableFuture.java:1760)
	at java.base/java.util.concurrent.ForkJoinTask.doExec(ForkJoinTask.java:373)
	at java.base/java.util.concurrent.ForkJoinPool$WorkQueue.topLevelExec(ForkJoinPool.java:1182)
	at java.base/java.util.concurrent.ForkJoinPool.scan(ForkJoinPool.java:1655)
	at java.base/java.util.concurrent.ForkJoinPool.runWorker(ForkJoinPool.java:1622)
	at java.base/java.util.concurrent.ForkJoinWorkerThread.run(ForkJoinWorkerThread.java:165)

!ENTRY org.eclipse.lsp4e 4 0 2025-12-22 21:56:23.389
!MESSAGE Exception occurred while creating an instance of the stream connection provider
!STACK 0
java.lang.RuntimeException: Exception occurred while creating an instance of the stream connection provider
	at org.eclipse.lsp4e.LanguageServersRegistry$ExtensionLanguageServerDefinition.createConnectionProvider(LanguageServersRegistry.java:164)
	at org.eclipse.lsp4e.LanguageServerWrapper.lambda$0(LanguageServerWrapper.java:233)
	at java.base/java.util.concurrent.CompletableFuture$AsyncSupply.run(CompletableFuture.java:1768)
	at java.base/java.util.concurrent.CompletableFuture$AsyncSupply.exec(CompletableFuture.java:1760)
	at java.base/java.util.concurrent.ForkJoinTask.doExec(ForkJoinTask.java:373)
	at java.base/java.util.concurrent.ForkJoinPool$WorkQueue.topLevelExec(ForkJoinPool.java:1182)
	at java.base/java.util.concurrent.ForkJoinPool.scan(ForkJoinPool.java:1655)
	at java.base/java.util.concurrent.ForkJoinPool.runWorker(ForkJoinPool.java:1622)
	at java.base/java.util.concurrent.ForkJoinWorkerThread.run(ForkJoinWorkerThread.java:165)
Caused by: org.eclipse.core.runtime.CoreException: プラグイン "org.eclipse.wildwebdeveloper" は、クラス "org.eclipse.wildwebdeveloper.angular.AngularLanguageServer" をインスタンス化できませんでした。
	at org.eclipse.core.internal.registry.osgi.RegistryStrategyOSGI.throwException(RegistryStrategyOSGI.java:212)
	at org.eclipse.core.internal.registry.osgi.RegistryStrategyOSGI.createExecutableExtension(RegistryStrategyOSGI.java:206)
	at org.eclipse.core.internal.registry.ExtensionRegistry.createExecutableExtension(ExtensionRegistry.java:920)
	at org.eclipse.core.internal.registry.ConfigurationElement.createExecutableExtension(ConfigurationElement.java:246)
	at org.eclipse.core.internal.registry.ConfigurationElementHandle.createExecutableExtension(ConfigurationElementHandle.java:63)
	at org.eclipse.lsp4e.LanguageServersRegistry$ExtensionLanguageServerDefinition.createConnectionProvider(LanguageServersRegistry.java:161)
	... 8 more
Caused by: java.lang.reflect.InvocationTargetException
	at jdk.internal.reflect.GeneratedConstructorAccessor122.newInstance(Unknown Source)
	at java.base/jdk.internal.reflect.DelegatingConstructorAccessorImpl.newInstance(DelegatingConstructorAccessorImpl.java:45)
	at java.base/java.lang.reflect.Constructor.newInstanceWithCaller(Constructor.java:499)
	at java.base/java.lang.reflect.Constructor.newInstance(Constructor.java:480)
	at org.eclipse.core.internal.registry.osgi.RegistryStrategyOSGI.createExecutableExtension(RegistryStrategyOSGI.java:204)
	... 12 more
Caused by: java.lang.NullPointerException: Cannot invoke "java.io.File.getAbsolutePath()" because the return value of "org.eclipse.wildwebdeveloper.embedder.node.NodeJSManager.getNodeJsLocation()" is null
	at org.eclipse.wildwebdeveloper.angular.AngularLanguageServer.<init>(AngularLanguageServer.java:43)
	... 17 more

!ENTRY org.eclipse.lsp4e 4 0 2025-12-22 21:56:23.390
!MESSAGE プラグイン "org.eclipse.wildwebdeveloper" は、クラス "org.eclipse.wildwebdeveloper.html.HTMLLanguageServer" をインスタンス化できませんでした。
!STACK 1
org.eclipse.core.runtime.CoreException: プラグイン "org.eclipse.wildwebdeveloper" は、クラス "org.eclipse.wildwebdeveloper.html.HTMLLanguageServer" をインスタンス化できませんでした。
	at org.eclipse.core.internal.registry.osgi.RegistryStrategyOSGI.throwException(RegistryStrategyOSGI.java:212)
	at org.eclipse.core.internal.registry.osgi.RegistryStrategyOSGI.createExecutableExtension(RegistryStrategyOSGI.java:206)
	at org.eclipse.core.internal.registry.ExtensionRegistry.createExecutableExtension(ExtensionRegistry.java:920)
	at org.eclipse.core.internal.registry.ConfigurationElement.createExecutableExtension(ConfigurationElement.java:246)
	at org.eclipse.core.internal.registry.ConfigurationElementHandle.createExecutableExtension(ConfigurationElementHandle.java:63)
	at org.eclipse.lsp4e.LanguageServersRegistry$ExtensionLanguageServerDefinition.createConnectionProvider(LanguageServersRegistry.java:161)
	at org.eclipse.lsp4e.LanguageServerWrapper.lambda$0(LanguageServerWrapper.java:233)
	at java.base/java.util.concurrent.CompletableFuture$AsyncSupply.run(CompletableFuture.java:1768)
	at java.base/java.util.concurrent.CompletableFuture$AsyncSupply.exec(CompletableFuture.java:1760)
	at java.base/java.util.concurrent.ForkJoinTask.doExec(ForkJoinTask.java:373)
	at java.base/java.util.concurrent.ForkJoinPool$WorkQueue.topLevelExec(ForkJoinPool.java:1182)
	at java.base/java.util.concurrent.ForkJoinPool.scan(ForkJoinPool.java:1655)
	at java.base/java.util.concurrent.ForkJoinPool.runWorker(ForkJoinPool.java:1622)
	at java.base/java.util.concurrent.ForkJoinWorkerThread.run(ForkJoinWorkerThread.java:165)
Caused by: java.lang.reflect.InvocationTargetException
	at jdk.internal.reflect.GeneratedConstructorAccessor123.newInstance(Unknown Source)
	at java.base/jdk.internal.reflect.DelegatingConstructorAccessorImpl.newInstance(DelegatingConstructorAccessorImpl.java:45)
	at java.base/java.lang.reflect.Constructor.newInstanceWithCaller(Constructor.java:499)
	at java.base/java.lang.reflect.Constructor.newInstance(Constructor.java:480)
	at org.eclipse.core.internal.registry.osgi.RegistryStrategyOSGI.createExecutableExtension(RegistryStrategyOSGI.java:204)
	... 12 more
Caused by: java.lang.NullPointerException: Cannot invoke "java.io.File.getAbsolutePath()" because the return value of "org.eclipse.wildwebdeveloper.embedder.node.NodeJSManager.getNodeJsLocation()" is null
	at org.eclipse.wildwebdeveloper.html.HTMLLanguageServer.<init>(HTMLLanguageServer.java:40)
	... 17 more
!SUBENTRY 1 org.eclipse.equinox.registry 4 1 2025-12-22 21:56:23.390
!MESSAGE プラグイン "org.eclipse.wildwebdeveloper" は、クラス "org.eclipse.wildwebdeveloper.html.HTMLLanguageServer" をインスタンス化できませんでした。
!STACK 0
java.lang.reflect.InvocationTargetException
	at jdk.internal.reflect.GeneratedConstructorAccessor123.newInstance(Unknown Source)
	at java.base/jdk.internal.reflect.DelegatingConstructorAccessorImpl.newInstance(DelegatingConstructorAccessorImpl.java:45)
	at java.base/java.lang.reflect.Constructor.newInstanceWithCaller(Constructor.java:499)
	at java.base/java.lang.reflect.Constructor.newInstance(Constructor.java:480)
	at org.eclipse.core.internal.registry.osgi.RegistryStrategyOSGI.createExecutableExtension(RegistryStrategyOSGI.java:204)
	at org.eclipse.core.internal.registry.ExtensionRegistry.createExecutableExtension(ExtensionRegistry.java:920)
	at org.eclipse.core.internal.registry.ConfigurationElement.createExecutableExtension(ConfigurationElement.java:246)
	at org.eclipse.core.internal.registry.ConfigurationElementHandle.createExecutableExtension(ConfigurationElementHandle.java:63)
	at org.eclipse.lsp4e.LanguageServersRegistry$ExtensionLanguageServerDefinition.createConnectionProvider(LanguageServersRegistry.java:161)
	at org.eclipse.lsp4e.LanguageServerWrapper.lambda$0(LanguageServerWrapper.java:233)
	at java.base/java.util.concurrent.CompletableFuture$AsyncSupply.run(CompletableFuture.java:1768)
	at java.base/java.util.concurrent.CompletableFuture$AsyncSupply.exec(CompletableFuture.java:1760)
	at java.base/java.util.concurrent.ForkJoinTask.doExec(ForkJoinTask.java:373)
	at java.base/java.util.concurrent.ForkJoinPool$WorkQueue.topLevelExec(ForkJoinPool.java:1182)
	at java.base/java.util.concurrent.ForkJoinPool.scan(ForkJoinPool.java:1655)
	at java.base/java.util.concurrent.ForkJoinPool.runWorker(ForkJoinPool.java:1622)
	at java.base/java.util.concurrent.ForkJoinWorkerThread.run(ForkJoinWorkerThread.java:165)
Caused by: java.lang.NullPointerException: Cannot invoke "java.io.File.getAbsolutePath()" because the return value of "org.eclipse.wildwebdeveloper.embedder.node.NodeJSManager.getNodeJsLocation()" is null
	at org.eclipse.wildwebdeveloper.html.HTMLLanguageServer.<init>(HTMLLanguageServer.java:40)
	... 17 more
Root exception:
java.lang.NullPointerException: Cannot invoke "java.io.File.getAbsolutePath()" because the return value of "org.eclipse.wildwebdeveloper.embedder.node.NodeJSManager.getNodeJsLocation()" is null
	at org.eclipse.wildwebdeveloper.html.HTMLLanguageServer.<init>(HTMLLanguageServer.java:40)
	at jdk.internal.reflect.GeneratedConstructorAccessor123.newInstance(Unknown Source)
	at java.base/jdk.internal.reflect.DelegatingConstructorAccessorImpl.newInstance(DelegatingConstructorAccessorImpl.java:45)
	at java.base/java.lang.reflect.Constructor.newInstanceWithCaller(Constructor.java:499)
	at java.base/java.lang.reflect.Constructor.newInstance(Constructor.java:480)
	at org.eclipse.core.internal.registry.osgi.RegistryStrategyOSGI.createExecutableExtension(RegistryStrategyOSGI.java:204)
	at org.eclipse.core.internal.registry.ExtensionRegistry.createExecutableExtension(ExtensionRegistry.java:920)
	at org.eclipse.core.internal.registry.ConfigurationElement.createExecutableExtension(ConfigurationElement.java:246)
	at org.eclipse.core.internal.registry.ConfigurationElementHandle.createExecutableExtension(ConfigurationElementHandle.java:63)
	at org.eclipse.lsp4e.LanguageServersRegistry$ExtensionLanguageServerDefinition.createConnectionProvider(LanguageServersRegistry.java:161)
	at org.eclipse.lsp4e.LanguageServerWrapper.lambda$0(LanguageServerWrapper.java:233)
	at java.base/java.util.concurrent.CompletableFuture$AsyncSupply.run(CompletableFuture.java:1768)
	at java.base/java.util.concurrent.CompletableFuture$AsyncSupply.exec(CompletableFuture.java:1760)
	at java.base/java.util.concurrent.ForkJoinTask.doExec(ForkJoinTask.java:373)
	at java.base/java.util.concurrent.ForkJoinPool$WorkQueue.topLevelExec(ForkJoinPool.java:1182)
	at java.base/java.util.concurrent.ForkJoinPool.scan(ForkJoinPool.java:1655)
	at java.base/java.util.concurrent.ForkJoinPool.runWorker(ForkJoinPool.java:1622)
	at java.base/java.util.concurrent.ForkJoinWorkerThread.run(ForkJoinWorkerThread.java:165)

!ENTRY org.eclipse.lsp4e 4 0 2025-12-22 21:56:23.390
!MESSAGE Cannot invoke "org.eclipse.lsp4e.server.StreamConnectionProvider.getInputStream()" because "this.lspStreamProvider" is null
!STACK 0
java.lang.NullPointerException: Cannot invoke "org.eclipse.lsp4e.server.StreamConnectionProvider.getInputStream()" because "this.lspStreamProvider" is null
	at org.eclipse.lsp4e.LanguageServerWrapper.lambda$1(LanguageServerWrapper.java:284)
	at java.base/java.util.concurrent.CompletableFuture$UniApply.tryFire(CompletableFuture.java:646)
	at java.base/java.util.concurrent.CompletableFuture.postComplete(CompletableFuture.java:510)
	at java.base/java.util.concurrent.CompletableFuture$AsyncSupply.run(CompletableFuture.java:1773)
	at java.base/java.util.concurrent.CompletableFuture$AsyncSupply.exec(CompletableFuture.java:1760)
	at java.base/java.util.concurrent.ForkJoinTask.doExec(ForkJoinTask.java:373)
	at java.base/java.util.concurrent.ForkJoinPool$WorkQueue.topLevelExec(ForkJoinPool.java:1182)
	at java.base/java.util.concurrent.ForkJoinPool.scan(ForkJoinPool.java:1655)
	at java.base/java.util.concurrent.ForkJoinPool.runWorker(ForkJoinPool.java:1622)
	at java.base/java.util.concurrent.ForkJoinWorkerThread.run(ForkJoinWorkerThread.java:165)

!ENTRY org.eclipse.lsp4e 4 0 2025-12-22 21:56:23.390
!MESSAGE Exception occurred while creating an instance of the stream connection provider
!STACK 0
java.lang.RuntimeException: Exception occurred while creating an instance of the stream connection provider
	at org.eclipse.lsp4e.LanguageServersRegistry$ExtensionLanguageServerDefinition.createConnectionProvider(LanguageServersRegistry.java:164)
	at org.eclipse.lsp4e.LanguageServerWrapper.lambda$0(LanguageServerWrapper.java:233)
	at java.base/java.util.concurrent.CompletableFuture$AsyncSupply.run(CompletableFuture.java:1768)
	at java.base/java.util.concurrent.CompletableFuture$AsyncSupply.exec(CompletableFuture.java:1760)
	at java.base/java.util.concurrent.ForkJoinTask.doExec(ForkJoinTask.java:373)
	at java.base/java.util.concurrent.ForkJoinPool$WorkQueue.topLevelExec(ForkJoinPool.java:1182)
	at java.base/java.util.concurrent.ForkJoinPool.scan(ForkJoinPool.java:1655)
	at java.base/java.util.concurrent.ForkJoinPool.runWorker(ForkJoinPool.java:1622)
	at java.base/java.util.concurrent.ForkJoinWorkerThread.run(ForkJoinWorkerThread.java:165)
Caused by: org.eclipse.core.runtime.CoreException: プラグイン "org.eclipse.wildwebdeveloper" は、クラス "org.eclipse.wildwebdeveloper.html.HTMLLanguageServer" をインスタンス化できませんでした。
	at org.eclipse.core.internal.registry.osgi.RegistryStrategyOSGI.throwException(RegistryStrategyOSGI.java:212)
	at org.eclipse.core.internal.registry.osgi.RegistryStrategyOSGI.createExecutableExtension(RegistryStrategyOSGI.java:206)
	at org.eclipse.core.internal.registry.ExtensionRegistry.createExecutableExtension(ExtensionRegistry.java:920)
	at org.eclipse.core.internal.registry.ConfigurationElement.createExecutableExtension(ConfigurationElement.java:246)
	at org.eclipse.core.internal.registry.ConfigurationElementHandle.createExecutableExtension(ConfigurationElementHandle.java:63)
	at org.eclipse.lsp4e.LanguageServersRegistry$ExtensionLanguageServerDefinition.createConnectionProvider(LanguageServersRegistry.java:161)
	... 8 more
Caused by: java.lang.reflect.InvocationTargetException
	at jdk.internal.reflect.GeneratedConstructorAccessor123.newInstance(Unknown Source)
	at java.base/jdk.internal.reflect.DelegatingConstructorAccessorImpl.newInstance(DelegatingConstructorAccessorImpl.java:45)
	at java.base/java.lang.reflect.Constructor.newInstanceWithCaller(Constructor.java:499)
	at java.base/java.lang.reflect.Constructor.newInstance(Constructor.java:480)
	at org.eclipse.core.internal.registry.osgi.RegistryStrategyOSGI.createExecutableExtension(RegistryStrategyOSGI.java:204)
	... 12 more
Caused by: java.lang.NullPointerException: Cannot invoke "java.io.File.getAbsolutePath()" because the return value of "org.eclipse.wildwebdeveloper.embedder.node.NodeJSManager.getNodeJsLocation()" is null
	at org.eclipse.wildwebdeveloper.html.HTMLLanguageServer.<init>(HTMLLanguageServer.java:40)
	... 17 more

!ENTRY org.eclipse.lsp4e 4 0 2025-12-22 21:56:23.391
!MESSAGE Cannot invoke "org.eclipse.lsp4e.server.StreamConnectionProvider.getInputStream()" because "this.lspStreamProvider" is null
!STACK 0
java.lang.NullPointerException: Cannot invoke "org.eclipse.lsp4e.server.StreamConnectionProvider.getInputStream()" because "this.lspStreamProvider" is null
	at org.eclipse.lsp4e.LanguageServerWrapper.lambda$1(LanguageServerWrapper.java:284)
	at java.base/java.util.concurrent.CompletableFuture$UniApply.tryFire(CompletableFuture.java:646)
	at java.base/java.util.concurrent.CompletableFuture.postComplete(CompletableFuture.java:510)
	at java.base/java.util.concurrent.CompletableFuture$AsyncSupply.run(CompletableFuture.java:1773)
	at java.base/java.util.concurrent.CompletableFuture$AsyncSupply.exec(CompletableFuture.java:1760)
	at java.base/java.util.concurrent.ForkJoinTask.doExec(ForkJoinTask.java:373)
	at java.base/java.util.concurrent.ForkJoinPool$WorkQueue.topLevelExec(ForkJoinPool.java:1182)
	at java.base/java.util.concurrent.ForkJoinPool.scan(ForkJoinPool.java:1655)
	at java.base/java.util.concurrent.ForkJoinPool.runWorker(ForkJoinPool.java:1622)
	at java.base/java.util.concurrent.ForkJoinWorkerThread.run(ForkJoinWorkerThread.java:165)

!ENTRY org.eclipse.lsp4e 4 0 2025-12-22 21:56:23.467
!MESSAGE プラグイン "org.eclipse.wildwebdeveloper" は、クラス "org.eclipse.wildwebdeveloper.html.HTMLLanguageServer" をインスタンス化できませんでした。
!STACK 1
org.eclipse.core.runtime.CoreException: プラグイン "org.eclipse.wildwebdeveloper" は、クラス "org.eclipse.wildwebdeveloper.html.HTMLLanguageServer" をインスタンス化できませんでした。
	at org.eclipse.core.internal.registry.osgi.RegistryStrategyOSGI.throwException(RegistryStrategyOSGI.java:212)
	at org.eclipse.core.internal.registry.osgi.RegistryStrategyOSGI.createExecutableExtension(RegistryStrategyOSGI.java:206)
	at org.eclipse.core.internal.registry.ExtensionRegistry.createExecutableExtension(ExtensionRegistry.java:920)
	at org.eclipse.core.internal.registry.ConfigurationElement.createExecutableExtension(ConfigurationElement.java:246)
	at org.eclipse.core.internal.registry.ConfigurationElementHandle.createExecutableExtension(ConfigurationElementHandle.java:63)
	at org.eclipse.lsp4e.LanguageServersRegistry$ExtensionLanguageServerDefinition.createConnectionProvider(LanguageServersRegistry.java:161)
	at org.eclipse.lsp4e.LanguageServerWrapper.lambda$0(LanguageServerWrapper.java:233)
	at java.base/java.util.concurrent.CompletableFuture$AsyncSupply.run(CompletableFuture.java:1768)
	at java.base/java.util.concurrent.CompletableFuture$AsyncSupply.exec(CompletableFuture.java:1760)
	at java.base/java.util.concurrent.ForkJoinTask.doExec(ForkJoinTask.java:373)
	at java.base/java.util.concurrent.ForkJoinPool$WorkQueue.topLevelExec(ForkJoinPool.java:1182)
	at java.base/java.util.concurrent.ForkJoinPool.scan(ForkJoinPool.java:1655)
	at java.base/java.util.concurrent.ForkJoinPool.runWorker(ForkJoinPool.java:1622)
	at java.base/java.util.concurrent.ForkJoinWorkerThread.run(ForkJoinWorkerThread.java:165)
Caused by: java.lang.reflect.InvocationTargetException
	at jdk.internal.reflect.GeneratedConstructorAccessor123.newInstance(Unknown Source)
	at java.base/jdk.internal.reflect.DelegatingConstructorAccessorImpl.newInstance(DelegatingConstructorAccessorImpl.java:45)
	at java.base/java.lang.reflect.Constructor.newInstanceWithCaller(Constructor.java:499)
	at java.base/java.lang.reflect.Constructor.newInstance(Constructor.java:480)
	at org.eclipse.core.internal.registry.osgi.RegistryStrategyOSGI.createExecutableExtension(RegistryStrategyOSGI.java:204)
	... 12 more
Caused by: java.lang.NullPointerException: Cannot invoke "java.io.File.getAbsolutePath()" because the return value of "org.eclipse.wildwebdeveloper.embedder.node.NodeJSManager.getNodeJsLocation()" is null
	at org.eclipse.wildwebdeveloper.html.HTMLLanguageServer.<init>(HTMLLanguageServer.java:40)
	... 17 more
!SUBENTRY 1 org.eclipse.equinox.registry 4 1 2025-12-22 21:56:23.467
!MESSAGE プラグイン "org.eclipse.wildwebdeveloper" は、クラス "org.eclipse.wildwebdeveloper.html.HTMLLanguageServer" をインスタンス化できませんでした。
!STACK 0
java.lang.reflect.InvocationTargetException
	at jdk.internal.reflect.GeneratedConstructorAccessor123.newInstance(Unknown Source)
	at java.base/jdk.internal.reflect.DelegatingConstructorAccessorImpl.newInstance(DelegatingConstructorAccessorImpl.java:45)
	at java.base/java.lang.reflect.Constructor.newInstanceWithCaller(Constructor.java:499)
	at java.base/java.lang.reflect.Constructor.newInstance(Constructor.java:480)
	at org.eclipse.core.internal.registry.osgi.RegistryStrategyOSGI.createExecutableExtension(RegistryStrategyOSGI.java:204)
	at org.eclipse.core.internal.registry.ExtensionRegistry.createExecutableExtension(ExtensionRegistry.java:920)
	at org.eclipse.core.internal.registry.ConfigurationElement.createExecutableExtension(ConfigurationElement.java:246)
	at org.eclipse.core.internal.registry.ConfigurationElementHandle.createExecutableExtension(ConfigurationElementHandle.java:63)
	at org.eclipse.lsp4e.LanguageServersRegistry$ExtensionLanguageServerDefinition.createConnectionProvider(LanguageServersRegistry.java:161)
	at org.eclipse.lsp4e.LanguageServerWrapper.lambda$0(LanguageServerWrapper.java:233)
	at java.base/java.util.concurrent.CompletableFuture$AsyncSupply.run(CompletableFuture.java:1768)
	at java.base/java.util.concurrent.CompletableFuture$AsyncSupply.exec(CompletableFuture.java:1760)
	at java.base/java.util.concurrent.ForkJoinTask.doExec(ForkJoinTask.java:373)
	at java.base/java.util.concurrent.ForkJoinPool$WorkQueue.topLevelExec(ForkJoinPool.java:1182)
	at java.base/java.util.concurrent.ForkJoinPool.scan(ForkJoinPool.java:1655)
	at java.base/java.util.concurrent.ForkJoinPool.runWorker(ForkJoinPool.java:1622)
	at java.base/java.util.concurrent.ForkJoinWorkerThread.run(ForkJoinWorkerThread.java:165)
Caused by: java.lang.NullPointerException: Cannot invoke "java.io.File.getAbsolutePath()" because the return value of "org.eclipse.wildwebdeveloper.embedder.node.NodeJSManager.getNodeJsLocation()" is null
	at org.eclipse.wildwebdeveloper.html.HTMLLanguageServer.<init>(HTMLLanguageServer.java:40)
	... 17 more
Root exception:
java.lang.NullPointerException: Cannot invoke "java.io.File.getAbsolutePath()" because the return value of "org.eclipse.wildwebdeveloper.embedder.node.NodeJSManager.getNodeJsLocation()" is null
	at org.eclipse.wildwebdeveloper.html.HTMLLanguageServer.<init>(HTMLLanguageServer.java:40)
	at jdk.internal.reflect.GeneratedConstructorAccessor123.newInstance(Unknown Source)
	at java.base/jdk.internal.reflect.DelegatingConstructorAccessorImpl.newInstance(DelegatingConstructorAccessorImpl.java:45)
	at java.base/java.lang.reflect.Constructor.newInstanceWithCaller(Constructor.java:499)
	at java.base/java.lang.reflect.Constructor.newInstance(Constructor.java:480)
	at org.eclipse.core.internal.registry.osgi.RegistryStrategyOSGI.createExecutableExtension(RegistryStrategyOSGI.java:204)
	at org.eclipse.core.internal.registry.ExtensionRegistry.createExecutableExtension(ExtensionRegistry.java:920)
	at org.eclipse.core.internal.registry.ConfigurationElement.createExecutableExtension(ConfigurationElement.java:246)
	at org.eclipse.core.internal.registry.ConfigurationElementHandle.createExecutableExtension(ConfigurationElementHandle.java:63)
	at org.eclipse.lsp4e.LanguageServersRegistry$ExtensionLanguageServerDefinition.createConnectionProvider(LanguageServersRegistry.java:161)
	at org.eclipse.lsp4e.LanguageServerWrapper.lambda$0(LanguageServerWrapper.java:233)
	at java.base/java.util.concurrent.CompletableFuture$AsyncSupply.run(CompletableFuture.java:1768)
	at java.base/java.util.concurrent.CompletableFuture$AsyncSupply.exec(CompletableFuture.java:1760)
	at java.base/java.util.concurrent.ForkJoinTask.doExec(ForkJoinTask.java:373)
	at java.base/java.util.concurrent.ForkJoinPool$WorkQueue.topLevelExec(ForkJoinPool.java:1182)
	at java.base/java.util.concurrent.ForkJoinPool.scan(ForkJoinPool.java:1655)
	at java.base/java.util.concurrent.ForkJoinPool.runWorker(ForkJoinPool.java:1622)
	at java.base/java.util.concurrent.ForkJoinWorkerThread.run(ForkJoinWorkerThread.java:165)

!ENTRY org.eclipse.lsp4e 4 0 2025-12-22 21:56:23.467
!MESSAGE プラグイン "org.eclipse.wildwebdeveloper" は、クラス "org.eclipse.wildwebdeveloper.angular.AngularLanguageServer" をインスタンス化できませんでした。
!STACK 1
org.eclipse.core.runtime.CoreException: プラグイン "org.eclipse.wildwebdeveloper" は、クラス "org.eclipse.wildwebdeveloper.angular.AngularLanguageServer" をインスタンス化できませんでした。
	at org.eclipse.core.internal.registry.osgi.RegistryStrategyOSGI.throwException(RegistryStrategyOSGI.java:212)
	at org.eclipse.core.internal.registry.osgi.RegistryStrategyOSGI.createExecutableExtension(RegistryStrategyOSGI.java:206)
	at org.eclipse.core.internal.registry.ExtensionRegistry.createExecutableExtension(ExtensionRegistry.java:920)
	at org.eclipse.core.internal.registry.ConfigurationElement.createExecutableExtension(ConfigurationElement.java:246)
	at org.eclipse.core.internal.registry.ConfigurationElementHandle.createExecutableExtension(ConfigurationElementHandle.java:63)
	at org.eclipse.lsp4e.LanguageServersRegistry$ExtensionLanguageServerDefinition.createConnectionProvider(LanguageServersRegistry.java:161)
	at org.eclipse.lsp4e.LanguageServerWrapper.lambda$0(LanguageServerWrapper.java:233)
	at java.base/java.util.concurrent.CompletableFuture$AsyncSupply.run(CompletableFuture.java:1768)
	at java.base/java.util.concurrent.CompletableFuture$AsyncSupply.exec(CompletableFuture.java:1760)
	at java.base/java.util.concurrent.ForkJoinTask.doExec(ForkJoinTask.java:373)
	at java.base/java.util.concurrent.ForkJoinPool$WorkQueue.topLevelExec(ForkJoinPool.java:1182)
	at java.base/java.util.concurrent.ForkJoinPool.scan(ForkJoinPool.java:1655)
	at java.base/java.util.concurrent.ForkJoinPool.runWorker(ForkJoinPool.java:1622)
	at java.base/java.util.concurrent.ForkJoinWorkerThread.run(ForkJoinWorkerThread.java:165)
Caused by: java.lang.reflect.InvocationTargetException
	at jdk.internal.reflect.GeneratedConstructorAccessor122.newInstance(Unknown Source)
	at java.base/jdk.internal.reflect.DelegatingConstructorAccessorImpl.newInstance(DelegatingConstructorAccessorImpl.java:45)
	at java.base/java.lang.reflect.Constructor.newInstanceWithCaller(Constructor.java:499)
	at java.base/java.lang.reflect.Constructor.newInstance(Constructor.java:480)
	at org.eclipse.core.internal.registry.osgi.RegistryStrategyOSGI.createExecutableExtension(RegistryStrategyOSGI.java:204)
	... 12 more
Caused by: java.lang.NullPointerException: Cannot invoke "java.io.File.getAbsolutePath()" because the return value of "org.eclipse.wildwebdeveloper.embedder.node.NodeJSManager.getNodeJsLocation()" is null
	at org.eclipse.wildwebdeveloper.angular.AngularLanguageServer.<init>(AngularLanguageServer.java:43)
	... 17 more
!SUBENTRY 1 org.eclipse.equinox.registry 4 1 2025-12-22 21:56:23.467
!MESSAGE プラグイン "org.eclipse.wildwebdeveloper" は、クラス "org.eclipse.wildwebdeveloper.angular.AngularLanguageServer" をインスタンス化できませんでした。
!STACK 0
java.lang.reflect.InvocationTargetException
	at jdk.internal.reflect.GeneratedConstructorAccessor122.newInstance(Unknown Source)
	at java.base/jdk.internal.reflect.DelegatingConstructorAccessorImpl.newInstance(DelegatingConstructorAccessorImpl.java:45)
	at java.base/java.lang.reflect.Constructor.newInstanceWithCaller(Constructor.java:499)
	at java.base/java.lang.reflect.Constructor.newInstance(Constructor.java:480)
	at org.eclipse.core.internal.registry.osgi.RegistryStrategyOSGI.createExecutableExtension(RegistryStrategyOSGI.java:204)
	at org.eclipse.core.internal.registry.ExtensionRegistry.createExecutableExtension(ExtensionRegistry.java:920)
	at org.eclipse.core.internal.registry.ConfigurationElement.createExecutableExtension(ConfigurationElement.java:246)
	at org.eclipse.core.internal.registry.ConfigurationElementHandle.createExecutableExtension(ConfigurationElementHandle.java:63)
	at org.eclipse.lsp4e.LanguageServersRegistry$ExtensionLanguageServerDefinition.createConnectionProvider(LanguageServersRegistry.java:161)
	at org.eclipse.lsp4e.LanguageServerWrapper.lambda$0(LanguageServerWrapper.java:233)
	at java.base/java.util.concurrent.CompletableFuture$AsyncSupply.run(CompletableFuture.java:1768)
	at java.base/java.util.concurrent.CompletableFuture$AsyncSupply.exec(CompletableFuture.java:1760)
	at java.base/java.util.concurrent.ForkJoinTask.doExec(ForkJoinTask.java:373)
	at java.base/java.util.concurrent.ForkJoinPool$WorkQueue.topLevelExec(ForkJoinPool.java:1182)
	at java.base/java.util.concurrent.ForkJoinPool.scan(ForkJoinPool.java:1655)
	at java.base/java.util.concurrent.ForkJoinPool.runWorker(ForkJoinPool.java:1622)
	at java.base/java.util.concurrent.ForkJoinWorkerThread.run(ForkJoinWorkerThread.java:165)
Caused by: java.lang.NullPointerException: Cannot invoke "java.io.File.getAbsolutePath()" because the return value of "org.eclipse.wildwebdeveloper.embedder.node.NodeJSManager.getNodeJsLocation()" is null
	at org.eclipse.wildwebdeveloper.angular.AngularLanguageServer.<init>(AngularLanguageServer.java:43)
	... 17 more
Root exception:
java.lang.NullPointerException: Cannot invoke "java.io.File.getAbsolutePath()" because the return value of "org.eclipse.wildwebdeveloper.embedder.node.NodeJSManager.getNodeJsLocation()" is null
	at org.eclipse.wildwebdeveloper.angular.AngularLanguageServer.<init>(AngularLanguageServer.java:43)
	at jdk.internal.reflect.GeneratedConstructorAccessor122.newInstance(Unknown Source)
	at java.base/jdk.internal.reflect.DelegatingConstructorAccessorImpl.newInstance(DelegatingConstructorAccessorImpl.java:45)
	at java.base/java.lang.reflect.Constructor.newInstanceWithCaller(Constructor.java:499)
	at java.base/java.lang.reflect.Constructor.newInstance(Constructor.java:480)
	at org.eclipse.core.internal.registry.osgi.RegistryStrategyOSGI.createExecutableExtension(RegistryStrategyOSGI.java:204)
	at org.eclipse.core.internal.registry.ExtensionRegistry.createExecutableExtension(ExtensionRegistry.java:920)
	at org.eclipse.core.internal.registry.ConfigurationElement.createExecutableExtension(ConfigurationElement.java:246)
	at org.eclipse.core.internal.registry.ConfigurationElementHandle.createExecutableExtension(ConfigurationElementHandle.java:63)
	at org.eclipse.lsp4e.LanguageServersRegistry$ExtensionLanguageServerDefinition.createConnectionProvider(LanguageServersRegistry.java:161)
	at org.eclipse.lsp4e.LanguageServerWrapper.lambda$0(LanguageServerWrapper.java:233)
	at java.base/java.util.concurrent.CompletableFuture$AsyncSupply.run(CompletableFuture.java:1768)
	at java.base/java.util.concurrent.CompletableFuture$AsyncSupply.exec(CompletableFuture.java:1760)
	at java.base/java.util.concurrent.ForkJoinTask.doExec(ForkJoinTask.java:373)
	at java.base/java.util.concurrent.ForkJoinPool$WorkQueue.topLevelExec(ForkJoinPool.java:1182)
	at java.base/java.util.concurrent.ForkJoinPool.scan(ForkJoinPool.java:1655)
	at java.base/java.util.concurrent.ForkJoinPool.runWorker(ForkJoinPool.java:1622)
	at java.base/java.util.concurrent.ForkJoinWorkerThread.run(ForkJoinWorkerThread.java:165)

!ENTRY org.eclipse.lsp4e 4 0 2025-12-22 21:56:23.468
!MESSAGE Exception occurred while creating an instance of the stream connection provider
!STACK 0
java.lang.RuntimeException: Exception occurred while creating an instance of the stream connection provider
	at org.eclipse.lsp4e.LanguageServersRegistry$ExtensionLanguageServerDefinition.createConnectionProvider(LanguageServersRegistry.java:164)
	at org.eclipse.lsp4e.LanguageServerWrapper.lambda$0(LanguageServerWrapper.java:233)
	at java.base/java.util.concurrent.CompletableFuture$AsyncSupply.run(CompletableFuture.java:1768)
	at java.base/java.util.concurrent.CompletableFuture$AsyncSupply.exec(CompletableFuture.java:1760)
	at java.base/java.util.concurrent.ForkJoinTask.doExec(ForkJoinTask.java:373)
	at java.base/java.util.concurrent.ForkJoinPool$WorkQueue.topLevelExec(ForkJoinPool.java:1182)
	at java.base/java.util.concurrent.ForkJoinPool.scan(ForkJoinPool.java:1655)
	at java.base/java.util.concurrent.ForkJoinPool.runWorker(ForkJoinPool.java:1622)
	at java.base/java.util.concurrent.ForkJoinWorkerThread.run(ForkJoinWorkerThread.java:165)
Caused by: org.eclipse.core.runtime.CoreException: プラグイン "org.eclipse.wildwebdeveloper" は、クラス "org.eclipse.wildwebdeveloper.html.HTMLLanguageServer" をインスタンス化できませんでした。
	at org.eclipse.core.internal.registry.osgi.RegistryStrategyOSGI.throwException(RegistryStrategyOSGI.java:212)
	at org.eclipse.core.internal.registry.osgi.RegistryStrategyOSGI.createExecutableExtension(RegistryStrategyOSGI.java:206)
	at org.eclipse.core.internal.registry.ExtensionRegistry.createExecutableExtension(ExtensionRegistry.java:920)
	at org.eclipse.core.internal.registry.ConfigurationElement.createExecutableExtension(ConfigurationElement.java:246)
	at org.eclipse.core.internal.registry.ConfigurationElementHandle.createExecutableExtension(ConfigurationElementHandle.java:63)
	at org.eclipse.lsp4e.LanguageServersRegistry$ExtensionLanguageServerDefinition.createConnectionProvider(LanguageServersRegistry.java:161)
	... 8 more
Caused by: java.lang.reflect.InvocationTargetException
	at jdk.internal.reflect.GeneratedConstructorAccessor123.newInstance(Unknown Source)
	at java.base/jdk.internal.reflect.DelegatingConstructorAccessorImpl.newInstance(DelegatingConstructorAccessorImpl.java:45)
	at java.base/java.lang.reflect.Constructor.newInstanceWithCaller(Constructor.java:499)
	at java.base/java.lang.reflect.Constructor.newInstance(Constructor.java:480)
	at org.eclipse.core.internal.registry.osgi.RegistryStrategyOSGI.createExecutableExtension(RegistryStrategyOSGI.java:204)
	... 12 more
Caused by: java.lang.NullPointerException: Cannot invoke "java.io.File.getAbsolutePath()" because the return value of "org.eclipse.wildwebdeveloper.embedder.node.NodeJSManager.getNodeJsLocation()" is null
	at org.eclipse.wildwebdeveloper.html.HTMLLanguageServer.<init>(HTMLLanguageServer.java:40)
	... 17 more

!ENTRY org.eclipse.lsp4e 4 0 2025-12-22 21:56:23.468
!MESSAGE Exception occurred while creating an instance of the stream connection provider
!STACK 0
java.lang.RuntimeException: Exception occurred while creating an instance of the stream connection provider
	at org.eclipse.lsp4e.LanguageServersRegistry$ExtensionLanguageServerDefinition.createConnectionProvider(LanguageServersRegistry.java:164)
	at org.eclipse.lsp4e.LanguageServerWrapper.lambda$0(LanguageServerWrapper.java:233)
	at java.base/java.util.concurrent.CompletableFuture$AsyncSupply.run(CompletableFuture.java:1768)
	at java.base/java.util.concurrent.CompletableFuture$AsyncSupply.exec(CompletableFuture.java:1760)
	at java.base/java.util.concurrent.ForkJoinTask.doExec(ForkJoinTask.java:373)
	at java.base/java.util.concurrent.ForkJoinPool$WorkQueue.topLevelExec(ForkJoinPool.java:1182)
	at java.base/java.util.concurrent.ForkJoinPool.scan(ForkJoinPool.java:1655)
	at java.base/java.util.concurrent.ForkJoinPool.runWorker(ForkJoinPool.java:1622)
	at java.base/java.util.concurrent.ForkJoinWorkerThread.run(ForkJoinWorkerThread.java:165)
Caused by: org.eclipse.core.runtime.CoreException: プラグイン "org.eclipse.wildwebdeveloper" は、クラス "org.eclipse.wildwebdeveloper.angular.AngularLanguageServer" をインスタンス化できませんでした。
	at org.eclipse.core.internal.registry.osgi.RegistryStrategyOSGI.throwException(RegistryStrategyOSGI.java:212)
	at org.eclipse.core.internal.registry.osgi.RegistryStrategyOSGI.createExecutableExtension(RegistryStrategyOSGI.java:206)
	at org.eclipse.core.internal.registry.ExtensionRegistry.createExecutableExtension(ExtensionRegistry.java:920)
	at org.eclipse.core.internal.registry.ConfigurationElement.createExecutableExtension(ConfigurationElement.java:246)
	at org.eclipse.core.internal.registry.ConfigurationElementHandle.createExecutableExtension(ConfigurationElementHandle.java:63)
	at org.eclipse.lsp4e.LanguageServersRegistry$ExtensionLanguageServerDefinition.createConnectionProvider(LanguageServersRegistry.java:161)
	... 8 more
Caused by: java.lang.reflect.InvocationTargetException
	at jdk.internal.reflect.GeneratedConstructorAccessor122.newInstance(Unknown Source)
	at java.base/jdk.internal.reflect.DelegatingConstructorAccessorImpl.newInstance(DelegatingConstructorAccessorImpl.java:45)
	at java.base/java.lang.reflect.Constructor.newInstanceWithCaller(Constructor.java:499)
	at java.base/java.lang.reflect.Constructor.newInstance(Constructor.java:480)
	at org.eclipse.core.internal.registry.osgi.RegistryStrategyOSGI.createExecutableExtension(RegistryStrategyOSGI.java:204)
	... 12 more
Caused by: java.lang.NullPointerException: Cannot invoke "java.io.File.getAbsolutePath()" because the return value of "org.eclipse.wildwebdeveloper.embedder.node.NodeJSManager.getNodeJsLocation()" is null
	at org.eclipse.wildwebdeveloper.angular.AngularLanguageServer.<init>(AngularLanguageServer.java:43)
	... 17 more

!ENTRY org.eclipse.lsp4e 4 0 2025-12-22 21:56:23.469
!MESSAGE Cannot invoke "org.eclipse.lsp4e.server.StreamConnectionProvider.getInputStream()" because "this.lspStreamProvider" is null
!STACK 0
java.lang.NullPointerException: Cannot invoke "org.eclipse.lsp4e.server.StreamConnectionProvider.getInputStream()" because "this.lspStreamProvider" is null
	at org.eclipse.lsp4e.LanguageServerWrapper.lambda$1(LanguageServerWrapper.java:284)
	at java.base/java.util.concurrent.CompletableFuture$UniApply.tryFire(CompletableFuture.java:646)
	at java.base/java.util.concurrent.CompletableFuture.postComplete(CompletableFuture.java:510)
	at java.base/java.util.concurrent.CompletableFuture$AsyncSupply.run(CompletableFuture.java:1773)
	at java.base/java.util.concurrent.CompletableFuture$AsyncSupply.exec(CompletableFuture.java:1760)
	at java.base/java.util.concurrent.ForkJoinTask.doExec(ForkJoinTask.java:373)
	at java.base/java.util.concurrent.ForkJoinPool$WorkQueue.topLevelExec(ForkJoinPool.java:1182)
	at java.base/java.util.concurrent.ForkJoinPool.scan(ForkJoinPool.java:1655)
	at java.base/java.util.concurrent.ForkJoinPool.runWorker(ForkJoinPool.java:1622)
	at java.base/java.util.concurrent.ForkJoinWorkerThread.run(ForkJoinWorkerThread.java:165)

!ENTRY org.eclipse.lsp4e 4 0 2025-12-22 21:59:31.953
!MESSAGE プラグイン "org.eclipse.wildwebdeveloper" は、クラス "org.eclipse.wildwebdeveloper.css.CSSLanguageServer" をインスタンス化できませんでした。
!STACK 1
org.eclipse.core.runtime.CoreException: プラグイン "org.eclipse.wildwebdeveloper" は、クラス "org.eclipse.wildwebdeveloper.css.CSSLanguageServer" をインスタンス化できませんでした。
	at org.eclipse.core.internal.registry.osgi.RegistryStrategyOSGI.throwException(RegistryStrategyOSGI.java:212)
	at org.eclipse.core.internal.registry.osgi.RegistryStrategyOSGI.createExecutableExtension(RegistryStrategyOSGI.java:206)
	at org.eclipse.core.internal.registry.ExtensionRegistry.createExecutableExtension(ExtensionRegistry.java:920)
	at org.eclipse.core.internal.registry.ConfigurationElement.createExecutableExtension(ConfigurationElement.java:246)
	at org.eclipse.core.internal.registry.ConfigurationElementHandle.createExecutableExtension(ConfigurationElementHandle.java:63)
	at org.eclipse.lsp4e.LanguageServersRegistry$ExtensionLanguageServerDefinition.createConnectionProvider(LanguageServersRegistry.java:161)
	at org.eclipse.lsp4e.LanguageServerWrapper.lambda$0(LanguageServerWrapper.java:233)
	at java.base/java.util.concurrent.CompletableFuture$AsyncSupply.run(CompletableFuture.java:1768)
	at java.base/java.util.concurrent.CompletableFuture$AsyncSupply.exec(CompletableFuture.java:1760)
	at java.base/java.util.concurrent.ForkJoinTask.doExec(ForkJoinTask.java:373)
	at java.base/java.util.concurrent.ForkJoinPool$WorkQueue.topLevelExec(ForkJoinPool.java:1182)
	at java.base/java.util.concurrent.ForkJoinPool.scan(ForkJoinPool.java:1655)
	at java.base/java.util.concurrent.ForkJoinPool.runWorker(ForkJoinPool.java:1622)
	at java.base/java.util.concurrent.ForkJoinWorkerThread.run(ForkJoinWorkerThread.java:165)
Caused by: java.lang.reflect.InvocationTargetException
	at java.base/jdk.internal.reflect.NativeConstructorAccessorImpl.newInstance0(Native Method)
	at java.base/jdk.internal.reflect.NativeConstructorAccessorImpl.newInstance(NativeConstructorAccessorImpl.java:77)
	at java.base/jdk.internal.reflect.DelegatingConstructorAccessorImpl.newInstance(DelegatingConstructorAccessorImpl.java:45)
	at java.base/java.lang.reflect.Constructor.newInstanceWithCaller(Constructor.java:499)
	at java.base/java.lang.reflect.Constructor.newInstance(Constructor.java:480)
	at org.eclipse.core.internal.registry.osgi.RegistryStrategyOSGI.createExecutableExtension(RegistryStrategyOSGI.java:204)
	... 12 more
Caused by: java.lang.NullPointerException: Cannot invoke "java.io.File.getAbsolutePath()" because the return value of "org.eclipse.wildwebdeveloper.embedder.node.NodeJSManager.getNodeJsLocation()" is null
	at org.eclipse.wildwebdeveloper.css.CSSLanguageServer.<init>(CSSLanguageServer.java:40)
	... 18 more
!SUBENTRY 1 org.eclipse.equinox.registry 4 1 2025-12-22 21:59:31.953
!MESSAGE プラグイン "org.eclipse.wildwebdeveloper" は、クラス "org.eclipse.wildwebdeveloper.css.CSSLanguageServer" をインスタンス化できませんでした。
!STACK 0
java.lang.reflect.InvocationTargetException
	at java.base/jdk.internal.reflect.NativeConstructorAccessorImpl.newInstance0(Native Method)
	at java.base/jdk.internal.reflect.NativeConstructorAccessorImpl.newInstance(NativeConstructorAccessorImpl.java:77)
	at java.base/jdk.internal.reflect.DelegatingConstructorAccessorImpl.newInstance(DelegatingConstructorAccessorImpl.java:45)
	at java.base/java.lang.reflect.Constructor.newInstanceWithCaller(Constructor.java:499)
	at java.base/java.lang.reflect.Constructor.newInstance(Constructor.java:480)
	at org.eclipse.core.internal.registry.osgi.RegistryStrategyOSGI.createExecutableExtension(RegistryStrategyOSGI.java:204)
	at org.eclipse.core.internal.registry.ExtensionRegistry.createExecutableExtension(ExtensionRegistry.java:920)
	at org.eclipse.core.internal.registry.ConfigurationElement.createExecutableExtension(ConfigurationElement.java:246)
	at org.eclipse.core.internal.registry.ConfigurationElementHandle.createExecutableExtension(ConfigurationElementHandle.java:63)
	at org.eclipse.lsp4e.LanguageServersRegistry$ExtensionLanguageServerDefinition.createConnectionProvider(LanguageServersRegistry.java:161)
	at org.eclipse.lsp4e.LanguageServerWrapper.lambda$0(LanguageServerWrapper.java:233)
	at java.base/java.util.concurrent.CompletableFuture$AsyncSupply.run(CompletableFuture.java:1768)
	at java.base/java.util.concurrent.CompletableFuture$AsyncSupply.exec(CompletableFuture.java:1760)
	at java.base/java.util.concurrent.ForkJoinTask.doExec(ForkJoinTask.java:373)
	at java.base/java.util.concurrent.ForkJoinPool$WorkQueue.topLevelExec(ForkJoinPool.java:1182)
	at java.base/java.util.concurrent.ForkJoinPool.scan(ForkJoinPool.java:1655)
	at java.base/java.util.concurrent.ForkJoinPool.runWorker(ForkJoinPool.java:1622)
	at java.base/java.util.concurrent.ForkJoinWorkerThread.run(ForkJoinWorkerThread.java:165)
Caused by: java.lang.NullPointerException: Cannot invoke "java.io.File.getAbsolutePath()" because the return value of "org.eclipse.wildwebdeveloper.embedder.node.NodeJSManager.getNodeJsLocation()" is null
	at org.eclipse.wildwebdeveloper.css.CSSLanguageServer.<init>(CSSLanguageServer.java:40)
	... 18 more
Root exception:
java.lang.NullPointerException: Cannot invoke "java.io.File.getAbsolutePath()" because the return value of "org.eclipse.wildwebdeveloper.embedder.node.NodeJSManager.getNodeJsLocation()" is null
	at org.eclipse.wildwebdeveloper.css.CSSLanguageServer.<init>(CSSLanguageServer.java:40)
	at java.base/jdk.internal.reflect.NativeConstructorAccessorImpl.newInstance0(Native Method)
	at java.base/jdk.internal.reflect.NativeConstructorAccessorImpl.newInstance(NativeConstructorAccessorImpl.java:77)
	at java.base/jdk.internal.reflect.DelegatingConstructorAccessorImpl.newInstance(DelegatingConstructorAccessorImpl.java:45)
	at java.base/java.lang.reflect.Constructor.newInstanceWithCaller(Constructor.java:499)
	at java.base/java.lang.reflect.Constructor.newInstance(Constructor.java:480)
	at org.eclipse.core.internal.registry.osgi.RegistryStrategyOSGI.createExecutableExtension(RegistryStrategyOSGI.java:204)
	at org.eclipse.core.internal.registry.ExtensionRegistry.createExecutableExtension(ExtensionRegistry.java:920)
	at org.eclipse.core.internal.registry.ConfigurationElement.createExecutableExtension(ConfigurationElement.java:246)
	at org.eclipse.core.internal.registry.ConfigurationElementHandle.createExecutableExtension(ConfigurationElementHandle.java:63)
	at org.eclipse.lsp4e.LanguageServersRegistry$ExtensionLanguageServerDefinition.createConnectionProvider(LanguageServersRegistry.java:161)
	at org.eclipse.lsp4e.LanguageServerWrapper.lambda$0(LanguageServerWrapper.java:233)
	at java.base/java.util.concurrent.CompletableFuture$AsyncSupply.run(CompletableFuture.java:1768)
	at java.base/java.util.concurrent.CompletableFuture$AsyncSupply.exec(CompletableFuture.java:1760)
	at java.base/java.util.concurrent.ForkJoinTask.doExec(ForkJoinTask.java:373)
	at java.base/java.util.concurrent.ForkJoinPool$WorkQueue.topLevelExec(ForkJoinPool.java:1182)
	at java.base/java.util.concurrent.ForkJoinPool.scan(ForkJoinPool.java:1655)
	at java.base/java.util.concurrent.ForkJoinPool.runWorker(ForkJoinPool.java:1622)
	at java.base/java.util.concurrent.ForkJoinWorkerThread.run(ForkJoinWorkerThread.java:165)

!ENTRY org.eclipse.lsp4e 4 0 2025-12-22 21:59:31.953
!MESSAGE Exception occurred while creating an instance of the stream connection provider
!STACK 0
java.lang.RuntimeException: Exception occurred while creating an instance of the stream connection provider
	at org.eclipse.lsp4e.LanguageServersRegistry$ExtensionLanguageServerDefinition.createConnectionProvider(LanguageServersRegistry.java:164)
	at org.eclipse.lsp4e.LanguageServerWrapper.lambda$0(LanguageServerWrapper.java:233)
	at java.base/java.util.concurrent.CompletableFuture$AsyncSupply.run(CompletableFuture.java:1768)
	at java.base/java.util.concurrent.CompletableFuture$AsyncSupply.exec(CompletableFuture.java:1760)
	at java.base/java.util.concurrent.ForkJoinTask.doExec(ForkJoinTask.java:373)
	at java.base/java.util.concurrent.ForkJoinPool$WorkQueue.topLevelExec(ForkJoinPool.java:1182)
	at java.base/java.util.concurrent.ForkJoinPool.scan(ForkJoinPool.java:1655)
	at java.base/java.util.concurrent.ForkJoinPool.runWorker(ForkJoinPool.java:1622)
	at java.base/java.util.concurrent.ForkJoinWorkerThread.run(ForkJoinWorkerThread.java:165)
Caused by: org.eclipse.core.runtime.CoreException: プラグイン "org.eclipse.wildwebdeveloper" は、クラス "org.eclipse.wildwebdeveloper.css.CSSLanguageServer" をインスタンス化できませんでした。
	at org.eclipse.core.internal.registry.osgi.RegistryStrategyOSGI.throwException(RegistryStrategyOSGI.java:212)
	at org.eclipse.core.internal.registry.osgi.RegistryStrategyOSGI.createExecutableExtension(RegistryStrategyOSGI.java:206)
	at org.eclipse.core.internal.registry.ExtensionRegistry.createExecutableExtension(ExtensionRegistry.java:920)
	at org.eclipse.core.internal.registry.ConfigurationElement.createExecutableExtension(ConfigurationElement.java:246)
	at org.eclipse.core.internal.registry.ConfigurationElementHandle.createExecutableExtension(ConfigurationElementHandle.java:63)
	at org.eclipse.lsp4e.LanguageServersRegistry$ExtensionLanguageServerDefinition.createConnectionProvider(LanguageServersRegistry.java:161)
	... 8 more
Caused by: java.lang.reflect.InvocationTargetException
	at java.base/jdk.internal.reflect.NativeConstructorAccessorImpl.newInstance0(Native Method)
	at java.base/jdk.internal.reflect.NativeConstructorAccessorImpl.newInstance(NativeConstructorAccessorImpl.java:77)
	at java.base/jdk.internal.reflect.DelegatingConstructorAccessorImpl.newInstance(DelegatingConstructorAccessorImpl.java:45)
	at java.base/java.lang.reflect.Constructor.newInstanceWithCaller(Constructor.java:499)
	at java.base/java.lang.reflect.Constructor.newInstance(Constructor.java:480)
	at org.eclipse.core.internal.registry.osgi.RegistryStrategyOSGI.createExecutableExtension(RegistryStrategyOSGI.java:204)
	... 12 more
Caused by: java.lang.NullPointerException: Cannot invoke "java.io.File.getAbsolutePath()" because the return value of "org.eclipse.wildwebdeveloper.embedder.node.NodeJSManager.getNodeJsLocation()" is null
	at org.eclipse.wildwebdeveloper.css.CSSLanguageServer.<init>(CSSLanguageServer.java:40)
	... 18 more

!ENTRY org.eclipse.jface.text 4 0 2025-12-22 21:59:31.953
!MESSAGE java.lang.RuntimeException: Exception occurred while creating an instance of the stream connection provider
!STACK 0
java.util.concurrent.CompletionException: java.lang.RuntimeException: Exception occurred while creating an instance of the stream connection provider
	at java.base/java.util.concurrent.CompletableFuture.encodeThrowable(CompletableFuture.java:332)
	at java.base/java.util.concurrent.CompletableFuture.completeThrowable(CompletableFuture.java:347)
	at java.base/java.util.concurrent.CompletableFuture$UniApply.tryFire(CompletableFuture.java:636)
	at java.base/java.util.concurrent.CompletableFuture.postComplete(CompletableFuture.java:510)
	at java.base/java.util.concurrent.CompletableFuture.completeExceptionally(CompletableFuture.java:2162)
	at org.eclipse.lsp4e.LanguageServerWrapper.lambda$0(LanguageServerWrapper.java:238)
	at java.base/java.util.concurrent.CompletableFuture$AsyncSupply.run(CompletableFuture.java:1768)
	at java.base/java.util.concurrent.CompletableFuture$AsyncSupply.exec(CompletableFuture.java:1760)
	at java.base/java.util.concurrent.ForkJoinTask.doExec(ForkJoinTask.java:373)
	at java.base/java.util.concurrent.ForkJoinPool$WorkQueue.topLevelExec(ForkJoinPool.java:1182)
	at java.base/java.util.concurrent.ForkJoinPool.scan(ForkJoinPool.java:1655)
	at java.base/java.util.concurrent.ForkJoinPool.runWorker(ForkJoinPool.java:1622)
	at java.base/java.util.concurrent.ForkJoinWorkerThread.run(ForkJoinWorkerThread.java:165)
Caused by: java.lang.RuntimeException: Exception occurred while creating an instance of the stream connection provider
	at org.eclipse.lsp4e.LanguageServersRegistry$ExtensionLanguageServerDefinition.createConnectionProvider(LanguageServersRegistry.java:164)
	at org.eclipse.lsp4e.LanguageServerWrapper.lambda$0(LanguageServerWrapper.java:233)
	... 7 more
Caused by: org.eclipse.core.runtime.CoreException: プラグイン "org.eclipse.wildwebdeveloper" は、クラス "org.eclipse.wildwebdeveloper.css.CSSLanguageServer" をインスタンス化できませんでした。
	at org.eclipse.core.internal.registry.osgi.RegistryStrategyOSGI.throwException(RegistryStrategyOSGI.java:212)
	at org.eclipse.core.internal.registry.osgi.RegistryStrategyOSGI.createExecutableExtension(RegistryStrategyOSGI.java:206)
	at org.eclipse.core.internal.registry.ExtensionRegistry.createExecutableExtension(ExtensionRegistry.java:920)
	at org.eclipse.core.internal.registry.ConfigurationElement.createExecutableExtension(ConfigurationElement.java:246)
	at org.eclipse.core.internal.registry.ConfigurationElementHandle.createExecutableExtension(ConfigurationElementHandle.java:63)
	at org.eclipse.lsp4e.LanguageServersRegistry$ExtensionLanguageServerDefinition.createConnectionProvider(LanguageServersRegistry.java:161)
	... 8 more
Caused by: java.lang.reflect.InvocationTargetException
	at java.base/jdk.internal.reflect.NativeConstructorAccessorImpl.newInstance0(Native Method)
	at java.base/jdk.internal.reflect.NativeConstructorAccessorImpl.newInstance(NativeConstructorAccessorImpl.java:77)
	at java.base/jdk.internal.reflect.DelegatingConstructorAccessorImpl.newInstance(DelegatingConstructorAccessorImpl.java:45)
	at java.base/java.lang.reflect.Constructor.newInstanceWithCaller(Constructor.java:499)
	at java.base/java.lang.reflect.Constructor.newInstance(Constructor.java:480)
	at org.eclipse.core.internal.registry.osgi.RegistryStrategyOSGI.createExecutableExtension(RegistryStrategyOSGI.java:204)
	... 12 more
Caused by: java.lang.NullPointerException: Cannot invoke "java.io.File.getAbsolutePath()" because the return value of "org.eclipse.wildwebdeveloper.embedder.node.NodeJSManager.getNodeJsLocation()" is null
	at org.eclipse.wildwebdeveloper.css.CSSLanguageServer.<init>(CSSLanguageServer.java:40)
	... 18 more

!ENTRY org.eclipse.jface.text 4 0 2025-12-22 21:59:31.954
!MESSAGE java.lang.RuntimeException: Exception occurred while creating an instance of the stream connection provider
!STACK 0
java.util.concurrent.CompletionException: java.lang.RuntimeException: Exception occurred while creating an instance of the stream connection provider
	at java.base/java.util.concurrent.CompletableFuture.encodeThrowable(CompletableFuture.java:332)
	at java.base/java.util.concurrent.CompletableFuture.completeThrowable(CompletableFuture.java:347)
	at java.base/java.util.concurrent.CompletableFuture$UniApply.tryFire(CompletableFuture.java:636)
	at java.base/java.util.concurrent.CompletableFuture.postComplete(CompletableFuture.java:510)
	at java.base/java.util.concurrent.CompletableFuture.completeExceptionally(CompletableFuture.java:2162)
	at org.eclipse.lsp4e.LanguageServerWrapper.lambda$0(LanguageServerWrapper.java:238)
	at java.base/java.util.concurrent.CompletableFuture$AsyncSupply.run(CompletableFuture.java:1768)
	at java.base/java.util.concurrent.CompletableFuture$AsyncSupply.exec(CompletableFuture.java:1760)
	at java.base/java.util.concurrent.ForkJoinTask.doExec(ForkJoinTask.java:373)
	at java.base/java.util.concurrent.ForkJoinPool$WorkQueue.topLevelExec(ForkJoinPool.java:1182)
	at java.base/java.util.concurrent.ForkJoinPool.scan(ForkJoinPool.java:1655)
	at java.base/java.util.concurrent.ForkJoinPool.runWorker(ForkJoinPool.java:1622)
	at java.base/java.util.concurrent.ForkJoinWorkerThread.run(ForkJoinWorkerThread.java:165)
Caused by: java.lang.RuntimeException: Exception occurred while creating an instance of the stream connection provider
	at org.eclipse.lsp4e.LanguageServersRegistry$ExtensionLanguageServerDefinition.createConnectionProvider(LanguageServersRegistry.java:164)
	at org.eclipse.lsp4e.LanguageServerWrapper.lambda$0(LanguageServerWrapper.java:233)
	... 7 more
Caused by: org.eclipse.core.runtime.CoreException: プラグイン "org.eclipse.wildwebdeveloper" は、クラス "org.eclipse.wildwebdeveloper.css.CSSLanguageServer" をインスタンス化できませんでした。
	at org.eclipse.core.internal.registry.osgi.RegistryStrategyOSGI.throwException(RegistryStrategyOSGI.java:212)
	at org.eclipse.core.internal.registry.osgi.RegistryStrategyOSGI.createExecutableExtension(RegistryStrategyOSGI.java:206)
	at org.eclipse.core.internal.registry.ExtensionRegistry.createExecutableExtension(ExtensionRegistry.java:920)
	at org.eclipse.core.internal.registry.ConfigurationElement.createExecutableExtension(ConfigurationElement.java:246)
	at org.eclipse.core.internal.registry.ConfigurationElementHandle.createExecutableExtension(ConfigurationElementHandle.java:63)
	at org.eclipse.lsp4e.LanguageServersRegistry$ExtensionLanguageServerDefinition.createConnectionProvider(LanguageServersRegistry.java:161)
	... 8 more
Caused by: java.lang.reflect.InvocationTargetException
	at java.base/jdk.internal.reflect.NativeConstructorAccessorImpl.newInstance0(Native Method)
	at java.base/jdk.internal.reflect.NativeConstructorAccessorImpl.newInstance(NativeConstructorAccessorImpl.java:77)
	at java.base/jdk.internal.reflect.DelegatingConstructorAccessorImpl.newInstance(DelegatingConstructorAccessorImpl.java:45)
	at java.base/java.lang.reflect.Constructor.newInstanceWithCaller(Constructor.java:499)
	at java.base/java.lang.reflect.Constructor.newInstance(Constructor.java:480)
	at org.eclipse.core.internal.registry.osgi.RegistryStrategyOSGI.createExecutableExtension(RegistryStrategyOSGI.java:204)
	... 12 more
Caused by: java.lang.NullPointerException: Cannot invoke "java.io.File.getAbsolutePath()" because the return value of "org.eclipse.wildwebdeveloper.embedder.node.NodeJSManager.getNodeJsLocation()" is null
	at org.eclipse.wildwebdeveloper.css.CSSLanguageServer.<init>(CSSLanguageServer.java:40)
	... 18 more

!ENTRY org.eclipse.lsp4e 4 0 2025-12-22 21:59:31.954
!MESSAGE Cannot invoke "org.eclipse.lsp4e.server.StreamConnectionProvider.getInputStream()" because "this.lspStreamProvider" is null
!STACK 0
java.lang.NullPointerException: Cannot invoke "org.eclipse.lsp4e.server.StreamConnectionProvider.getInputStream()" because "this.lspStreamProvider" is null
	at org.eclipse.lsp4e.LanguageServerWrapper.lambda$1(LanguageServerWrapper.java:284)
	at java.base/java.util.concurrent.CompletableFuture$UniApply.tryFire(CompletableFuture.java:646)
	at java.base/java.util.concurrent.CompletableFuture.postComplete(CompletableFuture.java:510)
	at java.base/java.util.concurrent.CompletableFuture$AsyncSupply.run(CompletableFuture.java:1773)
	at java.base/java.util.concurrent.CompletableFuture$AsyncSupply.exec(CompletableFuture.java:1760)
	at java.base/java.util.concurrent.ForkJoinTask.doExec(ForkJoinTask.java:373)
	at java.base/java.util.concurrent.ForkJoinPool$WorkQueue.topLevelExec(ForkJoinPool.java:1182)
	at java.base/java.util.concurrent.ForkJoinPool.scan(ForkJoinPool.java:1655)
	at java.base/java.util.concurrent.ForkJoinPool.runWorker(ForkJoinPool.java:1622)
	at java.base/java.util.concurrent.ForkJoinWorkerThread.run(ForkJoinWorkerThread.java:165)

!ENTRY org.eclipse.lsp4e 4 0 2025-12-22 21:59:32.030
!MESSAGE プラグイン "org.eclipse.wildwebdeveloper" は、クラス "org.eclipse.wildwebdeveloper.css.CSSLanguageServer" をインスタンス化できませんでした。
!STACK 1
org.eclipse.core.runtime.CoreException: プラグイン "org.eclipse.wildwebdeveloper" は、クラス "org.eclipse.wildwebdeveloper.css.CSSLanguageServer" をインスタンス化できませんでした。
	at org.eclipse.core.internal.registry.osgi.RegistryStrategyOSGI.throwException(RegistryStrategyOSGI.java:212)
	at org.eclipse.core.internal.registry.osgi.RegistryStrategyOSGI.createExecutableExtension(RegistryStrategyOSGI.java:206)
	at org.eclipse.core.internal.registry.ExtensionRegistry.createExecutableExtension(ExtensionRegistry.java:920)
	at org.eclipse.core.internal.registry.ConfigurationElement.createExecutableExtension(ConfigurationElement.java:246)
	at org.eclipse.core.internal.registry.ConfigurationElementHandle.createExecutableExtension(ConfigurationElementHandle.java:63)
	at org.eclipse.lsp4e.LanguageServersRegistry$ExtensionLanguageServerDefinition.createConnectionProvider(LanguageServersRegistry.java:161)
	at org.eclipse.lsp4e.LanguageServerWrapper.lambda$0(LanguageServerWrapper.java:233)
	at java.base/java.util.concurrent.CompletableFuture$AsyncSupply.run(CompletableFuture.java:1768)
	at java.base/java.util.concurrent.CompletableFuture$AsyncSupply.exec(CompletableFuture.java:1760)
	at java.base/java.util.concurrent.ForkJoinTask.doExec(ForkJoinTask.java:373)
	at java.base/java.util.concurrent.ForkJoinPool$WorkQueue.topLevelExec(ForkJoinPool.java:1182)
	at java.base/java.util.concurrent.ForkJoinPool.scan(ForkJoinPool.java:1655)
	at java.base/java.util.concurrent.ForkJoinPool.runWorker(ForkJoinPool.java:1622)
	at java.base/java.util.concurrent.ForkJoinWorkerThread.run(ForkJoinWorkerThread.java:165)
Caused by: java.lang.reflect.InvocationTargetException
	at java.base/jdk.internal.reflect.NativeConstructorAccessorImpl.newInstance0(Native Method)
	at java.base/jdk.internal.reflect.NativeConstructorAccessorImpl.newInstance(NativeConstructorAccessorImpl.java:77)
	at java.base/jdk.internal.reflect.DelegatingConstructorAccessorImpl.newInstance(DelegatingConstructorAccessorImpl.java:45)
	at java.base/java.lang.reflect.Constructor.newInstanceWithCaller(Constructor.java:499)
	at java.base/java.lang.reflect.Constructor.newInstance(Constructor.java:480)
	at org.eclipse.core.internal.registry.osgi.RegistryStrategyOSGI.createExecutableExtension(RegistryStrategyOSGI.java:204)
	... 12 more
Caused by: java.lang.NullPointerException: Cannot invoke "java.io.File.getAbsolutePath()" because the return value of "org.eclipse.wildwebdeveloper.embedder.node.NodeJSManager.getNodeJsLocation()" is null
	at org.eclipse.wildwebdeveloper.css.CSSLanguageServer.<init>(CSSLanguageServer.java:40)
	... 18 more
!SUBENTRY 1 org.eclipse.equinox.registry 4 1 2025-12-22 21:59:32.030
!MESSAGE プラグイン "org.eclipse.wildwebdeveloper" は、クラス "org.eclipse.wildwebdeveloper.css.CSSLanguageServer" をインスタンス化できませんでした。
!STACK 0
java.lang.reflect.InvocationTargetException
	at java.base/jdk.internal.reflect.NativeConstructorAccessorImpl.newInstance0(Native Method)
	at java.base/jdk.internal.reflect.NativeConstructorAccessorImpl.newInstance(NativeConstructorAccessorImpl.java:77)
	at java.base/jdk.internal.reflect.DelegatingConstructorAccessorImpl.newInstance(DelegatingConstructorAccessorImpl.java:45)
	at java.base/java.lang.reflect.Constructor.newInstanceWithCaller(Constructor.java:499)
	at java.base/java.lang.reflect.Constructor.newInstance(Constructor.java:480)
	at org.eclipse.core.internal.registry.osgi.RegistryStrategyOSGI.createExecutableExtension(RegistryStrategyOSGI.java:204)
	at org.eclipse.core.internal.registry.ExtensionRegistry.createExecutableExtension(ExtensionRegistry.java:920)
	at org.eclipse.core.internal.registry.ConfigurationElement.createExecutableExtension(ConfigurationElement.java:246)
	at org.eclipse.core.internal.registry.ConfigurationElementHandle.createExecutableExtension(ConfigurationElementHandle.java:63)
	at org.eclipse.lsp4e.LanguageServersRegistry$ExtensionLanguageServerDefinition.createConnectionProvider(LanguageServersRegistry.java:161)
	at org.eclipse.lsp4e.LanguageServerWrapper.lambda$0(LanguageServerWrapper.java:233)
	at java.base/java.util.concurrent.CompletableFuture$AsyncSupply.run(CompletableFuture.java:1768)
	at java.base/java.util.concurrent.CompletableFuture$AsyncSupply.exec(CompletableFuture.java:1760)
	at java.base/java.util.concurrent.ForkJoinTask.doExec(ForkJoinTask.java:373)
	at java.base/java.util.concurrent.ForkJoinPool$WorkQueue.topLevelExec(ForkJoinPool.java:1182)
	at java.base/java.util.concurrent.ForkJoinPool.scan(ForkJoinPool.java:1655)
	at java.base/java.util.concurrent.ForkJoinPool.runWorker(ForkJoinPool.java:1622)
	at java.base/java.util.concurrent.ForkJoinWorkerThread.run(ForkJoinWorkerThread.java:165)
Caused by: java.lang.NullPointerException: Cannot invoke "java.io.File.getAbsolutePath()" because the return value of "org.eclipse.wildwebdeveloper.embedder.node.NodeJSManager.getNodeJsLocation()" is null
	at org.eclipse.wildwebdeveloper.css.CSSLanguageServer.<init>(CSSLanguageServer.java:40)
	... 18 more
Root exception:
java.lang.NullPointerException: Cannot invoke "java.io.File.getAbsolutePath()" because the return value of "org.eclipse.wildwebdeveloper.embedder.node.NodeJSManager.getNodeJsLocation()" is null
	at org.eclipse.wildwebdeveloper.css.CSSLanguageServer.<init>(CSSLanguageServer.java:40)
	at java.base/jdk.internal.reflect.NativeConstructorAccessorImpl.newInstance0(Native Method)
	at java.base/jdk.internal.reflect.NativeConstructorAccessorImpl.newInstance(NativeConstructorAccessorImpl.java:77)
	at java.base/jdk.internal.reflect.DelegatingConstructorAccessorImpl.newInstance(DelegatingConstructorAccessorImpl.java:45)
	at java.base/java.lang.reflect.Constructor.newInstanceWithCaller(Constructor.java:499)
	at java.base/java.lang.reflect.Constructor.newInstance(Constructor.java:480)
	at org.eclipse.core.internal.registry.osgi.RegistryStrategyOSGI.createExecutableExtension(RegistryStrategyOSGI.java:204)
	at org.eclipse.core.internal.registry.ExtensionRegistry.createExecutableExtension(ExtensionRegistry.java:920)
	at org.eclipse.core.internal.registry.ConfigurationElement.createExecutableExtension(ConfigurationElement.java:246)
	at org.eclipse.core.internal.registry.ConfigurationElementHandle.createExecutableExtension(ConfigurationElementHandle.java:63)
	at org.eclipse.lsp4e.LanguageServersRegistry$ExtensionLanguageServerDefinition.createConnectionProvider(LanguageServersRegistry.java:161)
	at org.eclipse.lsp4e.LanguageServerWrapper.lambda$0(LanguageServerWrapper.java:233)
	at java.base/java.util.concurrent.CompletableFuture$AsyncSupply.run(CompletableFuture.java:1768)
	at java.base/java.util.concurrent.CompletableFuture$AsyncSupply.exec(CompletableFuture.java:1760)
	at java.base/java.util.concurrent.ForkJoinTask.doExec(ForkJoinTask.java:373)
	at java.base/java.util.concurrent.ForkJoinPool$WorkQueue.topLevelExec(ForkJoinPool.java:1182)
	at java.base/java.util.concurrent.ForkJoinPool.scan(ForkJoinPool.java:1655)
	at java.base/java.util.concurrent.ForkJoinPool.runWorker(ForkJoinPool.java:1622)
	at java.base/java.util.concurrent.ForkJoinWorkerThread.run(ForkJoinWorkerThread.java:165)

!ENTRY org.eclipse.lsp4e 4 0 2025-12-22 21:59:32.032
!MESSAGE Exception occurred while creating an instance of the stream connection provider
!STACK 0
java.lang.RuntimeException: Exception occurred while creating an instance of the stream connection provider
	at org.eclipse.lsp4e.LanguageServersRegistry$ExtensionLanguageServerDefinition.createConnectionProvider(LanguageServersRegistry.java:164)
	at org.eclipse.lsp4e.LanguageServerWrapper.lambda$0(LanguageServerWrapper.java:233)
	at java.base/java.util.concurrent.CompletableFuture$AsyncSupply.run(CompletableFuture.java:1768)
	at java.base/java.util.concurrent.CompletableFuture$AsyncSupply.exec(CompletableFuture.java:1760)
	at java.base/java.util.concurrent.ForkJoinTask.doExec(ForkJoinTask.java:373)
	at java.base/java.util.concurrent.ForkJoinPool$WorkQueue.topLevelExec(ForkJoinPool.java:1182)
	at java.base/java.util.concurrent.ForkJoinPool.scan(ForkJoinPool.java:1655)
	at java.base/java.util.concurrent.ForkJoinPool.runWorker(ForkJoinPool.java:1622)
	at java.base/java.util.concurrent.ForkJoinWorkerThread.run(ForkJoinWorkerThread.java:165)
Caused by: org.eclipse.core.runtime.CoreException: プラグイン "org.eclipse.wildwebdeveloper" は、クラス "org.eclipse.wildwebdeveloper.css.CSSLanguageServer" をインスタンス化できませんでした。
	at org.eclipse.core.internal.registry.osgi.RegistryStrategyOSGI.throwException(RegistryStrategyOSGI.java:212)
	at org.eclipse.core.internal.registry.osgi.RegistryStrategyOSGI.createExecutableExtension(RegistryStrategyOSGI.java:206)
	at org.eclipse.core.internal.registry.ExtensionRegistry.createExecutableExtension(ExtensionRegistry.java:920)
	at org.eclipse.core.internal.registry.ConfigurationElement.createExecutableExtension(ConfigurationElement.java:246)
	at org.eclipse.core.internal.registry.ConfigurationElementHandle.createExecutableExtension(ConfigurationElementHandle.java:63)
	at org.eclipse.lsp4e.LanguageServersRegistry$ExtensionLanguageServerDefinition.createConnectionProvider(LanguageServersRegistry.java:161)
	... 8 more
Caused by: java.lang.reflect.InvocationTargetException
	at java.base/jdk.internal.reflect.NativeConstructorAccessorImpl.newInstance0(Native Method)
	at java.base/jdk.internal.reflect.NativeConstructorAccessorImpl.newInstance(NativeConstructorAccessorImpl.java:77)
	at java.base/jdk.internal.reflect.DelegatingConstructorAccessorImpl.newInstance(DelegatingConstructorAccessorImpl.java:45)
	at java.base/java.lang.reflect.Constructor.newInstanceWithCaller(Constructor.java:499)
	at java.base/java.lang.reflect.Constructor.newInstance(Constructor.java:480)
	at org.eclipse.core.internal.registry.osgi.RegistryStrategyOSGI.createExecutableExtension(RegistryStrategyOSGI.java:204)
	... 12 more
Caused by: java.lang.NullPointerException: Cannot invoke "java.io.File.getAbsolutePath()" because the return value of "org.eclipse.wildwebdeveloper.embedder.node.NodeJSManager.getNodeJsLocation()" is null
	at org.eclipse.wildwebdeveloper.css.CSSLanguageServer.<init>(CSSLanguageServer.java:40)
	... 18 more

!ENTRY org.eclipse.lsp4e 4 0 2025-12-22 21:59:32.032
!MESSAGE Cannot invoke "org.eclipse.lsp4e.server.StreamConnectionProvider.getInputStream()" because "this.lspStreamProvider" is null
!STACK 0
java.lang.NullPointerException: Cannot invoke "org.eclipse.lsp4e.server.StreamConnectionProvider.getInputStream()" because "this.lspStreamProvider" is null
	at org.eclipse.lsp4e.LanguageServerWrapper.lambda$1(LanguageServerWrapper.java:284)
	at java.base/java.util.concurrent.CompletableFuture$UniApply.tryFire(CompletableFuture.java:646)
	at java.base/java.util.concurrent.CompletableFuture.postComplete(CompletableFuture.java:510)
	at java.base/java.util.concurrent.CompletableFuture$AsyncSupply.run(CompletableFuture.java:1773)
	at java.base/java.util.concurrent.CompletableFuture$AsyncSupply.exec(CompletableFuture.java:1760)
	at java.base/java.util.concurrent.ForkJoinTask.doExec(ForkJoinTask.java:373)
	at java.base/java.util.concurrent.ForkJoinPool$WorkQueue.topLevelExec(ForkJoinPool.java:1182)
	at java.base/java.util.concurrent.ForkJoinPool.scan(ForkJoinPool.java:1655)
	at java.base/java.util.concurrent.ForkJoinPool.runWorker(ForkJoinPool.java:1622)
	at java.base/java.util.concurrent.ForkJoinWorkerThread.run(ForkJoinWorkerThread.java:165)

!ENTRY org.eclipse.lsp4e 4 0 2025-12-22 21:59:32.092
!MESSAGE プラグイン "org.eclipse.wildwebdeveloper" は、クラス "org.eclipse.wildwebdeveloper.css.CSSLanguageServer" をインスタンス化できませんでした。
!STACK 1
org.eclipse.core.runtime.CoreException: プラグイン "org.eclipse.wildwebdeveloper" は、クラス "org.eclipse.wildwebdeveloper.css.CSSLanguageServer" をインスタンス化できませんでした。
	at org.eclipse.core.internal.registry.osgi.RegistryStrategyOSGI.throwException(RegistryStrategyOSGI.java:212)
	at org.eclipse.core.internal.registry.osgi.RegistryStrategyOSGI.createExecutableExtension(RegistryStrategyOSGI.java:206)
	at org.eclipse.core.internal.registry.ExtensionRegistry.createExecutableExtension(ExtensionRegistry.java:920)
	at org.eclipse.core.internal.registry.ConfigurationElement.createExecutableExtension(ConfigurationElement.java:246)
	at org.eclipse.core.internal.registry.ConfigurationElementHandle.createExecutableExtension(ConfigurationElementHandle.java:63)
	at org.eclipse.lsp4e.LanguageServersRegistry$ExtensionLanguageServerDefinition.createConnectionProvider(LanguageServersRegistry.java:161)
	at org.eclipse.lsp4e.LanguageServerWrapper.lambda$0(LanguageServerWrapper.java:233)
	at java.base/java.util.concurrent.CompletableFuture$AsyncSupply.run(CompletableFuture.java:1768)
	at java.base/java.util.concurrent.CompletableFuture$AsyncSupply.exec(CompletableFuture.java:1760)
	at java.base/java.util.concurrent.ForkJoinTask.doExec(ForkJoinTask.java:373)
	at java.base/java.util.concurrent.ForkJoinPool$WorkQueue.topLevelExec(ForkJoinPool.java:1182)
	at java.base/java.util.concurrent.ForkJoinPool.scan(ForkJoinPool.java:1655)
	at java.base/java.util.concurrent.ForkJoinPool.runWorker(ForkJoinPool.java:1622)
	at java.base/java.util.concurrent.ForkJoinWorkerThread.run(ForkJoinWorkerThread.java:165)
Caused by: java.lang.reflect.InvocationTargetException
	at java.base/jdk.internal.reflect.NativeConstructorAccessorImpl.newInstance0(Native Method)
	at java.base/jdk.internal.reflect.NativeConstructorAccessorImpl.newInstance(NativeConstructorAccessorImpl.java:77)
	at java.base/jdk.internal.reflect.DelegatingConstructorAccessorImpl.newInstance(DelegatingConstructorAccessorImpl.java:45)
	at java.base/java.lang.reflect.Constructor.newInstanceWithCaller(Constructor.java:499)
	at java.base/java.lang.reflect.Constructor.newInstance(Constructor.java:480)
	at org.eclipse.core.internal.registry.osgi.RegistryStrategyOSGI.createExecutableExtension(RegistryStrategyOSGI.java:204)
	... 12 more
Caused by: java.lang.NullPointerException: Cannot invoke "java.io.File.getAbsolutePath()" because the return value of "org.eclipse.wildwebdeveloper.embedder.node.NodeJSManager.getNodeJsLocation()" is null
	at org.eclipse.wildwebdeveloper.css.CSSLanguageServer.<init>(CSSLanguageServer.java:40)
	... 18 more
!SUBENTRY 1 org.eclipse.equinox.registry 4 1 2025-12-22 21:59:32.092
!MESSAGE プラグイン "org.eclipse.wildwebdeveloper" は、クラス "org.eclipse.wildwebdeveloper.css.CSSLanguageServer" をインスタンス化できませんでした。
!STACK 0
java.lang.reflect.InvocationTargetException
	at java.base/jdk.internal.reflect.NativeConstructorAccessorImpl.newInstance0(Native Method)
	at java.base/jdk.internal.reflect.NativeConstructorAccessorImpl.newInstance(NativeConstructorAccessorImpl.java:77)
	at java.base/jdk.internal.reflect.DelegatingConstructorAccessorImpl.newInstance(DelegatingConstructorAccessorImpl.java:45)
	at java.base/java.lang.reflect.Constructor.newInstanceWithCaller(Constructor.java:499)
	at java.base/java.lang.reflect.Constructor.newInstance(Constructor.java:480)
	at org.eclipse.core.internal.registry.osgi.RegistryStrategyOSGI.createExecutableExtension(RegistryStrategyOSGI.java:204)
	at org.eclipse.core.internal.registry.ExtensionRegistry.createExecutableExtension(ExtensionRegistry.java:920)
	at org.eclipse.core.internal.registry.ConfigurationElement.createExecutableExtension(ConfigurationElement.java:246)
	at org.eclipse.core.internal.registry.ConfigurationElementHandle.createExecutableExtension(ConfigurationElementHandle.java:63)
	at org.eclipse.lsp4e.LanguageServersRegistry$ExtensionLanguageServerDefinition.createConnectionProvider(LanguageServersRegistry.java:161)
	at org.eclipse.lsp4e.LanguageServerWrapper.lambda$0(LanguageServerWrapper.java:233)
	at java.base/java.util.concurrent.CompletableFuture$AsyncSupply.run(CompletableFuture.java:1768)
	at java.base/java.util.concurrent.CompletableFuture$AsyncSupply.exec(CompletableFuture.java:1760)
	at java.base/java.util.concurrent.ForkJoinTask.doExec(ForkJoinTask.java:373)
	at java.base/java.util.concurrent.ForkJoinPool$WorkQueue.topLevelExec(ForkJoinPool.java:1182)
	at java.base/java.util.concurrent.ForkJoinPool.scan(ForkJoinPool.java:1655)
	at java.base/java.util.concurrent.ForkJoinPool.runWorker(ForkJoinPool.java:1622)
	at java.base/java.util.concurrent.ForkJoinWorkerThread.run(ForkJoinWorkerThread.java:165)
Caused by: java.lang.NullPointerException: Cannot invoke "java.io.File.getAbsolutePath()" because the return value of "org.eclipse.wildwebdeveloper.embedder.node.NodeJSManager.getNodeJsLocation()" is null
	at org.eclipse.wildwebdeveloper.css.CSSLanguageServer.<init>(CSSLanguageServer.java:40)
	... 18 more
Root exception:
java.lang.NullPointerException: Cannot invoke "java.io.File.getAbsolutePath()" because the return value of "org.eclipse.wildwebdeveloper.embedder.node.NodeJSManager.getNodeJsLocation()" is null
	at org.eclipse.wildwebdeveloper.css.CSSLanguageServer.<init>(CSSLanguageServer.java:40)
	at java.base/jdk.internal.reflect.NativeConstructorAccessorImpl.newInstance0(Native Method)
	at java.base/jdk.internal.reflect.NativeConstructorAccessorImpl.newInstance(NativeConstructorAccessorImpl.java:77)
	at java.base/jdk.internal.reflect.DelegatingConstructorAccessorImpl.newInstance(DelegatingConstructorAccessorImpl.java:45)
	at java.base/java.lang.reflect.Constructor.newInstanceWithCaller(Constructor.java:499)
	at java.base/java.lang.reflect.Constructor.newInstance(Constructor.java:480)
	at org.eclipse.core.internal.registry.osgi.RegistryStrategyOSGI.createExecutableExtension(RegistryStrategyOSGI.java:204)
	at org.eclipse.core.internal.registry.ExtensionRegistry.createExecutableExtension(ExtensionRegistry.java:920)
	at org.eclipse.core.internal.registry.ConfigurationElement.createExecutableExtension(ConfigurationElement.java:246)
	at org.eclipse.core.internal.registry.ConfigurationElementHandle.createExecutableExtension(ConfigurationElementHandle.java:63)
	at org.eclipse.lsp4e.LanguageServersRegistry$ExtensionLanguageServerDefinition.createConnectionProvider(LanguageServersRegistry.java:161)
	at org.eclipse.lsp4e.LanguageServerWrapper.lambda$0(LanguageServerWrapper.java:233)
	at java.base/java.util.concurrent.CompletableFuture$AsyncSupply.run(CompletableFuture.java:1768)
	at java.base/java.util.concurrent.CompletableFuture$AsyncSupply.exec(CompletableFuture.java:1760)
	at java.base/java.util.concurrent.ForkJoinTask.doExec(ForkJoinTask.java:373)
	at java.base/java.util.concurrent.ForkJoinPool$WorkQueue.topLevelExec(ForkJoinPool.java:1182)
	at java.base/java.util.concurrent.ForkJoinPool.scan(ForkJoinPool.java:1655)
	at java.base/java.util.concurrent.ForkJoinPool.runWorker(ForkJoinPool.java:1622)
	at java.base/java.util.concurrent.ForkJoinWorkerThread.run(ForkJoinWorkerThread.java:165)

!ENTRY org.eclipse.lsp4e 4 0 2025-12-22 21:59:32.092
!MESSAGE Exception occurred while creating an instance of the stream connection provider
!STACK 0
java.lang.RuntimeException: Exception occurred while creating an instance of the stream connection provider
	at org.eclipse.lsp4e.LanguageServersRegistry$ExtensionLanguageServerDefinition.createConnectionProvider(LanguageServersRegistry.java:164)
	at org.eclipse.lsp4e.LanguageServerWrapper.lambda$0(LanguageServerWrapper.java:233)
	at java.base/java.util.concurrent.CompletableFuture$AsyncSupply.run(CompletableFuture.java:1768)
	at java.base/java.util.concurrent.CompletableFuture$AsyncSupply.exec(CompletableFuture.java:1760)
	at java.base/java.util.concurrent.ForkJoinTask.doExec(ForkJoinTask.java:373)
	at java.base/java.util.concurrent.ForkJoinPool$WorkQueue.topLevelExec(ForkJoinPool.java:1182)
	at java.base/java.util.concurrent.ForkJoinPool.scan(ForkJoinPool.java:1655)
	at java.base/java.util.concurrent.ForkJoinPool.runWorker(ForkJoinPool.java:1622)
	at java.base/java.util.concurrent.ForkJoinWorkerThread.run(ForkJoinWorkerThread.java:165)
Caused by: org.eclipse.core.runtime.CoreException: プラグイン "org.eclipse.wildwebdeveloper" は、クラス "org.eclipse.wildwebdeveloper.css.CSSLanguageServer" をインスタンス化できませんでした。
	at org.eclipse.core.internal.registry.osgi.RegistryStrategyOSGI.throwException(RegistryStrategyOSGI.java:212)
	at org.eclipse.core.internal.registry.osgi.RegistryStrategyOSGI.createExecutableExtension(RegistryStrategyOSGI.java:206)
	at org.eclipse.core.internal.registry.ExtensionRegistry.createExecutableExtension(ExtensionRegistry.java:920)
	at org.eclipse.core.internal.registry.ConfigurationElement.createExecutableExtension(ConfigurationElement.java:246)
	at org.eclipse.core.internal.registry.ConfigurationElementHandle.createExecutableExtension(ConfigurationElementHandle.java:63)
	at org.eclipse.lsp4e.LanguageServersRegistry$ExtensionLanguageServerDefinition.createConnectionProvider(LanguageServersRegistry.java:161)
	... 8 more
Caused by: java.lang.reflect.InvocationTargetException
	at java.base/jdk.internal.reflect.NativeConstructorAccessorImpl.newInstance0(Native Method)
	at java.base/jdk.internal.reflect.NativeConstructorAccessorImpl.newInstance(NativeConstructorAccessorImpl.java:77)
	at java.base/jdk.internal.reflect.DelegatingConstructorAccessorImpl.newInstance(DelegatingConstructorAccessorImpl.java:45)
	at java.base/java.lang.reflect.Constructor.newInstanceWithCaller(Constructor.java:499)
	at java.base/java.lang.reflect.Constructor.newInstance(Constructor.java:480)
	at org.eclipse.core.internal.registry.osgi.RegistryStrategyOSGI.createExecutableExtension(RegistryStrategyOSGI.java:204)
	... 12 more
Caused by: java.lang.NullPointerException: Cannot invoke "java.io.File.getAbsolutePath()" because the return value of "org.eclipse.wildwebdeveloper.embedder.node.NodeJSManager.getNodeJsLocation()" is null
	at org.eclipse.wildwebdeveloper.css.CSSLanguageServer.<init>(CSSLanguageServer.java:40)
	... 18 more

!ENTRY org.eclipse.lsp4e 4 0 2025-12-22 21:59:32.093
!MESSAGE Cannot invoke "org.eclipse.lsp4e.server.StreamConnectionProvider.getInputStream()" because "this.lspStreamProvider" is null
!STACK 0
java.lang.NullPointerException: Cannot invoke "org.eclipse.lsp4e.server.StreamConnectionProvider.getInputStream()" because "this.lspStreamProvider" is null
	at org.eclipse.lsp4e.LanguageServerWrapper.lambda$1(LanguageServerWrapper.java:284)
	at java.base/java.util.concurrent.CompletableFuture$UniApply.tryFire(CompletableFuture.java:646)
	at java.base/java.util.concurrent.CompletableFuture.postComplete(CompletableFuture.java:510)
	at java.base/java.util.concurrent.CompletableFuture$AsyncSupply.run(CompletableFuture.java:1773)
	at java.base/java.util.concurrent.CompletableFuture$AsyncSupply.exec(CompletableFuture.java:1760)
	at java.base/java.util.concurrent.ForkJoinTask.doExec(ForkJoinTask.java:373)
	at java.base/java.util.concurrent.ForkJoinPool$WorkQueue.topLevelExec(ForkJoinPool.java:1182)
	at java.base/java.util.concurrent.ForkJoinPool.scan(ForkJoinPool.java:1655)
	at java.base/java.util.concurrent.ForkJoinPool.runWorker(ForkJoinPool.java:1622)
	at java.base/java.util.concurrent.ForkJoinWorkerThread.run(ForkJoinWorkerThread.java:165)

!ENTRY org.eclipse.lsp4e 4 0 2025-12-22 21:59:32.151
!MESSAGE プラグイン "org.eclipse.wildwebdeveloper" は、クラス "org.eclipse.wildwebdeveloper.css.CSSLanguageServer" をインスタンス化できませんでした。
!STACK 1
org.eclipse.core.runtime.CoreException: プラグイン "org.eclipse.wildwebdeveloper" は、クラス "org.eclipse.wildwebdeveloper.css.CSSLanguageServer" をインスタンス化できませんでした。
	at org.eclipse.core.internal.registry.osgi.RegistryStrategyOSGI.throwException(RegistryStrategyOSGI.java:212)
	at org.eclipse.core.internal.registry.osgi.RegistryStrategyOSGI.createExecutableExtension(RegistryStrategyOSGI.java:206)
	at org.eclipse.core.internal.registry.ExtensionRegistry.createExecutableExtension(ExtensionRegistry.java:920)
	at org.eclipse.core.internal.registry.ConfigurationElement.createExecutableExtension(ConfigurationElement.java:246)
	at org.eclipse.core.internal.registry.ConfigurationElementHandle.createExecutableExtension(ConfigurationElementHandle.java:63)
	at org.eclipse.lsp4e.LanguageServersRegistry$ExtensionLanguageServerDefinition.createConnectionProvider(LanguageServersRegistry.java:161)
	at org.eclipse.lsp4e.LanguageServerWrapper.lambda$0(LanguageServerWrapper.java:233)
	at java.base/java.util.concurrent.CompletableFuture$AsyncSupply.run(CompletableFuture.java:1768)
	at java.base/java.util.concurrent.CompletableFuture$AsyncSupply.exec(CompletableFuture.java:1760)
	at java.base/java.util.concurrent.ForkJoinTask.doExec(ForkJoinTask.java:373)
	at java.base/java.util.concurrent.ForkJoinPool$WorkQueue.topLevelExec(ForkJoinPool.java:1182)
	at java.base/java.util.concurrent.ForkJoinPool.scan(ForkJoinPool.java:1655)
	at java.base/java.util.concurrent.ForkJoinPool.runWorker(ForkJoinPool.java:1622)
	at java.base/java.util.concurrent.ForkJoinWorkerThread.run(ForkJoinWorkerThread.java:165)
Caused by: java.lang.reflect.InvocationTargetException
	at java.base/jdk.internal.reflect.NativeConstructorAccessorImpl.newInstance0(Native Method)
	at java.base/jdk.internal.reflect.NativeConstructorAccessorImpl.newInstance(NativeConstructorAccessorImpl.java:77)
	at java.base/jdk.internal.reflect.DelegatingConstructorAccessorImpl.newInstance(DelegatingConstructorAccessorImpl.java:45)
	at java.base/java.lang.reflect.Constructor.newInstanceWithCaller(Constructor.java:499)
	at java.base/java.lang.reflect.Constructor.newInstance(Constructor.java:480)
	at org.eclipse.core.internal.registry.osgi.RegistryStrategyOSGI.createExecutableExtension(RegistryStrategyOSGI.java:204)
	... 12 more
Caused by: java.lang.NullPointerException: Cannot invoke "java.io.File.getAbsolutePath()" because the return value of "org.eclipse.wildwebdeveloper.embedder.node.NodeJSManager.getNodeJsLocation()" is null
	at org.eclipse.wildwebdeveloper.css.CSSLanguageServer.<init>(CSSLanguageServer.java:40)
	... 18 more
!SUBENTRY 1 org.eclipse.equinox.registry 4 1 2025-12-22 21:59:32.151
!MESSAGE プラグイン "org.eclipse.wildwebdeveloper" は、クラス "org.eclipse.wildwebdeveloper.css.CSSLanguageServer" をインスタンス化できませんでした。
!STACK 0
java.lang.reflect.InvocationTargetException
	at java.base/jdk.internal.reflect.NativeConstructorAccessorImpl.newInstance0(Native Method)
	at java.base/jdk.internal.reflect.NativeConstructorAccessorImpl.newInstance(NativeConstructorAccessorImpl.java:77)
	at java.base/jdk.internal.reflect.DelegatingConstructorAccessorImpl.newInstance(DelegatingConstructorAccessorImpl.java:45)
	at java.base/java.lang.reflect.Constructor.newInstanceWithCaller(Constructor.java:499)
	at java.base/java.lang.reflect.Constructor.newInstance(Constructor.java:480)
	at org.eclipse.core.internal.registry.osgi.RegistryStrategyOSGI.createExecutableExtension(RegistryStrategyOSGI.java:204)
	at org.eclipse.core.internal.registry.ExtensionRegistry.createExecutableExtension(ExtensionRegistry.java:920)
	at org.eclipse.core.internal.registry.ConfigurationElement.createExecutableExtension(ConfigurationElement.java:246)
	at org.eclipse.core.internal.registry.ConfigurationElementHandle.createExecutableExtension(ConfigurationElementHandle.java:63)
	at org.eclipse.lsp4e.LanguageServersRegistry$ExtensionLanguageServerDefinition.createConnectionProvider(LanguageServersRegistry.java:161)
	at org.eclipse.lsp4e.LanguageServerWrapper.lambda$0(LanguageServerWrapper.java:233)
	at java.base/java.util.concurrent.CompletableFuture$AsyncSupply.run(CompletableFuture.java:1768)
	at java.base/java.util.concurrent.CompletableFuture$AsyncSupply.exec(CompletableFuture.java:1760)
	at java.base/java.util.concurrent.ForkJoinTask.doExec(ForkJoinTask.java:373)
	at java.base/java.util.concurrent.ForkJoinPool$WorkQueue.topLevelExec(ForkJoinPool.java:1182)
	at java.base/java.util.concurrent.ForkJoinPool.scan(ForkJoinPool.java:1655)
	at java.base/java.util.concurrent.ForkJoinPool.runWorker(ForkJoinPool.java:1622)
	at java.base/java.util.concurrent.ForkJoinWorkerThread.run(ForkJoinWorkerThread.java:165)
Caused by: java.lang.NullPointerException: Cannot invoke "java.io.File.getAbsolutePath()" because the return value of "org.eclipse.wildwebdeveloper.embedder.node.NodeJSManager.getNodeJsLocation()" is null
	at org.eclipse.wildwebdeveloper.css.CSSLanguageServer.<init>(CSSLanguageServer.java:40)
	... 18 more
Root exception:
java.lang.NullPointerException: Cannot invoke "java.io.File.getAbsolutePath()" because the return value of "org.eclipse.wildwebdeveloper.embedder.node.NodeJSManager.getNodeJsLocation()" is null
	at org.eclipse.wildwebdeveloper.css.CSSLanguageServer.<init>(CSSLanguageServer.java:40)
	at java.base/jdk.internal.reflect.NativeConstructorAccessorImpl.newInstance0(Native Method)
	at java.base/jdk.internal.reflect.NativeConstructorAccessorImpl.newInstance(NativeConstructorAccessorImpl.java:77)
	at java.base/jdk.internal.reflect.DelegatingConstructorAccessorImpl.newInstance(DelegatingConstructorAccessorImpl.java:45)
	at java.base/java.lang.reflect.Constructor.newInstanceWithCaller(Constructor.java:499)
	at java.base/java.lang.reflect.Constructor.newInstance(Constructor.java:480)
	at org.eclipse.core.internal.registry.osgi.RegistryStrategyOSGI.createExecutableExtension(RegistryStrategyOSGI.java:204)
	at org.eclipse.core.internal.registry.ExtensionRegistry.createExecutableExtension(ExtensionRegistry.java:920)
	at org.eclipse.core.internal.registry.ConfigurationElement.createExecutableExtension(ConfigurationElement.java:246)
	at org.eclipse.core.internal.registry.ConfigurationElementHandle.createExecutableExtension(ConfigurationElementHandle.java:63)
	at org.eclipse.lsp4e.LanguageServersRegistry$ExtensionLanguageServerDefinition.createConnectionProvider(LanguageServersRegistry.java:161)
	at org.eclipse.lsp4e.LanguageServerWrapper.lambda$0(LanguageServerWrapper.java:233)
	at java.base/java.util.concurrent.CompletableFuture$AsyncSupply.run(CompletableFuture.java:1768)
	at java.base/java.util.concurrent.CompletableFuture$AsyncSupply.exec(CompletableFuture.java:1760)
	at java.base/java.util.concurrent.ForkJoinTask.doExec(ForkJoinTask.java:373)
	at java.base/java.util.concurrent.ForkJoinPool$WorkQueue.topLevelExec(ForkJoinPool.java:1182)
	at java.base/java.util.concurrent.ForkJoinPool.scan(ForkJoinPool.java:1655)
	at java.base/java.util.concurrent.ForkJoinPool.runWorker(ForkJoinPool.java:1622)
	at java.base/java.util.concurrent.ForkJoinWorkerThread.run(ForkJoinWorkerThread.java:165)

!ENTRY org.eclipse.lsp4e 4 0 2025-12-22 21:59:32.151
!MESSAGE Exception occurred while creating an instance of the stream connection provider
!STACK 0
java.lang.RuntimeException: Exception occurred while creating an instance of the stream connection provider
	at org.eclipse.lsp4e.LanguageServersRegistry$ExtensionLanguageServerDefinition.createConnectionProvider(LanguageServersRegistry.java:164)
	at org.eclipse.lsp4e.LanguageServerWrapper.lambda$0(LanguageServerWrapper.java:233)
	at java.base/java.util.concurrent.CompletableFuture$AsyncSupply.run(CompletableFuture.java:1768)
	at java.base/java.util.concurrent.CompletableFuture$AsyncSupply.exec(CompletableFuture.java:1760)
	at java.base/java.util.concurrent.ForkJoinTask.doExec(ForkJoinTask.java:373)
	at java.base/java.util.concurrent.ForkJoinPool$WorkQueue.topLevelExec(ForkJoinPool.java:1182)
	at java.base/java.util.concurrent.ForkJoinPool.scan(ForkJoinPool.java:1655)
	at java.base/java.util.concurrent.ForkJoinPool.runWorker(ForkJoinPool.java:1622)
	at java.base/java.util.concurrent.ForkJoinWorkerThread.run(ForkJoinWorkerThread.java:165)
Caused by: org.eclipse.core.runtime.CoreException: プラグイン "org.eclipse.wildwebdeveloper" は、クラス "org.eclipse.wildwebdeveloper.css.CSSLanguageServer" をインスタンス化できませんでした。
	at org.eclipse.core.internal.registry.osgi.RegistryStrategyOSGI.throwException(RegistryStrategyOSGI.java:212)
	at org.eclipse.core.internal.registry.osgi.RegistryStrategyOSGI.createExecutableExtension(RegistryStrategyOSGI.java:206)
	at org.eclipse.core.internal.registry.ExtensionRegistry.createExecutableExtension(ExtensionRegistry.java:920)
	at org.eclipse.core.internal.registry.ConfigurationElement.createExecutableExtension(ConfigurationElement.java:246)
	at org.eclipse.core.internal.registry.ConfigurationElementHandle.createExecutableExtension(ConfigurationElementHandle.java:63)
	at org.eclipse.lsp4e.LanguageServersRegistry$ExtensionLanguageServerDefinition.createConnectionProvider(LanguageServersRegistry.java:161)
	... 8 more
Caused by: java.lang.reflect.InvocationTargetException
	at java.base/jdk.internal.reflect.NativeConstructorAccessorImpl.newInstance0(Native Method)
	at java.base/jdk.internal.reflect.NativeConstructorAccessorImpl.newInstance(NativeConstructorAccessorImpl.java:77)
	at java.base/jdk.internal.reflect.DelegatingConstructorAccessorImpl.newInstance(DelegatingConstructorAccessorImpl.java:45)
	at java.base/java.lang.reflect.Constructor.newInstanceWithCaller(Constructor.java:499)
	at java.base/java.lang.reflect.Constructor.newInstance(Constructor.java:480)
	at org.eclipse.core.internal.registry.osgi.RegistryStrategyOSGI.createExecutableExtension(RegistryStrategyOSGI.java:204)
	... 12 more
Caused by: java.lang.NullPointerException: Cannot invoke "java.io.File.getAbsolutePath()" because the return value of "org.eclipse.wildwebdeveloper.embedder.node.NodeJSManager.getNodeJsLocation()" is null
	at org.eclipse.wildwebdeveloper.css.CSSLanguageServer.<init>(CSSLanguageServer.java:40)
	... 18 more

!ENTRY org.eclipse.lsp4e 4 0 2025-12-22 21:59:32.152
!MESSAGE Cannot invoke "org.eclipse.lsp4e.server.StreamConnectionProvider.getInputStream()" because "this.lspStreamProvider" is null
!STACK 0
java.lang.NullPointerException: Cannot invoke "org.eclipse.lsp4e.server.StreamConnectionProvider.getInputStream()" because "this.lspStreamProvider" is null
	at org.eclipse.lsp4e.LanguageServerWrapper.lambda$1(LanguageServerWrapper.java:284)
	at java.base/java.util.concurrent.CompletableFuture$UniApply.tryFire(CompletableFuture.java:646)
	at java.base/java.util.concurrent.CompletableFuture.postComplete(CompletableFuture.java:510)
	at java.base/java.util.concurrent.CompletableFuture$AsyncSupply.run(CompletableFuture.java:1773)
	at java.base/java.util.concurrent.CompletableFuture$AsyncSupply.exec(CompletableFuture.java:1760)
	at java.base/java.util.concurrent.ForkJoinTask.doExec(ForkJoinTask.java:373)
	at java.base/java.util.concurrent.ForkJoinPool$WorkQueue.topLevelExec(ForkJoinPool.java:1182)
	at java.base/java.util.concurrent.ForkJoinPool.scan(ForkJoinPool.java:1655)
	at java.base/java.util.concurrent.ForkJoinPool.runWorker(ForkJoinPool.java:1622)
	at java.base/java.util.concurrent.ForkJoinWorkerThread.run(ForkJoinWorkerThread.java:165)

!ENTRY org.eclipse.lsp4e 4 0 2025-12-22 21:59:32.218
!MESSAGE プラグイン "org.eclipse.wildwebdeveloper" は、クラス "org.eclipse.wildwebdeveloper.css.CSSLanguageServer" をインスタンス化できませんでした。
!STACK 1
org.eclipse.core.runtime.CoreException: プラグイン "org.eclipse.wildwebdeveloper" は、クラス "org.eclipse.wildwebdeveloper.css.CSSLanguageServer" をインスタンス化できませんでした。
	at org.eclipse.core.internal.registry.osgi.RegistryStrategyOSGI.throwException(RegistryStrategyOSGI.java:212)
	at org.eclipse.core.internal.registry.osgi.RegistryStrategyOSGI.createExecutableExtension(RegistryStrategyOSGI.java:206)
	at org.eclipse.core.internal.registry.ExtensionRegistry.createExecutableExtension(ExtensionRegistry.java:920)
	at org.eclipse.core.internal.registry.ConfigurationElement.createExecutableExtension(ConfigurationElement.java:246)
	at org.eclipse.core.internal.registry.ConfigurationElementHandle.createExecutableExtension(ConfigurationElementHandle.java:63)
	at org.eclipse.lsp4e.LanguageServersRegistry$ExtensionLanguageServerDefinition.createConnectionProvider(LanguageServersRegistry.java:161)
	at org.eclipse.lsp4e.LanguageServerWrapper.lambda$0(LanguageServerWrapper.java:233)
	at java.base/java.util.concurrent.CompletableFuture$AsyncSupply.run(CompletableFuture.java:1768)
	at java.base/java.util.concurrent.CompletableFuture$AsyncSupply.exec(CompletableFuture.java:1760)
	at java.base/java.util.concurrent.ForkJoinTask.doExec(ForkJoinTask.java:373)
	at java.base/java.util.concurrent.ForkJoinPool$WorkQueue.topLevelExec(ForkJoinPool.java:1182)
	at java.base/java.util.concurrent.ForkJoinPool.scan(ForkJoinPool.java:1655)
	at java.base/java.util.concurrent.ForkJoinPool.runWorker(ForkJoinPool.java:1622)
	at java.base/java.util.concurrent.ForkJoinWorkerThread.run(ForkJoinWorkerThread.java:165)
Caused by: java.lang.reflect.InvocationTargetException
	at java.base/jdk.internal.reflect.NativeConstructorAccessorImpl.newInstance0(Native Method)
	at java.base/jdk.internal.reflect.NativeConstructorAccessorImpl.newInstance(NativeConstructorAccessorImpl.java:77)
	at java.base/jdk.internal.reflect.DelegatingConstructorAccessorImpl.newInstance(DelegatingConstructorAccessorImpl.java:45)
	at java.base/java.lang.reflect.Constructor.newInstanceWithCaller(Constructor.java:499)
	at java.base/java.lang.reflect.Constructor.newInstance(Constructor.java:480)
	at org.eclipse.core.internal.registry.osgi.RegistryStrategyOSGI.createExecutableExtension(RegistryStrategyOSGI.java:204)
	... 12 more
Caused by: java.lang.NullPointerException: Cannot invoke "java.io.File.getAbsolutePath()" because the return value of "org.eclipse.wildwebdeveloper.embedder.node.NodeJSManager.getNodeJsLocation()" is null
	at org.eclipse.wildwebdeveloper.css.CSSLanguageServer.<init>(CSSLanguageServer.java:40)
	... 18 more
!SUBENTRY 1 org.eclipse.equinox.registry 4 1 2025-12-22 21:59:32.219
!MESSAGE プラグイン "org.eclipse.wildwebdeveloper" は、クラス "org.eclipse.wildwebdeveloper.css.CSSLanguageServer" をインスタンス化できませんでした。
!STACK 0
java.lang.reflect.InvocationTargetException
	at java.base/jdk.internal.reflect.NativeConstructorAccessorImpl.newInstance0(Native Method)
	at java.base/jdk.internal.reflect.NativeConstructorAccessorImpl.newInstance(NativeConstructorAccessorImpl.java:77)
	at java.base/jdk.internal.reflect.DelegatingConstructorAccessorImpl.newInstance(DelegatingConstructorAccessorImpl.java:45)
	at java.base/java.lang.reflect.Constructor.newInstanceWithCaller(Constructor.java:499)
	at java.base/java.lang.reflect.Constructor.newInstance(Constructor.java:480)
	at org.eclipse.core.internal.registry.osgi.RegistryStrategyOSGI.createExecutableExtension(RegistryStrategyOSGI.java:204)
	at org.eclipse.core.internal.registry.ExtensionRegistry.createExecutableExtension(ExtensionRegistry.java:920)
	at org.eclipse.core.internal.registry.ConfigurationElement.createExecutableExtension(ConfigurationElement.java:246)
	at org.eclipse.core.internal.registry.ConfigurationElementHandle.createExecutableExtension(ConfigurationElementHandle.java:63)
	at org.eclipse.lsp4e.LanguageServersRegistry$ExtensionLanguageServerDefinition.createConnectionProvider(LanguageServersRegistry.java:161)
	at org.eclipse.lsp4e.LanguageServerWrapper.lambda$0(LanguageServerWrapper.java:233)
	at java.base/java.util.concurrent.CompletableFuture$AsyncSupply.run(CompletableFuture.java:1768)
	at java.base/java.util.concurrent.CompletableFuture$AsyncSupply.exec(CompletableFuture.java:1760)
	at java.base/java.util.concurrent.ForkJoinTask.doExec(ForkJoinTask.java:373)
	at java.base/java.util.concurrent.ForkJoinPool$WorkQueue.topLevelExec(ForkJoinPool.java:1182)
	at java.base/java.util.concurrent.ForkJoinPool.scan(ForkJoinPool.java:1655)
	at java.base/java.util.concurrent.ForkJoinPool.runWorker(ForkJoinPool.java:1622)
	at java.base/java.util.concurrent.ForkJoinWorkerThread.run(ForkJoinWorkerThread.java:165)
Caused by: java.lang.NullPointerException: Cannot invoke "java.io.File.getAbsolutePath()" because the return value of "org.eclipse.wildwebdeveloper.embedder.node.NodeJSManager.getNodeJsLocation()" is null
	at org.eclipse.wildwebdeveloper.css.CSSLanguageServer.<init>(CSSLanguageServer.java:40)
	... 18 more
Root exception:
java.lang.NullPointerException: Cannot invoke "java.io.File.getAbsolutePath()" because the return value of "org.eclipse.wildwebdeveloper.embedder.node.NodeJSManager.getNodeJsLocation()" is null
	at org.eclipse.wildwebdeveloper.css.CSSLanguageServer.<init>(CSSLanguageServer.java:40)
	at java.base/jdk.internal.reflect.NativeConstructorAccessorImpl.newInstance0(Native Method)
	at java.base/jdk.internal.reflect.NativeConstructorAccessorImpl.newInstance(NativeConstructorAccessorImpl.java:77)
	at java.base/jdk.internal.reflect.DelegatingConstructorAccessorImpl.newInstance(DelegatingConstructorAccessorImpl.java:45)
	at java.base/java.lang.reflect.Constructor.newInstanceWithCaller(Constructor.java:499)
	at java.base/java.lang.reflect.Constructor.newInstance(Constructor.java:480)
	at org.eclipse.core.internal.registry.osgi.RegistryStrategyOSGI.createExecutableExtension(RegistryStrategyOSGI.java:204)
	at org.eclipse.core.internal.registry.ExtensionRegistry.createExecutableExtension(ExtensionRegistry.java:920)
	at org.eclipse.core.internal.registry.ConfigurationElement.createExecutableExtension(ConfigurationElement.java:246)
	at org.eclipse.core.internal.registry.ConfigurationElementHandle.createExecutableExtension(ConfigurationElementHandle.java:63)
	at org.eclipse.lsp4e.LanguageServersRegistry$ExtensionLanguageServerDefinition.createConnectionProvider(LanguageServersRegistry.java:161)
	at org.eclipse.lsp4e.LanguageServerWrapper.lambda$0(LanguageServerWrapper.java:233)
	at java.base/java.util.concurrent.CompletableFuture$AsyncSupply.run(CompletableFuture.java:1768)
	at java.base/java.util.concurrent.CompletableFuture$AsyncSupply.exec(CompletableFuture.java:1760)
	at java.base/java.util.concurrent.ForkJoinTask.doExec(ForkJoinTask.java:373)
	at java.base/java.util.concurrent.ForkJoinPool$WorkQueue.topLevelExec(ForkJoinPool.java:1182)
	at java.base/java.util.concurrent.ForkJoinPool.scan(ForkJoinPool.java:1655)
	at java.base/java.util.concurrent.ForkJoinPool.runWorker(ForkJoinPool.java:1622)
	at java.base/java.util.concurrent.ForkJoinWorkerThread.run(ForkJoinWorkerThread.java:165)

!ENTRY org.eclipse.lsp4e 4 0 2025-12-22 21:59:32.219
!MESSAGE Exception occurred while creating an instance of the stream connection provider
!STACK 0
java.lang.RuntimeException: Exception occurred while creating an instance of the stream connection provider
	at org.eclipse.lsp4e.LanguageServersRegistry$ExtensionLanguageServerDefinition.createConnectionProvider(LanguageServersRegistry.java:164)
	at org.eclipse.lsp4e.LanguageServerWrapper.lambda$0(LanguageServerWrapper.java:233)
	at java.base/java.util.concurrent.CompletableFuture$AsyncSupply.run(CompletableFuture.java:1768)
	at java.base/java.util.concurrent.CompletableFuture$AsyncSupply.exec(CompletableFuture.java:1760)
	at java.base/java.util.concurrent.ForkJoinTask.doExec(ForkJoinTask.java:373)
	at java.base/java.util.concurrent.ForkJoinPool$WorkQueue.topLevelExec(ForkJoinPool.java:1182)
	at java.base/java.util.concurrent.ForkJoinPool.scan(ForkJoinPool.java:1655)
	at java.base/java.util.concurrent.ForkJoinPool.runWorker(ForkJoinPool.java:1622)
	at java.base/java.util.concurrent.ForkJoinWorkerThread.run(ForkJoinWorkerThread.java:165)
Caused by: org.eclipse.core.runtime.CoreException: プラグイン "org.eclipse.wildwebdeveloper" は、クラス "org.eclipse.wildwebdeveloper.css.CSSLanguageServer" をインスタンス化できませんでした。
	at org.eclipse.core.internal.registry.osgi.RegistryStrategyOSGI.throwException(RegistryStrategyOSGI.java:212)
	at org.eclipse.core.internal.registry.osgi.RegistryStrategyOSGI.createExecutableExtension(RegistryStrategyOSGI.java:206)
	at org.eclipse.core.internal.registry.ExtensionRegistry.createExecutableExtension(ExtensionRegistry.java:920)
	at org.eclipse.core.internal.registry.ConfigurationElement.createExecutableExtension(ConfigurationElement.java:246)
	at org.eclipse.core.internal.registry.ConfigurationElementHandle.createExecutableExtension(ConfigurationElementHandle.java:63)
	at org.eclipse.lsp4e.LanguageServersRegistry$ExtensionLanguageServerDefinition.createConnectionProvider(LanguageServersRegistry.java:161)
	... 8 more
Caused by: java.lang.reflect.InvocationTargetException
	at java.base/jdk.internal.reflect.NativeConstructorAccessorImpl.newInstance0(Native Method)
	at java.base/jdk.internal.reflect.NativeConstructorAccessorImpl.newInstance(NativeConstructorAccessorImpl.java:77)
	at java.base/jdk.internal.reflect.DelegatingConstructorAccessorImpl.newInstance(DelegatingConstructorAccessorImpl.java:45)
	at java.base/java.lang.reflect.Constructor.newInstanceWithCaller(Constructor.java:499)
	at java.base/java.lang.reflect.Constructor.newInstance(Constructor.java:480)
	at org.eclipse.core.internal.registry.osgi.RegistryStrategyOSGI.createExecutableExtension(RegistryStrategyOSGI.java:204)
	... 12 more
Caused by: java.lang.NullPointerException: Cannot invoke "java.io.File.getAbsolutePath()" because the return value of "org.eclipse.wildwebdeveloper.embedder.node.NodeJSManager.getNodeJsLocation()" is null
	at org.eclipse.wildwebdeveloper.css.CSSLanguageServer.<init>(CSSLanguageServer.java:40)
	... 18 more

!ENTRY org.eclipse.lsp4e 4 0 2025-12-22 21:59:32.219
!MESSAGE Cannot invoke "org.eclipse.lsp4e.server.StreamConnectionProvider.getInputStream()" because "this.lspStreamProvider" is null
!STACK 0
java.lang.NullPointerException: Cannot invoke "org.eclipse.lsp4e.server.StreamConnectionProvider.getInputStream()" because "this.lspStreamProvider" is null
	at org.eclipse.lsp4e.LanguageServerWrapper.lambda$1(LanguageServerWrapper.java:284)
	at java.base/java.util.concurrent.CompletableFuture$UniApply.tryFire(CompletableFuture.java:646)
	at java.base/java.util.concurrent.CompletableFuture.postComplete(CompletableFuture.java:510)
	at java.base/java.util.concurrent.CompletableFuture$AsyncSupply.run(CompletableFuture.java:1773)
	at java.base/java.util.concurrent.CompletableFuture$AsyncSupply.exec(CompletableFuture.java:1760)
	at java.base/java.util.concurrent.ForkJoinTask.doExec(ForkJoinTask.java:373)
	at java.base/java.util.concurrent.ForkJoinPool$WorkQueue.topLevelExec(ForkJoinPool.java:1182)
	at java.base/java.util.concurrent.ForkJoinPool.scan(ForkJoinPool.java:1655)
	at java.base/java.util.concurrent.ForkJoinPool.runWorker(ForkJoinPool.java:1622)
	at java.base/java.util.concurrent.ForkJoinWorkerThread.run(ForkJoinWorkerThread.java:165)

!ENTRY org.eclipse.lsp4e 4 0 2025-12-22 21:59:32.444
!MESSAGE プラグイン "org.eclipse.wildwebdeveloper" は、クラス "org.eclipse.wildwebdeveloper.css.CSSLanguageServer" をインスタンス化できませんでした。
!STACK 1
org.eclipse.core.runtime.CoreException: プラグイン "org.eclipse.wildwebdeveloper" は、クラス "org.eclipse.wildwebdeveloper.css.CSSLanguageServer" をインスタンス化できませんでした。
	at org.eclipse.core.internal.registry.osgi.RegistryStrategyOSGI.throwException(RegistryStrategyOSGI.java:212)
	at org.eclipse.core.internal.registry.osgi.RegistryStrategyOSGI.createExecutableExtension(RegistryStrategyOSGI.java:206)
	at org.eclipse.core.internal.registry.ExtensionRegistry.createExecutableExtension(ExtensionRegistry.java:920)
	at org.eclipse.core.internal.registry.ConfigurationElement.createExecutableExtension(ConfigurationElement.java:246)
	at org.eclipse.core.internal.registry.ConfigurationElementHandle.createExecutableExtension(ConfigurationElementHandle.java:63)
	at org.eclipse.lsp4e.LanguageServersRegistry$ExtensionLanguageServerDefinition.createConnectionProvider(LanguageServersRegistry.java:161)
	at org.eclipse.lsp4e.LanguageServerWrapper.lambda$0(LanguageServerWrapper.java:233)
	at java.base/java.util.concurrent.CompletableFuture$AsyncSupply.run(CompletableFuture.java:1768)
	at java.base/java.util.concurrent.CompletableFuture$AsyncSupply.exec(CompletableFuture.java:1760)
	at java.base/java.util.concurrent.ForkJoinTask.doExec(ForkJoinTask.java:373)
	at java.base/java.util.concurrent.ForkJoinPool$WorkQueue.topLevelExec(ForkJoinPool.java:1182)
	at java.base/java.util.concurrent.ForkJoinPool.scan(ForkJoinPool.java:1655)
	at java.base/java.util.concurrent.ForkJoinPool.runWorker(ForkJoinPool.java:1622)
	at java.base/java.util.concurrent.ForkJoinWorkerThread.run(ForkJoinWorkerThread.java:165)
Caused by: java.lang.reflect.InvocationTargetException
	at java.base/jdk.internal.reflect.NativeConstructorAccessorImpl.newInstance0(Native Method)
	at java.base/jdk.internal.reflect.NativeConstructorAccessorImpl.newInstance(NativeConstructorAccessorImpl.java:77)
	at java.base/jdk.internal.reflect.DelegatingConstructorAccessorImpl.newInstance(DelegatingConstructorAccessorImpl.java:45)
	at java.base/java.lang.reflect.Constructor.newInstanceWithCaller(Constructor.java:499)
	at java.base/java.lang.reflect.Constructor.newInstance(Constructor.java:480)
	at org.eclipse.core.internal.registry.osgi.RegistryStrategyOSGI.createExecutableExtension(RegistryStrategyOSGI.java:204)
	... 12 more
Caused by: java.lang.NullPointerException: Cannot invoke "java.io.File.getAbsolutePath()" because the return value of "org.eclipse.wildwebdeveloper.embedder.node.NodeJSManager.getNodeJsLocation()" is null
	at org.eclipse.wildwebdeveloper.css.CSSLanguageServer.<init>(CSSLanguageServer.java:40)
	... 18 more
!SUBENTRY 1 org.eclipse.equinox.registry 4 1 2025-12-22 21:59:32.444
!MESSAGE プラグイン "org.eclipse.wildwebdeveloper" は、クラス "org.eclipse.wildwebdeveloper.css.CSSLanguageServer" をインスタンス化できませんでした。
!STACK 0
java.lang.reflect.InvocationTargetException
	at java.base/jdk.internal.reflect.NativeConstructorAccessorImpl.newInstance0(Native Method)
	at java.base/jdk.internal.reflect.NativeConstructorAccessorImpl.newInstance(NativeConstructorAccessorImpl.java:77)
	at java.base/jdk.internal.reflect.DelegatingConstructorAccessorImpl.newInstance(DelegatingConstructorAccessorImpl.java:45)
	at java.base/java.lang.reflect.Constructor.newInstanceWithCaller(Constructor.java:499)
	at java.base/java.lang.reflect.Constructor.newInstance(Constructor.java:480)
	at org.eclipse.core.internal.registry.osgi.RegistryStrategyOSGI.createExecutableExtension(RegistryStrategyOSGI.java:204)
	at org.eclipse.core.internal.registry.ExtensionRegistry.createExecutableExtension(ExtensionRegistry.java:920)
	at org.eclipse.core.internal.registry.ConfigurationElement.createExecutableExtension(ConfigurationElement.java:246)
	at org.eclipse.core.internal.registry.ConfigurationElementHandle.createExecutableExtension(ConfigurationElementHandle.java:63)
	at org.eclipse.lsp4e.LanguageServersRegistry$ExtensionLanguageServerDefinition.createConnectionProvider(LanguageServersRegistry.java:161)
	at org.eclipse.lsp4e.LanguageServerWrapper.lambda$0(LanguageServerWrapper.java:233)
	at java.base/java.util.concurrent.CompletableFuture$AsyncSupply.run(CompletableFuture.java:1768)
	at java.base/java.util.concurrent.CompletableFuture$AsyncSupply.exec(CompletableFuture.java:1760)
	at java.base/java.util.concurrent.ForkJoinTask.doExec(ForkJoinTask.java:373)
	at java.base/java.util.concurrent.ForkJoinPool$WorkQueue.topLevelExec(ForkJoinPool.java:1182)
	at java.base/java.util.concurrent.ForkJoinPool.scan(ForkJoinPool.java:1655)
	at java.base/java.util.concurrent.ForkJoinPool.runWorker(ForkJoinPool.java:1622)
	at java.base/java.util.concurrent.ForkJoinWorkerThread.run(ForkJoinWorkerThread.java:165)
Caused by: java.lang.NullPointerException: Cannot invoke "java.io.File.getAbsolutePath()" because the return value of "org.eclipse.wildwebdeveloper.embedder.node.NodeJSManager.getNodeJsLocation()" is null
	at org.eclipse.wildwebdeveloper.css.CSSLanguageServer.<init>(CSSLanguageServer.java:40)
	... 18 more
Root exception:
java.lang.NullPointerException: Cannot invoke "java.io.File.getAbsolutePath()" because the return value of "org.eclipse.wildwebdeveloper.embedder.node.NodeJSManager.getNodeJsLocation()" is null
	at org.eclipse.wildwebdeveloper.css.CSSLanguageServer.<init>(CSSLanguageServer.java:40)
	at java.base/jdk.internal.reflect.NativeConstructorAccessorImpl.newInstance0(Native Method)
	at java.base/jdk.internal.reflect.NativeConstructorAccessorImpl.newInstance(NativeConstructorAccessorImpl.java:77)
	at java.base/jdk.internal.reflect.DelegatingConstructorAccessorImpl.newInstance(DelegatingConstructorAccessorImpl.java:45)
	at java.base/java.lang.reflect.Constructor.newInstanceWithCaller(Constructor.java:499)
	at java.base/java.lang.reflect.Constructor.newInstance(Constructor.java:480)
	at org.eclipse.core.internal.registry.osgi.RegistryStrategyOSGI.createExecutableExtension(RegistryStrategyOSGI.java:204)
	at org.eclipse.core.internal.registry.ExtensionRegistry.createExecutableExtension(ExtensionRegistry.java:920)
	at org.eclipse.core.internal.registry.ConfigurationElement.createExecutableExtension(ConfigurationElement.java:246)
	at org.eclipse.core.internal.registry.ConfigurationElementHandle.createExecutableExtension(ConfigurationElementHandle.java:63)
	at org.eclipse.lsp4e.LanguageServersRegistry$ExtensionLanguageServerDefinition.createConnectionProvider(LanguageServersRegistry.java:161)
	at org.eclipse.lsp4e.LanguageServerWrapper.lambda$0(LanguageServerWrapper.java:233)
	at java.base/java.util.concurrent.CompletableFuture$AsyncSupply.run(CompletableFuture.java:1768)
	at java.base/java.util.concurrent.CompletableFuture$AsyncSupply.exec(CompletableFuture.java:1760)
	at java.base/java.util.concurrent.ForkJoinTask.doExec(ForkJoinTask.java:373)
	at java.base/java.util.concurrent.ForkJoinPool$WorkQueue.topLevelExec(ForkJoinPool.java:1182)
	at java.base/java.util.concurrent.ForkJoinPool.scan(ForkJoinPool.java:1655)
	at java.base/java.util.concurrent.ForkJoinPool.runWorker(ForkJoinPool.java:1622)
	at java.base/java.util.concurrent.ForkJoinWorkerThread.run(ForkJoinWorkerThread.java:165)

!ENTRY org.eclipse.lsp4e 4 0 2025-12-22 21:59:32.446
!MESSAGE Exception occurred while creating an instance of the stream connection provider
!STACK 0
java.lang.RuntimeException: Exception occurred while creating an instance of the stream connection provider
	at org.eclipse.lsp4e.LanguageServersRegistry$ExtensionLanguageServerDefinition.createConnectionProvider(LanguageServersRegistry.java:164)
	at org.eclipse.lsp4e.LanguageServerWrapper.lambda$0(LanguageServerWrapper.java:233)
	at java.base/java.util.concurrent.CompletableFuture$AsyncSupply.run(CompletableFuture.java:1768)
	at java.base/java.util.concurrent.CompletableFuture$AsyncSupply.exec(CompletableFuture.java:1760)
	at java.base/java.util.concurrent.ForkJoinTask.doExec(ForkJoinTask.java:373)
	at java.base/java.util.concurrent.ForkJoinPool$WorkQueue.topLevelExec(ForkJoinPool.java:1182)
	at java.base/java.util.concurrent.ForkJoinPool.scan(ForkJoinPool.java:1655)
	at java.base/java.util.concurrent.ForkJoinPool.runWorker(ForkJoinPool.java:1622)
	at java.base/java.util.concurrent.ForkJoinWorkerThread.run(ForkJoinWorkerThread.java:165)
Caused by: org.eclipse.core.runtime.CoreException: プラグイン "org.eclipse.wildwebdeveloper" は、クラス "org.eclipse.wildwebdeveloper.css.CSSLanguageServer" をインスタンス化できませんでした。
	at org.eclipse.core.internal.registry.osgi.RegistryStrategyOSGI.throwException(RegistryStrategyOSGI.java:212)
	at org.eclipse.core.internal.registry.osgi.RegistryStrategyOSGI.createExecutableExtension(RegistryStrategyOSGI.java:206)
	at org.eclipse.core.internal.registry.ExtensionRegistry.createExecutableExtension(ExtensionRegistry.java:920)
	at org.eclipse.core.internal.registry.ConfigurationElement.createExecutableExtension(ConfigurationElement.java:246)
	at org.eclipse.core.internal.registry.ConfigurationElementHandle.createExecutableExtension(ConfigurationElementHandle.java:63)
	at org.eclipse.lsp4e.LanguageServersRegistry$ExtensionLanguageServerDefinition.createConnectionProvider(LanguageServersRegistry.java:161)
	... 8 more
Caused by: java.lang.reflect.InvocationTargetException
	at java.base/jdk.internal.reflect.NativeConstructorAccessorImpl.newInstance0(Native Method)
	at java.base/jdk.internal.reflect.NativeConstructorAccessorImpl.newInstance(NativeConstructorAccessorImpl.java:77)
	at java.base/jdk.internal.reflect.DelegatingConstructorAccessorImpl.newInstance(DelegatingConstructorAccessorImpl.java:45)
	at java.base/java.lang.reflect.Constructor.newInstanceWithCaller(Constructor.java:499)
	at java.base/java.lang.reflect.Constructor.newInstance(Constructor.java:480)
	at org.eclipse.core.internal.registry.osgi.RegistryStrategyOSGI.createExecutableExtension(RegistryStrategyOSGI.java:204)
	... 12 more
Caused by: java.lang.NullPointerException: Cannot invoke "java.io.File.getAbsolutePath()" because the return value of "org.eclipse.wildwebdeveloper.embedder.node.NodeJSManager.getNodeJsLocation()" is null
	at org.eclipse.wildwebdeveloper.css.CSSLanguageServer.<init>(CSSLanguageServer.java:40)
	... 18 more

!ENTRY org.eclipse.lsp4e 4 0 2025-12-22 21:59:32.446
!MESSAGE Cannot invoke "org.eclipse.lsp4e.server.StreamConnectionProvider.getInputStream()" because "this.lspStreamProvider" is null
!STACK 0
java.lang.NullPointerException: Cannot invoke "org.eclipse.lsp4e.server.StreamConnectionProvider.getInputStream()" because "this.lspStreamProvider" is null
	at org.eclipse.lsp4e.LanguageServerWrapper.lambda$1(LanguageServerWrapper.java:284)
	at java.base/java.util.concurrent.CompletableFuture$UniApply.tryFire(CompletableFuture.java:646)
	at java.base/java.util.concurrent.CompletableFuture.postComplete(CompletableFuture.java:510)
	at java.base/java.util.concurrent.CompletableFuture$AsyncSupply.run(CompletableFuture.java:1773)
	at java.base/java.util.concurrent.CompletableFuture$AsyncSupply.exec(CompletableFuture.java:1760)
	at java.base/java.util.concurrent.ForkJoinTask.doExec(ForkJoinTask.java:373)
	at java.base/java.util.concurrent.ForkJoinPool$WorkQueue.topLevelExec(ForkJoinPool.java:1182)
	at java.base/java.util.concurrent.ForkJoinPool.scan(ForkJoinPool.java:1655)
	at java.base/java.util.concurrent.ForkJoinPool.runWorker(ForkJoinPool.java:1622)
	at java.base/java.util.concurrent.ForkJoinWorkerThread.run(ForkJoinWorkerThread.java:165)

!ENTRY org.eclipse.lsp4e 4 0 2025-12-22 21:59:40.159
!MESSAGE プラグイン "org.eclipse.wildwebdeveloper" は、クラス "org.eclipse.wildwebdeveloper.css.CSSLanguageServer" をインスタンス化できませんでした。
!STACK 1
org.eclipse.core.runtime.CoreException: プラグイン "org.eclipse.wildwebdeveloper" は、クラス "org.eclipse.wildwebdeveloper.css.CSSLanguageServer" をインスタンス化できませんでした。
	at org.eclipse.core.internal.registry.osgi.RegistryStrategyOSGI.throwException(RegistryStrategyOSGI.java:212)
	at org.eclipse.core.internal.registry.osgi.RegistryStrategyOSGI.createExecutableExtension(RegistryStrategyOSGI.java:206)
	at org.eclipse.core.internal.registry.ExtensionRegistry.createExecutableExtension(ExtensionRegistry.java:920)
	at org.eclipse.core.internal.registry.ConfigurationElement.createExecutableExtension(ConfigurationElement.java:246)
	at org.eclipse.core.internal.registry.ConfigurationElementHandle.createExecutableExtension(ConfigurationElementHandle.java:63)
	at org.eclipse.lsp4e.LanguageServersRegistry$ExtensionLanguageServerDefinition.createConnectionProvider(LanguageServersRegistry.java:161)
	at org.eclipse.lsp4e.LanguageServerWrapper.lambda$0(LanguageServerWrapper.java:233)
	at java.base/java.util.concurrent.CompletableFuture$AsyncSupply.run(CompletableFuture.java:1768)
	at java.base/java.util.concurrent.CompletableFuture$AsyncSupply.exec(CompletableFuture.java:1760)
	at java.base/java.util.concurrent.ForkJoinTask.doExec(ForkJoinTask.java:373)
	at java.base/java.util.concurrent.ForkJoinPool$WorkQueue.topLevelExec(ForkJoinPool.java:1182)
	at java.base/java.util.concurrent.ForkJoinPool.scan(ForkJoinPool.java:1655)
	at java.base/java.util.concurrent.ForkJoinPool.runWorker(ForkJoinPool.java:1622)
	at java.base/java.util.concurrent.ForkJoinWorkerThread.run(ForkJoinWorkerThread.java:165)
Caused by: java.lang.reflect.InvocationTargetException
	at java.base/jdk.internal.reflect.NativeConstructorAccessorImpl.newInstance0(Native Method)
	at java.base/jdk.internal.reflect.NativeConstructorAccessorImpl.newInstance(NativeConstructorAccessorImpl.java:77)
	at java.base/jdk.internal.reflect.DelegatingConstructorAccessorImpl.newInstance(DelegatingConstructorAccessorImpl.java:45)
	at java.base/java.lang.reflect.Constructor.newInstanceWithCaller(Constructor.java:499)
	at java.base/java.lang.reflect.Constructor.newInstance(Constructor.java:480)
	at org.eclipse.core.internal.registry.osgi.RegistryStrategyOSGI.createExecutableExtension(RegistryStrategyOSGI.java:204)
	... 12 more
Caused by: java.lang.NullPointerException: Cannot invoke "java.io.File.getAbsolutePath()" because the return value of "org.eclipse.wildwebdeveloper.embedder.node.NodeJSManager.getNodeJsLocation()" is null
	at org.eclipse.wildwebdeveloper.css.CSSLanguageServer.<init>(CSSLanguageServer.java:40)
	... 18 more
!SUBENTRY 1 org.eclipse.equinox.registry 4 1 2025-12-22 21:59:40.159
!MESSAGE プラグイン "org.eclipse.wildwebdeveloper" は、クラス "org.eclipse.wildwebdeveloper.css.CSSLanguageServer" をインスタンス化できませんでした。
!STACK 0
java.lang.reflect.InvocationTargetException
	at java.base/jdk.internal.reflect.NativeConstructorAccessorImpl.newInstance0(Native Method)
	at java.base/jdk.internal.reflect.NativeConstructorAccessorImpl.newInstance(NativeConstructorAccessorImpl.java:77)
	at java.base/jdk.internal.reflect.DelegatingConstructorAccessorImpl.newInstance(DelegatingConstructorAccessorImpl.java:45)
	at java.base/java.lang.reflect.Constructor.newInstanceWithCaller(Constructor.java:499)
	at java.base/java.lang.reflect.Constructor.newInstance(Constructor.java:480)
	at org.eclipse.core.internal.registry.osgi.RegistryStrategyOSGI.createExecutableExtension(RegistryStrategyOSGI.java:204)
	at org.eclipse.core.internal.registry.ExtensionRegistry.createExecutableExtension(ExtensionRegistry.java:920)
	at org.eclipse.core.internal.registry.ConfigurationElement.createExecutableExtension(ConfigurationElement.java:246)
	at org.eclipse.core.internal.registry.ConfigurationElementHandle.createExecutableExtension(ConfigurationElementHandle.java:63)
	at org.eclipse.lsp4e.LanguageServersRegistry$ExtensionLanguageServerDefinition.createConnectionProvider(LanguageServersRegistry.java:161)
	at org.eclipse.lsp4e.LanguageServerWrapper.lambda$0(LanguageServerWrapper.java:233)
	at java.base/java.util.concurrent.CompletableFuture$AsyncSupply.run(CompletableFuture.java:1768)
	at java.base/java.util.concurrent.CompletableFuture$AsyncSupply.exec(CompletableFuture.java:1760)
	at java.base/java.util.concurrent.ForkJoinTask.doExec(ForkJoinTask.java:373)
	at java.base/java.util.concurrent.ForkJoinPool$WorkQueue.topLevelExec(ForkJoinPool.java:1182)
	at java.base/java.util.concurrent.ForkJoinPool.scan(ForkJoinPool.java:1655)
	at java.base/java.util.concurrent.ForkJoinPool.runWorker(ForkJoinPool.java:1622)
	at java.base/java.util.concurrent.ForkJoinWorkerThread.run(ForkJoinWorkerThread.java:165)
Caused by: java.lang.NullPointerException: Cannot invoke "java.io.File.getAbsolutePath()" because the return value of "org.eclipse.wildwebdeveloper.embedder.node.NodeJSManager.getNodeJsLocation()" is null
	at org.eclipse.wildwebdeveloper.css.CSSLanguageServer.<init>(CSSLanguageServer.java:40)
	... 18 more
Root exception:
java.lang.NullPointerException: Cannot invoke "java.io.File.getAbsolutePath()" because the return value of "org.eclipse.wildwebdeveloper.embedder.node.NodeJSManager.getNodeJsLocation()" is null
	at org.eclipse.wildwebdeveloper.css.CSSLanguageServer.<init>(CSSLanguageServer.java:40)
	at java.base/jdk.internal.reflect.NativeConstructorAccessorImpl.newInstance0(Native Method)
	at java.base/jdk.internal.reflect.NativeConstructorAccessorImpl.newInstance(NativeConstructorAccessorImpl.java:77)
	at java.base/jdk.internal.reflect.DelegatingConstructorAccessorImpl.newInstance(DelegatingConstructorAccessorImpl.java:45)
	at java.base/java.lang.reflect.Constructor.newInstanceWithCaller(Constructor.java:499)
	at java.base/java.lang.reflect.Constructor.newInstance(Constructor.java:480)
	at org.eclipse.core.internal.registry.osgi.RegistryStrategyOSGI.createExecutableExtension(RegistryStrategyOSGI.java:204)
	at org.eclipse.core.internal.registry.ExtensionRegistry.createExecutableExtension(ExtensionRegistry.java:920)
	at org.eclipse.core.internal.registry.ConfigurationElement.createExecutableExtension(ConfigurationElement.java:246)
	at org.eclipse.core.internal.registry.ConfigurationElementHandle.createExecutableExtension(ConfigurationElementHandle.java:63)
	at org.eclipse.lsp4e.LanguageServersRegistry$ExtensionLanguageServerDefinition.createConnectionProvider(LanguageServersRegistry.java:161)
	at org.eclipse.lsp4e.LanguageServerWrapper.lambda$0(LanguageServerWrapper.java:233)
	at java.base/java.util.concurrent.CompletableFuture$AsyncSupply.run(CompletableFuture.java:1768)
	at java.base/java.util.concurrent.CompletableFuture$AsyncSupply.exec(CompletableFuture.java:1760)
	at java.base/java.util.concurrent.ForkJoinTask.doExec(ForkJoinTask.java:373)
	at java.base/java.util.concurrent.ForkJoinPool$WorkQueue.topLevelExec(ForkJoinPool.java:1182)
	at java.base/java.util.concurrent.ForkJoinPool.scan(ForkJoinPool.java:1655)
	at java.base/java.util.concurrent.ForkJoinPool.runWorker(ForkJoinPool.java:1622)
	at java.base/java.util.concurrent.ForkJoinWorkerThread.run(ForkJoinWorkerThread.java:165)

!ENTRY org.eclipse.lsp4e 4 0 2025-12-22 21:59:40.159
!MESSAGE Exception occurred while creating an instance of the stream connection provider
!STACK 0
java.lang.RuntimeException: Exception occurred while creating an instance of the stream connection provider
	at org.eclipse.lsp4e.LanguageServersRegistry$ExtensionLanguageServerDefinition.createConnectionProvider(LanguageServersRegistry.java:164)
	at org.eclipse.lsp4e.LanguageServerWrapper.lambda$0(LanguageServerWrapper.java:233)
	at java.base/java.util.concurrent.CompletableFuture$AsyncSupply.run(CompletableFuture.java:1768)
	at java.base/java.util.concurrent.CompletableFuture$AsyncSupply.exec(CompletableFuture.java:1760)
	at java.base/java.util.concurrent.ForkJoinTask.doExec(ForkJoinTask.java:373)
	at java.base/java.util.concurrent.ForkJoinPool$WorkQueue.topLevelExec(ForkJoinPool.java:1182)
	at java.base/java.util.concurrent.ForkJoinPool.scan(ForkJoinPool.java:1655)
	at java.base/java.util.concurrent.ForkJoinPool.runWorker(ForkJoinPool.java:1622)
	at java.base/java.util.concurrent.ForkJoinWorkerThread.run(ForkJoinWorkerThread.java:165)
Caused by: org.eclipse.core.runtime.CoreException: プラグイン "org.eclipse.wildwebdeveloper" は、クラス "org.eclipse.wildwebdeveloper.css.CSSLanguageServer" をインスタンス化できませんでした。
	at org.eclipse.core.internal.registry.osgi.RegistryStrategyOSGI.throwException(RegistryStrategyOSGI.java:212)
	at org.eclipse.core.internal.registry.osgi.RegistryStrategyOSGI.createExecutableExtension(RegistryStrategyOSGI.java:206)
	at org.eclipse.core.internal.registry.ExtensionRegistry.createExecutableExtension(ExtensionRegistry.java:920)
	at org.eclipse.core.internal.registry.ConfigurationElement.createExecutableExtension(ConfigurationElement.java:246)
	at org.eclipse.core.internal.registry.ConfigurationElementHandle.createExecutableExtension(ConfigurationElementHandle.java:63)
	at org.eclipse.lsp4e.LanguageServersRegistry$ExtensionLanguageServerDefinition.createConnectionProvider(LanguageServersRegistry.java:161)
	... 8 more
Caused by: java.lang.reflect.InvocationTargetException
	at java.base/jdk.internal.reflect.NativeConstructorAccessorImpl.newInstance0(Native Method)
	at java.base/jdk.internal.reflect.NativeConstructorAccessorImpl.newInstance(NativeConstructorAccessorImpl.java:77)
	at java.base/jdk.internal.reflect.DelegatingConstructorAccessorImpl.newInstance(DelegatingConstructorAccessorImpl.java:45)
	at java.base/java.lang.reflect.Constructor.newInstanceWithCaller(Constructor.java:499)
	at java.base/java.lang.reflect.Constructor.newInstance(Constructor.java:480)
	at org.eclipse.core.internal.registry.osgi.RegistryStrategyOSGI.createExecutableExtension(RegistryStrategyOSGI.java:204)
	... 12 more
Caused by: java.lang.NullPointerException: Cannot invoke "java.io.File.getAbsolutePath()" because the return value of "org.eclipse.wildwebdeveloper.embedder.node.NodeJSManager.getNodeJsLocation()" is null
	at org.eclipse.wildwebdeveloper.css.CSSLanguageServer.<init>(CSSLanguageServer.java:40)
	... 18 more

!ENTRY org.eclipse.jface.text 4 0 2025-12-22 21:59:40.159
!MESSAGE java.lang.RuntimeException: Exception occurred while creating an instance of the stream connection provider
!STACK 0
java.util.concurrent.CompletionException: java.lang.RuntimeException: Exception occurred while creating an instance of the stream connection provider
	at java.base/java.util.concurrent.CompletableFuture.encodeThrowable(CompletableFuture.java:332)
	at java.base/java.util.concurrent.CompletableFuture.completeThrowable(CompletableFuture.java:347)
	at java.base/java.util.concurrent.CompletableFuture$UniApply.tryFire(CompletableFuture.java:636)
	at java.base/java.util.concurrent.CompletableFuture.postComplete(CompletableFuture.java:510)
	at java.base/java.util.concurrent.CompletableFuture.completeExceptionally(CompletableFuture.java:2162)
	at org.eclipse.lsp4e.LanguageServerWrapper.lambda$0(LanguageServerWrapper.java:238)
	at java.base/java.util.concurrent.CompletableFuture$AsyncSupply.run(CompletableFuture.java:1768)
	at java.base/java.util.concurrent.CompletableFuture$AsyncSupply.exec(CompletableFuture.java:1760)
	at java.base/java.util.concurrent.ForkJoinTask.doExec(ForkJoinTask.java:373)
	at java.base/java.util.concurrent.ForkJoinPool$WorkQueue.topLevelExec(ForkJoinPool.java:1182)
	at java.base/java.util.concurrent.ForkJoinPool.scan(ForkJoinPool.java:1655)
	at java.base/java.util.concurrent.ForkJoinPool.runWorker(ForkJoinPool.java:1622)
	at java.base/java.util.concurrent.ForkJoinWorkerThread.run(ForkJoinWorkerThread.java:165)
Caused by: java.lang.RuntimeException: Exception occurred while creating an instance of the stream connection provider
	at org.eclipse.lsp4e.LanguageServersRegistry$ExtensionLanguageServerDefinition.createConnectionProvider(LanguageServersRegistry.java:164)
	at org.eclipse.lsp4e.LanguageServerWrapper.lambda$0(LanguageServerWrapper.java:233)
	... 7 more
Caused by: org.eclipse.core.runtime.CoreException: プラグイン "org.eclipse.wildwebdeveloper" は、クラス "org.eclipse.wildwebdeveloper.css.CSSLanguageServer" をインスタンス化できませんでした。
	at org.eclipse.core.internal.registry.osgi.RegistryStrategyOSGI.throwException(RegistryStrategyOSGI.java:212)
	at org.eclipse.core.internal.registry.osgi.RegistryStrategyOSGI.createExecutableExtension(RegistryStrategyOSGI.java:206)
	at org.eclipse.core.internal.registry.ExtensionRegistry.createExecutableExtension(ExtensionRegistry.java:920)
	at org.eclipse.core.internal.registry.ConfigurationElement.createExecutableExtension(ConfigurationElement.java:246)
	at org.eclipse.core.internal.registry.ConfigurationElementHandle.createExecutableExtension(ConfigurationElementHandle.java:63)
	at org.eclipse.lsp4e.LanguageServersRegistry$ExtensionLanguageServerDefinition.createConnectionProvider(LanguageServersRegistry.java:161)
	... 8 more
Caused by: java.lang.reflect.InvocationTargetException
	at java.base/jdk.internal.reflect.NativeConstructorAccessorImpl.newInstance0(Native Method)
	at java.base/jdk.internal.reflect.NativeConstructorAccessorImpl.newInstance(NativeConstructorAccessorImpl.java:77)
	at java.base/jdk.internal.reflect.DelegatingConstructorAccessorImpl.newInstance(DelegatingConstructorAccessorImpl.java:45)
	at java.base/java.lang.reflect.Constructor.newInstanceWithCaller(Constructor.java:499)
	at java.base/java.lang.reflect.Constructor.newInstance(Constructor.java:480)
	at org.eclipse.core.internal.registry.osgi.RegistryStrategyOSGI.createExecutableExtension(RegistryStrategyOSGI.java:204)
	... 12 more
Caused by: java.lang.NullPointerException: Cannot invoke "java.io.File.getAbsolutePath()" because the return value of "org.eclipse.wildwebdeveloper.embedder.node.NodeJSManager.getNodeJsLocation()" is null
	at org.eclipse.wildwebdeveloper.css.CSSLanguageServer.<init>(CSSLanguageServer.java:40)
	... 18 more

!ENTRY org.eclipse.jface.text 4 0 2025-12-22 21:59:40.159
!MESSAGE java.lang.RuntimeException: Exception occurred while creating an instance of the stream connection provider
!STACK 0
java.util.concurrent.CompletionException: java.lang.RuntimeException: Exception occurred while creating an instance of the stream connection provider
	at java.base/java.util.concurrent.CompletableFuture.encodeThrowable(CompletableFuture.java:332)
	at java.base/java.util.concurrent.CompletableFuture.completeThrowable(CompletableFuture.java:347)
	at java.base/java.util.concurrent.CompletableFuture$UniApply.tryFire(CompletableFuture.java:636)
	at java.base/java.util.concurrent.CompletableFuture.postComplete(CompletableFuture.java:510)
	at java.base/java.util.concurrent.CompletableFuture.completeExceptionally(CompletableFuture.java:2162)
	at org.eclipse.lsp4e.LanguageServerWrapper.lambda$0(LanguageServerWrapper.java:238)
	at java.base/java.util.concurrent.CompletableFuture$AsyncSupply.run(CompletableFuture.java:1768)
	at java.base/java.util.concurrent.CompletableFuture$AsyncSupply.exec(CompletableFuture.java:1760)
	at java.base/java.util.concurrent.ForkJoinTask.doExec(ForkJoinTask.java:373)
	at java.base/java.util.concurrent.ForkJoinPool$WorkQueue.topLevelExec(ForkJoinPool.java:1182)
	at java.base/java.util.concurrent.ForkJoinPool.scan(ForkJoinPool.java:1655)
	at java.base/java.util.concurrent.ForkJoinPool.runWorker(ForkJoinPool.java:1622)
	at java.base/java.util.concurrent.ForkJoinWorkerThread.run(ForkJoinWorkerThread.java:165)
Caused by: java.lang.RuntimeException: Exception occurred while creating an instance of the stream connection provider
	at org.eclipse.lsp4e.LanguageServersRegistry$ExtensionLanguageServerDefinition.createConnectionProvider(LanguageServersRegistry.java:164)
	at org.eclipse.lsp4e.LanguageServerWrapper.lambda$0(LanguageServerWrapper.java:233)
	... 7 more
Caused by: org.eclipse.core.runtime.CoreException: プラグイン "org.eclipse.wildwebdeveloper" は、クラス "org.eclipse.wildwebdeveloper.css.CSSLanguageServer" をインスタンス化できませんでした。
	at org.eclipse.core.internal.registry.osgi.RegistryStrategyOSGI.throwException(RegistryStrategyOSGI.java:212)
	at org.eclipse.core.internal.registry.osgi.RegistryStrategyOSGI.createExecutableExtension(RegistryStrategyOSGI.java:206)
	at org.eclipse.core.internal.registry.ExtensionRegistry.createExecutableExtension(ExtensionRegistry.java:920)
	at org.eclipse.core.internal.registry.ConfigurationElement.createExecutableExtension(ConfigurationElement.java:246)
	at org.eclipse.core.internal.registry.ConfigurationElementHandle.createExecutableExtension(ConfigurationElementHandle.java:63)
	at org.eclipse.lsp4e.LanguageServersRegistry$ExtensionLanguageServerDefinition.createConnectionProvider(LanguageServersRegistry.java:161)
	... 8 more
Caused by: java.lang.reflect.InvocationTargetException
	at java.base/jdk.internal.reflect.NativeConstructorAccessorImpl.newInstance0(Native Method)
	at java.base/jdk.internal.reflect.NativeConstructorAccessorImpl.newInstance(NativeConstructorAccessorImpl.java:77)
	at java.base/jdk.internal.reflect.DelegatingConstructorAccessorImpl.newInstance(DelegatingConstructorAccessorImpl.java:45)
	at java.base/java.lang.reflect.Constructor.newInstanceWithCaller(Constructor.java:499)
	at java.base/java.lang.reflect.Constructor.newInstance(Constructor.java:480)
	at org.eclipse.core.internal.registry.osgi.RegistryStrategyOSGI.createExecutableExtension(RegistryStrategyOSGI.java:204)
	... 12 more
Caused by: java.lang.NullPointerException: Cannot invoke "java.io.File.getAbsolutePath()" because the return value of "org.eclipse.wildwebdeveloper.embedder.node.NodeJSManager.getNodeJsLocation()" is null
	at org.eclipse.wildwebdeveloper.css.CSSLanguageServer.<init>(CSSLanguageServer.java:40)
	... 18 more

!ENTRY org.eclipse.lsp4e 4 0 2025-12-22 21:59:40.160
!MESSAGE Cannot invoke "org.eclipse.lsp4e.server.StreamConnectionProvider.getInputStream()" because "this.lspStreamProvider" is null
!STACK 0
java.lang.NullPointerException: Cannot invoke "org.eclipse.lsp4e.server.StreamConnectionProvider.getInputStream()" because "this.lspStreamProvider" is null
	at org.eclipse.lsp4e.LanguageServerWrapper.lambda$1(LanguageServerWrapper.java:284)
	at java.base/java.util.concurrent.CompletableFuture$UniApply.tryFire(CompletableFuture.java:646)
	at java.base/java.util.concurrent.CompletableFuture.postComplete(CompletableFuture.java:510)
	at java.base/java.util.concurrent.CompletableFuture$AsyncSupply.run(CompletableFuture.java:1773)
	at java.base/java.util.concurrent.CompletableFuture$AsyncSupply.exec(CompletableFuture.java:1760)
	at java.base/java.util.concurrent.ForkJoinTask.doExec(ForkJoinTask.java:373)
	at java.base/java.util.concurrent.ForkJoinPool$WorkQueue.topLevelExec(ForkJoinPool.java:1182)
	at java.base/java.util.concurrent.ForkJoinPool.scan(ForkJoinPool.java:1655)
	at java.base/java.util.concurrent.ForkJoinPool.runWorker(ForkJoinPool.java:1622)
	at java.base/java.util.concurrent.ForkJoinWorkerThread.run(ForkJoinWorkerThread.java:165)

!ENTRY org.eclipse.lsp4e 4 0 2025-12-22 21:59:40.225
!MESSAGE プラグイン "org.eclipse.wildwebdeveloper" は、クラス "org.eclipse.wildwebdeveloper.css.CSSLanguageServer" をインスタンス化できませんでした。
!STACK 1
org.eclipse.core.runtime.CoreException: プラグイン "org.eclipse.wildwebdeveloper" は、クラス "org.eclipse.wildwebdeveloper.css.CSSLanguageServer" をインスタンス化できませんでした。
	at org.eclipse.core.internal.registry.osgi.RegistryStrategyOSGI.throwException(RegistryStrategyOSGI.java:212)
	at org.eclipse.core.internal.registry.osgi.RegistryStrategyOSGI.createExecutableExtension(RegistryStrategyOSGI.java:206)
	at org.eclipse.core.internal.registry.ExtensionRegistry.createExecutableExtension(ExtensionRegistry.java:920)
	at org.eclipse.core.internal.registry.ConfigurationElement.createExecutableExtension(ConfigurationElement.java:246)
	at org.eclipse.core.internal.registry.ConfigurationElementHandle.createExecutableExtension(ConfigurationElementHandle.java:63)
	at org.eclipse.lsp4e.LanguageServersRegistry$ExtensionLanguageServerDefinition.createConnectionProvider(LanguageServersRegistry.java:161)
	at org.eclipse.lsp4e.LanguageServerWrapper.lambda$0(LanguageServerWrapper.java:233)
	at java.base/java.util.concurrent.CompletableFuture$AsyncSupply.run(CompletableFuture.java:1768)
	at java.base/java.util.concurrent.CompletableFuture$AsyncSupply.exec(CompletableFuture.java:1760)
	at java.base/java.util.concurrent.ForkJoinTask.doExec(ForkJoinTask.java:373)
	at java.base/java.util.concurrent.ForkJoinPool$WorkQueue.topLevelExec(ForkJoinPool.java:1182)
	at java.base/java.util.concurrent.ForkJoinPool.scan(ForkJoinPool.java:1655)
	at java.base/java.util.concurrent.ForkJoinPool.runWorker(ForkJoinPool.java:1622)
	at java.base/java.util.concurrent.ForkJoinWorkerThread.run(ForkJoinWorkerThread.java:165)
Caused by: java.lang.reflect.InvocationTargetException
	at java.base/jdk.internal.reflect.NativeConstructorAccessorImpl.newInstance0(Native Method)
	at java.base/jdk.internal.reflect.NativeConstructorAccessorImpl.newInstance(NativeConstructorAccessorImpl.java:77)
	at java.base/jdk.internal.reflect.DelegatingConstructorAccessorImpl.newInstance(DelegatingConstructorAccessorImpl.java:45)
	at java.base/java.lang.reflect.Constructor.newInstanceWithCaller(Constructor.java:499)
	at java.base/java.lang.reflect.Constructor.newInstance(Constructor.java:480)
	at org.eclipse.core.internal.registry.osgi.RegistryStrategyOSGI.createExecutableExtension(RegistryStrategyOSGI.java:204)
	... 12 more
Caused by: java.lang.NullPointerException: Cannot invoke "java.io.File.getAbsolutePath()" because the return value of "org.eclipse.wildwebdeveloper.embedder.node.NodeJSManager.getNodeJsLocation()" is null
	at org.eclipse.wildwebdeveloper.css.CSSLanguageServer.<init>(CSSLanguageServer.java:40)
	... 18 more
!SUBENTRY 1 org.eclipse.equinox.registry 4 1 2025-12-22 21:59:40.225
!MESSAGE プラグイン "org.eclipse.wildwebdeveloper" は、クラス "org.eclipse.wildwebdeveloper.css.CSSLanguageServer" をインスタンス化できませんでした。
!STACK 0
java.lang.reflect.InvocationTargetException
	at java.base/jdk.internal.reflect.NativeConstructorAccessorImpl.newInstance0(Native Method)
	at java.base/jdk.internal.reflect.NativeConstructorAccessorImpl.newInstance(NativeConstructorAccessorImpl.java:77)
	at java.base/jdk.internal.reflect.DelegatingConstructorAccessorImpl.newInstance(DelegatingConstructorAccessorImpl.java:45)
	at java.base/java.lang.reflect.Constructor.newInstanceWithCaller(Constructor.java:499)
	at java.base/java.lang.reflect.Constructor.newInstance(Constructor.java:480)
	at org.eclipse.core.internal.registry.osgi.RegistryStrategyOSGI.createExecutableExtension(RegistryStrategyOSGI.java:204)
	at org.eclipse.core.internal.registry.ExtensionRegistry.createExecutableExtension(ExtensionRegistry.java:920)
	at org.eclipse.core.internal.registry.ConfigurationElement.createExecutableExtension(ConfigurationElement.java:246)
	at org.eclipse.core.internal.registry.ConfigurationElementHandle.createExecutableExtension(ConfigurationElementHandle.java:63)
	at org.eclipse.lsp4e.LanguageServersRegistry$ExtensionLanguageServerDefinition.createConnectionProvider(LanguageServersRegistry.java:161)
	at org.eclipse.lsp4e.LanguageServerWrapper.lambda$0(LanguageServerWrapper.java:233)
	at java.base/java.util.concurrent.CompletableFuture$AsyncSupply.run(CompletableFuture.java:1768)
	at java.base/java.util.concurrent.CompletableFuture$AsyncSupply.exec(CompletableFuture.java:1760)
	at java.base/java.util.concurrent.ForkJoinTask.doExec(ForkJoinTask.java:373)
	at java.base/java.util.concurrent.ForkJoinPool$WorkQueue.topLevelExec(ForkJoinPool.java:1182)
	at java.base/java.util.concurrent.ForkJoinPool.scan(ForkJoinPool.java:1655)
	at java.base/java.util.concurrent.ForkJoinPool.runWorker(ForkJoinPool.java:1622)
	at java.base/java.util.concurrent.ForkJoinWorkerThread.run(ForkJoinWorkerThread.java:165)
Caused by: java.lang.NullPointerException: Cannot invoke "java.io.File.getAbsolutePath()" because the return value of "org.eclipse.wildwebdeveloper.embedder.node.NodeJSManager.getNodeJsLocation()" is null
	at org.eclipse.wildwebdeveloper.css.CSSLanguageServer.<init>(CSSLanguageServer.java:40)
	... 18 more
Root exception:
java.lang.NullPointerException: Cannot invoke "java.io.File.getAbsolutePath()" because the return value of "org.eclipse.wildwebdeveloper.embedder.node.NodeJSManager.getNodeJsLocation()" is null
	at org.eclipse.wildwebdeveloper.css.CSSLanguageServer.<init>(CSSLanguageServer.java:40)
	at java.base/jdk.internal.reflect.NativeConstructorAccessorImpl.newInstance0(Native Method)
	at java.base/jdk.internal.reflect.NativeConstructorAccessorImpl.newInstance(NativeConstructorAccessorImpl.java:77)
	at java.base/jdk.internal.reflect.DelegatingConstructorAccessorImpl.newInstance(DelegatingConstructorAccessorImpl.java:45)
	at java.base/java.lang.reflect.Constructor.newInstanceWithCaller(Constructor.java:499)
	at java.base/java.lang.reflect.Constructor.newInstance(Constructor.java:480)
	at org.eclipse.core.internal.registry.osgi.RegistryStrategyOSGI.createExecutableExtension(RegistryStrategyOSGI.java:204)
	at org.eclipse.core.internal.registry.ExtensionRegistry.createExecutableExtension(ExtensionRegistry.java:920)
	at org.eclipse.core.internal.registry.ConfigurationElement.createExecutableExtension(ConfigurationElement.java:246)
	at org.eclipse.core.internal.registry.ConfigurationElementHandle.createExecutableExtension(ConfigurationElementHandle.java:63)
	at org.eclipse.lsp4e.LanguageServersRegistry$ExtensionLanguageServerDefinition.createConnectionProvider(LanguageServersRegistry.java:161)
	at org.eclipse.lsp4e.LanguageServerWrapper.lambda$0(LanguageServerWrapper.java:233)
	at java.base/java.util.concurrent.CompletableFuture$AsyncSupply.run(CompletableFuture.java:1768)
	at java.base/java.util.concurrent.CompletableFuture$AsyncSupply.exec(CompletableFuture.java:1760)
	at java.base/java.util.concurrent.ForkJoinTask.doExec(ForkJoinTask.java:373)
	at java.base/java.util.concurrent.ForkJoinPool$WorkQueue.topLevelExec(ForkJoinPool.java:1182)
	at java.base/java.util.concurrent.ForkJoinPool.scan(ForkJoinPool.java:1655)
	at java.base/java.util.concurrent.ForkJoinPool.runWorker(ForkJoinPool.java:1622)
	at java.base/java.util.concurrent.ForkJoinWorkerThread.run(ForkJoinWorkerThread.java:165)

!ENTRY org.eclipse.lsp4e 4 0 2025-12-22 21:59:40.226
!MESSAGE Exception occurred while creating an instance of the stream connection provider
!STACK 0
java.lang.RuntimeException: Exception occurred while creating an instance of the stream connection provider
	at org.eclipse.lsp4e.LanguageServersRegistry$ExtensionLanguageServerDefinition.createConnectionProvider(LanguageServersRegistry.java:164)
	at org.eclipse.lsp4e.LanguageServerWrapper.lambda$0(LanguageServerWrapper.java:233)
	at java.base/java.util.concurrent.CompletableFuture$AsyncSupply.run(CompletableFuture.java:1768)
	at java.base/java.util.concurrent.CompletableFuture$AsyncSupply.exec(CompletableFuture.java:1760)
	at java.base/java.util.concurrent.ForkJoinTask.doExec(ForkJoinTask.java:373)
	at java.base/java.util.concurrent.ForkJoinPool$WorkQueue.topLevelExec(ForkJoinPool.java:1182)
	at java.base/java.util.concurrent.ForkJoinPool.scan(ForkJoinPool.java:1655)
	at java.base/java.util.concurrent.ForkJoinPool.runWorker(ForkJoinPool.java:1622)
	at java.base/java.util.concurrent.ForkJoinWorkerThread.run(ForkJoinWorkerThread.java:165)
Caused by: org.eclipse.core.runtime.CoreException: プラグイン "org.eclipse.wildwebdeveloper" は、クラス "org.eclipse.wildwebdeveloper.css.CSSLanguageServer" をインスタンス化できませんでした。
	at org.eclipse.core.internal.registry.osgi.RegistryStrategyOSGI.throwException(RegistryStrategyOSGI.java:212)
	at org.eclipse.core.internal.registry.osgi.RegistryStrategyOSGI.createExecutableExtension(RegistryStrategyOSGI.java:206)
	at org.eclipse.core.internal.registry.ExtensionRegistry.createExecutableExtension(ExtensionRegistry.java:920)
	at org.eclipse.core.internal.registry.ConfigurationElement.createExecutableExtension(ConfigurationElement.java:246)
	at org.eclipse.core.internal.registry.ConfigurationElementHandle.createExecutableExtension(ConfigurationElementHandle.java:63)
	at org.eclipse.lsp4e.LanguageServersRegistry$ExtensionLanguageServerDefinition.createConnectionProvider(LanguageServersRegistry.java:161)
	... 8 more
Caused by: java.lang.reflect.InvocationTargetException
	at java.base/jdk.internal.reflect.NativeConstructorAccessorImpl.newInstance0(Native Method)
	at java.base/jdk.internal.reflect.NativeConstructorAccessorImpl.newInstance(NativeConstructorAccessorImpl.java:77)
	at java.base/jdk.internal.reflect.DelegatingConstructorAccessorImpl.newInstance(DelegatingConstructorAccessorImpl.java:45)
	at java.base/java.lang.reflect.Constructor.newInstanceWithCaller(Constructor.java:499)
	at java.base/java.lang.reflect.Constructor.newInstance(Constructor.java:480)
	at org.eclipse.core.internal.registry.osgi.RegistryStrategyOSGI.createExecutableExtension(RegistryStrategyOSGI.java:204)
	... 12 more
Caused by: java.lang.NullPointerException: Cannot invoke "java.io.File.getAbsolutePath()" because the return value of "org.eclipse.wildwebdeveloper.embedder.node.NodeJSManager.getNodeJsLocation()" is null
	at org.eclipse.wildwebdeveloper.css.CSSLanguageServer.<init>(CSSLanguageServer.java:40)
	... 18 more

!ENTRY org.eclipse.lsp4e 4 0 2025-12-22 21:59:40.226
!MESSAGE Cannot invoke "org.eclipse.lsp4e.server.StreamConnectionProvider.getInputStream()" because "this.lspStreamProvider" is null
!STACK 0
java.lang.NullPointerException: Cannot invoke "org.eclipse.lsp4e.server.StreamConnectionProvider.getInputStream()" because "this.lspStreamProvider" is null
	at org.eclipse.lsp4e.LanguageServerWrapper.lambda$1(LanguageServerWrapper.java:284)
	at java.base/java.util.concurrent.CompletableFuture$UniApply.tryFire(CompletableFuture.java:646)
	at java.base/java.util.concurrent.CompletableFuture.postComplete(CompletableFuture.java:510)
	at java.base/java.util.concurrent.CompletableFuture$AsyncSupply.run(CompletableFuture.java:1773)
	at java.base/java.util.concurrent.CompletableFuture$AsyncSupply.exec(CompletableFuture.java:1760)
	at java.base/java.util.concurrent.ForkJoinTask.doExec(ForkJoinTask.java:373)
	at java.base/java.util.concurrent.ForkJoinPool$WorkQueue.topLevelExec(ForkJoinPool.java:1182)
	at java.base/java.util.concurrent.ForkJoinPool.scan(ForkJoinPool.java:1655)
	at java.base/java.util.concurrent.ForkJoinPool.runWorker(ForkJoinPool.java:1622)
	at java.base/java.util.concurrent.ForkJoinWorkerThread.run(ForkJoinWorkerThread.java:165)

!ENTRY org.eclipse.lsp4e 4 0 2025-12-22 21:59:40.284
!MESSAGE プラグイン "org.eclipse.wildwebdeveloper" は、クラス "org.eclipse.wildwebdeveloper.css.CSSLanguageServer" をインスタンス化できませんでした。
!STACK 1
org.eclipse.core.runtime.CoreException: プラグイン "org.eclipse.wildwebdeveloper" は、クラス "org.eclipse.wildwebdeveloper.css.CSSLanguageServer" をインスタンス化できませんでした。
	at org.eclipse.core.internal.registry.osgi.RegistryStrategyOSGI.throwException(RegistryStrategyOSGI.java:212)
	at org.eclipse.core.internal.registry.osgi.RegistryStrategyOSGI.createExecutableExtension(RegistryStrategyOSGI.java:206)
	at org.eclipse.core.internal.registry.ExtensionRegistry.createExecutableExtension(ExtensionRegistry.java:920)
	at org.eclipse.core.internal.registry.ConfigurationElement.createExecutableExtension(ConfigurationElement.java:246)
	at org.eclipse.core.internal.registry.ConfigurationElementHandle.createExecutableExtension(ConfigurationElementHandle.java:63)
	at org.eclipse.lsp4e.LanguageServersRegistry$ExtensionLanguageServerDefinition.createConnectionProvider(LanguageServersRegistry.java:161)
	at org.eclipse.lsp4e.LanguageServerWrapper.lambda$0(LanguageServerWrapper.java:233)
	at java.base/java.util.concurrent.CompletableFuture$AsyncSupply.run(CompletableFuture.java:1768)
	at java.base/java.util.concurrent.CompletableFuture$AsyncSupply.exec(CompletableFuture.java:1760)
	at java.base/java.util.concurrent.ForkJoinTask.doExec(ForkJoinTask.java:373)
	at java.base/java.util.concurrent.ForkJoinPool$WorkQueue.topLevelExec(ForkJoinPool.java:1182)
	at java.base/java.util.concurrent.ForkJoinPool.scan(ForkJoinPool.java:1655)
	at java.base/java.util.concurrent.ForkJoinPool.runWorker(ForkJoinPool.java:1622)
	at java.base/java.util.concurrent.ForkJoinWorkerThread.run(ForkJoinWorkerThread.java:165)
Caused by: java.lang.reflect.InvocationTargetException
	at java.base/jdk.internal.reflect.NativeConstructorAccessorImpl.newInstance0(Native Method)
	at java.base/jdk.internal.reflect.NativeConstructorAccessorImpl.newInstance(NativeConstructorAccessorImpl.java:77)
	at java.base/jdk.internal.reflect.DelegatingConstructorAccessorImpl.newInstance(DelegatingConstructorAccessorImpl.java:45)
	at java.base/java.lang.reflect.Constructor.newInstanceWithCaller(Constructor.java:499)
	at java.base/java.lang.reflect.Constructor.newInstance(Constructor.java:480)
	at org.eclipse.core.internal.registry.osgi.RegistryStrategyOSGI.createExecutableExtension(RegistryStrategyOSGI.java:204)
	... 12 more
Caused by: java.lang.NullPointerException: Cannot invoke "java.io.File.getAbsolutePath()" because the return value of "org.eclipse.wildwebdeveloper.embedder.node.NodeJSManager.getNodeJsLocation()" is null
	at org.eclipse.wildwebdeveloper.css.CSSLanguageServer.<init>(CSSLanguageServer.java:40)
	... 18 more
!SUBENTRY 1 org.eclipse.equinox.registry 4 1 2025-12-22 21:59:40.284
!MESSAGE プラグイン "org.eclipse.wildwebdeveloper" は、クラス "org.eclipse.wildwebdeveloper.css.CSSLanguageServer" をインスタンス化できませんでした。
!STACK 0
java.lang.reflect.InvocationTargetException
	at java.base/jdk.internal.reflect.NativeConstructorAccessorImpl.newInstance0(Native Method)
	at java.base/jdk.internal.reflect.NativeConstructorAccessorImpl.newInstance(NativeConstructorAccessorImpl.java:77)
	at java.base/jdk.internal.reflect.DelegatingConstructorAccessorImpl.newInstance(DelegatingConstructorAccessorImpl.java:45)
	at java.base/java.lang.reflect.Constructor.newInstanceWithCaller(Constructor.java:499)
	at java.base/java.lang.reflect.Constructor.newInstance(Constructor.java:480)
	at org.eclipse.core.internal.registry.osgi.RegistryStrategyOSGI.createExecutableExtension(RegistryStrategyOSGI.java:204)
	at org.eclipse.core.internal.registry.ExtensionRegistry.createExecutableExtension(ExtensionRegistry.java:920)
	at org.eclipse.core.internal.registry.ConfigurationElement.createExecutableExtension(ConfigurationElement.java:246)
	at org.eclipse.core.internal.registry.ConfigurationElementHandle.createExecutableExtension(ConfigurationElementHandle.java:63)
	at org.eclipse.lsp4e.LanguageServersRegistry$ExtensionLanguageServerDefinition.createConnectionProvider(LanguageServersRegistry.java:161)
	at org.eclipse.lsp4e.LanguageServerWrapper.lambda$0(LanguageServerWrapper.java:233)
	at java.base/java.util.concurrent.CompletableFuture$AsyncSupply.run(CompletableFuture.java:1768)
	at java.base/java.util.concurrent.CompletableFuture$AsyncSupply.exec(CompletableFuture.java:1760)
	at java.base/java.util.concurrent.ForkJoinTask.doExec(ForkJoinTask.java:373)
	at java.base/java.util.concurrent.ForkJoinPool$WorkQueue.topLevelExec(ForkJoinPool.java:1182)
	at java.base/java.util.concurrent.ForkJoinPool.scan(ForkJoinPool.java:1655)
	at java.base/java.util.concurrent.ForkJoinPool.runWorker(ForkJoinPool.java:1622)
	at java.base/java.util.concurrent.ForkJoinWorkerThread.run(ForkJoinWorkerThread.java:165)
Caused by: java.lang.NullPointerException: Cannot invoke "java.io.File.getAbsolutePath()" because the return value of "org.eclipse.wildwebdeveloper.embedder.node.NodeJSManager.getNodeJsLocation()" is null
	at org.eclipse.wildwebdeveloper.css.CSSLanguageServer.<init>(CSSLanguageServer.java:40)
	... 18 more
Root exception:
java.lang.NullPointerException: Cannot invoke "java.io.File.getAbsolutePath()" because the return value of "org.eclipse.wildwebdeveloper.embedder.node.NodeJSManager.getNodeJsLocation()" is null
	at org.eclipse.wildwebdeveloper.css.CSSLanguageServer.<init>(CSSLanguageServer.java:40)
	at java.base/jdk.internal.reflect.NativeConstructorAccessorImpl.newInstance0(Native Method)
	at java.base/jdk.internal.reflect.NativeConstructorAccessorImpl.newInstance(NativeConstructorAccessorImpl.java:77)
	at java.base/jdk.internal.reflect.DelegatingConstructorAccessorImpl.newInstance(DelegatingConstructorAccessorImpl.java:45)
	at java.base/java.lang.reflect.Constructor.newInstanceWithCaller(Constructor.java:499)
	at java.base/java.lang.reflect.Constructor.newInstance(Constructor.java:480)
	at org.eclipse.core.internal.registry.osgi.RegistryStrategyOSGI.createExecutableExtension(RegistryStrategyOSGI.java:204)
	at org.eclipse.core.internal.registry.ExtensionRegistry.createExecutableExtension(ExtensionRegistry.java:920)
	at org.eclipse.core.internal.registry.ConfigurationElement.createExecutableExtension(ConfigurationElement.java:246)
	at org.eclipse.core.internal.registry.ConfigurationElementHandle.createExecutableExtension(ConfigurationElementHandle.java:63)
	at org.eclipse.lsp4e.LanguageServersRegistry$ExtensionLanguageServerDefinition.createConnectionProvider(LanguageServersRegistry.java:161)
	at org.eclipse.lsp4e.LanguageServerWrapper.lambda$0(LanguageServerWrapper.java:233)
	at java.base/java.util.concurrent.CompletableFuture$AsyncSupply.run(CompletableFuture.java:1768)
	at java.base/java.util.concurrent.CompletableFuture$AsyncSupply.exec(CompletableFuture.java:1760)
	at java.base/java.util.concurrent.ForkJoinTask.doExec(ForkJoinTask.java:373)
	at java.base/java.util.concurrent.ForkJoinPool$WorkQueue.topLevelExec(ForkJoinPool.java:1182)
	at java.base/java.util.concurrent.ForkJoinPool.scan(ForkJoinPool.java:1655)
	at java.base/java.util.concurrent.ForkJoinPool.runWorker(ForkJoinPool.java:1622)
	at java.base/java.util.concurrent.ForkJoinWorkerThread.run(ForkJoinWorkerThread.java:165)

!ENTRY org.eclipse.lsp4e 4 0 2025-12-22 21:59:40.284
!MESSAGE Exception occurred while creating an instance of the stream connection provider
!STACK 0
java.lang.RuntimeException: Exception occurred while creating an instance of the stream connection provider
	at org.eclipse.lsp4e.LanguageServersRegistry$ExtensionLanguageServerDefinition.createConnectionProvider(LanguageServersRegistry.java:164)
	at org.eclipse.lsp4e.LanguageServerWrapper.lambda$0(LanguageServerWrapper.java:233)
	at java.base/java.util.concurrent.CompletableFuture$AsyncSupply.run(CompletableFuture.java:1768)
	at java.base/java.util.concurrent.CompletableFuture$AsyncSupply.exec(CompletableFuture.java:1760)
	at java.base/java.util.concurrent.ForkJoinTask.doExec(ForkJoinTask.java:373)
	at java.base/java.util.concurrent.ForkJoinPool$WorkQueue.topLevelExec(ForkJoinPool.java:1182)
	at java.base/java.util.concurrent.ForkJoinPool.scan(ForkJoinPool.java:1655)
	at java.base/java.util.concurrent.ForkJoinPool.runWorker(ForkJoinPool.java:1622)
	at java.base/java.util.concurrent.ForkJoinWorkerThread.run(ForkJoinWorkerThread.java:165)
Caused by: org.eclipse.core.runtime.CoreException: プラグイン "org.eclipse.wildwebdeveloper" は、クラス "org.eclipse.wildwebdeveloper.css.CSSLanguageServer" をインスタンス化できませんでした。
	at org.eclipse.core.internal.registry.osgi.RegistryStrategyOSGI.throwException(RegistryStrategyOSGI.java:212)
	at org.eclipse.core.internal.registry.osgi.RegistryStrategyOSGI.createExecutableExtension(RegistryStrategyOSGI.java:206)
	at org.eclipse.core.internal.registry.ExtensionRegistry.createExecutableExtension(ExtensionRegistry.java:920)
	at org.eclipse.core.internal.registry.ConfigurationElement.createExecutableExtension(ConfigurationElement.java:246)
	at org.eclipse.core.internal.registry.ConfigurationElementHandle.createExecutableExtension(ConfigurationElementHandle.java:63)
	at org.eclipse.lsp4e.LanguageServersRegistry$ExtensionLanguageServerDefinition.createConnectionProvider(LanguageServersRegistry.java:161)
	... 8 more
Caused by: java.lang.reflect.InvocationTargetException
	at java.base/jdk.internal.reflect.NativeConstructorAccessorImpl.newInstance0(Native Method)
	at java.base/jdk.internal.reflect.NativeConstructorAccessorImpl.newInstance(NativeConstructorAccessorImpl.java:77)
	at java.base/jdk.internal.reflect.DelegatingConstructorAccessorImpl.newInstance(DelegatingConstructorAccessorImpl.java:45)
	at java.base/java.lang.reflect.Constructor.newInstanceWithCaller(Constructor.java:499)
	at java.base/java.lang.reflect.Constructor.newInstance(Constructor.java:480)
	at org.eclipse.core.internal.registry.osgi.RegistryStrategyOSGI.createExecutableExtension(RegistryStrategyOSGI.java:204)
	... 12 more
Caused by: java.lang.NullPointerException: Cannot invoke "java.io.File.getAbsolutePath()" because the return value of "org.eclipse.wildwebdeveloper.embedder.node.NodeJSManager.getNodeJsLocation()" is null
	at org.eclipse.wildwebdeveloper.css.CSSLanguageServer.<init>(CSSLanguageServer.java:40)
	... 18 more

!ENTRY org.eclipse.lsp4e 4 0 2025-12-22 21:59:40.285
!MESSAGE Cannot invoke "org.eclipse.lsp4e.server.StreamConnectionProvider.getInputStream()" because "this.lspStreamProvider" is null
!STACK 0
java.lang.NullPointerException: Cannot invoke "org.eclipse.lsp4e.server.StreamConnectionProvider.getInputStream()" because "this.lspStreamProvider" is null
	at org.eclipse.lsp4e.LanguageServerWrapper.lambda$1(LanguageServerWrapper.java:284)
	at java.base/java.util.concurrent.CompletableFuture$UniApply.tryFire(CompletableFuture.java:646)
	at java.base/java.util.concurrent.CompletableFuture.postComplete(CompletableFuture.java:510)
	at java.base/java.util.concurrent.CompletableFuture$AsyncSupply.run(CompletableFuture.java:1773)
	at java.base/java.util.concurrent.CompletableFuture$AsyncSupply.exec(CompletableFuture.java:1760)
	at java.base/java.util.concurrent.ForkJoinTask.doExec(ForkJoinTask.java:373)
	at java.base/java.util.concurrent.ForkJoinPool$WorkQueue.topLevelExec(ForkJoinPool.java:1182)
	at java.base/java.util.concurrent.ForkJoinPool.scan(ForkJoinPool.java:1655)
	at java.base/java.util.concurrent.ForkJoinPool.runWorker(ForkJoinPool.java:1622)
	at java.base/java.util.concurrent.ForkJoinWorkerThread.run(ForkJoinWorkerThread.java:165)

!ENTRY org.eclipse.lsp4e 4 0 2025-12-22 21:59:40.342
!MESSAGE プラグイン "org.eclipse.wildwebdeveloper" は、クラス "org.eclipse.wildwebdeveloper.css.CSSLanguageServer" をインスタンス化できませんでした。
!STACK 1
org.eclipse.core.runtime.CoreException: プラグイン "org.eclipse.wildwebdeveloper" は、クラス "org.eclipse.wildwebdeveloper.css.CSSLanguageServer" をインスタンス化できませんでした。
	at org.eclipse.core.internal.registry.osgi.RegistryStrategyOSGI.throwException(RegistryStrategyOSGI.java:212)
	at org.eclipse.core.internal.registry.osgi.RegistryStrategyOSGI.createExecutableExtension(RegistryStrategyOSGI.java:206)
	at org.eclipse.core.internal.registry.ExtensionRegistry.createExecutableExtension(ExtensionRegistry.java:920)
	at org.eclipse.core.internal.registry.ConfigurationElement.createExecutableExtension(ConfigurationElement.java:246)
	at org.eclipse.core.internal.registry.ConfigurationElementHandle.createExecutableExtension(ConfigurationElementHandle.java:63)
	at org.eclipse.lsp4e.LanguageServersRegistry$ExtensionLanguageServerDefinition.createConnectionProvider(LanguageServersRegistry.java:161)
	at org.eclipse.lsp4e.LanguageServerWrapper.lambda$0(LanguageServerWrapper.java:233)
	at java.base/java.util.concurrent.CompletableFuture$AsyncSupply.run(CompletableFuture.java:1768)
	at java.base/java.util.concurrent.CompletableFuture$AsyncSupply.exec(CompletableFuture.java:1760)
	at java.base/java.util.concurrent.ForkJoinTask.doExec(ForkJoinTask.java:373)
	at java.base/java.util.concurrent.ForkJoinPool$WorkQueue.topLevelExec(ForkJoinPool.java:1182)
	at java.base/java.util.concurrent.ForkJoinPool.scan(ForkJoinPool.java:1655)
	at java.base/java.util.concurrent.ForkJoinPool.runWorker(ForkJoinPool.java:1622)
	at java.base/java.util.concurrent.ForkJoinWorkerThread.run(ForkJoinWorkerThread.java:165)
Caused by: java.lang.reflect.InvocationTargetException
	at java.base/jdk.internal.reflect.NativeConstructorAccessorImpl.newInstance0(Native Method)
	at java.base/jdk.internal.reflect.NativeConstructorAccessorImpl.newInstance(NativeConstructorAccessorImpl.java:77)
	at java.base/jdk.internal.reflect.DelegatingConstructorAccessorImpl.newInstance(DelegatingConstructorAccessorImpl.java:45)
	at java.base/java.lang.reflect.Constructor.newInstanceWithCaller(Constructor.java:499)
	at java.base/java.lang.reflect.Constructor.newInstance(Constructor.java:480)
	at org.eclipse.core.internal.registry.osgi.RegistryStrategyOSGI.createExecutableExtension(RegistryStrategyOSGI.java:204)
	... 12 more
Caused by: java.lang.NullPointerException: Cannot invoke "java.io.File.getAbsolutePath()" because the return value of "org.eclipse.wildwebdeveloper.embedder.node.NodeJSManager.getNodeJsLocation()" is null
	at org.eclipse.wildwebdeveloper.css.CSSLanguageServer.<init>(CSSLanguageServer.java:40)
	... 18 more
!SUBENTRY 1 org.eclipse.equinox.registry 4 1 2025-12-22 21:59:40.342
!MESSAGE プラグイン "org.eclipse.wildwebdeveloper" は、クラス "org.eclipse.wildwebdeveloper.css.CSSLanguageServer" をインスタンス化できませんでした。
!STACK 0
java.lang.reflect.InvocationTargetException
	at java.base/jdk.internal.reflect.NativeConstructorAccessorImpl.newInstance0(Native Method)
	at java.base/jdk.internal.reflect.NativeConstructorAccessorImpl.newInstance(NativeConstructorAccessorImpl.java:77)
	at java.base/jdk.internal.reflect.DelegatingConstructorAccessorImpl.newInstance(DelegatingConstructorAccessorImpl.java:45)
	at java.base/java.lang.reflect.Constructor.newInstanceWithCaller(Constructor.java:499)
	at java.base/java.lang.reflect.Constructor.newInstance(Constructor.java:480)
	at org.eclipse.core.internal.registry.osgi.RegistryStrategyOSGI.createExecutableExtension(RegistryStrategyOSGI.java:204)
	at org.eclipse.core.internal.registry.ExtensionRegistry.createExecutableExtension(ExtensionRegistry.java:920)
	at org.eclipse.core.internal.registry.ConfigurationElement.createExecutableExtension(ConfigurationElement.java:246)
	at org.eclipse.core.internal.registry.ConfigurationElementHandle.createExecutableExtension(ConfigurationElementHandle.java:63)
	at org.eclipse.lsp4e.LanguageServersRegistry$ExtensionLanguageServerDefinition.createConnectionProvider(LanguageServersRegistry.java:161)
	at org.eclipse.lsp4e.LanguageServerWrapper.lambda$0(LanguageServerWrapper.java:233)
	at java.base/java.util.concurrent.CompletableFuture$AsyncSupply.run(CompletableFuture.java:1768)
	at java.base/java.util.concurrent.CompletableFuture$AsyncSupply.exec(CompletableFuture.java:1760)
	at java.base/java.util.concurrent.ForkJoinTask.doExec(ForkJoinTask.java:373)
	at java.base/java.util.concurrent.ForkJoinPool$WorkQueue.topLevelExec(ForkJoinPool.java:1182)
	at java.base/java.util.concurrent.ForkJoinPool.scan(ForkJoinPool.java:1655)
	at java.base/java.util.concurrent.ForkJoinPool.runWorker(ForkJoinPool.java:1622)
	at java.base/java.util.concurrent.ForkJoinWorkerThread.run(ForkJoinWorkerThread.java:165)
Caused by: java.lang.NullPointerException: Cannot invoke "java.io.File.getAbsolutePath()" because the return value of "org.eclipse.wildwebdeveloper.embedder.node.NodeJSManager.getNodeJsLocation()" is null
	at org.eclipse.wildwebdeveloper.css.CSSLanguageServer.<init>(CSSLanguageServer.java:40)
	... 18 more
Root exception:
java.lang.NullPointerException: Cannot invoke "java.io.File.getAbsolutePath()" because the return value of "org.eclipse.wildwebdeveloper.embedder.node.NodeJSManager.getNodeJsLocation()" is null
	at org.eclipse.wildwebdeveloper.css.CSSLanguageServer.<init>(CSSLanguageServer.java:40)
	at java.base/jdk.internal.reflect.NativeConstructorAccessorImpl.newInstance0(Native Method)
	at java.base/jdk.internal.reflect.NativeConstructorAccessorImpl.newInstance(NativeConstructorAccessorImpl.java:77)
	at java.base/jdk.internal.reflect.DelegatingConstructorAccessorImpl.newInstance(DelegatingConstructorAccessorImpl.java:45)
	at java.base/java.lang.reflect.Constructor.newInstanceWithCaller(Constructor.java:499)
	at java.base/java.lang.reflect.Constructor.newInstance(Constructor.java:480)
	at org.eclipse.core.internal.registry.osgi.RegistryStrategyOSGI.createExecutableExtension(RegistryStrategyOSGI.java:204)
	at org.eclipse.core.internal.registry.ExtensionRegistry.createExecutableExtension(ExtensionRegistry.java:920)
	at org.eclipse.core.internal.registry.ConfigurationElement.createExecutableExtension(ConfigurationElement.java:246)
	at org.eclipse.core.internal.registry.ConfigurationElementHandle.createExecutableExtension(ConfigurationElementHandle.java:63)
	at org.eclipse.lsp4e.LanguageServersRegistry$ExtensionLanguageServerDefinition.createConnectionProvider(LanguageServersRegistry.java:161)
	at org.eclipse.lsp4e.LanguageServerWrapper.lambda$0(LanguageServerWrapper.java:233)
	at java.base/java.util.concurrent.CompletableFuture$AsyncSupply.run(CompletableFuture.java:1768)
	at java.base/java.util.concurrent.CompletableFuture$AsyncSupply.exec(CompletableFuture.java:1760)
	at java.base/java.util.concurrent.ForkJoinTask.doExec(ForkJoinTask.java:373)
	at java.base/java.util.concurrent.ForkJoinPool$WorkQueue.topLevelExec(ForkJoinPool.java:1182)
	at java.base/java.util.concurrent.ForkJoinPool.scan(ForkJoinPool.java:1655)
	at java.base/java.util.concurrent.ForkJoinPool.runWorker(ForkJoinPool.java:1622)
	at java.base/java.util.concurrent.ForkJoinWorkerThread.run(ForkJoinWorkerThread.java:165)

!ENTRY org.eclipse.lsp4e 4 0 2025-12-22 21:59:40.343
!MESSAGE Exception occurred while creating an instance of the stream connection provider
!STACK 0
java.lang.RuntimeException: Exception occurred while creating an instance of the stream connection provider
	at org.eclipse.lsp4e.LanguageServersRegistry$ExtensionLanguageServerDefinition.createConnectionProvider(LanguageServersRegistry.java:164)
	at org.eclipse.lsp4e.LanguageServerWrapper.lambda$0(LanguageServerWrapper.java:233)
	at java.base/java.util.concurrent.CompletableFuture$AsyncSupply.run(CompletableFuture.java:1768)
	at java.base/java.util.concurrent.CompletableFuture$AsyncSupply.exec(CompletableFuture.java:1760)
	at java.base/java.util.concurrent.ForkJoinTask.doExec(ForkJoinTask.java:373)
	at java.base/java.util.concurrent.ForkJoinPool$WorkQueue.topLevelExec(ForkJoinPool.java:1182)
	at java.base/java.util.concurrent.ForkJoinPool.scan(ForkJoinPool.java:1655)
	at java.base/java.util.concurrent.ForkJoinPool.runWorker(ForkJoinPool.java:1622)
	at java.base/java.util.concurrent.ForkJoinWorkerThread.run(ForkJoinWorkerThread.java:165)
Caused by: org.eclipse.core.runtime.CoreException: プラグイン "org.eclipse.wildwebdeveloper" は、クラス "org.eclipse.wildwebdeveloper.css.CSSLanguageServer" をインスタンス化できませんでした。
	at org.eclipse.core.internal.registry.osgi.RegistryStrategyOSGI.throwException(RegistryStrategyOSGI.java:212)
	at org.eclipse.core.internal.registry.osgi.RegistryStrategyOSGI.createExecutableExtension(RegistryStrategyOSGI.java:206)
	at org.eclipse.core.internal.registry.ExtensionRegistry.createExecutableExtension(ExtensionRegistry.java:920)
	at org.eclipse.core.internal.registry.ConfigurationElement.createExecutableExtension(ConfigurationElement.java:246)
	at org.eclipse.core.internal.registry.ConfigurationElementHandle.createExecutableExtension(ConfigurationElementHandle.java:63)
	at org.eclipse.lsp4e.LanguageServersRegistry$ExtensionLanguageServerDefinition.createConnectionProvider(LanguageServersRegistry.java:161)
	... 8 more
Caused by: java.lang.reflect.InvocationTargetException
	at java.base/jdk.internal.reflect.NativeConstructorAccessorImpl.newInstance0(Native Method)
	at java.base/jdk.internal.reflect.NativeConstructorAccessorImpl.newInstance(NativeConstructorAccessorImpl.java:77)
	at java.base/jdk.internal.reflect.DelegatingConstructorAccessorImpl.newInstance(DelegatingConstructorAccessorImpl.java:45)
	at java.base/java.lang.reflect.Constructor.newInstanceWithCaller(Constructor.java:499)
	at java.base/java.lang.reflect.Constructor.newInstance(Constructor.java:480)
	at org.eclipse.core.internal.registry.osgi.RegistryStrategyOSGI.createExecutableExtension(RegistryStrategyOSGI.java:204)
	... 12 more
Caused by: java.lang.NullPointerException: Cannot invoke "java.io.File.getAbsolutePath()" because the return value of "org.eclipse.wildwebdeveloper.embedder.node.NodeJSManager.getNodeJsLocation()" is null
	at org.eclipse.wildwebdeveloper.css.CSSLanguageServer.<init>(CSSLanguageServer.java:40)
	... 18 more

!ENTRY org.eclipse.lsp4e 4 0 2025-12-22 21:59:40.343
!MESSAGE Cannot invoke "org.eclipse.lsp4e.server.StreamConnectionProvider.getInputStream()" because "this.lspStreamProvider" is null
!STACK 0
java.lang.NullPointerException: Cannot invoke "org.eclipse.lsp4e.server.StreamConnectionProvider.getInputStream()" because "this.lspStreamProvider" is null
	at org.eclipse.lsp4e.LanguageServerWrapper.lambda$1(LanguageServerWrapper.java:284)
	at java.base/java.util.concurrent.CompletableFuture$UniApply.tryFire(CompletableFuture.java:646)
	at java.base/java.util.concurrent.CompletableFuture.postComplete(CompletableFuture.java:510)
	at java.base/java.util.concurrent.CompletableFuture$AsyncSupply.run(CompletableFuture.java:1773)
	at java.base/java.util.concurrent.CompletableFuture$AsyncSupply.exec(CompletableFuture.java:1760)
	at java.base/java.util.concurrent.ForkJoinTask.doExec(ForkJoinTask.java:373)
	at java.base/java.util.concurrent.ForkJoinPool$WorkQueue.topLevelExec(ForkJoinPool.java:1182)
	at java.base/java.util.concurrent.ForkJoinPool.scan(ForkJoinPool.java:1655)
	at java.base/java.util.concurrent.ForkJoinPool.runWorker(ForkJoinPool.java:1622)
	at java.base/java.util.concurrent.ForkJoinWorkerThread.run(ForkJoinWorkerThread.java:165)

!ENTRY org.eclipse.lsp4e 4 0 2025-12-22 21:59:40.406
!MESSAGE プラグイン "org.eclipse.wildwebdeveloper" は、クラス "org.eclipse.wildwebdeveloper.css.CSSLanguageServer" をインスタンス化できませんでした。
!STACK 1
org.eclipse.core.runtime.CoreException: プラグイン "org.eclipse.wildwebdeveloper" は、クラス "org.eclipse.wildwebdeveloper.css.CSSLanguageServer" をインスタンス化できませんでした。
	at org.eclipse.core.internal.registry.osgi.RegistryStrategyOSGI.throwException(RegistryStrategyOSGI.java:212)
	at org.eclipse.core.internal.registry.osgi.RegistryStrategyOSGI.createExecutableExtension(RegistryStrategyOSGI.java:206)
	at org.eclipse.core.internal.registry.ExtensionRegistry.createExecutableExtension(ExtensionRegistry.java:920)
	at org.eclipse.core.internal.registry.ConfigurationElement.createExecutableExtension(ConfigurationElement.java:246)
	at org.eclipse.core.internal.registry.ConfigurationElementHandle.createExecutableExtension(ConfigurationElementHandle.java:63)
	at org.eclipse.lsp4e.LanguageServersRegistry$ExtensionLanguageServerDefinition.createConnectionProvider(LanguageServersRegistry.java:161)
	at org.eclipse.lsp4e.LanguageServerWrapper.lambda$0(LanguageServerWrapper.java:233)
	at java.base/java.util.concurrent.CompletableFuture$AsyncSupply.run(CompletableFuture.java:1768)
	at java.base/java.util.concurrent.CompletableFuture$AsyncSupply.exec(CompletableFuture.java:1760)
	at java.base/java.util.concurrent.ForkJoinTask.doExec(ForkJoinTask.java:373)
	at java.base/java.util.concurrent.ForkJoinPool$WorkQueue.topLevelExec(ForkJoinPool.java:1182)
	at java.base/java.util.concurrent.ForkJoinPool.scan(ForkJoinPool.java:1655)
	at java.base/java.util.concurrent.ForkJoinPool.runWorker(ForkJoinPool.java:1622)
	at java.base/java.util.concurrent.ForkJoinWorkerThread.run(ForkJoinWorkerThread.java:165)
Caused by: java.lang.reflect.InvocationTargetException
	at jdk.internal.reflect.GeneratedConstructorAccessor125.newInstance(Unknown Source)
	at java.base/jdk.internal.reflect.DelegatingConstructorAccessorImpl.newInstance(DelegatingConstructorAccessorImpl.java:45)
	at java.base/java.lang.reflect.Constructor.newInstanceWithCaller(Constructor.java:499)
	at java.base/java.lang.reflect.Constructor.newInstance(Constructor.java:480)
	at org.eclipse.core.internal.registry.osgi.RegistryStrategyOSGI.createExecutableExtension(RegistryStrategyOSGI.java:204)
	... 12 more
Caused by: java.lang.NullPointerException: Cannot invoke "java.io.File.getAbsolutePath()" because the return value of "org.eclipse.wildwebdeveloper.embedder.node.NodeJSManager.getNodeJsLocation()" is null
	at org.eclipse.wildwebdeveloper.css.CSSLanguageServer.<init>(CSSLanguageServer.java:40)
	... 17 more
!SUBENTRY 1 org.eclipse.equinox.registry 4 1 2025-12-22 21:59:40.406
!MESSAGE プラグイン "org.eclipse.wildwebdeveloper" は、クラス "org.eclipse.wildwebdeveloper.css.CSSLanguageServer" をインスタンス化できませんでした。
!STACK 0
java.lang.reflect.InvocationTargetException
	at jdk.internal.reflect.GeneratedConstructorAccessor125.newInstance(Unknown Source)
	at java.base/jdk.internal.reflect.DelegatingConstructorAccessorImpl.newInstance(DelegatingConstructorAccessorImpl.java:45)
	at java.base/java.lang.reflect.Constructor.newInstanceWithCaller(Constructor.java:499)
	at java.base/java.lang.reflect.Constructor.newInstance(Constructor.java:480)
	at org.eclipse.core.internal.registry.osgi.RegistryStrategyOSGI.createExecutableExtension(RegistryStrategyOSGI.java:204)
	at org.eclipse.core.internal.registry.ExtensionRegistry.createExecutableExtension(ExtensionRegistry.java:920)
	at org.eclipse.core.internal.registry.ConfigurationElement.createExecutableExtension(ConfigurationElement.java:246)
	at org.eclipse.core.internal.registry.ConfigurationElementHandle.createExecutableExtension(ConfigurationElementHandle.java:63)
	at org.eclipse.lsp4e.LanguageServersRegistry$ExtensionLanguageServerDefinition.createConnectionProvider(LanguageServersRegistry.java:161)
	at org.eclipse.lsp4e.LanguageServerWrapper.lambda$0(LanguageServerWrapper.java:233)
	at java.base/java.util.concurrent.CompletableFuture$AsyncSupply.run(CompletableFuture.java:1768)
	at java.base/java.util.concurrent.CompletableFuture$AsyncSupply.exec(CompletableFuture.java:1760)
	at java.base/java.util.concurrent.ForkJoinTask.doExec(ForkJoinTask.java:373)
	at java.base/java.util.concurrent.ForkJoinPool$WorkQueue.topLevelExec(ForkJoinPool.java:1182)
	at java.base/java.util.concurrent.ForkJoinPool.scan(ForkJoinPool.java:1655)
	at java.base/java.util.concurrent.ForkJoinPool.runWorker(ForkJoinPool.java:1622)
	at java.base/java.util.concurrent.ForkJoinWorkerThread.run(ForkJoinWorkerThread.java:165)
Caused by: java.lang.NullPointerException: Cannot invoke "java.io.File.getAbsolutePath()" because the return value of "org.eclipse.wildwebdeveloper.embedder.node.NodeJSManager.getNodeJsLocation()" is null
	at org.eclipse.wildwebdeveloper.css.CSSLanguageServer.<init>(CSSLanguageServer.java:40)
	... 17 more
Root exception:
java.lang.NullPointerException: Cannot invoke "java.io.File.getAbsolutePath()" because the return value of "org.eclipse.wildwebdeveloper.embedder.node.NodeJSManager.getNodeJsLocation()" is null
	at org.eclipse.wildwebdeveloper.css.CSSLanguageServer.<init>(CSSLanguageServer.java:40)
	at jdk.internal.reflect.GeneratedConstructorAccessor125.newInstance(Unknown Source)
	at java.base/jdk.internal.reflect.DelegatingConstructorAccessorImpl.newInstance(DelegatingConstructorAccessorImpl.java:45)
	at java.base/java.lang.reflect.Constructor.newInstanceWithCaller(Constructor.java:499)
	at java.base/java.lang.reflect.Constructor.newInstance(Constructor.java:480)
	at org.eclipse.core.internal.registry.osgi.RegistryStrategyOSGI.createExecutableExtension(RegistryStrategyOSGI.java:204)
	at org.eclipse.core.internal.registry.ExtensionRegistry.createExecutableExtension(ExtensionRegistry.java:920)
	at org.eclipse.core.internal.registry.ConfigurationElement.createExecutableExtension(ConfigurationElement.java:246)
	at org.eclipse.core.internal.registry.ConfigurationElementHandle.createExecutableExtension(ConfigurationElementHandle.java:63)
	at org.eclipse.lsp4e.LanguageServersRegistry$ExtensionLanguageServerDefinition.createConnectionProvider(LanguageServersRegistry.java:161)
	at org.eclipse.lsp4e.LanguageServerWrapper.lambda$0(LanguageServerWrapper.java:233)
	at java.base/java.util.concurrent.CompletableFuture$AsyncSupply.run(CompletableFuture.java:1768)
	at java.base/java.util.concurrent.CompletableFuture$AsyncSupply.exec(CompletableFuture.java:1760)
	at java.base/java.util.concurrent.ForkJoinTask.doExec(ForkJoinTask.java:373)
	at java.base/java.util.concurrent.ForkJoinPool$WorkQueue.topLevelExec(ForkJoinPool.java:1182)
	at java.base/java.util.concurrent.ForkJoinPool.scan(ForkJoinPool.java:1655)
	at java.base/java.util.concurrent.ForkJoinPool.runWorker(ForkJoinPool.java:1622)
	at java.base/java.util.concurrent.ForkJoinWorkerThread.run(ForkJoinWorkerThread.java:165)

!ENTRY org.eclipse.lsp4e 4 0 2025-12-22 21:59:40.406
!MESSAGE Exception occurred while creating an instance of the stream connection provider
!STACK 0
java.lang.RuntimeException: Exception occurred while creating an instance of the stream connection provider
	at org.eclipse.lsp4e.LanguageServersRegistry$ExtensionLanguageServerDefinition.createConnectionProvider(LanguageServersRegistry.java:164)
	at org.eclipse.lsp4e.LanguageServerWrapper.lambda$0(LanguageServerWrapper.java:233)
	at java.base/java.util.concurrent.CompletableFuture$AsyncSupply.run(CompletableFuture.java:1768)
	at java.base/java.util.concurrent.CompletableFuture$AsyncSupply.exec(CompletableFuture.java:1760)
	at java.base/java.util.concurrent.ForkJoinTask.doExec(ForkJoinTask.java:373)
	at java.base/java.util.concurrent.ForkJoinPool$WorkQueue.topLevelExec(ForkJoinPool.java:1182)
	at java.base/java.util.concurrent.ForkJoinPool.scan(ForkJoinPool.java:1655)
	at java.base/java.util.concurrent.ForkJoinPool.runWorker(ForkJoinPool.java:1622)
	at java.base/java.util.concurrent.ForkJoinWorkerThread.run(ForkJoinWorkerThread.java:165)
Caused by: org.eclipse.core.runtime.CoreException: プラグイン "org.eclipse.wildwebdeveloper" は、クラス "org.eclipse.wildwebdeveloper.css.CSSLanguageServer" をインスタンス化できませんでした。
	at org.eclipse.core.internal.registry.osgi.RegistryStrategyOSGI.throwException(RegistryStrategyOSGI.java:212)
	at org.eclipse.core.internal.registry.osgi.RegistryStrategyOSGI.createExecutableExtension(RegistryStrategyOSGI.java:206)
	at org.eclipse.core.internal.registry.ExtensionRegistry.createExecutableExtension(ExtensionRegistry.java:920)
	at org.eclipse.core.internal.registry.ConfigurationElement.createExecutableExtension(ConfigurationElement.java:246)
	at org.eclipse.core.internal.registry.ConfigurationElementHandle.createExecutableExtension(ConfigurationElementHandle.java:63)
	at org.eclipse.lsp4e.LanguageServersRegistry$ExtensionLanguageServerDefinition.createConnectionProvider(LanguageServersRegistry.java:161)
	... 8 more
Caused by: java.lang.reflect.InvocationTargetException
	at jdk.internal.reflect.GeneratedConstructorAccessor125.newInstance(Unknown Source)
	at java.base/jdk.internal.reflect.DelegatingConstructorAccessorImpl.newInstance(DelegatingConstructorAccessorImpl.java:45)
	at java.base/java.lang.reflect.Constructor.newInstanceWithCaller(Constructor.java:499)
	at java.base/java.lang.reflect.Constructor.newInstance(Constructor.java:480)
	at org.eclipse.core.internal.registry.osgi.RegistryStrategyOSGI.createExecutableExtension(RegistryStrategyOSGI.java:204)
	... 12 more
Caused by: java.lang.NullPointerException: Cannot invoke "java.io.File.getAbsolutePath()" because the return value of "org.eclipse.wildwebdeveloper.embedder.node.NodeJSManager.getNodeJsLocation()" is null
	at org.eclipse.wildwebdeveloper.css.CSSLanguageServer.<init>(CSSLanguageServer.java:40)
	... 17 more

!ENTRY org.eclipse.lsp4e 4 0 2025-12-22 21:59:40.408
!MESSAGE Cannot invoke "org.eclipse.lsp4e.server.StreamConnectionProvider.getInputStream()" because "this.lspStreamProvider" is null
!STACK 0
java.lang.NullPointerException: Cannot invoke "org.eclipse.lsp4e.server.StreamConnectionProvider.getInputStream()" because "this.lspStreamProvider" is null
	at org.eclipse.lsp4e.LanguageServerWrapper.lambda$1(LanguageServerWrapper.java:284)
	at java.base/java.util.concurrent.CompletableFuture$UniApply.tryFire(CompletableFuture.java:646)
	at java.base/java.util.concurrent.CompletableFuture.postComplete(CompletableFuture.java:510)
	at java.base/java.util.concurrent.CompletableFuture$AsyncSupply.run(CompletableFuture.java:1773)
	at java.base/java.util.concurrent.CompletableFuture$AsyncSupply.exec(CompletableFuture.java:1760)
	at java.base/java.util.concurrent.ForkJoinTask.doExec(ForkJoinTask.java:373)
	at java.base/java.util.concurrent.ForkJoinPool$WorkQueue.topLevelExec(ForkJoinPool.java:1182)
	at java.base/java.util.concurrent.ForkJoinPool.scan(ForkJoinPool.java:1655)
	at java.base/java.util.concurrent.ForkJoinPool.runWorker(ForkJoinPool.java:1622)
	at java.base/java.util.concurrent.ForkJoinWorkerThread.run(ForkJoinWorkerThread.java:165)

!ENTRY org.eclipse.lsp4e 4 0 2025-12-22 21:59:40.654
!MESSAGE プラグイン "org.eclipse.wildwebdeveloper" は、クラス "org.eclipse.wildwebdeveloper.css.CSSLanguageServer" をインスタンス化できませんでした。
!STACK 1
org.eclipse.core.runtime.CoreException: プラグイン "org.eclipse.wildwebdeveloper" は、クラス "org.eclipse.wildwebdeveloper.css.CSSLanguageServer" をインスタンス化できませんでした。
	at org.eclipse.core.internal.registry.osgi.RegistryStrategyOSGI.throwException(RegistryStrategyOSGI.java:212)
	at org.eclipse.core.internal.registry.osgi.RegistryStrategyOSGI.createExecutableExtension(RegistryStrategyOSGI.java:206)
	at org.eclipse.core.internal.registry.ExtensionRegistry.createExecutableExtension(ExtensionRegistry.java:920)
	at org.eclipse.core.internal.registry.ConfigurationElement.createExecutableExtension(ConfigurationElement.java:246)
	at org.eclipse.core.internal.registry.ConfigurationElementHandle.createExecutableExtension(ConfigurationElementHandle.java:63)
	at org.eclipse.lsp4e.LanguageServersRegistry$ExtensionLanguageServerDefinition.createConnectionProvider(LanguageServersRegistry.java:161)
	at org.eclipse.lsp4e.LanguageServerWrapper.lambda$0(LanguageServerWrapper.java:233)
	at java.base/java.util.concurrent.CompletableFuture$AsyncSupply.run(CompletableFuture.java:1768)
	at java.base/java.util.concurrent.CompletableFuture$AsyncSupply.exec(CompletableFuture.java:1760)
	at java.base/java.util.concurrent.ForkJoinTask.doExec(ForkJoinTask.java:373)
	at java.base/java.util.concurrent.ForkJoinPool$WorkQueue.topLevelExec(ForkJoinPool.java:1182)
	at java.base/java.util.concurrent.ForkJoinPool.scan(ForkJoinPool.java:1655)
	at java.base/java.util.concurrent.ForkJoinPool.runWorker(ForkJoinPool.java:1622)
	at java.base/java.util.concurrent.ForkJoinWorkerThread.run(ForkJoinWorkerThread.java:165)
Caused by: java.lang.reflect.InvocationTargetException
	at jdk.internal.reflect.GeneratedConstructorAccessor125.newInstance(Unknown Source)
	at java.base/jdk.internal.reflect.DelegatingConstructorAccessorImpl.newInstance(DelegatingConstructorAccessorImpl.java:45)
	at java.base/java.lang.reflect.Constructor.newInstanceWithCaller(Constructor.java:499)
	at java.base/java.lang.reflect.Constructor.newInstance(Constructor.java:480)
	at org.eclipse.core.internal.registry.osgi.RegistryStrategyOSGI.createExecutableExtension(RegistryStrategyOSGI.java:204)
	... 12 more
Caused by: java.lang.NullPointerException: Cannot invoke "java.io.File.getAbsolutePath()" because the return value of "org.eclipse.wildwebdeveloper.embedder.node.NodeJSManager.getNodeJsLocation()" is null
	at org.eclipse.wildwebdeveloper.css.CSSLanguageServer.<init>(CSSLanguageServer.java:40)
	... 17 more
!SUBENTRY 1 org.eclipse.equinox.registry 4 1 2025-12-22 21:59:40.654
!MESSAGE プラグイン "org.eclipse.wildwebdeveloper" は、クラス "org.eclipse.wildwebdeveloper.css.CSSLanguageServer" をインスタンス化できませんでした。
!STACK 0
java.lang.reflect.InvocationTargetException
	at jdk.internal.reflect.GeneratedConstructorAccessor125.newInstance(Unknown Source)
	at java.base/jdk.internal.reflect.DelegatingConstructorAccessorImpl.newInstance(DelegatingConstructorAccessorImpl.java:45)
	at java.base/java.lang.reflect.Constructor.newInstanceWithCaller(Constructor.java:499)
	at java.base/java.lang.reflect.Constructor.newInstance(Constructor.java:480)
	at org.eclipse.core.internal.registry.osgi.RegistryStrategyOSGI.createExecutableExtension(RegistryStrategyOSGI.java:204)
	at org.eclipse.core.internal.registry.ExtensionRegistry.createExecutableExtension(ExtensionRegistry.java:920)
	at org.eclipse.core.internal.registry.ConfigurationElement.createExecutableExtension(ConfigurationElement.java:246)
	at org.eclipse.core.internal.registry.ConfigurationElementHandle.createExecutableExtension(ConfigurationElementHandle.java:63)
	at org.eclipse.lsp4e.LanguageServersRegistry$ExtensionLanguageServerDefinition.createConnectionProvider(LanguageServersRegistry.java:161)
	at org.eclipse.lsp4e.LanguageServerWrapper.lambda$0(LanguageServerWrapper.java:233)
	at java.base/java.util.concurrent.CompletableFuture$AsyncSupply.run(CompletableFuture.java:1768)
	at java.base/java.util.concurrent.CompletableFuture$AsyncSupply.exec(CompletableFuture.java:1760)
	at java.base/java.util.concurrent.ForkJoinTask.doExec(ForkJoinTask.java:373)
	at java.base/java.util.concurrent.ForkJoinPool$WorkQueue.topLevelExec(ForkJoinPool.java:1182)
	at java.base/java.util.concurrent.ForkJoinPool.scan(ForkJoinPool.java:1655)
	at java.base/java.util.concurrent.ForkJoinPool.runWorker(ForkJoinPool.java:1622)
	at java.base/java.util.concurrent.ForkJoinWorkerThread.run(ForkJoinWorkerThread.java:165)
Caused by: java.lang.NullPointerException: Cannot invoke "java.io.File.getAbsolutePath()" because the return value of "org.eclipse.wildwebdeveloper.embedder.node.NodeJSManager.getNodeJsLocation()" is null
	at org.eclipse.wildwebdeveloper.css.CSSLanguageServer.<init>(CSSLanguageServer.java:40)
	... 17 more
Root exception:
java.lang.NullPointerException: Cannot invoke "java.io.File.getAbsolutePath()" because the return value of "org.eclipse.wildwebdeveloper.embedder.node.NodeJSManager.getNodeJsLocation()" is null
	at org.eclipse.wildwebdeveloper.css.CSSLanguageServer.<init>(CSSLanguageServer.java:40)
	at jdk.internal.reflect.GeneratedConstructorAccessor125.newInstance(Unknown Source)
	at java.base/jdk.internal.reflect.DelegatingConstructorAccessorImpl.newInstance(DelegatingConstructorAccessorImpl.java:45)
	at java.base/java.lang.reflect.Constructor.newInstanceWithCaller(Constructor.java:499)
	at java.base/java.lang.reflect.Constructor.newInstance(Constructor.java:480)
	at org.eclipse.core.internal.registry.osgi.RegistryStrategyOSGI.createExecutableExtension(RegistryStrategyOSGI.java:204)
	at org.eclipse.core.internal.registry.ExtensionRegistry.createExecutableExtension(ExtensionRegistry.java:920)
	at org.eclipse.core.internal.registry.ConfigurationElement.createExecutableExtension(ConfigurationElement.java:246)
	at org.eclipse.core.internal.registry.ConfigurationElementHandle.createExecutableExtension(ConfigurationElementHandle.java:63)
	at org.eclipse.lsp4e.LanguageServersRegistry$ExtensionLanguageServerDefinition.createConnectionProvider(LanguageServersRegistry.java:161)
	at org.eclipse.lsp4e.LanguageServerWrapper.lambda$0(LanguageServerWrapper.java:233)
	at java.base/java.util.concurrent.CompletableFuture$AsyncSupply.run(CompletableFuture.java:1768)
	at java.base/java.util.concurrent.CompletableFuture$AsyncSupply.exec(CompletableFuture.java:1760)
	at java.base/java.util.concurrent.ForkJoinTask.doExec(ForkJoinTask.java:373)
	at java.base/java.util.concurrent.ForkJoinPool$WorkQueue.topLevelExec(ForkJoinPool.java:1182)
	at java.base/java.util.concurrent.ForkJoinPool.scan(ForkJoinPool.java:1655)
	at java.base/java.util.concurrent.ForkJoinPool.runWorker(ForkJoinPool.java:1622)
	at java.base/java.util.concurrent.ForkJoinWorkerThread.run(ForkJoinWorkerThread.java:165)

!ENTRY org.eclipse.lsp4e 4 0 2025-12-22 21:59:40.655
!MESSAGE Exception occurred while creating an instance of the stream connection provider
!STACK 0
java.lang.RuntimeException: Exception occurred while creating an instance of the stream connection provider
	at org.eclipse.lsp4e.LanguageServersRegistry$ExtensionLanguageServerDefinition.createConnectionProvider(LanguageServersRegistry.java:164)
	at org.eclipse.lsp4e.LanguageServerWrapper.lambda$0(LanguageServerWrapper.java:233)
	at java.base/java.util.concurrent.CompletableFuture$AsyncSupply.run(CompletableFuture.java:1768)
	at java.base/java.util.concurrent.CompletableFuture$AsyncSupply.exec(CompletableFuture.java:1760)
	at java.base/java.util.concurrent.ForkJoinTask.doExec(ForkJoinTask.java:373)
	at java.base/java.util.concurrent.ForkJoinPool$WorkQueue.topLevelExec(ForkJoinPool.java:1182)
	at java.base/java.util.concurrent.ForkJoinPool.scan(ForkJoinPool.java:1655)
	at java.base/java.util.concurrent.ForkJoinPool.runWorker(ForkJoinPool.java:1622)
	at java.base/java.util.concurrent.ForkJoinWorkerThread.run(ForkJoinWorkerThread.java:165)
Caused by: org.eclipse.core.runtime.CoreException: プラグイン "org.eclipse.wildwebdeveloper" は、クラス "org.eclipse.wildwebdeveloper.css.CSSLanguageServer" をインスタンス化できませんでした。
	at org.eclipse.core.internal.registry.osgi.RegistryStrategyOSGI.throwException(RegistryStrategyOSGI.java:212)
	at org.eclipse.core.internal.registry.osgi.RegistryStrategyOSGI.createExecutableExtension(RegistryStrategyOSGI.java:206)
	at org.eclipse.core.internal.registry.ExtensionRegistry.createExecutableExtension(ExtensionRegistry.java:920)
	at org.eclipse.core.internal.registry.ConfigurationElement.createExecutableExtension(ConfigurationElement.java:246)
	at org.eclipse.core.internal.registry.ConfigurationElementHandle.createExecutableExtension(ConfigurationElementHandle.java:63)
	at org.eclipse.lsp4e.LanguageServersRegistry$ExtensionLanguageServerDefinition.createConnectionProvider(LanguageServersRegistry.java:161)
	... 8 more
Caused by: java.lang.reflect.InvocationTargetException
	at jdk.internal.reflect.GeneratedConstructorAccessor125.newInstance(Unknown Source)
	at java.base/jdk.internal.reflect.DelegatingConstructorAccessorImpl.newInstance(DelegatingConstructorAccessorImpl.java:45)
	at java.base/java.lang.reflect.Constructor.newInstanceWithCaller(Constructor.java:499)
	at java.base/java.lang.reflect.Constructor.newInstance(Constructor.java:480)
	at org.eclipse.core.internal.registry.osgi.RegistryStrategyOSGI.createExecutableExtension(RegistryStrategyOSGI.java:204)
	... 12 more
Caused by: java.lang.NullPointerException: Cannot invoke "java.io.File.getAbsolutePath()" because the return value of "org.eclipse.wildwebdeveloper.embedder.node.NodeJSManager.getNodeJsLocation()" is null
	at org.eclipse.wildwebdeveloper.css.CSSLanguageServer.<init>(CSSLanguageServer.java:40)
	... 17 more

!ENTRY org.eclipse.lsp4e 4 0 2025-12-22 21:59:40.655
!MESSAGE Cannot invoke "org.eclipse.lsp4e.server.StreamConnectionProvider.getInputStream()" because "this.lspStreamProvider" is null
!STACK 0
java.lang.NullPointerException: Cannot invoke "org.eclipse.lsp4e.server.StreamConnectionProvider.getInputStream()" because "this.lspStreamProvider" is null
	at org.eclipse.lsp4e.LanguageServerWrapper.lambda$1(LanguageServerWrapper.java:284)
	at java.base/java.util.concurrent.CompletableFuture$UniApply.tryFire(CompletableFuture.java:646)
	at java.base/java.util.concurrent.CompletableFuture.postComplete(CompletableFuture.java:510)
	at java.base/java.util.concurrent.CompletableFuture$AsyncSupply.run(CompletableFuture.java:1773)
	at java.base/java.util.concurrent.CompletableFuture$AsyncSupply.exec(CompletableFuture.java:1760)
	at java.base/java.util.concurrent.ForkJoinTask.doExec(ForkJoinTask.java:373)
	at java.base/java.util.concurrent.ForkJoinPool$WorkQueue.topLevelExec(ForkJoinPool.java:1182)
	at java.base/java.util.concurrent.ForkJoinPool.scan(ForkJoinPool.java:1655)
	at java.base/java.util.concurrent.ForkJoinPool.runWorker(ForkJoinPool.java:1622)
	at java.base/java.util.concurrent.ForkJoinWorkerThread.run(ForkJoinWorkerThread.java:165)

!ENTRY org.eclipse.lsp4e 4 0 2025-12-22 21:59:43.777
!MESSAGE プラグイン "org.eclipse.wildwebdeveloper" は、クラス "org.eclipse.wildwebdeveloper.css.CSSLanguageServer" をインスタンス化できませんでした。
!STACK 1
org.eclipse.core.runtime.CoreException: プラグイン "org.eclipse.wildwebdeveloper" は、クラス "org.eclipse.wildwebdeveloper.css.CSSLanguageServer" をインスタンス化できませんでした。
	at org.eclipse.core.internal.registry.osgi.RegistryStrategyOSGI.throwException(RegistryStrategyOSGI.java:212)
	at org.eclipse.core.internal.registry.osgi.RegistryStrategyOSGI.createExecutableExtension(RegistryStrategyOSGI.java:206)
	at org.eclipse.core.internal.registry.ExtensionRegistry.createExecutableExtension(ExtensionRegistry.java:920)
	at org.eclipse.core.internal.registry.ConfigurationElement.createExecutableExtension(ConfigurationElement.java:246)
	at org.eclipse.core.internal.registry.ConfigurationElementHandle.createExecutableExtension(ConfigurationElementHandle.java:63)
	at org.eclipse.lsp4e.LanguageServersRegistry$ExtensionLanguageServerDefinition.createConnectionProvider(LanguageServersRegistry.java:161)
	at org.eclipse.lsp4e.LanguageServerWrapper.lambda$0(LanguageServerWrapper.java:233)
	at java.base/java.util.concurrent.CompletableFuture$AsyncSupply.run(CompletableFuture.java:1768)
	at java.base/java.util.concurrent.CompletableFuture$AsyncSupply.exec(CompletableFuture.java:1760)
	at java.base/java.util.concurrent.ForkJoinTask.doExec(ForkJoinTask.java:373)
	at java.base/java.util.concurrent.ForkJoinPool$WorkQueue.topLevelExec(ForkJoinPool.java:1182)
	at java.base/java.util.concurrent.ForkJoinPool.scan(ForkJoinPool.java:1655)
	at java.base/java.util.concurrent.ForkJoinPool.runWorker(ForkJoinPool.java:1622)
	at java.base/java.util.concurrent.ForkJoinWorkerThread.run(ForkJoinWorkerThread.java:165)
Caused by: java.lang.reflect.InvocationTargetException
	at jdk.internal.reflect.GeneratedConstructorAccessor125.newInstance(Unknown Source)
	at java.base/jdk.internal.reflect.DelegatingConstructorAccessorImpl.newInstance(DelegatingConstructorAccessorImpl.java:45)
	at java.base/java.lang.reflect.Constructor.newInstanceWithCaller(Constructor.java:499)
	at java.base/java.lang.reflect.Constructor.newInstance(Constructor.java:480)
	at org.eclipse.core.internal.registry.osgi.RegistryStrategyOSGI.createExecutableExtension(RegistryStrategyOSGI.java:204)
	... 12 more
Caused by: java.lang.NullPointerException: Cannot invoke "java.io.File.getAbsolutePath()" because the return value of "org.eclipse.wildwebdeveloper.embedder.node.NodeJSManager.getNodeJsLocation()" is null
	at org.eclipse.wildwebdeveloper.css.CSSLanguageServer.<init>(CSSLanguageServer.java:40)
	... 17 more
!SUBENTRY 1 org.eclipse.equinox.registry 4 1 2025-12-22 21:59:43.777
!MESSAGE プラグイン "org.eclipse.wildwebdeveloper" は、クラス "org.eclipse.wildwebdeveloper.css.CSSLanguageServer" をインスタンス化できませんでした。
!STACK 0
java.lang.reflect.InvocationTargetException
	at jdk.internal.reflect.GeneratedConstructorAccessor125.newInstance(Unknown Source)
	at java.base/jdk.internal.reflect.DelegatingConstructorAccessorImpl.newInstance(DelegatingConstructorAccessorImpl.java:45)
	at java.base/java.lang.reflect.Constructor.newInstanceWithCaller(Constructor.java:499)
	at java.base/java.lang.reflect.Constructor.newInstance(Constructor.java:480)
	at org.eclipse.core.internal.registry.osgi.RegistryStrategyOSGI.createExecutableExtension(RegistryStrategyOSGI.java:204)
	at org.eclipse.core.internal.registry.ExtensionRegistry.createExecutableExtension(ExtensionRegistry.java:920)
	at org.eclipse.core.internal.registry.ConfigurationElement.createExecutableExtension(ConfigurationElement.java:246)
	at org.eclipse.core.internal.registry.ConfigurationElementHandle.createExecutableExtension(ConfigurationElementHandle.java:63)
	at org.eclipse.lsp4e.LanguageServersRegistry$ExtensionLanguageServerDefinition.createConnectionProvider(LanguageServersRegistry.java:161)
	at org.eclipse.lsp4e.LanguageServerWrapper.lambda$0(LanguageServerWrapper.java:233)
	at java.base/java.util.concurrent.CompletableFuture$AsyncSupply.run(CompletableFuture.java:1768)
	at java.base/java.util.concurrent.CompletableFuture$AsyncSupply.exec(CompletableFuture.java:1760)
	at java.base/java.util.concurrent.ForkJoinTask.doExec(ForkJoinTask.java:373)
	at java.base/java.util.concurrent.ForkJoinPool$WorkQueue.topLevelExec(ForkJoinPool.java:1182)
	at java.base/java.util.concurrent.ForkJoinPool.scan(ForkJoinPool.java:1655)
	at java.base/java.util.concurrent.ForkJoinPool.runWorker(ForkJoinPool.java:1622)
	at java.base/java.util.concurrent.ForkJoinWorkerThread.run(ForkJoinWorkerThread.java:165)
Caused by: java.lang.NullPointerException: Cannot invoke "java.io.File.getAbsolutePath()" because the return value of "org.eclipse.wildwebdeveloper.embedder.node.NodeJSManager.getNodeJsLocation()" is null
	at org.eclipse.wildwebdeveloper.css.CSSLanguageServer.<init>(CSSLanguageServer.java:40)
	... 17 more
Root exception:
java.lang.NullPointerException: Cannot invoke "java.io.File.getAbsolutePath()" because the return value of "org.eclipse.wildwebdeveloper.embedder.node.NodeJSManager.getNodeJsLocation()" is null
	at org.eclipse.wildwebdeveloper.css.CSSLanguageServer.<init>(CSSLanguageServer.java:40)
	at jdk.internal.reflect.GeneratedConstructorAccessor125.newInstance(Unknown Source)
	at java.base/jdk.internal.reflect.DelegatingConstructorAccessorImpl.newInstance(DelegatingConstructorAccessorImpl.java:45)
	at java.base/java.lang.reflect.Constructor.newInstanceWithCaller(Constructor.java:499)
	at java.base/java.lang.reflect.Constructor.newInstance(Constructor.java:480)
	at org.eclipse.core.internal.registry.osgi.RegistryStrategyOSGI.createExecutableExtension(RegistryStrategyOSGI.java:204)
	at org.eclipse.core.internal.registry.ExtensionRegistry.createExecutableExtension(ExtensionRegistry.java:920)
	at org.eclipse.core.internal.registry.ConfigurationElement.createExecutableExtension(ConfigurationElement.java:246)
	at org.eclipse.core.internal.registry.ConfigurationElementHandle.createExecutableExtension(ConfigurationElementHandle.java:63)
	at org.eclipse.lsp4e.LanguageServersRegistry$ExtensionLanguageServerDefinition.createConnectionProvider(LanguageServersRegistry.java:161)
	at org.eclipse.lsp4e.LanguageServerWrapper.lambda$0(LanguageServerWrapper.java:233)
	at java.base/java.util.concurrent.CompletableFuture$AsyncSupply.run(CompletableFuture.java:1768)
	at java.base/java.util.concurrent.CompletableFuture$AsyncSupply.exec(CompletableFuture.java:1760)
	at java.base/java.util.concurrent.ForkJoinTask.doExec(ForkJoinTask.java:373)
	at java.base/java.util.concurrent.ForkJoinPool$WorkQueue.topLevelExec(ForkJoinPool.java:1182)
	at java.base/java.util.concurrent.ForkJoinPool.scan(ForkJoinPool.java:1655)
	at java.base/java.util.concurrent.ForkJoinPool.runWorker(ForkJoinPool.java:1622)
	at java.base/java.util.concurrent.ForkJoinWorkerThread.run(ForkJoinWorkerThread.java:165)

!ENTRY org.eclipse.lsp4e 4 0 2025-12-22 21:59:43.778
!MESSAGE Exception occurred while creating an instance of the stream connection provider
!STACK 0
java.lang.RuntimeException: Exception occurred while creating an instance of the stream connection provider
	at org.eclipse.lsp4e.LanguageServersRegistry$ExtensionLanguageServerDefinition.createConnectionProvider(LanguageServersRegistry.java:164)
	at org.eclipse.lsp4e.LanguageServerWrapper.lambda$0(LanguageServerWrapper.java:233)
	at java.base/java.util.concurrent.CompletableFuture$AsyncSupply.run(CompletableFuture.java:1768)
	at java.base/java.util.concurrent.CompletableFuture$AsyncSupply.exec(CompletableFuture.java:1760)
	at java.base/java.util.concurrent.ForkJoinTask.doExec(ForkJoinTask.java:373)
	at java.base/java.util.concurrent.ForkJoinPool$WorkQueue.topLevelExec(ForkJoinPool.java:1182)
	at java.base/java.util.concurrent.ForkJoinPool.scan(ForkJoinPool.java:1655)
	at java.base/java.util.concurrent.ForkJoinPool.runWorker(ForkJoinPool.java:1622)
	at java.base/java.util.concurrent.ForkJoinWorkerThread.run(ForkJoinWorkerThread.java:165)
Caused by: org.eclipse.core.runtime.CoreException: プラグイン "org.eclipse.wildwebdeveloper" は、クラス "org.eclipse.wildwebdeveloper.css.CSSLanguageServer" をインスタンス化できませんでした。
	at org.eclipse.core.internal.registry.osgi.RegistryStrategyOSGI.throwException(RegistryStrategyOSGI.java:212)
	at org.eclipse.core.internal.registry.osgi.RegistryStrategyOSGI.createExecutableExtension(RegistryStrategyOSGI.java:206)
	at org.eclipse.core.internal.registry.ExtensionRegistry.createExecutableExtension(ExtensionRegistry.java:920)
	at org.eclipse.core.internal.registry.ConfigurationElement.createExecutableExtension(ConfigurationElement.java:246)
	at org.eclipse.core.internal.registry.ConfigurationElementHandle.createExecutableExtension(ConfigurationElementHandle.java:63)
	at org.eclipse.lsp4e.LanguageServersRegistry$ExtensionLanguageServerDefinition.createConnectionProvider(LanguageServersRegistry.java:161)
	... 8 more
Caused by: java.lang.reflect.InvocationTargetException
	at jdk.internal.reflect.GeneratedConstructorAccessor125.newInstance(Unknown Source)
	at java.base/jdk.internal.reflect.DelegatingConstructorAccessorImpl.newInstance(DelegatingConstructorAccessorImpl.java:45)
	at java.base/java.lang.reflect.Constructor.newInstanceWithCaller(Constructor.java:499)
	at java.base/java.lang.reflect.Constructor.newInstance(Constructor.java:480)
	at org.eclipse.core.internal.registry.osgi.RegistryStrategyOSGI.createExecutableExtension(RegistryStrategyOSGI.java:204)
	... 12 more
Caused by: java.lang.NullPointerException: Cannot invoke "java.io.File.getAbsolutePath()" because the return value of "org.eclipse.wildwebdeveloper.embedder.node.NodeJSManager.getNodeJsLocation()" is null
	at org.eclipse.wildwebdeveloper.css.CSSLanguageServer.<init>(CSSLanguageServer.java:40)
	... 17 more

!ENTRY org.eclipse.lsp4e 4 0 2025-12-22 21:59:43.778
!MESSAGE java.lang.RuntimeException: Exception occurred while creating an instance of the stream connection provider
!STACK 0
java.util.concurrent.ExecutionException: java.lang.RuntimeException: Exception occurred while creating an instance of the stream connection provider
	at java.base/java.util.concurrent.CompletableFuture.reportGet(CompletableFuture.java:396)
	at java.base/java.util.concurrent.CompletableFuture.get(CompletableFuture.java:2096)
	at org.eclipse.lsp4e.operations.hover.LSPTextHover.getHoverRegion(LSPTextHover.java:150)
	at org.eclipse.ui.internal.genericeditor.hover.CompositeTextHover.getHoverRegion(CompositeTextHover.java:101)
	at org.eclipse.jface.text.TextViewerHoverManager.computeInformation(TextViewerHoverManager.java:128)
	at org.eclipse.jface.text.AbstractInformationControlManager.doShowInformation(AbstractInformationControlManager.java:1101)
	at org.eclipse.jface.text.AbstractHoverInformationControlManager$MouseTracker.mouseHover(AbstractHoverInformationControlManager.java:511)
	at org.eclipse.swt.widgets.TypedListener.handleEvent(TypedListener.java:212)
	at org.eclipse.swt.widgets.EventTable.sendEvent(EventTable.java:89)
	at org.eclipse.swt.widgets.Display.sendEvent(Display.java:4251)
	at org.eclipse.swt.widgets.Widget.sendEvent(Widget.java:1066)
	at org.eclipse.swt.widgets.Display.runDeferredEvents(Display.java:4068)
	at org.eclipse.swt.widgets.Display.readAndDispatch(Display.java:3645)
	at org.eclipse.e4.ui.internal.workbench.swt.PartRenderingEngine$5.run(PartRenderingEngine.java:1155)
	at org.eclipse.core.databinding.observable.Realm.runWithDefault(Realm.java:338)
	at org.eclipse.e4.ui.internal.workbench.swt.PartRenderingEngine.run(PartRenderingEngine.java:1046)
	at org.eclipse.e4.ui.internal.workbench.E4Workbench.createAndRunUI(E4Workbench.java:155)
	at org.eclipse.ui.internal.Workbench.lambda$3(Workbench.java:644)
	at org.eclipse.core.databinding.observable.Realm.runWithDefault(Realm.java:338)
	at org.eclipse.ui.internal.Workbench.createAndRunWorkbench(Workbench.java:551)
	at org.eclipse.ui.PlatformUI.createAndRunWorkbench(PlatformUI.java:156)
	at org.eclipse.ui.internal.ide.application.IDEApplication.start(IDEApplication.java:152)
	at org.eclipse.equinox.internal.app.EclipseAppHandle.run(EclipseAppHandle.java:203)
	at org.eclipse.core.runtime.internal.adaptor.EclipseAppLauncher.runApplication(EclipseAppLauncher.java:136)
	at org.eclipse.core.runtime.internal.adaptor.EclipseAppLauncher.start(EclipseAppLauncher.java:104)
	at org.eclipse.core.runtime.adaptor.EclipseStarter.run(EclipseStarter.java:402)
	at org.eclipse.core.runtime.adaptor.EclipseStarter.run(EclipseStarter.java:255)
	at java.base/jdk.internal.reflect.NativeMethodAccessorImpl.invoke0(Native Method)
	at java.base/jdk.internal.reflect.NativeMethodAccessorImpl.invoke(NativeMethodAccessorImpl.java:77)
	at java.base/jdk.internal.reflect.DelegatingMethodAccessorImpl.invoke(DelegatingMethodAccessorImpl.java:43)
	at java.base/java.lang.reflect.Method.invoke(Method.java:568)
	at org.eclipse.equinox.launcher.Main.invokeFramework(Main.java:659)
	at org.eclipse.equinox.launcher.Main.basicRun(Main.java:596)
	at org.eclipse.equinox.launcher.Main.run(Main.java:1467)
Caused by: java.lang.RuntimeException: Exception occurred while creating an instance of the stream connection provider
	at org.eclipse.lsp4e.LanguageServersRegistry$ExtensionLanguageServerDefinition.createConnectionProvider(LanguageServersRegistry.java:164)
	at org.eclipse.lsp4e.LanguageServerWrapper.lambda$0(LanguageServerWrapper.java:233)
	at java.base/java.util.concurrent.CompletableFuture$AsyncSupply.run(CompletableFuture.java:1768)
	at java.base/java.util.concurrent.CompletableFuture$AsyncSupply.exec(CompletableFuture.java:1760)
	at java.base/java.util.concurrent.ForkJoinTask.doExec(ForkJoinTask.java:373)
	at java.base/java.util.concurrent.ForkJoinPool$WorkQueue.topLevelExec(ForkJoinPool.java:1182)
	at java.base/java.util.concurrent.ForkJoinPool.scan(ForkJoinPool.java:1655)
	at java.base/java.util.concurrent.ForkJoinPool.runWorker(ForkJoinPool.java:1622)
	at java.base/java.util.concurrent.ForkJoinWorkerThread.run(ForkJoinWorkerThread.java:165)
Caused by: org.eclipse.core.runtime.CoreException: プラグイン "org.eclipse.wildwebdeveloper" は、クラス "org.eclipse.wildwebdeveloper.css.CSSLanguageServer" をインスタンス化できませんでした。
	at org.eclipse.core.internal.registry.osgi.RegistryStrategyOSGI.throwException(RegistryStrategyOSGI.java:212)
	at org.eclipse.core.internal.registry.osgi.RegistryStrategyOSGI.createExecutableExtension(RegistryStrategyOSGI.java:206)
	at org.eclipse.core.internal.registry.ExtensionRegistry.createExecutableExtension(ExtensionRegistry.java:920)
	at org.eclipse.core.internal.registry.ConfigurationElement.createExecutableExtension(ConfigurationElement.java:246)
	at org.eclipse.core.internal.registry.ConfigurationElementHandle.createExecutableExtension(ConfigurationElementHandle.java:63)
	at org.eclipse.lsp4e.LanguageServersRegistry$ExtensionLanguageServerDefinition.createConnectionProvider(LanguageServersRegistry.java:161)
	... 8 more
Caused by: java.lang.reflect.InvocationTargetException
	at jdk.internal.reflect.GeneratedConstructorAccessor125.newInstance(Unknown Source)
	at java.base/jdk.internal.reflect.DelegatingConstructorAccessorImpl.newInstance(DelegatingConstructorAccessorImpl.java:45)
	at java.base/java.lang.reflect.Constructor.newInstanceWithCaller(Constructor.java:499)
	at java.base/java.lang.reflect.Constructor.newInstance(Constructor.java:480)
	at org.eclipse.core.internal.registry.osgi.RegistryStrategyOSGI.createExecutableExtension(RegistryStrategyOSGI.java:204)
	... 12 more
Caused by: java.lang.NullPointerException: Cannot invoke "java.io.File.getAbsolutePath()" because the return value of "org.eclipse.wildwebdeveloper.embedder.node.NodeJSManager.getNodeJsLocation()" is null
	at org.eclipse.wildwebdeveloper.css.CSSLanguageServer.<init>(CSSLanguageServer.java:40)
	... 17 more

!ENTRY org.eclipse.lsp4e 4 0 2025-12-22 21:59:43.778
!MESSAGE Cannot invoke "org.eclipse.lsp4e.server.StreamConnectionProvider.getInputStream()" because "this.lspStreamProvider" is null
!STACK 0
java.lang.NullPointerException: Cannot invoke "org.eclipse.lsp4e.server.StreamConnectionProvider.getInputStream()" because "this.lspStreamProvider" is null
	at org.eclipse.lsp4e.LanguageServerWrapper.lambda$1(LanguageServerWrapper.java:284)
	at java.base/java.util.concurrent.CompletableFuture$UniApply.tryFire(CompletableFuture.java:646)
	at java.base/java.util.concurrent.CompletableFuture.postComplete(CompletableFuture.java:510)
	at java.base/java.util.concurrent.CompletableFuture$AsyncSupply.run(CompletableFuture.java:1773)
	at java.base/java.util.concurrent.CompletableFuture$AsyncSupply.exec(CompletableFuture.java:1760)
	at java.base/java.util.concurrent.ForkJoinTask.doExec(ForkJoinTask.java:373)
	at java.base/java.util.concurrent.ForkJoinPool$WorkQueue.topLevelExec(ForkJoinPool.java:1182)
	at java.base/java.util.concurrent.ForkJoinPool.scan(ForkJoinPool.java:1655)
	at java.base/java.util.concurrent.ForkJoinPool.runWorker(ForkJoinPool.java:1622)
	at java.base/java.util.concurrent.ForkJoinWorkerThread.run(ForkJoinWorkerThread.java:165)

!ENTRY org.eclipse.lsp4e 4 0 2025-12-22 21:59:43.778
!MESSAGE java.lang.RuntimeException: Exception occurred while creating an instance of the stream connection provider
!STACK 0
java.util.concurrent.ExecutionException: java.lang.RuntimeException: Exception occurred while creating an instance of the stream connection provider
	at java.base/java.util.concurrent.CompletableFuture.reportGet(CompletableFuture.java:396)
	at java.base/java.util.concurrent.CompletableFuture.get(CompletableFuture.java:2096)
	at org.eclipse.lsp4e.operations.hover.LSPTextHover.getHoverInfo(LSPTextHover.java:73)
	at org.eclipse.ui.internal.genericeditor.hover.CompositeTextHover.getHoverInfo2(CompositeTextHover.java:60)
	at org.eclipse.jface.text.TextViewerHoverManager$1.run(TextViewerHoverManager.java:155)
Caused by: java.lang.RuntimeException: Exception occurred while creating an instance of the stream connection provider
	at org.eclipse.lsp4e.LanguageServersRegistry$ExtensionLanguageServerDefinition.createConnectionProvider(LanguageServersRegistry.java:164)
	at org.eclipse.lsp4e.LanguageServerWrapper.lambda$0(LanguageServerWrapper.java:233)
	at java.base/java.util.concurrent.CompletableFuture$AsyncSupply.run(CompletableFuture.java:1768)
	at java.base/java.util.concurrent.CompletableFuture$AsyncSupply.exec(CompletableFuture.java:1760)
	at java.base/java.util.concurrent.ForkJoinTask.doExec(ForkJoinTask.java:373)
	at java.base/java.util.concurrent.ForkJoinPool$WorkQueue.topLevelExec(ForkJoinPool.java:1182)
	at java.base/java.util.concurrent.ForkJoinPool.scan(ForkJoinPool.java:1655)
	at java.base/java.util.concurrent.ForkJoinPool.runWorker(ForkJoinPool.java:1622)
	at java.base/java.util.concurrent.ForkJoinWorkerThread.run(ForkJoinWorkerThread.java:165)
Caused by: org.eclipse.core.runtime.CoreException: プラグイン "org.eclipse.wildwebdeveloper" は、クラス "org.eclipse.wildwebdeveloper.css.CSSLanguageServer" をインスタンス化できませんでした。
	at org.eclipse.core.internal.registry.osgi.RegistryStrategyOSGI.throwException(RegistryStrategyOSGI.java:212)
	at org.eclipse.core.internal.registry.osgi.RegistryStrategyOSGI.createExecutableExtension(RegistryStrategyOSGI.java:206)
	at org.eclipse.core.internal.registry.ExtensionRegistry.createExecutableExtension(ExtensionRegistry.java:920)
	at org.eclipse.core.internal.registry.ConfigurationElement.createExecutableExtension(ConfigurationElement.java:246)
	at org.eclipse.core.internal.registry.ConfigurationElementHandle.createExecutableExtension(ConfigurationElementHandle.java:63)
	at org.eclipse.lsp4e.LanguageServersRegistry$ExtensionLanguageServerDefinition.createConnectionProvider(LanguageServersRegistry.java:161)
	... 8 more
Caused by: java.lang.reflect.InvocationTargetException
	at jdk.internal.reflect.GeneratedConstructorAccessor125.newInstance(Unknown Source)
	at java.base/jdk.internal.reflect.DelegatingConstructorAccessorImpl.newInstance(DelegatingConstructorAccessorImpl.java:45)
	at java.base/java.lang.reflect.Constructor.newInstanceWithCaller(Constructor.java:499)
	at java.base/java.lang.reflect.Constructor.newInstance(Constructor.java:480)
	at org.eclipse.core.internal.registry.osgi.RegistryStrategyOSGI.createExecutableExtension(RegistryStrategyOSGI.java:204)
	... 12 more
Caused by: java.lang.NullPointerException: Cannot invoke "java.io.File.getAbsolutePath()" because the return value of "org.eclipse.wildwebdeveloper.embedder.node.NodeJSManager.getNodeJsLocation()" is null
	at org.eclipse.wildwebdeveloper.css.CSSLanguageServer.<init>(CSSLanguageServer.java:40)
	... 17 more

!ENTRY org.eclipse.lsp4e 4 0 2025-12-22 21:59:45.852
!MESSAGE プラグイン "org.eclipse.wildwebdeveloper" は、クラス "org.eclipse.wildwebdeveloper.css.CSSLanguageServer" をインスタンス化できませんでした。
!STACK 1
org.eclipse.core.runtime.CoreException: プラグイン "org.eclipse.wildwebdeveloper" は、クラス "org.eclipse.wildwebdeveloper.css.CSSLanguageServer" をインスタンス化できませんでした。
	at org.eclipse.core.internal.registry.osgi.RegistryStrategyOSGI.throwException(RegistryStrategyOSGI.java:212)
	at org.eclipse.core.internal.registry.osgi.RegistryStrategyOSGI.createExecutableExtension(RegistryStrategyOSGI.java:206)
	at org.eclipse.core.internal.registry.ExtensionRegistry.createExecutableExtension(ExtensionRegistry.java:920)
	at org.eclipse.core.internal.registry.ConfigurationElement.createExecutableExtension(ConfigurationElement.java:246)
	at org.eclipse.core.internal.registry.ConfigurationElementHandle.createExecutableExtension(ConfigurationElementHandle.java:63)
	at org.eclipse.lsp4e.LanguageServersRegistry$ExtensionLanguageServerDefinition.createConnectionProvider(LanguageServersRegistry.java:161)
	at org.eclipse.lsp4e.LanguageServerWrapper.lambda$0(LanguageServerWrapper.java:233)
	at java.base/java.util.concurrent.CompletableFuture$AsyncSupply.run(CompletableFuture.java:1768)
	at java.base/java.util.concurrent.CompletableFuture$AsyncSupply.exec(CompletableFuture.java:1760)
	at java.base/java.util.concurrent.ForkJoinTask.doExec(ForkJoinTask.java:373)
	at java.base/java.util.concurrent.ForkJoinPool$WorkQueue.topLevelExec(ForkJoinPool.java:1182)
	at java.base/java.util.concurrent.ForkJoinPool.scan(ForkJoinPool.java:1655)
	at java.base/java.util.concurrent.ForkJoinPool.runWorker(ForkJoinPool.java:1622)
	at java.base/java.util.concurrent.ForkJoinWorkerThread.run(ForkJoinWorkerThread.java:165)
Caused by: java.lang.reflect.InvocationTargetException
	at jdk.internal.reflect.GeneratedConstructorAccessor125.newInstance(Unknown Source)
	at java.base/jdk.internal.reflect.DelegatingConstructorAccessorImpl.newInstance(DelegatingConstructorAccessorImpl.java:45)
	at java.base/java.lang.reflect.Constructor.newInstanceWithCaller(Constructor.java:499)
	at java.base/java.lang.reflect.Constructor.newInstance(Constructor.java:480)
	at org.eclipse.core.internal.registry.osgi.RegistryStrategyOSGI.createExecutableExtension(RegistryStrategyOSGI.java:204)
	... 12 more
Caused by: java.lang.NullPointerException: Cannot invoke "java.io.File.getAbsolutePath()" because the return value of "org.eclipse.wildwebdeveloper.embedder.node.NodeJSManager.getNodeJsLocation()" is null
	at org.eclipse.wildwebdeveloper.css.CSSLanguageServer.<init>(CSSLanguageServer.java:40)
	... 17 more
!SUBENTRY 1 org.eclipse.equinox.registry 4 1 2025-12-22 21:59:45.852
!MESSAGE プラグイン "org.eclipse.wildwebdeveloper" は、クラス "org.eclipse.wildwebdeveloper.css.CSSLanguageServer" をインスタンス化できませんでした。
!STACK 0
java.lang.reflect.InvocationTargetException
	at jdk.internal.reflect.GeneratedConstructorAccessor125.newInstance(Unknown Source)
	at java.base/jdk.internal.reflect.DelegatingConstructorAccessorImpl.newInstance(DelegatingConstructorAccessorImpl.java:45)
	at java.base/java.lang.reflect.Constructor.newInstanceWithCaller(Constructor.java:499)
	at java.base/java.lang.reflect.Constructor.newInstance(Constructor.java:480)
	at org.eclipse.core.internal.registry.osgi.RegistryStrategyOSGI.createExecutableExtension(RegistryStrategyOSGI.java:204)
	at org.eclipse.core.internal.registry.ExtensionRegistry.createExecutableExtension(ExtensionRegistry.java:920)
	at org.eclipse.core.internal.registry.ConfigurationElement.createExecutableExtension(ConfigurationElement.java:246)
	at org.eclipse.core.internal.registry.ConfigurationElementHandle.createExecutableExtension(ConfigurationElementHandle.java:63)
	at org.eclipse.lsp4e.LanguageServersRegistry$ExtensionLanguageServerDefinition.createConnectionProvider(LanguageServersRegistry.java:161)
	at org.eclipse.lsp4e.LanguageServerWrapper.lambda$0(LanguageServerWrapper.java:233)
	at java.base/java.util.concurrent.CompletableFuture$AsyncSupply.run(CompletableFuture.java:1768)
	at java.base/java.util.concurrent.CompletableFuture$AsyncSupply.exec(CompletableFuture.java:1760)
	at java.base/java.util.concurrent.ForkJoinTask.doExec(ForkJoinTask.java:373)
	at java.base/java.util.concurrent.ForkJoinPool$WorkQueue.topLevelExec(ForkJoinPool.java:1182)
	at java.base/java.util.concurrent.ForkJoinPool.scan(ForkJoinPool.java:1655)
	at java.base/java.util.concurrent.ForkJoinPool.runWorker(ForkJoinPool.java:1622)
	at java.base/java.util.concurrent.ForkJoinWorkerThread.run(ForkJoinWorkerThread.java:165)
Caused by: java.lang.NullPointerException: Cannot invoke "java.io.File.getAbsolutePath()" because the return value of "org.eclipse.wildwebdeveloper.embedder.node.NodeJSManager.getNodeJsLocation()" is null
	at org.eclipse.wildwebdeveloper.css.CSSLanguageServer.<init>(CSSLanguageServer.java:40)
	... 17 more
Root exception:
java.lang.NullPointerException: Cannot invoke "java.io.File.getAbsolutePath()" because the return value of "org.eclipse.wildwebdeveloper.embedder.node.NodeJSManager.getNodeJsLocation()" is null
	at org.eclipse.wildwebdeveloper.css.CSSLanguageServer.<init>(CSSLanguageServer.java:40)
	at jdk.internal.reflect.GeneratedConstructorAccessor125.newInstance(Unknown Source)
	at java.base/jdk.internal.reflect.DelegatingConstructorAccessorImpl.newInstance(DelegatingConstructorAccessorImpl.java:45)
	at java.base/java.lang.reflect.Constructor.newInstanceWithCaller(Constructor.java:499)
	at java.base/java.lang.reflect.Constructor.newInstance(Constructor.java:480)
	at org.eclipse.core.internal.registry.osgi.RegistryStrategyOSGI.createExecutableExtension(RegistryStrategyOSGI.java:204)
	at org.eclipse.core.internal.registry.ExtensionRegistry.createExecutableExtension(ExtensionRegistry.java:920)
	at org.eclipse.core.internal.registry.ConfigurationElement.createExecutableExtension(ConfigurationElement.java:246)
	at org.eclipse.core.internal.registry.ConfigurationElementHandle.createExecutableExtension(ConfigurationElementHandle.java:63)
	at org.eclipse.lsp4e.LanguageServersRegistry$ExtensionLanguageServerDefinition.createConnectionProvider(LanguageServersRegistry.java:161)
	at org.eclipse.lsp4e.LanguageServerWrapper.lambda$0(LanguageServerWrapper.java:233)
	at java.base/java.util.concurrent.CompletableFuture$AsyncSupply.run(CompletableFuture.java:1768)
	at java.base/java.util.concurrent.CompletableFuture$AsyncSupply.exec(CompletableFuture.java:1760)
	at java.base/java.util.concurrent.ForkJoinTask.doExec(ForkJoinTask.java:373)
	at java.base/java.util.concurrent.ForkJoinPool$WorkQueue.topLevelExec(ForkJoinPool.java:1182)
	at java.base/java.util.concurrent.ForkJoinPool.scan(ForkJoinPool.java:1655)
	at java.base/java.util.concurrent.ForkJoinPool.runWorker(ForkJoinPool.java:1622)
	at java.base/java.util.concurrent.ForkJoinWorkerThread.run(ForkJoinWorkerThread.java:165)

!ENTRY org.eclipse.lsp4e 4 0 2025-12-22 21:59:45.852
!MESSAGE Exception occurred while creating an instance of the stream connection provider
!STACK 0
java.lang.RuntimeException: Exception occurred while creating an instance of the stream connection provider
	at org.eclipse.lsp4e.LanguageServersRegistry$ExtensionLanguageServerDefinition.createConnectionProvider(LanguageServersRegistry.java:164)
	at org.eclipse.lsp4e.LanguageServerWrapper.lambda$0(LanguageServerWrapper.java:233)
	at java.base/java.util.concurrent.CompletableFuture$AsyncSupply.run(CompletableFuture.java:1768)
	at java.base/java.util.concurrent.CompletableFuture$AsyncSupply.exec(CompletableFuture.java:1760)
	at java.base/java.util.concurrent.ForkJoinTask.doExec(ForkJoinTask.java:373)
	at java.base/java.util.concurrent.ForkJoinPool$WorkQueue.topLevelExec(ForkJoinPool.java:1182)
	at java.base/java.util.concurrent.ForkJoinPool.scan(ForkJoinPool.java:1655)
	at java.base/java.util.concurrent.ForkJoinPool.runWorker(ForkJoinPool.java:1622)
	at java.base/java.util.concurrent.ForkJoinWorkerThread.run(ForkJoinWorkerThread.java:165)
Caused by: org.eclipse.core.runtime.CoreException: プラグイン "org.eclipse.wildwebdeveloper" は、クラス "org.eclipse.wildwebdeveloper.css.CSSLanguageServer" をインスタンス化できませんでした。
	at org.eclipse.core.internal.registry.osgi.RegistryStrategyOSGI.throwException(RegistryStrategyOSGI.java:212)
	at org.eclipse.core.internal.registry.osgi.RegistryStrategyOSGI.createExecutableExtension(RegistryStrategyOSGI.java:206)
	at org.eclipse.core.internal.registry.ExtensionRegistry.createExecutableExtension(ExtensionRegistry.java:920)
	at org.eclipse.core.internal.registry.ConfigurationElement.createExecutableExtension(ConfigurationElement.java:246)
	at org.eclipse.core.internal.registry.ConfigurationElementHandle.createExecutableExtension(ConfigurationElementHandle.java:63)
	at org.eclipse.lsp4e.LanguageServersRegistry$ExtensionLanguageServerDefinition.createConnectionProvider(LanguageServersRegistry.java:161)
	... 8 more
Caused by: java.lang.reflect.InvocationTargetException
	at jdk.internal.reflect.GeneratedConstructorAccessor125.newInstance(Unknown Source)
	at java.base/jdk.internal.reflect.DelegatingConstructorAccessorImpl.newInstance(DelegatingConstructorAccessorImpl.java:45)
	at java.base/java.lang.reflect.Constructor.newInstanceWithCaller(Constructor.java:499)
	at java.base/java.lang.reflect.Constructor.newInstance(Constructor.java:480)
	at org.eclipse.core.internal.registry.osgi.RegistryStrategyOSGI.createExecutableExtension(RegistryStrategyOSGI.java:204)
	... 12 more
Caused by: java.lang.NullPointerException: Cannot invoke "java.io.File.getAbsolutePath()" because the return value of "org.eclipse.wildwebdeveloper.embedder.node.NodeJSManager.getNodeJsLocation()" is null
	at org.eclipse.wildwebdeveloper.css.CSSLanguageServer.<init>(CSSLanguageServer.java:40)
	... 17 more

!ENTRY org.eclipse.lsp4e 4 0 2025-12-22 21:59:45.853
!MESSAGE java.lang.RuntimeException: Exception occurred while creating an instance of the stream connection provider
!STACK 0
java.util.concurrent.ExecutionException: java.lang.RuntimeException: Exception occurred while creating an instance of the stream connection provider
	at java.base/java.util.concurrent.CompletableFuture.reportGet(CompletableFuture.java:396)
	at java.base/java.util.concurrent.CompletableFuture.get(CompletableFuture.java:2096)
	at org.eclipse.lsp4e.operations.hover.LSPTextHover.getHoverRegion(LSPTextHover.java:150)
	at org.eclipse.ui.internal.genericeditor.hover.CompositeTextHover.getHoverRegion(CompositeTextHover.java:101)
	at org.eclipse.jface.text.TextViewerHoverManager.computeInformation(TextViewerHoverManager.java:128)
	at org.eclipse.jface.text.AbstractInformationControlManager.doShowInformation(AbstractInformationControlManager.java:1101)
	at org.eclipse.jface.text.AbstractHoverInformationControlManager$MouseTracker.mouseHover(AbstractHoverInformationControlManager.java:511)
	at org.eclipse.swt.widgets.TypedListener.handleEvent(TypedListener.java:212)
	at org.eclipse.swt.widgets.EventTable.sendEvent(EventTable.java:89)
	at org.eclipse.swt.widgets.Display.sendEvent(Display.java:4251)
	at org.eclipse.swt.widgets.Widget.sendEvent(Widget.java:1066)
	at org.eclipse.swt.widgets.Display.runDeferredEvents(Display.java:4068)
	at org.eclipse.swt.widgets.Display.readAndDispatch(Display.java:3645)
	at org.eclipse.e4.ui.internal.workbench.swt.PartRenderingEngine$5.run(PartRenderingEngine.java:1155)
	at org.eclipse.core.databinding.observable.Realm.runWithDefault(Realm.java:338)
	at org.eclipse.e4.ui.internal.workbench.swt.PartRenderingEngine.run(PartRenderingEngine.java:1046)
	at org.eclipse.e4.ui.internal.workbench.E4Workbench.createAndRunUI(E4Workbench.java:155)
	at org.eclipse.ui.internal.Workbench.lambda$3(Workbench.java:644)
	at org.eclipse.core.databinding.observable.Realm.runWithDefault(Realm.java:338)
	at org.eclipse.ui.internal.Workbench.createAndRunWorkbench(Workbench.java:551)
	at org.eclipse.ui.PlatformUI.createAndRunWorkbench(PlatformUI.java:156)
	at org.eclipse.ui.internal.ide.application.IDEApplication.start(IDEApplication.java:152)
	at org.eclipse.equinox.internal.app.EclipseAppHandle.run(EclipseAppHandle.java:203)
	at org.eclipse.core.runtime.internal.adaptor.EclipseAppLauncher.runApplication(EclipseAppLauncher.java:136)
	at org.eclipse.core.runtime.internal.adaptor.EclipseAppLauncher.start(EclipseAppLauncher.java:104)
	at org.eclipse.core.runtime.adaptor.EclipseStarter.run(EclipseStarter.java:402)
	at org.eclipse.core.runtime.adaptor.EclipseStarter.run(EclipseStarter.java:255)
	at java.base/jdk.internal.reflect.NativeMethodAccessorImpl.invoke0(Native Method)
	at java.base/jdk.internal.reflect.NativeMethodAccessorImpl.invoke(NativeMethodAccessorImpl.java:77)
	at java.base/jdk.internal.reflect.DelegatingMethodAccessorImpl.invoke(DelegatingMethodAccessorImpl.java:43)
	at java.base/java.lang.reflect.Method.invoke(Method.java:568)
	at org.eclipse.equinox.launcher.Main.invokeFramework(Main.java:659)
	at org.eclipse.equinox.launcher.Main.basicRun(Main.java:596)
	at org.eclipse.equinox.launcher.Main.run(Main.java:1467)
Caused by: java.lang.RuntimeException: Exception occurred while creating an instance of the stream connection provider
	at org.eclipse.lsp4e.LanguageServersRegistry$ExtensionLanguageServerDefinition.createConnectionProvider(LanguageServersRegistry.java:164)
	at org.eclipse.lsp4e.LanguageServerWrapper.lambda$0(LanguageServerWrapper.java:233)
	at java.base/java.util.concurrent.CompletableFuture$AsyncSupply.run(CompletableFuture.java:1768)
	at java.base/java.util.concurrent.CompletableFuture$AsyncSupply.exec(CompletableFuture.java:1760)
	at java.base/java.util.concurrent.ForkJoinTask.doExec(ForkJoinTask.java:373)
	at java.base/java.util.concurrent.ForkJoinPool$WorkQueue.topLevelExec(ForkJoinPool.java:1182)
	at java.base/java.util.concurrent.ForkJoinPool.scan(ForkJoinPool.java:1655)
	at java.base/java.util.concurrent.ForkJoinPool.runWorker(ForkJoinPool.java:1622)
	at java.base/java.util.concurrent.ForkJoinWorkerThread.run(ForkJoinWorkerThread.java:165)
Caused by: org.eclipse.core.runtime.CoreException: プラグイン "org.eclipse.wildwebdeveloper" は、クラス "org.eclipse.wildwebdeveloper.css.CSSLanguageServer" をインスタンス化できませんでした。
	at org.eclipse.core.internal.registry.osgi.RegistryStrategyOSGI.throwException(RegistryStrategyOSGI.java:212)
	at org.eclipse.core.internal.registry.osgi.RegistryStrategyOSGI.createExecutableExtension(RegistryStrategyOSGI.java:206)
	at org.eclipse.core.internal.registry.ExtensionRegistry.createExecutableExtension(ExtensionRegistry.java:920)
	at org.eclipse.core.internal.registry.ConfigurationElement.createExecutableExtension(ConfigurationElement.java:246)
	at org.eclipse.core.internal.registry.ConfigurationElementHandle.createExecutableExtension(ConfigurationElementHandle.java:63)
	at org.eclipse.lsp4e.LanguageServersRegistry$ExtensionLanguageServerDefinition.createConnectionProvider(LanguageServersRegistry.java:161)
	... 8 more
Caused by: java.lang.reflect.InvocationTargetException
	at jdk.internal.reflect.GeneratedConstructorAccessor125.newInstance(Unknown Source)
	at java.base/jdk.internal.reflect.DelegatingConstructorAccessorImpl.newInstance(DelegatingConstructorAccessorImpl.java:45)
	at java.base/java.lang.reflect.Constructor.newInstanceWithCaller(Constructor.java:499)
	at java.base/java.lang.reflect.Constructor.newInstance(Constructor.java:480)
	at org.eclipse.core.internal.registry.osgi.RegistryStrategyOSGI.createExecutableExtension(RegistryStrategyOSGI.java:204)
	... 12 more
Caused by: java.lang.NullPointerException: Cannot invoke "java.io.File.getAbsolutePath()" because the return value of "org.eclipse.wildwebdeveloper.embedder.node.NodeJSManager.getNodeJsLocation()" is null
	at org.eclipse.wildwebdeveloper.css.CSSLanguageServer.<init>(CSSLanguageServer.java:40)
	... 17 more

!ENTRY org.eclipse.lsp4e 4 0 2025-12-22 21:59:45.853
!MESSAGE Cannot invoke "org.eclipse.lsp4e.server.StreamConnectionProvider.getInputStream()" because "this.lspStreamProvider" is null
!STACK 0
java.lang.NullPointerException: Cannot invoke "org.eclipse.lsp4e.server.StreamConnectionProvider.getInputStream()" because "this.lspStreamProvider" is null
	at org.eclipse.lsp4e.LanguageServerWrapper.lambda$1(LanguageServerWrapper.java:284)
	at java.base/java.util.concurrent.CompletableFuture$UniApply.tryFire(CompletableFuture.java:646)
	at java.base/java.util.concurrent.CompletableFuture.postComplete(CompletableFuture.java:510)
	at java.base/java.util.concurrent.CompletableFuture$AsyncSupply.run(CompletableFuture.java:1773)
	at java.base/java.util.concurrent.CompletableFuture$AsyncSupply.exec(CompletableFuture.java:1760)
	at java.base/java.util.concurrent.ForkJoinTask.doExec(ForkJoinTask.java:373)
	at java.base/java.util.concurrent.ForkJoinPool$WorkQueue.topLevelExec(ForkJoinPool.java:1182)
	at java.base/java.util.concurrent.ForkJoinPool.scan(ForkJoinPool.java:1655)
	at java.base/java.util.concurrent.ForkJoinPool.runWorker(ForkJoinPool.java:1622)
	at java.base/java.util.concurrent.ForkJoinWorkerThread.run(ForkJoinWorkerThread.java:165)

!ENTRY org.eclipse.lsp4e 4 0 2025-12-22 21:59:45.854
!MESSAGE java.lang.RuntimeException: Exception occurred while creating an instance of the stream connection provider
!STACK 0
java.util.concurrent.ExecutionException: java.lang.RuntimeException: Exception occurred while creating an instance of the stream connection provider
	at java.base/java.util.concurrent.CompletableFuture.reportGet(CompletableFuture.java:396)
	at java.base/java.util.concurrent.CompletableFuture.get(CompletableFuture.java:2096)
	at org.eclipse.lsp4e.operations.hover.LSPTextHover.getHoverInfo(LSPTextHover.java:73)
	at org.eclipse.ui.internal.genericeditor.hover.CompositeTextHover.getHoverInfo2(CompositeTextHover.java:60)
	at org.eclipse.jface.text.TextViewerHoverManager$1.run(TextViewerHoverManager.java:155)
Caused by: java.lang.RuntimeException: Exception occurred while creating an instance of the stream connection provider
	at org.eclipse.lsp4e.LanguageServersRegistry$ExtensionLanguageServerDefinition.createConnectionProvider(LanguageServersRegistry.java:164)
	at org.eclipse.lsp4e.LanguageServerWrapper.lambda$0(LanguageServerWrapper.java:233)
	at java.base/java.util.concurrent.CompletableFuture$AsyncSupply.run(CompletableFuture.java:1768)
	at java.base/java.util.concurrent.CompletableFuture$AsyncSupply.exec(CompletableFuture.java:1760)
	at java.base/java.util.concurrent.ForkJoinTask.doExec(ForkJoinTask.java:373)
	at java.base/java.util.concurrent.ForkJoinPool$WorkQueue.topLevelExec(ForkJoinPool.java:1182)
	at java.base/java.util.concurrent.ForkJoinPool.scan(ForkJoinPool.java:1655)
	at java.base/java.util.concurrent.ForkJoinPool.runWorker(ForkJoinPool.java:1622)
	at java.base/java.util.concurrent.ForkJoinWorkerThread.run(ForkJoinWorkerThread.java:165)
Caused by: org.eclipse.core.runtime.CoreException: プラグイン "org.eclipse.wildwebdeveloper" は、クラス "org.eclipse.wildwebdeveloper.css.CSSLanguageServer" をインスタンス化できませんでした。
	at org.eclipse.core.internal.registry.osgi.RegistryStrategyOSGI.throwException(RegistryStrategyOSGI.java:212)
	at org.eclipse.core.internal.registry.osgi.RegistryStrategyOSGI.createExecutableExtension(RegistryStrategyOSGI.java:206)
	at org.eclipse.core.internal.registry.ExtensionRegistry.createExecutableExtension(ExtensionRegistry.java:920)
	at org.eclipse.core.internal.registry.ConfigurationElement.createExecutableExtension(ConfigurationElement.java:246)
	at org.eclipse.core.internal.registry.ConfigurationElementHandle.createExecutableExtension(ConfigurationElementHandle.java:63)
	at org.eclipse.lsp4e.LanguageServersRegistry$ExtensionLanguageServerDefinition.createConnectionProvider(LanguageServersRegistry.java:161)
	... 8 more
Caused by: java.lang.reflect.InvocationTargetException
	at jdk.internal.reflect.GeneratedConstructorAccessor125.newInstance(Unknown Source)
	at java.base/jdk.internal.reflect.DelegatingConstructorAccessorImpl.newInstance(DelegatingConstructorAccessorImpl.java:45)
	at java.base/java.lang.reflect.Constructor.newInstanceWithCaller(Constructor.java:499)
	at java.base/java.lang.reflect.Constructor.newInstance(Constructor.java:480)
	at org.eclipse.core.internal.registry.osgi.RegistryStrategyOSGI.createExecutableExtension(RegistryStrategyOSGI.java:204)
	... 12 more
Caused by: java.lang.NullPointerException: Cannot invoke "java.io.File.getAbsolutePath()" because the return value of "org.eclipse.wildwebdeveloper.embedder.node.NodeJSManager.getNodeJsLocation()" is null
	at org.eclipse.wildwebdeveloper.css.CSSLanguageServer.<init>(CSSLanguageServer.java:40)
	... 17 more

!ENTRY org.eclipse.lsp4e 4 0 2025-12-22 21:59:47.957
!MESSAGE プラグイン "org.eclipse.wildwebdeveloper" は、クラス "org.eclipse.wildwebdeveloper.css.CSSLanguageServer" をインスタンス化できませんでした。
!STACK 1
org.eclipse.core.runtime.CoreException: プラグイン "org.eclipse.wildwebdeveloper" は、クラス "org.eclipse.wildwebdeveloper.css.CSSLanguageServer" をインスタンス化できませんでした。
	at org.eclipse.core.internal.registry.osgi.RegistryStrategyOSGI.throwException(RegistryStrategyOSGI.java:212)
	at org.eclipse.core.internal.registry.osgi.RegistryStrategyOSGI.createExecutableExtension(RegistryStrategyOSGI.java:206)
	at org.eclipse.core.internal.registry.ExtensionRegistry.createExecutableExtension(ExtensionRegistry.java:920)
	at org.eclipse.core.internal.registry.ConfigurationElement.createExecutableExtension(ConfigurationElement.java:246)
	at org.eclipse.core.internal.registry.ConfigurationElementHandle.createExecutableExtension(ConfigurationElementHandle.java:63)
	at org.eclipse.lsp4e.LanguageServersRegistry$ExtensionLanguageServerDefinition.createConnectionProvider(LanguageServersRegistry.java:161)
	at org.eclipse.lsp4e.LanguageServerWrapper.lambda$0(LanguageServerWrapper.java:233)
	at java.base/java.util.concurrent.CompletableFuture$AsyncSupply.run(CompletableFuture.java:1768)
	at java.base/java.util.concurrent.CompletableFuture$AsyncSupply.exec(CompletableFuture.java:1760)
	at java.base/java.util.concurrent.ForkJoinTask.doExec(ForkJoinTask.java:373)
	at java.base/java.util.concurrent.ForkJoinPool$WorkQueue.topLevelExec(ForkJoinPool.java:1182)
	at java.base/java.util.concurrent.ForkJoinPool.scan(ForkJoinPool.java:1655)
	at java.base/java.util.concurrent.ForkJoinPool.runWorker(ForkJoinPool.java:1622)
	at java.base/java.util.concurrent.ForkJoinWorkerThread.run(ForkJoinWorkerThread.java:165)
Caused by: java.lang.reflect.InvocationTargetException
	at jdk.internal.reflect.GeneratedConstructorAccessor125.newInstance(Unknown Source)
	at java.base/jdk.internal.reflect.DelegatingConstructorAccessorImpl.newInstance(DelegatingConstructorAccessorImpl.java:45)
	at java.base/java.lang.reflect.Constructor.newInstanceWithCaller(Constructor.java:499)
	at java.base/java.lang.reflect.Constructor.newInstance(Constructor.java:480)
	at org.eclipse.core.internal.registry.osgi.RegistryStrategyOSGI.createExecutableExtension(RegistryStrategyOSGI.java:204)
	... 12 more
Caused by: java.lang.NullPointerException: Cannot invoke "java.io.File.getAbsolutePath()" because the return value of "org.eclipse.wildwebdeveloper.embedder.node.NodeJSManager.getNodeJsLocation()" is null
	at org.eclipse.wildwebdeveloper.css.CSSLanguageServer.<init>(CSSLanguageServer.java:40)
	... 17 more
!SUBENTRY 1 org.eclipse.equinox.registry 4 1 2025-12-22 21:59:47.957
!MESSAGE プラグイン "org.eclipse.wildwebdeveloper" は、クラス "org.eclipse.wildwebdeveloper.css.CSSLanguageServer" をインスタンス化できませんでした。
!STACK 0
java.lang.reflect.InvocationTargetException
	at jdk.internal.reflect.GeneratedConstructorAccessor125.newInstance(Unknown Source)
	at java.base/jdk.internal.reflect.DelegatingConstructorAccessorImpl.newInstance(DelegatingConstructorAccessorImpl.java:45)
	at java.base/java.lang.reflect.Constructor.newInstanceWithCaller(Constructor.java:499)
	at java.base/java.lang.reflect.Constructor.newInstance(Constructor.java:480)
	at org.eclipse.core.internal.registry.osgi.RegistryStrategyOSGI.createExecutableExtension(RegistryStrategyOSGI.java:204)
	at org.eclipse.core.internal.registry.ExtensionRegistry.createExecutableExtension(ExtensionRegistry.java:920)
	at org.eclipse.core.internal.registry.ConfigurationElement.createExecutableExtension(ConfigurationElement.java:246)
	at org.eclipse.core.internal.registry.ConfigurationElementHandle.createExecutableExtension(ConfigurationElementHandle.java:63)
	at org.eclipse.lsp4e.LanguageServersRegistry$ExtensionLanguageServerDefinition.createConnectionProvider(LanguageServersRegistry.java:161)
	at org.eclipse.lsp4e.LanguageServerWrapper.lambda$0(LanguageServerWrapper.java:233)
	at java.base/java.util.concurrent.CompletableFuture$AsyncSupply.run(CompletableFuture.java:1768)
	at java.base/java.util.concurrent.CompletableFuture$AsyncSupply.exec(CompletableFuture.java:1760)
	at java.base/java.util.concurrent.ForkJoinTask.doExec(ForkJoinTask.java:373)
	at java.base/java.util.concurrent.ForkJoinPool$WorkQueue.topLevelExec(ForkJoinPool.java:1182)
	at java.base/java.util.concurrent.ForkJoinPool.scan(ForkJoinPool.java:1655)
	at java.base/java.util.concurrent.ForkJoinPool.runWorker(ForkJoinPool.java:1622)
	at java.base/java.util.concurrent.ForkJoinWorkerThread.run(ForkJoinWorkerThread.java:165)
Caused by: java.lang.NullPointerException: Cannot invoke "java.io.File.getAbsolutePath()" because the return value of "org.eclipse.wildwebdeveloper.embedder.node.NodeJSManager.getNodeJsLocation()" is null
	at org.eclipse.wildwebdeveloper.css.CSSLanguageServer.<init>(CSSLanguageServer.java:40)
	... 17 more
Root exception:
java.lang.NullPointerException: Cannot invoke "java.io.File.getAbsolutePath()" because the return value of "org.eclipse.wildwebdeveloper.embedder.node.NodeJSManager.getNodeJsLocation()" is null
	at org.eclipse.wildwebdeveloper.css.CSSLanguageServer.<init>(CSSLanguageServer.java:40)
	at jdk.internal.reflect.GeneratedConstructorAccessor125.newInstance(Unknown Source)
	at java.base/jdk.internal.reflect.DelegatingConstructorAccessorImpl.newInstance(DelegatingConstructorAccessorImpl.java:45)
	at java.base/java.lang.reflect.Constructor.newInstanceWithCaller(Constructor.java:499)
	at java.base/java.lang.reflect.Constructor.newInstance(Constructor.java:480)
	at org.eclipse.core.internal.registry.osgi.RegistryStrategyOSGI.createExecutableExtension(RegistryStrategyOSGI.java:204)
	at org.eclipse.core.internal.registry.ExtensionRegistry.createExecutableExtension(ExtensionRegistry.java:920)
	at org.eclipse.core.internal.registry.ConfigurationElement.createExecutableExtension(ConfigurationElement.java:246)
	at org.eclipse.core.internal.registry.ConfigurationElementHandle.createExecutableExtension(ConfigurationElementHandle.java:63)
	at org.eclipse.lsp4e.LanguageServersRegistry$ExtensionLanguageServerDefinition.createConnectionProvider(LanguageServersRegistry.java:161)
	at org.eclipse.lsp4e.LanguageServerWrapper.lambda$0(LanguageServerWrapper.java:233)
	at java.base/java.util.concurrent.CompletableFuture$AsyncSupply.run(CompletableFuture.java:1768)
	at java.base/java.util.concurrent.CompletableFuture$AsyncSupply.exec(CompletableFuture.java:1760)
	at java.base/java.util.concurrent.ForkJoinTask.doExec(ForkJoinTask.java:373)
	at java.base/java.util.concurrent.ForkJoinPool$WorkQueue.topLevelExec(ForkJoinPool.java:1182)
	at java.base/java.util.concurrent.ForkJoinPool.scan(ForkJoinPool.java:1655)
	at java.base/java.util.concurrent.ForkJoinPool.runWorker(ForkJoinPool.java:1622)
	at java.base/java.util.concurrent.ForkJoinWorkerThread.run(ForkJoinWorkerThread.java:165)

!ENTRY org.eclipse.lsp4e 4 0 2025-12-22 21:59:47.957
!MESSAGE Exception occurred while creating an instance of the stream connection provider
!STACK 0
java.lang.RuntimeException: Exception occurred while creating an instance of the stream connection provider
	at org.eclipse.lsp4e.LanguageServersRegistry$ExtensionLanguageServerDefinition.createConnectionProvider(LanguageServersRegistry.java:164)
	at org.eclipse.lsp4e.LanguageServerWrapper.lambda$0(LanguageServerWrapper.java:233)
	at java.base/java.util.concurrent.CompletableFuture$AsyncSupply.run(CompletableFuture.java:1768)
	at java.base/java.util.concurrent.CompletableFuture$AsyncSupply.exec(CompletableFuture.java:1760)
	at java.base/java.util.concurrent.ForkJoinTask.doExec(ForkJoinTask.java:373)
	at java.base/java.util.concurrent.ForkJoinPool$WorkQueue.topLevelExec(ForkJoinPool.java:1182)
	at java.base/java.util.concurrent.ForkJoinPool.scan(ForkJoinPool.java:1655)
	at java.base/java.util.concurrent.ForkJoinPool.runWorker(ForkJoinPool.java:1622)
	at java.base/java.util.concurrent.ForkJoinWorkerThread.run(ForkJoinWorkerThread.java:165)
Caused by: org.eclipse.core.runtime.CoreException: プラグイン "org.eclipse.wildwebdeveloper" は、クラス "org.eclipse.wildwebdeveloper.css.CSSLanguageServer" をインスタンス化できませんでした。
	at org.eclipse.core.internal.registry.osgi.RegistryStrategyOSGI.throwException(RegistryStrategyOSGI.java:212)
	at org.eclipse.core.internal.registry.osgi.RegistryStrategyOSGI.createExecutableExtension(RegistryStrategyOSGI.java:206)
	at org.eclipse.core.internal.registry.ExtensionRegistry.createExecutableExtension(ExtensionRegistry.java:920)
	at org.eclipse.core.internal.registry.ConfigurationElement.createExecutableExtension(ConfigurationElement.java:246)
	at org.eclipse.core.internal.registry.ConfigurationElementHandle.createExecutableExtension(ConfigurationElementHandle.java:63)
	at org.eclipse.lsp4e.LanguageServersRegistry$ExtensionLanguageServerDefinition.createConnectionProvider(LanguageServersRegistry.java:161)
	... 8 more
Caused by: java.lang.reflect.InvocationTargetException
	at jdk.internal.reflect.GeneratedConstructorAccessor125.newInstance(Unknown Source)
	at java.base/jdk.internal.reflect.DelegatingConstructorAccessorImpl.newInstance(DelegatingConstructorAccessorImpl.java:45)
	at java.base/java.lang.reflect.Constructor.newInstanceWithCaller(Constructor.java:499)
	at java.base/java.lang.reflect.Constructor.newInstance(Constructor.java:480)
	at org.eclipse.core.internal.registry.osgi.RegistryStrategyOSGI.createExecutableExtension(RegistryStrategyOSGI.java:204)
	... 12 more
Caused by: java.lang.NullPointerException: Cannot invoke "java.io.File.getAbsolutePath()" because the return value of "org.eclipse.wildwebdeveloper.embedder.node.NodeJSManager.getNodeJsLocation()" is null
	at org.eclipse.wildwebdeveloper.css.CSSLanguageServer.<init>(CSSLanguageServer.java:40)
	... 17 more

!ENTRY org.eclipse.lsp4e 4 0 2025-12-22 21:59:47.957
!MESSAGE Cannot invoke "org.eclipse.lsp4e.server.StreamConnectionProvider.getInputStream()" because "this.lspStreamProvider" is null
!STACK 0
java.lang.NullPointerException: Cannot invoke "org.eclipse.lsp4e.server.StreamConnectionProvider.getInputStream()" because "this.lspStreamProvider" is null
	at org.eclipse.lsp4e.LanguageServerWrapper.lambda$1(LanguageServerWrapper.java:284)
	at java.base/java.util.concurrent.CompletableFuture$UniApply.tryFire(CompletableFuture.java:646)
	at java.base/java.util.concurrent.CompletableFuture.postComplete(CompletableFuture.java:510)
	at java.base/java.util.concurrent.CompletableFuture$AsyncSupply.run(CompletableFuture.java:1773)
	at java.base/java.util.concurrent.CompletableFuture$AsyncSupply.exec(CompletableFuture.java:1760)
	at java.base/java.util.concurrent.ForkJoinTask.doExec(ForkJoinTask.java:373)
	at java.base/java.util.concurrent.ForkJoinPool$WorkQueue.topLevelExec(ForkJoinPool.java:1182)
	at java.base/java.util.concurrent.ForkJoinPool.scan(ForkJoinPool.java:1655)
	at java.base/java.util.concurrent.ForkJoinPool.runWorker(ForkJoinPool.java:1622)
	at java.base/java.util.concurrent.ForkJoinWorkerThread.run(ForkJoinWorkerThread.java:165)

!ENTRY org.eclipse.lsp4e 4 0 2025-12-22 21:59:50.149
!MESSAGE プラグイン "org.eclipse.wildwebdeveloper" は、クラス "org.eclipse.wildwebdeveloper.css.CSSLanguageServer" をインスタンス化できませんでした。
!STACK 1
org.eclipse.core.runtime.CoreException: プラグイン "org.eclipse.wildwebdeveloper" は、クラス "org.eclipse.wildwebdeveloper.css.CSSLanguageServer" をインスタンス化できませんでした。
	at org.eclipse.core.internal.registry.osgi.RegistryStrategyOSGI.throwException(RegistryStrategyOSGI.java:212)
	at org.eclipse.core.internal.registry.osgi.RegistryStrategyOSGI.createExecutableExtension(RegistryStrategyOSGI.java:206)
	at org.eclipse.core.internal.registry.ExtensionRegistry.createExecutableExtension(ExtensionRegistry.java:920)
	at org.eclipse.core.internal.registry.ConfigurationElement.createExecutableExtension(ConfigurationElement.java:246)
	at org.eclipse.core.internal.registry.ConfigurationElementHandle.createExecutableExtension(ConfigurationElementHandle.java:63)
	at org.eclipse.lsp4e.LanguageServersRegistry$ExtensionLanguageServerDefinition.createConnectionProvider(LanguageServersRegistry.java:161)
	at org.eclipse.lsp4e.LanguageServerWrapper.lambda$0(LanguageServerWrapper.java:233)
	at java.base/java.util.concurrent.CompletableFuture$AsyncSupply.run(CompletableFuture.java:1768)
	at java.base/java.util.concurrent.CompletableFuture$AsyncSupply.exec(CompletableFuture.java:1760)
	at java.base/java.util.concurrent.ForkJoinTask.doExec(ForkJoinTask.java:373)
	at java.base/java.util.concurrent.ForkJoinPool$WorkQueue.topLevelExec(ForkJoinPool.java:1182)
	at java.base/java.util.concurrent.ForkJoinPool.scan(ForkJoinPool.java:1655)
	at java.base/java.util.concurrent.ForkJoinPool.runWorker(ForkJoinPool.java:1622)
	at java.base/java.util.concurrent.ForkJoinWorkerThread.run(ForkJoinWorkerThread.java:165)
Caused by: java.lang.reflect.InvocationTargetException
	at jdk.internal.reflect.GeneratedConstructorAccessor125.newInstance(Unknown Source)
	at java.base/jdk.internal.reflect.DelegatingConstructorAccessorImpl.newInstance(DelegatingConstructorAccessorImpl.java:45)
	at java.base/java.lang.reflect.Constructor.newInstanceWithCaller(Constructor.java:499)
	at java.base/java.lang.reflect.Constructor.newInstance(Constructor.java:480)
	at org.eclipse.core.internal.registry.osgi.RegistryStrategyOSGI.createExecutableExtension(RegistryStrategyOSGI.java:204)
	... 12 more
Caused by: java.lang.NullPointerException: Cannot invoke "java.io.File.getAbsolutePath()" because the return value of "org.eclipse.wildwebdeveloper.embedder.node.NodeJSManager.getNodeJsLocation()" is null
	at org.eclipse.wildwebdeveloper.css.CSSLanguageServer.<init>(CSSLanguageServer.java:40)
	... 17 more
!SUBENTRY 1 org.eclipse.equinox.registry 4 1 2025-12-22 21:59:50.149
!MESSAGE プラグイン "org.eclipse.wildwebdeveloper" は、クラス "org.eclipse.wildwebdeveloper.css.CSSLanguageServer" をインスタンス化できませんでした。
!STACK 0
java.lang.reflect.InvocationTargetException
	at jdk.internal.reflect.GeneratedConstructorAccessor125.newInstance(Unknown Source)
	at java.base/jdk.internal.reflect.DelegatingConstructorAccessorImpl.newInstance(DelegatingConstructorAccessorImpl.java:45)
	at java.base/java.lang.reflect.Constructor.newInstanceWithCaller(Constructor.java:499)
	at java.base/java.lang.reflect.Constructor.newInstance(Constructor.java:480)
	at org.eclipse.core.internal.registry.osgi.RegistryStrategyOSGI.createExecutableExtension(RegistryStrategyOSGI.java:204)
	at org.eclipse.core.internal.registry.ExtensionRegistry.createExecutableExtension(ExtensionRegistry.java:920)
	at org.eclipse.core.internal.registry.ConfigurationElement.createExecutableExtension(ConfigurationElement.java:246)
	at org.eclipse.core.internal.registry.ConfigurationElementHandle.createExecutableExtension(ConfigurationElementHandle.java:63)
	at org.eclipse.lsp4e.LanguageServersRegistry$ExtensionLanguageServerDefinition.createConnectionProvider(LanguageServersRegistry.java:161)
	at org.eclipse.lsp4e.LanguageServerWrapper.lambda$0(LanguageServerWrapper.java:233)
	at java.base/java.util.concurrent.CompletableFuture$AsyncSupply.run(CompletableFuture.java:1768)
	at java.base/java.util.concurrent.CompletableFuture$AsyncSupply.exec(CompletableFuture.java:1760)
	at java.base/java.util.concurrent.ForkJoinTask.doExec(ForkJoinTask.java:373)
	at java.base/java.util.concurrent.ForkJoinPool$WorkQueue.topLevelExec(ForkJoinPool.java:1182)
	at java.base/java.util.concurrent.ForkJoinPool.scan(ForkJoinPool.java:1655)
	at java.base/java.util.concurrent.ForkJoinPool.runWorker(ForkJoinPool.java:1622)
	at java.base/java.util.concurrent.ForkJoinWorkerThread.run(ForkJoinWorkerThread.java:165)
Caused by: java.lang.NullPointerException: Cannot invoke "java.io.File.getAbsolutePath()" because the return value of "org.eclipse.wildwebdeveloper.embedder.node.NodeJSManager.getNodeJsLocation()" is null
	at org.eclipse.wildwebdeveloper.css.CSSLanguageServer.<init>(CSSLanguageServer.java:40)
	... 17 more
Root exception:
java.lang.NullPointerException: Cannot invoke "java.io.File.getAbsolutePath()" because the return value of "org.eclipse.wildwebdeveloper.embedder.node.NodeJSManager.getNodeJsLocation()" is null
	at org.eclipse.wildwebdeveloper.css.CSSLanguageServer.<init>(CSSLanguageServer.java:40)
	at jdk.internal.reflect.GeneratedConstructorAccessor125.newInstance(Unknown Source)
	at java.base/jdk.internal.reflect.DelegatingConstructorAccessorImpl.newInstance(DelegatingConstructorAccessorImpl.java:45)
	at java.base/java.lang.reflect.Constructor.newInstanceWithCaller(Constructor.java:499)
	at java.base/java.lang.reflect.Constructor.newInstance(Constructor.java:480)
	at org.eclipse.core.internal.registry.osgi.RegistryStrategyOSGI.createExecutableExtension(RegistryStrategyOSGI.java:204)
	at org.eclipse.core.internal.registry.ExtensionRegistry.createExecutableExtension(ExtensionRegistry.java:920)
	at org.eclipse.core.internal.registry.ConfigurationElement.createExecutableExtension(ConfigurationElement.java:246)
	at org.eclipse.core.internal.registry.ConfigurationElementHandle.createExecutableExtension(ConfigurationElementHandle.java:63)
	at org.eclipse.lsp4e.LanguageServersRegistry$ExtensionLanguageServerDefinition.createConnectionProvider(LanguageServersRegistry.java:161)
	at org.eclipse.lsp4e.LanguageServerWrapper.lambda$0(LanguageServerWrapper.java:233)
	at java.base/java.util.concurrent.CompletableFuture$AsyncSupply.run(CompletableFuture.java:1768)
	at java.base/java.util.concurrent.CompletableFuture$AsyncSupply.exec(CompletableFuture.java:1760)
	at java.base/java.util.concurrent.ForkJoinTask.doExec(ForkJoinTask.java:373)
	at java.base/java.util.concurrent.ForkJoinPool$WorkQueue.topLevelExec(ForkJoinPool.java:1182)
	at java.base/java.util.concurrent.ForkJoinPool.scan(ForkJoinPool.java:1655)
	at java.base/java.util.concurrent.ForkJoinPool.runWorker(ForkJoinPool.java:1622)
	at java.base/java.util.concurrent.ForkJoinWorkerThread.run(ForkJoinWorkerThread.java:165)

!ENTRY org.eclipse.lsp4e 4 0 2025-12-22 21:59:50.150
!MESSAGE Exception occurred while creating an instance of the stream connection provider
!STACK 0
java.lang.RuntimeException: Exception occurred while creating an instance of the stream connection provider
	at org.eclipse.lsp4e.LanguageServersRegistry$ExtensionLanguageServerDefinition.createConnectionProvider(LanguageServersRegistry.java:164)
	at org.eclipse.lsp4e.LanguageServerWrapper.lambda$0(LanguageServerWrapper.java:233)
	at java.base/java.util.concurrent.CompletableFuture$AsyncSupply.run(CompletableFuture.java:1768)
	at java.base/java.util.concurrent.CompletableFuture$AsyncSupply.exec(CompletableFuture.java:1760)
	at java.base/java.util.concurrent.ForkJoinTask.doExec(ForkJoinTask.java:373)
	at java.base/java.util.concurrent.ForkJoinPool$WorkQueue.topLevelExec(ForkJoinPool.java:1182)
	at java.base/java.util.concurrent.ForkJoinPool.scan(ForkJoinPool.java:1655)
	at java.base/java.util.concurrent.ForkJoinPool.runWorker(ForkJoinPool.java:1622)
	at java.base/java.util.concurrent.ForkJoinWorkerThread.run(ForkJoinWorkerThread.java:165)
Caused by: org.eclipse.core.runtime.CoreException: プラグイン "org.eclipse.wildwebdeveloper" は、クラス "org.eclipse.wildwebdeveloper.css.CSSLanguageServer" をインスタンス化できませんでした。
	at org.eclipse.core.internal.registry.osgi.RegistryStrategyOSGI.throwException(RegistryStrategyOSGI.java:212)
	at org.eclipse.core.internal.registry.osgi.RegistryStrategyOSGI.createExecutableExtension(RegistryStrategyOSGI.java:206)
	at org.eclipse.core.internal.registry.ExtensionRegistry.createExecutableExtension(ExtensionRegistry.java:920)
	at org.eclipse.core.internal.registry.ConfigurationElement.createExecutableExtension(ConfigurationElement.java:246)
	at org.eclipse.core.internal.registry.ConfigurationElementHandle.createExecutableExtension(ConfigurationElementHandle.java:63)
	at org.eclipse.lsp4e.LanguageServersRegistry$ExtensionLanguageServerDefinition.createConnectionProvider(LanguageServersRegistry.java:161)
	... 8 more
Caused by: java.lang.reflect.InvocationTargetException
	at jdk.internal.reflect.GeneratedConstructorAccessor125.newInstance(Unknown Source)
	at java.base/jdk.internal.reflect.DelegatingConstructorAccessorImpl.newInstance(DelegatingConstructorAccessorImpl.java:45)
	at java.base/java.lang.reflect.Constructor.newInstanceWithCaller(Constructor.java:499)
	at java.base/java.lang.reflect.Constructor.newInstance(Constructor.java:480)
	at org.eclipse.core.internal.registry.osgi.RegistryStrategyOSGI.createExecutableExtension(RegistryStrategyOSGI.java:204)
	... 12 more
Caused by: java.lang.NullPointerException: Cannot invoke "java.io.File.getAbsolutePath()" because the return value of "org.eclipse.wildwebdeveloper.embedder.node.NodeJSManager.getNodeJsLocation()" is null
	at org.eclipse.wildwebdeveloper.css.CSSLanguageServer.<init>(CSSLanguageServer.java:40)
	... 17 more

!ENTRY org.eclipse.lsp4e 4 0 2025-12-22 21:59:50.150
!MESSAGE Cannot invoke "org.eclipse.lsp4e.server.StreamConnectionProvider.getInputStream()" because "this.lspStreamProvider" is null
!STACK 0
java.lang.NullPointerException: Cannot invoke "org.eclipse.lsp4e.server.StreamConnectionProvider.getInputStream()" because "this.lspStreamProvider" is null
	at org.eclipse.lsp4e.LanguageServerWrapper.lambda$1(LanguageServerWrapper.java:284)
	at java.base/java.util.concurrent.CompletableFuture$UniApply.tryFire(CompletableFuture.java:646)
	at java.base/java.util.concurrent.CompletableFuture.postComplete(CompletableFuture.java:510)
	at java.base/java.util.concurrent.CompletableFuture$AsyncSupply.run(CompletableFuture.java:1773)
	at java.base/java.util.concurrent.CompletableFuture$AsyncSupply.exec(CompletableFuture.java:1760)
	at java.base/java.util.concurrent.ForkJoinTask.doExec(ForkJoinTask.java:373)
	at java.base/java.util.concurrent.ForkJoinPool$WorkQueue.topLevelExec(ForkJoinPool.java:1182)
	at java.base/java.util.concurrent.ForkJoinPool.scan(ForkJoinPool.java:1655)
	at java.base/java.util.concurrent.ForkJoinPool.runWorker(ForkJoinPool.java:1622)
	at java.base/java.util.concurrent.ForkJoinWorkerThread.run(ForkJoinWorkerThread.java:165)

!ENTRY org.eclipse.lsp4e 4 0 2025-12-22 21:59:50.207
!MESSAGE プラグイン "org.eclipse.wildwebdeveloper" は、クラス "org.eclipse.wildwebdeveloper.css.CSSLanguageServer" をインスタンス化できませんでした。
!STACK 1
org.eclipse.core.runtime.CoreException: プラグイン "org.eclipse.wildwebdeveloper" は、クラス "org.eclipse.wildwebdeveloper.css.CSSLanguageServer" をインスタンス化できませんでした。
	at org.eclipse.core.internal.registry.osgi.RegistryStrategyOSGI.throwException(RegistryStrategyOSGI.java:212)
	at org.eclipse.core.internal.registry.osgi.RegistryStrategyOSGI.createExecutableExtension(RegistryStrategyOSGI.java:206)
	at org.eclipse.core.internal.registry.ExtensionRegistry.createExecutableExtension(ExtensionRegistry.java:920)
	at org.eclipse.core.internal.registry.ConfigurationElement.createExecutableExtension(ConfigurationElement.java:246)
	at org.eclipse.core.internal.registry.ConfigurationElementHandle.createExecutableExtension(ConfigurationElementHandle.java:63)
	at org.eclipse.lsp4e.LanguageServersRegistry$ExtensionLanguageServerDefinition.createConnectionProvider(LanguageServersRegistry.java:161)
	at org.eclipse.lsp4e.LanguageServerWrapper.lambda$0(LanguageServerWrapper.java:233)
	at java.base/java.util.concurrent.CompletableFuture$AsyncSupply.run(CompletableFuture.java:1768)
	at java.base/java.util.concurrent.CompletableFuture$AsyncSupply.exec(CompletableFuture.java:1760)
	at java.base/java.util.concurrent.ForkJoinTask.doExec(ForkJoinTask.java:373)
	at java.base/java.util.concurrent.ForkJoinPool$WorkQueue.topLevelExec(ForkJoinPool.java:1182)
	at java.base/java.util.concurrent.ForkJoinPool.scan(ForkJoinPool.java:1655)
	at java.base/java.util.concurrent.ForkJoinPool.runWorker(ForkJoinPool.java:1622)
	at java.base/java.util.concurrent.ForkJoinWorkerThread.run(ForkJoinWorkerThread.java:165)
Caused by: java.lang.reflect.InvocationTargetException
	at jdk.internal.reflect.GeneratedConstructorAccessor125.newInstance(Unknown Source)
	at java.base/jdk.internal.reflect.DelegatingConstructorAccessorImpl.newInstance(DelegatingConstructorAccessorImpl.java:45)
	at java.base/java.lang.reflect.Constructor.newInstanceWithCaller(Constructor.java:499)
	at java.base/java.lang.reflect.Constructor.newInstance(Constructor.java:480)
	at org.eclipse.core.internal.registry.osgi.RegistryStrategyOSGI.createExecutableExtension(RegistryStrategyOSGI.java:204)
	... 12 more
Caused by: java.lang.NullPointerException: Cannot invoke "java.io.File.getAbsolutePath()" because the return value of "org.eclipse.wildwebdeveloper.embedder.node.NodeJSManager.getNodeJsLocation()" is null
	at org.eclipse.wildwebdeveloper.css.CSSLanguageServer.<init>(CSSLanguageServer.java:40)
	... 17 more
!SUBENTRY 1 org.eclipse.equinox.registry 4 1 2025-12-22 21:59:50.209
!MESSAGE プラグイン "org.eclipse.wildwebdeveloper" は、クラス "org.eclipse.wildwebdeveloper.css.CSSLanguageServer" をインスタンス化できませんでした。
!STACK 0
java.lang.reflect.InvocationTargetException
	at jdk.internal.reflect.GeneratedConstructorAccessor125.newInstance(Unknown Source)
	at java.base/jdk.internal.reflect.DelegatingConstructorAccessorImpl.newInstance(DelegatingConstructorAccessorImpl.java:45)
	at java.base/java.lang.reflect.Constructor.newInstanceWithCaller(Constructor.java:499)
	at java.base/java.lang.reflect.Constructor.newInstance(Constructor.java:480)
	at org.eclipse.core.internal.registry.osgi.RegistryStrategyOSGI.createExecutableExtension(RegistryStrategyOSGI.java:204)
	at org.eclipse.core.internal.registry.ExtensionRegistry.createExecutableExtension(ExtensionRegistry.java:920)
	at org.eclipse.core.internal.registry.ConfigurationElement.createExecutableExtension(ConfigurationElement.java:246)
	at org.eclipse.core.internal.registry.ConfigurationElementHandle.createExecutableExtension(ConfigurationElementHandle.java:63)
	at org.eclipse.lsp4e.LanguageServersRegistry$ExtensionLanguageServerDefinition.createConnectionProvider(LanguageServersRegistry.java:161)
	at org.eclipse.lsp4e.LanguageServerWrapper.lambda$0(LanguageServerWrapper.java:233)
	at java.base/java.util.concurrent.CompletableFuture$AsyncSupply.run(CompletableFuture.java:1768)
	at java.base/java.util.concurrent.CompletableFuture$AsyncSupply.exec(CompletableFuture.java:1760)
	at java.base/java.util.concurrent.ForkJoinTask.doExec(ForkJoinTask.java:373)
	at java.base/java.util.concurrent.ForkJoinPool$WorkQueue.topLevelExec(ForkJoinPool.java:1182)
	at java.base/java.util.concurrent.ForkJoinPool.scan(ForkJoinPool.java:1655)
	at java.base/java.util.concurrent.ForkJoinPool.runWorker(ForkJoinPool.java:1622)
	at java.base/java.util.concurrent.ForkJoinWorkerThread.run(ForkJoinWorkerThread.java:165)
Caused by: java.lang.NullPointerException: Cannot invoke "java.io.File.getAbsolutePath()" because the return value of "org.eclipse.wildwebdeveloper.embedder.node.NodeJSManager.getNodeJsLocation()" is null
	at org.eclipse.wildwebdeveloper.css.CSSLanguageServer.<init>(CSSLanguageServer.java:40)
	... 17 more
Root exception:
java.lang.NullPointerException: Cannot invoke "java.io.File.getAbsolutePath()" because the return value of "org.eclipse.wildwebdeveloper.embedder.node.NodeJSManager.getNodeJsLocation()" is null
	at org.eclipse.wildwebdeveloper.css.CSSLanguageServer.<init>(CSSLanguageServer.java:40)
	at jdk.internal.reflect.GeneratedConstructorAccessor125.newInstance(Unknown Source)
	at java.base/jdk.internal.reflect.DelegatingConstructorAccessorImpl.newInstance(DelegatingConstructorAccessorImpl.java:45)
	at java.base/java.lang.reflect.Constructor.newInstanceWithCaller(Constructor.java:499)
	at java.base/java.lang.reflect.Constructor.newInstance(Constructor.java:480)
	at org.eclipse.core.internal.registry.osgi.RegistryStrategyOSGI.createExecutableExtension(RegistryStrategyOSGI.java:204)
	at org.eclipse.core.internal.registry.ExtensionRegistry.createExecutableExtension(ExtensionRegistry.java:920)
	at org.eclipse.core.internal.registry.ConfigurationElement.createExecutableExtension(ConfigurationElement.java:246)
	at org.eclipse.core.internal.registry.ConfigurationElementHandle.createExecutableExtension(ConfigurationElementHandle.java:63)
	at org.eclipse.lsp4e.LanguageServersRegistry$ExtensionLanguageServerDefinition.createConnectionProvider(LanguageServersRegistry.java:161)
	at org.eclipse.lsp4e.LanguageServerWrapper.lambda$0(LanguageServerWrapper.java:233)
	at java.base/java.util.concurrent.CompletableFuture$AsyncSupply.run(CompletableFuture.java:1768)
	at java.base/java.util.concurrent.CompletableFuture$AsyncSupply.exec(CompletableFuture.java:1760)
	at java.base/java.util.concurrent.ForkJoinTask.doExec(ForkJoinTask.java:373)
	at java.base/java.util.concurrent.ForkJoinPool$WorkQueue.topLevelExec(ForkJoinPool.java:1182)
	at java.base/java.util.concurrent.ForkJoinPool.scan(ForkJoinPool.java:1655)
	at java.base/java.util.concurrent.ForkJoinPool.runWorker(ForkJoinPool.java:1622)
	at java.base/java.util.concurrent.ForkJoinWorkerThread.run(ForkJoinWorkerThread.java:165)

!ENTRY org.eclipse.lsp4e 4 0 2025-12-22 21:59:50.209
!MESSAGE Exception occurred while creating an instance of the stream connection provider
!STACK 0
java.lang.RuntimeException: Exception occurred while creating an instance of the stream connection provider
	at org.eclipse.lsp4e.LanguageServersRegistry$ExtensionLanguageServerDefinition.createConnectionProvider(LanguageServersRegistry.java:164)
	at org.eclipse.lsp4e.LanguageServerWrapper.lambda$0(LanguageServerWrapper.java:233)
	at java.base/java.util.concurrent.CompletableFuture$AsyncSupply.run(CompletableFuture.java:1768)
	at java.base/java.util.concurrent.CompletableFuture$AsyncSupply.exec(CompletableFuture.java:1760)
	at java.base/java.util.concurrent.ForkJoinTask.doExec(ForkJoinTask.java:373)
	at java.base/java.util.concurrent.ForkJoinPool$WorkQueue.topLevelExec(ForkJoinPool.java:1182)
	at java.base/java.util.concurrent.ForkJoinPool.scan(ForkJoinPool.java:1655)
	at java.base/java.util.concurrent.ForkJoinPool.runWorker(ForkJoinPool.java:1622)
	at java.base/java.util.concurrent.ForkJoinWorkerThread.run(ForkJoinWorkerThread.java:165)
Caused by: org.eclipse.core.runtime.CoreException: プラグイン "org.eclipse.wildwebdeveloper" は、クラス "org.eclipse.wildwebdeveloper.css.CSSLanguageServer" をインスタンス化できませんでした。
	at org.eclipse.core.internal.registry.osgi.RegistryStrategyOSGI.throwException(RegistryStrategyOSGI.java:212)
	at org.eclipse.core.internal.registry.osgi.RegistryStrategyOSGI.createExecutableExtension(RegistryStrategyOSGI.java:206)
	at org.eclipse.core.internal.registry.ExtensionRegistry.createExecutableExtension(ExtensionRegistry.java:920)
	at org.eclipse.core.internal.registry.ConfigurationElement.createExecutableExtension(ConfigurationElement.java:246)
	at org.eclipse.core.internal.registry.ConfigurationElementHandle.createExecutableExtension(ConfigurationElementHandle.java:63)
	at org.eclipse.lsp4e.LanguageServersRegistry$ExtensionLanguageServerDefinition.createConnectionProvider(LanguageServersRegistry.java:161)
	... 8 more
Caused by: java.lang.reflect.InvocationTargetException
	at jdk.internal.reflect.GeneratedConstructorAccessor125.newInstance(Unknown Source)
	at java.base/jdk.internal.reflect.DelegatingConstructorAccessorImpl.newInstance(DelegatingConstructorAccessorImpl.java:45)
	at java.base/java.lang.reflect.Constructor.newInstanceWithCaller(Constructor.java:499)
	at java.base/java.lang.reflect.Constructor.newInstance(Constructor.java:480)
	at org.eclipse.core.internal.registry.osgi.RegistryStrategyOSGI.createExecutableExtension(RegistryStrategyOSGI.java:204)
	... 12 more
Caused by: java.lang.NullPointerException: Cannot invoke "java.io.File.getAbsolutePath()" because the return value of "org.eclipse.wildwebdeveloper.embedder.node.NodeJSManager.getNodeJsLocation()" is null
	at org.eclipse.wildwebdeveloper.css.CSSLanguageServer.<init>(CSSLanguageServer.java:40)
	... 17 more

!ENTRY org.eclipse.lsp4e 4 0 2025-12-22 21:59:50.209
!MESSAGE Cannot invoke "org.eclipse.lsp4e.server.StreamConnectionProvider.getInputStream()" because "this.lspStreamProvider" is null
!STACK 0
java.lang.NullPointerException: Cannot invoke "org.eclipse.lsp4e.server.StreamConnectionProvider.getInputStream()" because "this.lspStreamProvider" is null
	at org.eclipse.lsp4e.LanguageServerWrapper.lambda$1(LanguageServerWrapper.java:284)
	at java.base/java.util.concurrent.CompletableFuture$UniApply.tryFire(CompletableFuture.java:646)
	at java.base/java.util.concurrent.CompletableFuture.postComplete(CompletableFuture.java:510)
	at java.base/java.util.concurrent.CompletableFuture$AsyncSupply.run(CompletableFuture.java:1773)
	at java.base/java.util.concurrent.CompletableFuture$AsyncSupply.exec(CompletableFuture.java:1760)
	at java.base/java.util.concurrent.ForkJoinTask.doExec(ForkJoinTask.java:373)
	at java.base/java.util.concurrent.ForkJoinPool$WorkQueue.topLevelExec(ForkJoinPool.java:1182)
	at java.base/java.util.concurrent.ForkJoinPool.scan(ForkJoinPool.java:1655)
	at java.base/java.util.concurrent.ForkJoinPool.runWorker(ForkJoinPool.java:1622)
	at java.base/java.util.concurrent.ForkJoinWorkerThread.run(ForkJoinWorkerThread.java:165)

!ENTRY org.eclipse.lsp4e 4 0 2025-12-22 21:59:50.267
!MESSAGE プラグイン "org.eclipse.wildwebdeveloper" は、クラス "org.eclipse.wildwebdeveloper.css.CSSLanguageServer" をインスタンス化できませんでした。
!STACK 1
org.eclipse.core.runtime.CoreException: プラグイン "org.eclipse.wildwebdeveloper" は、クラス "org.eclipse.wildwebdeveloper.css.CSSLanguageServer" をインスタンス化できませんでした。
	at org.eclipse.core.internal.registry.osgi.RegistryStrategyOSGI.throwException(RegistryStrategyOSGI.java:212)
	at org.eclipse.core.internal.registry.osgi.RegistryStrategyOSGI.createExecutableExtension(RegistryStrategyOSGI.java:206)
	at org.eclipse.core.internal.registry.ExtensionRegistry.createExecutableExtension(ExtensionRegistry.java:920)
	at org.eclipse.core.internal.registry.ConfigurationElement.createExecutableExtension(ConfigurationElement.java:246)
	at org.eclipse.core.internal.registry.ConfigurationElementHandle.createExecutableExtension(ConfigurationElementHandle.java:63)
	at org.eclipse.lsp4e.LanguageServersRegistry$ExtensionLanguageServerDefinition.createConnectionProvider(LanguageServersRegistry.java:161)
	at org.eclipse.lsp4e.LanguageServerWrapper.lambda$0(LanguageServerWrapper.java:233)
	at java.base/java.util.concurrent.CompletableFuture$AsyncSupply.run(CompletableFuture.java:1768)
	at java.base/java.util.concurrent.CompletableFuture$AsyncSupply.exec(CompletableFuture.java:1760)
	at java.base/java.util.concurrent.ForkJoinTask.doExec(ForkJoinTask.java:373)
	at java.base/java.util.concurrent.ForkJoinPool$WorkQueue.topLevelExec(ForkJoinPool.java:1182)
	at java.base/java.util.concurrent.ForkJoinPool.scan(ForkJoinPool.java:1655)
	at java.base/java.util.concurrent.ForkJoinPool.runWorker(ForkJoinPool.java:1622)
	at java.base/java.util.concurrent.ForkJoinWorkerThread.run(ForkJoinWorkerThread.java:165)
Caused by: java.lang.reflect.InvocationTargetException
	at jdk.internal.reflect.GeneratedConstructorAccessor125.newInstance(Unknown Source)
	at java.base/jdk.internal.reflect.DelegatingConstructorAccessorImpl.newInstance(DelegatingConstructorAccessorImpl.java:45)
	at java.base/java.lang.reflect.Constructor.newInstanceWithCaller(Constructor.java:499)
	at java.base/java.lang.reflect.Constructor.newInstance(Constructor.java:480)
	at org.eclipse.core.internal.registry.osgi.RegistryStrategyOSGI.createExecutableExtension(RegistryStrategyOSGI.java:204)
	... 12 more
Caused by: java.lang.NullPointerException: Cannot invoke "java.io.File.getAbsolutePath()" because the return value of "org.eclipse.wildwebdeveloper.embedder.node.NodeJSManager.getNodeJsLocation()" is null
	at org.eclipse.wildwebdeveloper.css.CSSLanguageServer.<init>(CSSLanguageServer.java:40)
	... 17 more
!SUBENTRY 1 org.eclipse.equinox.registry 4 1 2025-12-22 21:59:50.267
!MESSAGE プラグイン "org.eclipse.wildwebdeveloper" は、クラス "org.eclipse.wildwebdeveloper.css.CSSLanguageServer" をインスタンス化できませんでした。
!STACK 0
java.lang.reflect.InvocationTargetException
	at jdk.internal.reflect.GeneratedConstructorAccessor125.newInstance(Unknown Source)
	at java.base/jdk.internal.reflect.DelegatingConstructorAccessorImpl.newInstance(DelegatingConstructorAccessorImpl.java:45)
	at java.base/java.lang.reflect.Constructor.newInstanceWithCaller(Constructor.java:499)
	at java.base/java.lang.reflect.Constructor.newInstance(Constructor.java:480)
	at org.eclipse.core.internal.registry.osgi.RegistryStrategyOSGI.createExecutableExtension(RegistryStrategyOSGI.java:204)
	at org.eclipse.core.internal.registry.ExtensionRegistry.createExecutableExtension(ExtensionRegistry.java:920)
	at org.eclipse.core.internal.registry.ConfigurationElement.createExecutableExtension(ConfigurationElement.java:246)
	at org.eclipse.core.internal.registry.ConfigurationElementHandle.createExecutableExtension(ConfigurationElementHandle.java:63)
	at org.eclipse.lsp4e.LanguageServersRegistry$ExtensionLanguageServerDefinition.createConnectionProvider(LanguageServersRegistry.java:161)
	at org.eclipse.lsp4e.LanguageServerWrapper.lambda$0(LanguageServerWrapper.java:233)
	at java.base/java.util.concurrent.CompletableFuture$AsyncSupply.run(CompletableFuture.java:1768)
	at java.base/java.util.concurrent.CompletableFuture$AsyncSupply.exec(CompletableFuture.java:1760)
	at java.base/java.util.concurrent.ForkJoinTask.doExec(ForkJoinTask.java:373)
	at java.base/java.util.concurrent.ForkJoinPool$WorkQueue.topLevelExec(ForkJoinPool.java:1182)
	at java.base/java.util.concurrent.ForkJoinPool.scan(ForkJoinPool.java:1655)
	at java.base/java.util.concurrent.ForkJoinPool.runWorker(ForkJoinPool.java:1622)
	at java.base/java.util.concurrent.ForkJoinWorkerThread.run(ForkJoinWorkerThread.java:165)
Caused by: java.lang.NullPointerException: Cannot invoke "java.io.File.getAbsolutePath()" because the return value of "org.eclipse.wildwebdeveloper.embedder.node.NodeJSManager.getNodeJsLocation()" is null
	at org.eclipse.wildwebdeveloper.css.CSSLanguageServer.<init>(CSSLanguageServer.java:40)
	... 17 more
Root exception:
java.lang.NullPointerException: Cannot invoke "java.io.File.getAbsolutePath()" because the return value of "org.eclipse.wildwebdeveloper.embedder.node.NodeJSManager.getNodeJsLocation()" is null
	at org.eclipse.wildwebdeveloper.css.CSSLanguageServer.<init>(CSSLanguageServer.java:40)
	at jdk.internal.reflect.GeneratedConstructorAccessor125.newInstance(Unknown Source)
	at java.base/jdk.internal.reflect.DelegatingConstructorAccessorImpl.newInstance(DelegatingConstructorAccessorImpl.java:45)
	at java.base/java.lang.reflect.Constructor.newInstanceWithCaller(Constructor.java:499)
	at java.base/java.lang.reflect.Constructor.newInstance(Constructor.java:480)
	at org.eclipse.core.internal.registry.osgi.RegistryStrategyOSGI.createExecutableExtension(RegistryStrategyOSGI.java:204)
	at org.eclipse.core.internal.registry.ExtensionRegistry.createExecutableExtension(ExtensionRegistry.java:920)
	at org.eclipse.core.internal.registry.ConfigurationElement.createExecutableExtension(ConfigurationElement.java:246)
	at org.eclipse.core.internal.registry.ConfigurationElementHandle.createExecutableExtension(ConfigurationElementHandle.java:63)
	at org.eclipse.lsp4e.LanguageServersRegistry$ExtensionLanguageServerDefinition.createConnectionProvider(LanguageServersRegistry.java:161)
	at org.eclipse.lsp4e.LanguageServerWrapper.lambda$0(LanguageServerWrapper.java:233)
	at java.base/java.util.concurrent.CompletableFuture$AsyncSupply.run(CompletableFuture.java:1768)
	at java.base/java.util.concurrent.CompletableFuture$AsyncSupply.exec(CompletableFuture.java:1760)
	at java.base/java.util.concurrent.ForkJoinTask.doExec(ForkJoinTask.java:373)
	at java.base/java.util.concurrent.ForkJoinPool$WorkQueue.topLevelExec(ForkJoinPool.java:1182)
	at java.base/java.util.concurrent.ForkJoinPool.scan(ForkJoinPool.java:1655)
	at java.base/java.util.concurrent.ForkJoinPool.runWorker(ForkJoinPool.java:1622)
	at java.base/java.util.concurrent.ForkJoinWorkerThread.run(ForkJoinWorkerThread.java:165)

!ENTRY org.eclipse.lsp4e 4 0 2025-12-22 21:59:50.267
!MESSAGE Exception occurred while creating an instance of the stream connection provider
!STACK 0
java.lang.RuntimeException: Exception occurred while creating an instance of the stream connection provider
	at org.eclipse.lsp4e.LanguageServersRegistry$ExtensionLanguageServerDefinition.createConnectionProvider(LanguageServersRegistry.java:164)
	at org.eclipse.lsp4e.LanguageServerWrapper.lambda$0(LanguageServerWrapper.java:233)
	at java.base/java.util.concurrent.CompletableFuture$AsyncSupply.run(CompletableFuture.java:1768)
	at java.base/java.util.concurrent.CompletableFuture$AsyncSupply.exec(CompletableFuture.java:1760)
	at java.base/java.util.concurrent.ForkJoinTask.doExec(ForkJoinTask.java:373)
	at java.base/java.util.concurrent.ForkJoinPool$WorkQueue.topLevelExec(ForkJoinPool.java:1182)
	at java.base/java.util.concurrent.ForkJoinPool.scan(ForkJoinPool.java:1655)
	at java.base/java.util.concurrent.ForkJoinPool.runWorker(ForkJoinPool.java:1622)
	at java.base/java.util.concurrent.ForkJoinWorkerThread.run(ForkJoinWorkerThread.java:165)
Caused by: org.eclipse.core.runtime.CoreException: プラグイン "org.eclipse.wildwebdeveloper" は、クラス "org.eclipse.wildwebdeveloper.css.CSSLanguageServer" をインスタンス化できませんでした。
	at org.eclipse.core.internal.registry.osgi.RegistryStrategyOSGI.throwException(RegistryStrategyOSGI.java:212)
	at org.eclipse.core.internal.registry.osgi.RegistryStrategyOSGI.createExecutableExtension(RegistryStrategyOSGI.java:206)
	at org.eclipse.core.internal.registry.ExtensionRegistry.createExecutableExtension(ExtensionRegistry.java:920)
	at org.eclipse.core.internal.registry.ConfigurationElement.createExecutableExtension(ConfigurationElement.java:246)
	at org.eclipse.core.internal.registry.ConfigurationElementHandle.createExecutableExtension(ConfigurationElementHandle.java:63)
	at org.eclipse.lsp4e.LanguageServersRegistry$ExtensionLanguageServerDefinition.createConnectionProvider(LanguageServersRegistry.java:161)
	... 8 more
Caused by: java.lang.reflect.InvocationTargetException
	at jdk.internal.reflect.GeneratedConstructorAccessor125.newInstance(Unknown Source)
	at java.base/jdk.internal.reflect.DelegatingConstructorAccessorImpl.newInstance(DelegatingConstructorAccessorImpl.java:45)
	at java.base/java.lang.reflect.Constructor.newInstanceWithCaller(Constructor.java:499)
	at java.base/java.lang.reflect.Constructor.newInstance(Constructor.java:480)
	at org.eclipse.core.internal.registry.osgi.RegistryStrategyOSGI.createExecutableExtension(RegistryStrategyOSGI.java:204)
	... 12 more
Caused by: java.lang.NullPointerException: Cannot invoke "java.io.File.getAbsolutePath()" because the return value of "org.eclipse.wildwebdeveloper.embedder.node.NodeJSManager.getNodeJsLocation()" is null
	at org.eclipse.wildwebdeveloper.css.CSSLanguageServer.<init>(CSSLanguageServer.java:40)
	... 17 more

!ENTRY org.eclipse.lsp4e 4 0 2025-12-22 21:59:50.269
!MESSAGE Cannot invoke "org.eclipse.lsp4e.server.StreamConnectionProvider.getInputStream()" because "this.lspStreamProvider" is null
!STACK 0
java.lang.NullPointerException: Cannot invoke "org.eclipse.lsp4e.server.StreamConnectionProvider.getInputStream()" because "this.lspStreamProvider" is null
	at org.eclipse.lsp4e.LanguageServerWrapper.lambda$1(LanguageServerWrapper.java:284)
	at java.base/java.util.concurrent.CompletableFuture$UniApply.tryFire(CompletableFuture.java:646)
	at java.base/java.util.concurrent.CompletableFuture.postComplete(CompletableFuture.java:510)
	at java.base/java.util.concurrent.CompletableFuture$AsyncSupply.run(CompletableFuture.java:1773)
	at java.base/java.util.concurrent.CompletableFuture$AsyncSupply.exec(CompletableFuture.java:1760)
	at java.base/java.util.concurrent.ForkJoinTask.doExec(ForkJoinTask.java:373)
	at java.base/java.util.concurrent.ForkJoinPool$WorkQueue.topLevelExec(ForkJoinPool.java:1182)
	at java.base/java.util.concurrent.ForkJoinPool.scan(ForkJoinPool.java:1655)
	at java.base/java.util.concurrent.ForkJoinPool.runWorker(ForkJoinPool.java:1622)
	at java.base/java.util.concurrent.ForkJoinWorkerThread.run(ForkJoinWorkerThread.java:165)

!ENTRY org.eclipse.lsp4e 4 0 2025-12-22 21:59:50.334
!MESSAGE プラグイン "org.eclipse.wildwebdeveloper" は、クラス "org.eclipse.wildwebdeveloper.css.CSSLanguageServer" をインスタンス化できませんでした。
!STACK 1
org.eclipse.core.runtime.CoreException: プラグイン "org.eclipse.wildwebdeveloper" は、クラス "org.eclipse.wildwebdeveloper.css.CSSLanguageServer" をインスタンス化できませんでした。
	at org.eclipse.core.internal.registry.osgi.RegistryStrategyOSGI.throwException(RegistryStrategyOSGI.java:212)
	at org.eclipse.core.internal.registry.osgi.RegistryStrategyOSGI.createExecutableExtension(RegistryStrategyOSGI.java:206)
	at org.eclipse.core.internal.registry.ExtensionRegistry.createExecutableExtension(ExtensionRegistry.java:920)
	at org.eclipse.core.internal.registry.ConfigurationElement.createExecutableExtension(ConfigurationElement.java:246)
	at org.eclipse.core.internal.registry.ConfigurationElementHandle.createExecutableExtension(ConfigurationElementHandle.java:63)
	at org.eclipse.lsp4e.LanguageServersRegistry$ExtensionLanguageServerDefinition.createConnectionProvider(LanguageServersRegistry.java:161)
	at org.eclipse.lsp4e.LanguageServerWrapper.lambda$0(LanguageServerWrapper.java:233)
	at java.base/java.util.concurrent.CompletableFuture$AsyncSupply.run(CompletableFuture.java:1768)
	at java.base/java.util.concurrent.CompletableFuture$AsyncSupply.exec(CompletableFuture.java:1760)
	at java.base/java.util.concurrent.ForkJoinTask.doExec(ForkJoinTask.java:373)
	at java.base/java.util.concurrent.ForkJoinPool$WorkQueue.topLevelExec(ForkJoinPool.java:1182)
	at java.base/java.util.concurrent.ForkJoinPool.scan(ForkJoinPool.java:1655)
	at java.base/java.util.concurrent.ForkJoinPool.runWorker(ForkJoinPool.java:1622)
	at java.base/java.util.concurrent.ForkJoinWorkerThread.run(ForkJoinWorkerThread.java:165)
Caused by: java.lang.reflect.InvocationTargetException
	at jdk.internal.reflect.GeneratedConstructorAccessor125.newInstance(Unknown Source)
	at java.base/jdk.internal.reflect.DelegatingConstructorAccessorImpl.newInstance(DelegatingConstructorAccessorImpl.java:45)
	at java.base/java.lang.reflect.Constructor.newInstanceWithCaller(Constructor.java:499)
	at java.base/java.lang.reflect.Constructor.newInstance(Constructor.java:480)
	at org.eclipse.core.internal.registry.osgi.RegistryStrategyOSGI.createExecutableExtension(RegistryStrategyOSGI.java:204)
	... 12 more
Caused by: java.lang.NullPointerException: Cannot invoke "java.io.File.getAbsolutePath()" because the return value of "org.eclipse.wildwebdeveloper.embedder.node.NodeJSManager.getNodeJsLocation()" is null
	at org.eclipse.wildwebdeveloper.css.CSSLanguageServer.<init>(CSSLanguageServer.java:40)
	... 17 more
!SUBENTRY 1 org.eclipse.equinox.registry 4 1 2025-12-22 21:59:50.334
!MESSAGE プラグイン "org.eclipse.wildwebdeveloper" は、クラス "org.eclipse.wildwebdeveloper.css.CSSLanguageServer" をインスタンス化できませんでした。
!STACK 0
java.lang.reflect.InvocationTargetException
	at jdk.internal.reflect.GeneratedConstructorAccessor125.newInstance(Unknown Source)
	at java.base/jdk.internal.reflect.DelegatingConstructorAccessorImpl.newInstance(DelegatingConstructorAccessorImpl.java:45)
	at java.base/java.lang.reflect.Constructor.newInstanceWithCaller(Constructor.java:499)
	at java.base/java.lang.reflect.Constructor.newInstance(Constructor.java:480)
	at org.eclipse.core.internal.registry.osgi.RegistryStrategyOSGI.createExecutableExtension(RegistryStrategyOSGI.java:204)
	at org.eclipse.core.internal.registry.ExtensionRegistry.createExecutableExtension(ExtensionRegistry.java:920)
	at org.eclipse.core.internal.registry.ConfigurationElement.createExecutableExtension(ConfigurationElement.java:246)
	at org.eclipse.core.internal.registry.ConfigurationElementHandle.createExecutableExtension(ConfigurationElementHandle.java:63)
	at org.eclipse.lsp4e.LanguageServersRegistry$ExtensionLanguageServerDefinition.createConnectionProvider(LanguageServersRegistry.java:161)
	at org.eclipse.lsp4e.LanguageServerWrapper.lambda$0(LanguageServerWrapper.java:233)
	at java.base/java.util.concurrent.CompletableFuture$AsyncSupply.run(CompletableFuture.java:1768)
	at java.base/java.util.concurrent.CompletableFuture$AsyncSupply.exec(CompletableFuture.java:1760)
	at java.base/java.util.concurrent.ForkJoinTask.doExec(ForkJoinTask.java:373)
	at java.base/java.util.concurrent.ForkJoinPool$WorkQueue.topLevelExec(ForkJoinPool.java:1182)
	at java.base/java.util.concurrent.ForkJoinPool.scan(ForkJoinPool.java:1655)
	at java.base/java.util.concurrent.ForkJoinPool.runWorker(ForkJoinPool.java:1622)
	at java.base/java.util.concurrent.ForkJoinWorkerThread.run(ForkJoinWorkerThread.java:165)
Caused by: java.lang.NullPointerException: Cannot invoke "java.io.File.getAbsolutePath()" because the return value of "org.eclipse.wildwebdeveloper.embedder.node.NodeJSManager.getNodeJsLocation()" is null
	at org.eclipse.wildwebdeveloper.css.CSSLanguageServer.<init>(CSSLanguageServer.java:40)
	... 17 more
Root exception:
java.lang.NullPointerException: Cannot invoke "java.io.File.getAbsolutePath()" because the return value of "org.eclipse.wildwebdeveloper.embedder.node.NodeJSManager.getNodeJsLocation()" is null
	at org.eclipse.wildwebdeveloper.css.CSSLanguageServer.<init>(CSSLanguageServer.java:40)
	at jdk.internal.reflect.GeneratedConstructorAccessor125.newInstance(Unknown Source)
	at java.base/jdk.internal.reflect.DelegatingConstructorAccessorImpl.newInstance(DelegatingConstructorAccessorImpl.java:45)
	at java.base/java.lang.reflect.Constructor.newInstanceWithCaller(Constructor.java:499)
	at java.base/java.lang.reflect.Constructor.newInstance(Constructor.java:480)
	at org.eclipse.core.internal.registry.osgi.RegistryStrategyOSGI.createExecutableExtension(RegistryStrategyOSGI.java:204)
	at org.eclipse.core.internal.registry.ExtensionRegistry.createExecutableExtension(ExtensionRegistry.java:920)
	at org.eclipse.core.internal.registry.ConfigurationElement.createExecutableExtension(ConfigurationElement.java:246)
	at org.eclipse.core.internal.registry.ConfigurationElementHandle.createExecutableExtension(ConfigurationElementHandle.java:63)
	at org.eclipse.lsp4e.LanguageServersRegistry$ExtensionLanguageServerDefinition.createConnectionProvider(LanguageServersRegistry.java:161)
	at org.eclipse.lsp4e.LanguageServerWrapper.lambda$0(LanguageServerWrapper.java:233)
	at java.base/java.util.concurrent.CompletableFuture$AsyncSupply.run(CompletableFuture.java:1768)
	at java.base/java.util.concurrent.CompletableFuture$AsyncSupply.exec(CompletableFuture.java:1760)
	at java.base/java.util.concurrent.ForkJoinTask.doExec(ForkJoinTask.java:373)
	at java.base/java.util.concurrent.ForkJoinPool$WorkQueue.topLevelExec(ForkJoinPool.java:1182)
	at java.base/java.util.concurrent.ForkJoinPool.scan(ForkJoinPool.java:1655)
	at java.base/java.util.concurrent.ForkJoinPool.runWorker(ForkJoinPool.java:1622)
	at java.base/java.util.concurrent.ForkJoinWorkerThread.run(ForkJoinWorkerThread.java:165)

!ENTRY org.eclipse.lsp4e 4 0 2025-12-22 21:59:50.334
!MESSAGE Exception occurred while creating an instance of the stream connection provider
!STACK 0
java.lang.RuntimeException: Exception occurred while creating an instance of the stream connection provider
	at org.eclipse.lsp4e.LanguageServersRegistry$ExtensionLanguageServerDefinition.createConnectionProvider(LanguageServersRegistry.java:164)
	at org.eclipse.lsp4e.LanguageServerWrapper.lambda$0(LanguageServerWrapper.java:233)
	at java.base/java.util.concurrent.CompletableFuture$AsyncSupply.run(CompletableFuture.java:1768)
	at java.base/java.util.concurrent.CompletableFuture$AsyncSupply.exec(CompletableFuture.java:1760)
	at java.base/java.util.concurrent.ForkJoinTask.doExec(ForkJoinTask.java:373)
	at java.base/java.util.concurrent.ForkJoinPool$WorkQueue.topLevelExec(ForkJoinPool.java:1182)
	at java.base/java.util.concurrent.ForkJoinPool.scan(ForkJoinPool.java:1655)
	at java.base/java.util.concurrent.ForkJoinPool.runWorker(ForkJoinPool.java:1622)
	at java.base/java.util.concurrent.ForkJoinWorkerThread.run(ForkJoinWorkerThread.java:165)
Caused by: org.eclipse.core.runtime.CoreException: プラグイン "org.eclipse.wildwebdeveloper" は、クラス "org.eclipse.wildwebdeveloper.css.CSSLanguageServer" をインスタンス化できませんでした。
	at org.eclipse.core.internal.registry.osgi.RegistryStrategyOSGI.throwException(RegistryStrategyOSGI.java:212)
	at org.eclipse.core.internal.registry.osgi.RegistryStrategyOSGI.createExecutableExtension(RegistryStrategyOSGI.java:206)
	at org.eclipse.core.internal.registry.ExtensionRegistry.createExecutableExtension(ExtensionRegistry.java:920)
	at org.eclipse.core.internal.registry.ConfigurationElement.createExecutableExtension(ConfigurationElement.java:246)
	at org.eclipse.core.internal.registry.ConfigurationElementHandle.createExecutableExtension(ConfigurationElementHandle.java:63)
	at org.eclipse.lsp4e.LanguageServersRegistry$ExtensionLanguageServerDefinition.createConnectionProvider(LanguageServersRegistry.java:161)
	... 8 more
Caused by: java.lang.reflect.InvocationTargetException
	at jdk.internal.reflect.GeneratedConstructorAccessor125.newInstance(Unknown Source)
	at java.base/jdk.internal.reflect.DelegatingConstructorAccessorImpl.newInstance(DelegatingConstructorAccessorImpl.java:45)
	at java.base/java.lang.reflect.Constructor.newInstanceWithCaller(Constructor.java:499)
	at java.base/java.lang.reflect.Constructor.newInstance(Constructor.java:480)
	at org.eclipse.core.internal.registry.osgi.RegistryStrategyOSGI.createExecutableExtension(RegistryStrategyOSGI.java:204)
	... 12 more
Caused by: java.lang.NullPointerException: Cannot invoke "java.io.File.getAbsolutePath()" because the return value of "org.eclipse.wildwebdeveloper.embedder.node.NodeJSManager.getNodeJsLocation()" is null
	at org.eclipse.wildwebdeveloper.css.CSSLanguageServer.<init>(CSSLanguageServer.java:40)
	... 17 more

!ENTRY org.eclipse.lsp4e 4 0 2025-12-22 21:59:50.335
!MESSAGE Cannot invoke "org.eclipse.lsp4e.server.StreamConnectionProvider.getInputStream()" because "this.lspStreamProvider" is null
!STACK 0
java.lang.NullPointerException: Cannot invoke "org.eclipse.lsp4e.server.StreamConnectionProvider.getInputStream()" because "this.lspStreamProvider" is null
	at org.eclipse.lsp4e.LanguageServerWrapper.lambda$1(LanguageServerWrapper.java:284)
	at java.base/java.util.concurrent.CompletableFuture$UniApply.tryFire(CompletableFuture.java:646)
	at java.base/java.util.concurrent.CompletableFuture.postComplete(CompletableFuture.java:510)
	at java.base/java.util.concurrent.CompletableFuture$AsyncSupply.run(CompletableFuture.java:1773)
	at java.base/java.util.concurrent.CompletableFuture$AsyncSupply.exec(CompletableFuture.java:1760)
	at java.base/java.util.concurrent.ForkJoinTask.doExec(ForkJoinTask.java:373)
	at java.base/java.util.concurrent.ForkJoinPool$WorkQueue.topLevelExec(ForkJoinPool.java:1182)
	at java.base/java.util.concurrent.ForkJoinPool.scan(ForkJoinPool.java:1655)
	at java.base/java.util.concurrent.ForkJoinPool.runWorker(ForkJoinPool.java:1622)
	at java.base/java.util.concurrent.ForkJoinWorkerThread.run(ForkJoinWorkerThread.java:165)

!ENTRY org.eclipse.lsp4e 4 0 2025-12-22 22:00:04.223
!MESSAGE プラグイン "org.eclipse.wildwebdeveloper" は、クラス "org.eclipse.wildwebdeveloper.angular.AngularLanguageServer" をインスタンス化できませんでした。
!STACK 1
org.eclipse.core.runtime.CoreException: プラグイン "org.eclipse.wildwebdeveloper" は、クラス "org.eclipse.wildwebdeveloper.angular.AngularLanguageServer" をインスタンス化できませんでした。
	at org.eclipse.core.internal.registry.osgi.RegistryStrategyOSGI.throwException(RegistryStrategyOSGI.java:212)
	at org.eclipse.core.internal.registry.osgi.RegistryStrategyOSGI.createExecutableExtension(RegistryStrategyOSGI.java:206)
	at org.eclipse.core.internal.registry.ExtensionRegistry.createExecutableExtension(ExtensionRegistry.java:920)
	at org.eclipse.core.internal.registry.ConfigurationElement.createExecutableExtension(ConfigurationElement.java:246)
	at org.eclipse.core.internal.registry.ConfigurationElementHandle.createExecutableExtension(ConfigurationElementHandle.java:63)
	at org.eclipse.lsp4e.LanguageServersRegistry$ExtensionLanguageServerDefinition.createConnectionProvider(LanguageServersRegistry.java:161)
	at org.eclipse.lsp4e.LanguageServerWrapper.lambda$0(LanguageServerWrapper.java:233)
	at java.base/java.util.concurrent.CompletableFuture$AsyncSupply.run(CompletableFuture.java:1768)
	at java.base/java.util.concurrent.CompletableFuture$AsyncSupply.exec(CompletableFuture.java:1760)
	at java.base/java.util.concurrent.ForkJoinTask.doExec(ForkJoinTask.java:373)
	at java.base/java.util.concurrent.ForkJoinPool$WorkQueue.topLevelExec(ForkJoinPool.java:1182)
	at java.base/java.util.concurrent.ForkJoinPool.scan(ForkJoinPool.java:1655)
	at java.base/java.util.concurrent.ForkJoinPool.runWorker(ForkJoinPool.java:1622)
	at java.base/java.util.concurrent.ForkJoinWorkerThread.run(ForkJoinWorkerThread.java:165)
Caused by: java.lang.reflect.InvocationTargetException
	at jdk.internal.reflect.GeneratedConstructorAccessor122.newInstance(Unknown Source)
	at java.base/jdk.internal.reflect.DelegatingConstructorAccessorImpl.newInstance(DelegatingConstructorAccessorImpl.java:45)
	at java.base/java.lang.reflect.Constructor.newInstanceWithCaller(Constructor.java:499)
	at java.base/java.lang.reflect.Constructor.newInstance(Constructor.java:480)
	at org.eclipse.core.internal.registry.osgi.RegistryStrategyOSGI.createExecutableExtension(RegistryStrategyOSGI.java:204)
	... 12 more
Caused by: java.lang.NullPointerException: Cannot invoke "java.io.File.getAbsolutePath()" because the return value of "org.eclipse.wildwebdeveloper.embedder.node.NodeJSManager.getNodeJsLocation()" is null
	at org.eclipse.wildwebdeveloper.angular.AngularLanguageServer.<init>(AngularLanguageServer.java:43)
	... 17 more
!SUBENTRY 1 org.eclipse.equinox.registry 4 1 2025-12-22 22:00:04.223
!MESSAGE プラグイン "org.eclipse.wildwebdeveloper" は、クラス "org.eclipse.wildwebdeveloper.angular.AngularLanguageServer" をインスタンス化できませんでした。
!STACK 0
java.lang.reflect.InvocationTargetException
	at jdk.internal.reflect.GeneratedConstructorAccessor122.newInstance(Unknown Source)
	at java.base/jdk.internal.reflect.DelegatingConstructorAccessorImpl.newInstance(DelegatingConstructorAccessorImpl.java:45)
	at java.base/java.lang.reflect.Constructor.newInstanceWithCaller(Constructor.java:499)
	at java.base/java.lang.reflect.Constructor.newInstance(Constructor.java:480)
	at org.eclipse.core.internal.registry.osgi.RegistryStrategyOSGI.createExecutableExtension(RegistryStrategyOSGI.java:204)
	at org.eclipse.core.internal.registry.ExtensionRegistry.createExecutableExtension(ExtensionRegistry.java:920)
	at org.eclipse.core.internal.registry.ConfigurationElement.createExecutableExtension(ConfigurationElement.java:246)
	at org.eclipse.core.internal.registry.ConfigurationElementHandle.createExecutableExtension(ConfigurationElementHandle.java:63)
	at org.eclipse.lsp4e.LanguageServersRegistry$ExtensionLanguageServerDefinition.createConnectionProvider(LanguageServersRegistry.java:161)
	at org.eclipse.lsp4e.LanguageServerWrapper.lambda$0(LanguageServerWrapper.java:233)
	at java.base/java.util.concurrent.CompletableFuture$AsyncSupply.run(CompletableFuture.java:1768)
	at java.base/java.util.concurrent.CompletableFuture$AsyncSupply.exec(CompletableFuture.java:1760)
	at java.base/java.util.concurrent.ForkJoinTask.doExec(ForkJoinTask.java:373)
	at java.base/java.util.concurrent.ForkJoinPool$WorkQueue.topLevelExec(ForkJoinPool.java:1182)
	at java.base/java.util.concurrent.ForkJoinPool.scan(ForkJoinPool.java:1655)
	at java.base/java.util.concurrent.ForkJoinPool.runWorker(ForkJoinPool.java:1622)
	at java.base/java.util.concurrent.ForkJoinWorkerThread.run(ForkJoinWorkerThread.java:165)
Caused by: java.lang.NullPointerException: Cannot invoke "java.io.File.getAbsolutePath()" because the return value of "org.eclipse.wildwebdeveloper.embedder.node.NodeJSManager.getNodeJsLocation()" is null
	at org.eclipse.wildwebdeveloper.angular.AngularLanguageServer.<init>(AngularLanguageServer.java:43)
	... 17 more
Root exception:
java.lang.NullPointerException: Cannot invoke "java.io.File.getAbsolutePath()" because the return value of "org.eclipse.wildwebdeveloper.embedder.node.NodeJSManager.getNodeJsLocation()" is null
	at org.eclipse.wildwebdeveloper.angular.AngularLanguageServer.<init>(AngularLanguageServer.java:43)
	at jdk.internal.reflect.GeneratedConstructorAccessor122.newInstance(Unknown Source)
	at java.base/jdk.internal.reflect.DelegatingConstructorAccessorImpl.newInstance(DelegatingConstructorAccessorImpl.java:45)
	at java.base/java.lang.reflect.Constructor.newInstanceWithCaller(Constructor.java:499)
	at java.base/java.lang.reflect.Constructor.newInstance(Constructor.java:480)
	at org.eclipse.core.internal.registry.osgi.RegistryStrategyOSGI.createExecutableExtension(RegistryStrategyOSGI.java:204)
	at org.eclipse.core.internal.registry.ExtensionRegistry.createExecutableExtension(ExtensionRegistry.java:920)
	at org.eclipse.core.internal.registry.ConfigurationElement.createExecutableExtension(ConfigurationElement.java:246)
	at org.eclipse.core.internal.registry.ConfigurationElementHandle.createExecutableExtension(ConfigurationElementHandle.java:63)
	at org.eclipse.lsp4e.LanguageServersRegistry$ExtensionLanguageServerDefinition.createConnectionProvider(LanguageServersRegistry.java:161)
	at org.eclipse.lsp4e.LanguageServerWrapper.lambda$0(LanguageServerWrapper.java:233)
	at java.base/java.util.concurrent.CompletableFuture$AsyncSupply.run(CompletableFuture.java:1768)
	at java.base/java.util.concurrent.CompletableFuture$AsyncSupply.exec(CompletableFuture.java:1760)
	at java.base/java.util.concurrent.ForkJoinTask.doExec(ForkJoinTask.java:373)
	at java.base/java.util.concurrent.ForkJoinPool$WorkQueue.topLevelExec(ForkJoinPool.java:1182)
	at java.base/java.util.concurrent.ForkJoinPool.scan(ForkJoinPool.java:1655)
	at java.base/java.util.concurrent.ForkJoinPool.runWorker(ForkJoinPool.java:1622)
	at java.base/java.util.concurrent.ForkJoinWorkerThread.run(ForkJoinWorkerThread.java:165)

!ENTRY org.eclipse.lsp4e 4 0 2025-12-22 22:00:04.225
!MESSAGE Exception occurred while creating an instance of the stream connection provider
!STACK 0
java.lang.RuntimeException: Exception occurred while creating an instance of the stream connection provider
	at org.eclipse.lsp4e.LanguageServersRegistry$ExtensionLanguageServerDefinition.createConnectionProvider(LanguageServersRegistry.java:164)
	at org.eclipse.lsp4e.LanguageServerWrapper.lambda$0(LanguageServerWrapper.java:233)
	at java.base/java.util.concurrent.CompletableFuture$AsyncSupply.run(CompletableFuture.java:1768)
	at java.base/java.util.concurrent.CompletableFuture$AsyncSupply.exec(CompletableFuture.java:1760)
	at java.base/java.util.concurrent.ForkJoinTask.doExec(ForkJoinTask.java:373)
	at java.base/java.util.concurrent.ForkJoinPool$WorkQueue.topLevelExec(ForkJoinPool.java:1182)
	at java.base/java.util.concurrent.ForkJoinPool.scan(ForkJoinPool.java:1655)
	at java.base/java.util.concurrent.ForkJoinPool.runWorker(ForkJoinPool.java:1622)
	at java.base/java.util.concurrent.ForkJoinWorkerThread.run(ForkJoinWorkerThread.java:165)
Caused by: org.eclipse.core.runtime.CoreException: プラグイン "org.eclipse.wildwebdeveloper" は、クラス "org.eclipse.wildwebdeveloper.angular.AngularLanguageServer" をインスタンス化できませんでした。
	at org.eclipse.core.internal.registry.osgi.RegistryStrategyOSGI.throwException(RegistryStrategyOSGI.java:212)
	at org.eclipse.core.internal.registry.osgi.RegistryStrategyOSGI.createExecutableExtension(RegistryStrategyOSGI.java:206)
	at org.eclipse.core.internal.registry.ExtensionRegistry.createExecutableExtension(ExtensionRegistry.java:920)
	at org.eclipse.core.internal.registry.ConfigurationElement.createExecutableExtension(ConfigurationElement.java:246)
	at org.eclipse.core.internal.registry.ConfigurationElementHandle.createExecutableExtension(ConfigurationElementHandle.java:63)
	at org.eclipse.lsp4e.LanguageServersRegistry$ExtensionLanguageServerDefinition.createConnectionProvider(LanguageServersRegistry.java:161)
	... 8 more
Caused by: java.lang.reflect.InvocationTargetException
	at jdk.internal.reflect.GeneratedConstructorAccessor122.newInstance(Unknown Source)
	at java.base/jdk.internal.reflect.DelegatingConstructorAccessorImpl.newInstance(DelegatingConstructorAccessorImpl.java:45)
	at java.base/java.lang.reflect.Constructor.newInstanceWithCaller(Constructor.java:499)
	at java.base/java.lang.reflect.Constructor.newInstance(Constructor.java:480)
	at org.eclipse.core.internal.registry.osgi.RegistryStrategyOSGI.createExecutableExtension(RegistryStrategyOSGI.java:204)
	... 12 more
Caused by: java.lang.NullPointerException: Cannot invoke "java.io.File.getAbsolutePath()" because the return value of "org.eclipse.wildwebdeveloper.embedder.node.NodeJSManager.getNodeJsLocation()" is null
	at org.eclipse.wildwebdeveloper.angular.AngularLanguageServer.<init>(AngularLanguageServer.java:43)
	... 17 more

!ENTRY org.eclipse.lsp4e 4 0 2025-12-22 22:00:04.225
!MESSAGE プラグイン "org.eclipse.wildwebdeveloper" は、クラス "org.eclipse.wildwebdeveloper.html.HTMLLanguageServer" をインスタンス化できませんでした。
!STACK 1
org.eclipse.core.runtime.CoreException: プラグイン "org.eclipse.wildwebdeveloper" は、クラス "org.eclipse.wildwebdeveloper.html.HTMLLanguageServer" をインスタンス化できませんでした。
	at org.eclipse.core.internal.registry.osgi.RegistryStrategyOSGI.throwException(RegistryStrategyOSGI.java:212)
	at org.eclipse.core.internal.registry.osgi.RegistryStrategyOSGI.createExecutableExtension(RegistryStrategyOSGI.java:206)
	at org.eclipse.core.internal.registry.ExtensionRegistry.createExecutableExtension(ExtensionRegistry.java:920)
	at org.eclipse.core.internal.registry.ConfigurationElement.createExecutableExtension(ConfigurationElement.java:246)
	at org.eclipse.core.internal.registry.ConfigurationElementHandle.createExecutableExtension(ConfigurationElementHandle.java:63)
	at org.eclipse.lsp4e.LanguageServersRegistry$ExtensionLanguageServerDefinition.createConnectionProvider(LanguageServersRegistry.java:161)
	at org.eclipse.lsp4e.LanguageServerWrapper.lambda$0(LanguageServerWrapper.java:233)
	at java.base/java.util.concurrent.CompletableFuture$AsyncSupply.run(CompletableFuture.java:1768)
	at java.base/java.util.concurrent.CompletableFuture$AsyncSupply.exec(CompletableFuture.java:1760)
	at java.base/java.util.concurrent.ForkJoinTask.doExec(ForkJoinTask.java:373)
	at java.base/java.util.concurrent.ForkJoinPool$WorkQueue.topLevelExec(ForkJoinPool.java:1182)
	at java.base/java.util.concurrent.ForkJoinPool.scan(ForkJoinPool.java:1655)
	at java.base/java.util.concurrent.ForkJoinPool.runWorker(ForkJoinPool.java:1622)
	at java.base/java.util.concurrent.ForkJoinWorkerThread.run(ForkJoinWorkerThread.java:165)
Caused by: java.lang.reflect.InvocationTargetException
	at jdk.internal.reflect.GeneratedConstructorAccessor123.newInstance(Unknown Source)
	at java.base/jdk.internal.reflect.DelegatingConstructorAccessorImpl.newInstance(DelegatingConstructorAccessorImpl.java:45)
	at java.base/java.lang.reflect.Constructor.newInstanceWithCaller(Constructor.java:499)
	at java.base/java.lang.reflect.Constructor.newInstance(Constructor.java:480)
	at org.eclipse.core.internal.registry.osgi.RegistryStrategyOSGI.createExecutableExtension(RegistryStrategyOSGI.java:204)
	... 12 more
Caused by: java.lang.NullPointerException: Cannot invoke "java.io.File.getAbsolutePath()" because the return value of "org.eclipse.wildwebdeveloper.embedder.node.NodeJSManager.getNodeJsLocation()" is null
	at org.eclipse.wildwebdeveloper.html.HTMLLanguageServer.<init>(HTMLLanguageServer.java:40)
	... 17 more
!SUBENTRY 1 org.eclipse.equinox.registry 4 1 2025-12-22 22:00:04.225
!MESSAGE プラグイン "org.eclipse.wildwebdeveloper" は、クラス "org.eclipse.wildwebdeveloper.html.HTMLLanguageServer" をインスタンス化できませんでした。
!STACK 0
java.lang.reflect.InvocationTargetException
	at jdk.internal.reflect.GeneratedConstructorAccessor123.newInstance(Unknown Source)
	at java.base/jdk.internal.reflect.DelegatingConstructorAccessorImpl.newInstance(DelegatingConstructorAccessorImpl.java:45)
	at java.base/java.lang.reflect.Constructor.newInstanceWithCaller(Constructor.java:499)
	at java.base/java.lang.reflect.Constructor.newInstance(Constructor.java:480)
	at org.eclipse.core.internal.registry.osgi.RegistryStrategyOSGI.createExecutableExtension(RegistryStrategyOSGI.java:204)
	at org.eclipse.core.internal.registry.ExtensionRegistry.createExecutableExtension(ExtensionRegistry.java:920)
	at org.eclipse.core.internal.registry.ConfigurationElement.createExecutableExtension(ConfigurationElement.java:246)
	at org.eclipse.core.internal.registry.ConfigurationElementHandle.createExecutableExtension(ConfigurationElementHandle.java:63)
	at org.eclipse.lsp4e.LanguageServersRegistry$ExtensionLanguageServerDefinition.createConnectionProvider(LanguageServersRegistry.java:161)
	at org.eclipse.lsp4e.LanguageServerWrapper.lambda$0(LanguageServerWrapper.java:233)
	at java.base/java.util.concurrent.CompletableFuture$AsyncSupply.run(CompletableFuture.java:1768)
	at java.base/java.util.concurrent.CompletableFuture$AsyncSupply.exec(CompletableFuture.java:1760)
	at java.base/java.util.concurrent.ForkJoinTask.doExec(ForkJoinTask.java:373)
	at java.base/java.util.concurrent.ForkJoinPool$WorkQueue.topLevelExec(ForkJoinPool.java:1182)
	at java.base/java.util.concurrent.ForkJoinPool.scan(ForkJoinPool.java:1655)
	at java.base/java.util.concurrent.ForkJoinPool.runWorker(ForkJoinPool.java:1622)
	at java.base/java.util.concurrent.ForkJoinWorkerThread.run(ForkJoinWorkerThread.java:165)
Caused by: java.lang.NullPointerException: Cannot invoke "java.io.File.getAbsolutePath()" because the return value of "org.eclipse.wildwebdeveloper.embedder.node.NodeJSManager.getNodeJsLocation()" is null
	at org.eclipse.wildwebdeveloper.html.HTMLLanguageServer.<init>(HTMLLanguageServer.java:40)
	... 17 more
Root exception:
java.lang.NullPointerException: Cannot invoke "java.io.File.getAbsolutePath()" because the return value of "org.eclipse.wildwebdeveloper.embedder.node.NodeJSManager.getNodeJsLocation()" is null
	at org.eclipse.wildwebdeveloper.html.HTMLLanguageServer.<init>(HTMLLanguageServer.java:40)
	at jdk.internal.reflect.GeneratedConstructorAccessor123.newInstance(Unknown Source)
	at java.base/jdk.internal.reflect.DelegatingConstructorAccessorImpl.newInstance(DelegatingConstructorAccessorImpl.java:45)
	at java.base/java.lang.reflect.Constructor.newInstanceWithCaller(Constructor.java:499)
	at java.base/java.lang.reflect.Constructor.newInstance(Constructor.java:480)
	at org.eclipse.core.internal.registry.osgi.RegistryStrategyOSGI.createExecutableExtension(RegistryStrategyOSGI.java:204)
	at org.eclipse.core.internal.registry.ExtensionRegistry.createExecutableExtension(ExtensionRegistry.java:920)
	at org.eclipse.core.internal.registry.ConfigurationElement.createExecutableExtension(ConfigurationElement.java:246)
	at org.eclipse.core.internal.registry.ConfigurationElementHandle.createExecutableExtension(ConfigurationElementHandle.java:63)
	at org.eclipse.lsp4e.LanguageServersRegistry$ExtensionLanguageServerDefinition.createConnectionProvider(LanguageServersRegistry.java:161)
	at org.eclipse.lsp4e.LanguageServerWrapper.lambda$0(LanguageServerWrapper.java:233)
	at java.base/java.util.concurrent.CompletableFuture$AsyncSupply.run(CompletableFuture.java:1768)
	at java.base/java.util.concurrent.CompletableFuture$AsyncSupply.exec(CompletableFuture.java:1760)
	at java.base/java.util.concurrent.ForkJoinTask.doExec(ForkJoinTask.java:373)
	at java.base/java.util.concurrent.ForkJoinPool$WorkQueue.topLevelExec(ForkJoinPool.java:1182)
	at java.base/java.util.concurrent.ForkJoinPool.scan(ForkJoinPool.java:1655)
	at java.base/java.util.concurrent.ForkJoinPool.runWorker(ForkJoinPool.java:1622)
	at java.base/java.util.concurrent.ForkJoinWorkerThread.run(ForkJoinWorkerThread.java:165)

!ENTRY org.eclipse.lsp4e 4 0 2025-12-22 22:00:04.225
!MESSAGE Cannot invoke "org.eclipse.lsp4e.server.StreamConnectionProvider.getInputStream()" because "this.lspStreamProvider" is null
!STACK 0
java.lang.NullPointerException: Cannot invoke "org.eclipse.lsp4e.server.StreamConnectionProvider.getInputStream()" because "this.lspStreamProvider" is null
	at org.eclipse.lsp4e.LanguageServerWrapper.lambda$1(LanguageServerWrapper.java:284)
	at java.base/java.util.concurrent.CompletableFuture$UniApply.tryFire(CompletableFuture.java:646)
	at java.base/java.util.concurrent.CompletableFuture.postComplete(CompletableFuture.java:510)
	at java.base/java.util.concurrent.CompletableFuture$AsyncSupply.run(CompletableFuture.java:1773)
	at java.base/java.util.concurrent.CompletableFuture$AsyncSupply.exec(CompletableFuture.java:1760)
	at java.base/java.util.concurrent.ForkJoinTask.doExec(ForkJoinTask.java:373)
	at java.base/java.util.concurrent.ForkJoinPool$WorkQueue.topLevelExec(ForkJoinPool.java:1182)
	at java.base/java.util.concurrent.ForkJoinPool.scan(ForkJoinPool.java:1655)
	at java.base/java.util.concurrent.ForkJoinPool.runWorker(ForkJoinPool.java:1622)
	at java.base/java.util.concurrent.ForkJoinWorkerThread.run(ForkJoinWorkerThread.java:165)

!ENTRY org.eclipse.lsp4e 4 0 2025-12-22 22:00:04.226
!MESSAGE Exception occurred while creating an instance of the stream connection provider
!STACK 0
java.lang.RuntimeException: Exception occurred while creating an instance of the stream connection provider
	at org.eclipse.lsp4e.LanguageServersRegistry$ExtensionLanguageServerDefinition.createConnectionProvider(LanguageServersRegistry.java:164)
	at org.eclipse.lsp4e.LanguageServerWrapper.lambda$0(LanguageServerWrapper.java:233)
	at java.base/java.util.concurrent.CompletableFuture$AsyncSupply.run(CompletableFuture.java:1768)
	at java.base/java.util.concurrent.CompletableFuture$AsyncSupply.exec(CompletableFuture.java:1760)
	at java.base/java.util.concurrent.ForkJoinTask.doExec(ForkJoinTask.java:373)
	at java.base/java.util.concurrent.ForkJoinPool$WorkQueue.topLevelExec(ForkJoinPool.java:1182)
	at java.base/java.util.concurrent.ForkJoinPool.scan(ForkJoinPool.java:1655)
	at java.base/java.util.concurrent.ForkJoinPool.runWorker(ForkJoinPool.java:1622)
	at java.base/java.util.concurrent.ForkJoinWorkerThread.run(ForkJoinWorkerThread.java:165)
Caused by: org.eclipse.core.runtime.CoreException: プラグイン "org.eclipse.wildwebdeveloper" は、クラス "org.eclipse.wildwebdeveloper.html.HTMLLanguageServer" をインスタンス化できませんでした。
	at org.eclipse.core.internal.registry.osgi.RegistryStrategyOSGI.throwException(RegistryStrategyOSGI.java:212)
	at org.eclipse.core.internal.registry.osgi.RegistryStrategyOSGI.createExecutableExtension(RegistryStrategyOSGI.java:206)
	at org.eclipse.core.internal.registry.ExtensionRegistry.createExecutableExtension(ExtensionRegistry.java:920)
	at org.eclipse.core.internal.registry.ConfigurationElement.createExecutableExtension(ConfigurationElement.java:246)
	at org.eclipse.core.internal.registry.ConfigurationElementHandle.createExecutableExtension(ConfigurationElementHandle.java:63)
	at org.eclipse.lsp4e.LanguageServersRegistry$ExtensionLanguageServerDefinition.createConnectionProvider(LanguageServersRegistry.java:161)
	... 8 more
Caused by: java.lang.reflect.InvocationTargetException
	at jdk.internal.reflect.GeneratedConstructorAccessor123.newInstance(Unknown Source)
	at java.base/jdk.internal.reflect.DelegatingConstructorAccessorImpl.newInstance(DelegatingConstructorAccessorImpl.java:45)
	at java.base/java.lang.reflect.Constructor.newInstanceWithCaller(Constructor.java:499)
	at java.base/java.lang.reflect.Constructor.newInstance(Constructor.java:480)
	at org.eclipse.core.internal.registry.osgi.RegistryStrategyOSGI.createExecutableExtension(RegistryStrategyOSGI.java:204)
	... 12 more
Caused by: java.lang.NullPointerException: Cannot invoke "java.io.File.getAbsolutePath()" because the return value of "org.eclipse.wildwebdeveloper.embedder.node.NodeJSManager.getNodeJsLocation()" is null
	at org.eclipse.wildwebdeveloper.html.HTMLLanguageServer.<init>(HTMLLanguageServer.java:40)
	... 17 more

!ENTRY org.eclipse.lsp4e 4 0 2025-12-22 22:00:04.226
!MESSAGE Cannot invoke "org.eclipse.lsp4e.server.StreamConnectionProvider.getInputStream()" because "this.lspStreamProvider" is null
!STACK 0
java.lang.NullPointerException: Cannot invoke "org.eclipse.lsp4e.server.StreamConnectionProvider.getInputStream()" because "this.lspStreamProvider" is null
	at org.eclipse.lsp4e.LanguageServerWrapper.lambda$1(LanguageServerWrapper.java:284)
	at java.base/java.util.concurrent.CompletableFuture$UniApply.tryFire(CompletableFuture.java:646)
	at java.base/java.util.concurrent.CompletableFuture.postComplete(CompletableFuture.java:510)
	at java.base/java.util.concurrent.CompletableFuture$AsyncSupply.run(CompletableFuture.java:1773)
	at java.base/java.util.concurrent.CompletableFuture$AsyncSupply.exec(CompletableFuture.java:1760)
	at java.base/java.util.concurrent.ForkJoinTask.doExec(ForkJoinTask.java:373)
	at java.base/java.util.concurrent.ForkJoinPool$WorkQueue.topLevelExec(ForkJoinPool.java:1182)
	at java.base/java.util.concurrent.ForkJoinPool.scan(ForkJoinPool.java:1655)
	at java.base/java.util.concurrent.ForkJoinPool.runWorker(ForkJoinPool.java:1622)
	at java.base/java.util.concurrent.ForkJoinWorkerThread.run(ForkJoinWorkerThread.java:165)

!ENTRY org.eclipse.lsp4e 4 0 2025-12-22 22:00:04.287
!MESSAGE プラグイン "org.eclipse.wildwebdeveloper" は、クラス "org.eclipse.wildwebdeveloper.html.HTMLLanguageServer" をインスタンス化できませんでした。
!STACK 1
org.eclipse.core.runtime.CoreException: プラグイン "org.eclipse.wildwebdeveloper" は、クラス "org.eclipse.wildwebdeveloper.html.HTMLLanguageServer" をインスタンス化できませんでした。
	at org.eclipse.core.internal.registry.osgi.RegistryStrategyOSGI.throwException(RegistryStrategyOSGI.java:212)
	at org.eclipse.core.internal.registry.osgi.RegistryStrategyOSGI.createExecutableExtension(RegistryStrategyOSGI.java:206)
	at org.eclipse.core.internal.registry.ExtensionRegistry.createExecutableExtension(ExtensionRegistry.java:920)
	at org.eclipse.core.internal.registry.ConfigurationElement.createExecutableExtension(ConfigurationElement.java:246)
	at org.eclipse.core.internal.registry.ConfigurationElementHandle.createExecutableExtension(ConfigurationElementHandle.java:63)
	at org.eclipse.lsp4e.LanguageServersRegistry$ExtensionLanguageServerDefinition.createConnectionProvider(LanguageServersRegistry.java:161)
	at org.eclipse.lsp4e.LanguageServerWrapper.lambda$0(LanguageServerWrapper.java:233)
	at java.base/java.util.concurrent.CompletableFuture$AsyncSupply.run(CompletableFuture.java:1768)
	at java.base/java.util.concurrent.CompletableFuture$AsyncSupply.exec(CompletableFuture.java:1760)
	at java.base/java.util.concurrent.ForkJoinTask.doExec(ForkJoinTask.java:373)
	at java.base/java.util.concurrent.ForkJoinPool$WorkQueue.topLevelExec(ForkJoinPool.java:1182)
	at java.base/java.util.concurrent.ForkJoinPool.scan(ForkJoinPool.java:1655)
	at java.base/java.util.concurrent.ForkJoinPool.runWorker(ForkJoinPool.java:1622)
	at java.base/java.util.concurrent.ForkJoinWorkerThread.run(ForkJoinWorkerThread.java:165)
Caused by: java.lang.reflect.InvocationTargetException
	at jdk.internal.reflect.GeneratedConstructorAccessor123.newInstance(Unknown Source)
	at java.base/jdk.internal.reflect.DelegatingConstructorAccessorImpl.newInstance(DelegatingConstructorAccessorImpl.java:45)
	at java.base/java.lang.reflect.Constructor.newInstanceWithCaller(Constructor.java:499)
	at java.base/java.lang.reflect.Constructor.newInstance(Constructor.java:480)
	at org.eclipse.core.internal.registry.osgi.RegistryStrategyOSGI.createExecutableExtension(RegistryStrategyOSGI.java:204)
	... 12 more
Caused by: java.lang.NullPointerException: Cannot invoke "java.io.File.getAbsolutePath()" because the return value of "org.eclipse.wildwebdeveloper.embedder.node.NodeJSManager.getNodeJsLocation()" is null
	at org.eclipse.wildwebdeveloper.html.HTMLLanguageServer.<init>(HTMLLanguageServer.java:40)
	... 17 more
!SUBENTRY 1 org.eclipse.equinox.registry 4 1 2025-12-22 22:00:04.287
!MESSAGE プラグイン "org.eclipse.wildwebdeveloper" は、クラス "org.eclipse.wildwebdeveloper.html.HTMLLanguageServer" をインスタンス化できませんでした。
!STACK 0
java.lang.reflect.InvocationTargetException
	at jdk.internal.reflect.GeneratedConstructorAccessor123.newInstance(Unknown Source)
	at java.base/jdk.internal.reflect.DelegatingConstructorAccessorImpl.newInstance(DelegatingConstructorAccessorImpl.java:45)
	at java.base/java.lang.reflect.Constructor.newInstanceWithCaller(Constructor.java:499)
	at java.base/java.lang.reflect.Constructor.newInstance(Constructor.java:480)
	at org.eclipse.core.internal.registry.osgi.RegistryStrategyOSGI.createExecutableExtension(RegistryStrategyOSGI.java:204)
	at org.eclipse.core.internal.registry.ExtensionRegistry.createExecutableExtension(ExtensionRegistry.java:920)
	at org.eclipse.core.internal.registry.ConfigurationElement.createExecutableExtension(ConfigurationElement.java:246)
	at org.eclipse.core.internal.registry.ConfigurationElementHandle.createExecutableExtension(ConfigurationElementHandle.java:63)
	at org.eclipse.lsp4e.LanguageServersRegistry$ExtensionLanguageServerDefinition.createConnectionProvider(LanguageServersRegistry.java:161)
	at org.eclipse.lsp4e.LanguageServerWrapper.lambda$0(LanguageServerWrapper.java:233)
	at java.base/java.util.concurrent.CompletableFuture$AsyncSupply.run(CompletableFuture.java:1768)
	at java.base/java.util.concurrent.CompletableFuture$AsyncSupply.exec(CompletableFuture.java:1760)
	at java.base/java.util.concurrent.ForkJoinTask.doExec(ForkJoinTask.java:373)
	at java.base/java.util.concurrent.ForkJoinPool$WorkQueue.topLevelExec(ForkJoinPool.java:1182)
	at java.base/java.util.concurrent.ForkJoinPool.scan(ForkJoinPool.java:1655)
	at java.base/java.util.concurrent.ForkJoinPool.runWorker(ForkJoinPool.java:1622)
	at java.base/java.util.concurrent.ForkJoinWorkerThread.run(ForkJoinWorkerThread.java:165)
Caused by: java.lang.NullPointerException: Cannot invoke "java.io.File.getAbsolutePath()" because the return value of "org.eclipse.wildwebdeveloper.embedder.node.NodeJSManager.getNodeJsLocation()" is null
	at org.eclipse.wildwebdeveloper.html.HTMLLanguageServer.<init>(HTMLLanguageServer.java:40)
	... 17 more
Root exception:
java.lang.NullPointerException: Cannot invoke "java.io.File.getAbsolutePath()" because the return value of "org.eclipse.wildwebdeveloper.embedder.node.NodeJSManager.getNodeJsLocation()" is null
	at org.eclipse.wildwebdeveloper.html.HTMLLanguageServer.<init>(HTMLLanguageServer.java:40)
	at jdk.internal.reflect.GeneratedConstructorAccessor123.newInstance(Unknown Source)
	at java.base/jdk.internal.reflect.DelegatingConstructorAccessorImpl.newInstance(DelegatingConstructorAccessorImpl.java:45)
	at java.base/java.lang.reflect.Constructor.newInstanceWithCaller(Constructor.java:499)
	at java.base/java.lang.reflect.Constructor.newInstance(Constructor.java:480)
	at org.eclipse.core.internal.registry.osgi.RegistryStrategyOSGI.createExecutableExtension(RegistryStrategyOSGI.java:204)
	at org.eclipse.core.internal.registry.ExtensionRegistry.createExecutableExtension(ExtensionRegistry.java:920)
	at org.eclipse.core.internal.registry.ConfigurationElement.createExecutableExtension(ConfigurationElement.java:246)
	at org.eclipse.core.internal.registry.ConfigurationElementHandle.createExecutableExtension(ConfigurationElementHandle.java:63)
	at org.eclipse.lsp4e.LanguageServersRegistry$ExtensionLanguageServerDefinition.createConnectionProvider(LanguageServersRegistry.java:161)
	at org.eclipse.lsp4e.LanguageServerWrapper.lambda$0(LanguageServerWrapper.java:233)
	at java.base/java.util.concurrent.CompletableFuture$AsyncSupply.run(CompletableFuture.java:1768)
	at java.base/java.util.concurrent.CompletableFuture$AsyncSupply.exec(CompletableFuture.java:1760)
	at java.base/java.util.concurrent.ForkJoinTask.doExec(ForkJoinTask.java:373)
	at java.base/java.util.concurrent.ForkJoinPool$WorkQueue.topLevelExec(ForkJoinPool.java:1182)
	at java.base/java.util.concurrent.ForkJoinPool.scan(ForkJoinPool.java:1655)
	at java.base/java.util.concurrent.ForkJoinPool.runWorker(ForkJoinPool.java:1622)
	at java.base/java.util.concurrent.ForkJoinWorkerThread.run(ForkJoinWorkerThread.java:165)

!ENTRY org.eclipse.lsp4e 4 0 2025-12-22 22:00:04.288
!MESSAGE プラグイン "org.eclipse.wildwebdeveloper" は、クラス "org.eclipse.wildwebdeveloper.angular.AngularLanguageServer" をインスタンス化できませんでした。
!STACK 1
org.eclipse.core.runtime.CoreException: プラグイン "org.eclipse.wildwebdeveloper" は、クラス "org.eclipse.wildwebdeveloper.angular.AngularLanguageServer" をインスタンス化できませんでした。
	at org.eclipse.core.internal.registry.osgi.RegistryStrategyOSGI.throwException(RegistryStrategyOSGI.java:212)
	at org.eclipse.core.internal.registry.osgi.RegistryStrategyOSGI.createExecutableExtension(RegistryStrategyOSGI.java:206)
	at org.eclipse.core.internal.registry.ExtensionRegistry.createExecutableExtension(ExtensionRegistry.java:920)
	at org.eclipse.core.internal.registry.ConfigurationElement.createExecutableExtension(ConfigurationElement.java:246)
	at org.eclipse.core.internal.registry.ConfigurationElementHandle.createExecutableExtension(ConfigurationElementHandle.java:63)
	at org.eclipse.lsp4e.LanguageServersRegistry$ExtensionLanguageServerDefinition.createConnectionProvider(LanguageServersRegistry.java:161)
	at org.eclipse.lsp4e.LanguageServerWrapper.lambda$0(LanguageServerWrapper.java:233)
	at java.base/java.util.concurrent.CompletableFuture$AsyncSupply.run(CompletableFuture.java:1768)
	at java.base/java.util.concurrent.CompletableFuture$AsyncSupply.exec(CompletableFuture.java:1760)
	at java.base/java.util.concurrent.ForkJoinTask.doExec(ForkJoinTask.java:373)
	at java.base/java.util.concurrent.ForkJoinPool$WorkQueue.topLevelExec(ForkJoinPool.java:1182)
	at java.base/java.util.concurrent.ForkJoinPool.scan(ForkJoinPool.java:1655)
	at java.base/java.util.concurrent.ForkJoinPool.runWorker(ForkJoinPool.java:1622)
	at java.base/java.util.concurrent.ForkJoinWorkerThread.run(ForkJoinWorkerThread.java:165)
Caused by: java.lang.reflect.InvocationTargetException
	at jdk.internal.reflect.GeneratedConstructorAccessor122.newInstance(Unknown Source)
	at java.base/jdk.internal.reflect.DelegatingConstructorAccessorImpl.newInstance(DelegatingConstructorAccessorImpl.java:45)
	at java.base/java.lang.reflect.Constructor.newInstanceWithCaller(Constructor.java:499)
	at java.base/java.lang.reflect.Constructor.newInstance(Constructor.java:480)
	at org.eclipse.core.internal.registry.osgi.RegistryStrategyOSGI.createExecutableExtension(RegistryStrategyOSGI.java:204)
	... 12 more
Caused by: java.lang.NullPointerException: Cannot invoke "java.io.File.getAbsolutePath()" because the return value of "org.eclipse.wildwebdeveloper.embedder.node.NodeJSManager.getNodeJsLocation()" is null
	at org.eclipse.wildwebdeveloper.angular.AngularLanguageServer.<init>(AngularLanguageServer.java:43)
	... 17 more
!SUBENTRY 1 org.eclipse.equinox.registry 4 1 2025-12-22 22:00:04.288
!MESSAGE プラグイン "org.eclipse.wildwebdeveloper" は、クラス "org.eclipse.wildwebdeveloper.angular.AngularLanguageServer" をインスタンス化できませんでした。
!STACK 0
java.lang.reflect.InvocationTargetException
	at jdk.internal.reflect.GeneratedConstructorAccessor122.newInstance(Unknown Source)
	at java.base/jdk.internal.reflect.DelegatingConstructorAccessorImpl.newInstance(DelegatingConstructorAccessorImpl.java:45)
	at java.base/java.lang.reflect.Constructor.newInstanceWithCaller(Constructor.java:499)
	at java.base/java.lang.reflect.Constructor.newInstance(Constructor.java:480)
	at org.eclipse.core.internal.registry.osgi.RegistryStrategyOSGI.createExecutableExtension(RegistryStrategyOSGI.java:204)
	at org.eclipse.core.internal.registry.ExtensionRegistry.createExecutableExtension(ExtensionRegistry.java:920)
	at org.eclipse.core.internal.registry.ConfigurationElement.createExecutableExtension(ConfigurationElement.java:246)
	at org.eclipse.core.internal.registry.ConfigurationElementHandle.createExecutableExtension(ConfigurationElementHandle.java:63)
	at org.eclipse.lsp4e.LanguageServersRegistry$ExtensionLanguageServerDefinition.createConnectionProvider(LanguageServersRegistry.java:161)
	at org.eclipse.lsp4e.LanguageServerWrapper.lambda$0(LanguageServerWrapper.java:233)
	at java.base/java.util.concurrent.CompletableFuture$AsyncSupply.run(CompletableFuture.java:1768)
	at java.base/java.util.concurrent.CompletableFuture$AsyncSupply.exec(CompletableFuture.java:1760)
	at java.base/java.util.concurrent.ForkJoinTask.doExec(ForkJoinTask.java:373)
	at java.base/java.util.concurrent.ForkJoinPool$WorkQueue.topLevelExec(ForkJoinPool.java:1182)
	at java.base/java.util.concurrent.ForkJoinPool.scan(ForkJoinPool.java:1655)
	at java.base/java.util.concurrent.ForkJoinPool.runWorker(ForkJoinPool.java:1622)
	at java.base/java.util.concurrent.ForkJoinWorkerThread.run(ForkJoinWorkerThread.java:165)
Caused by: java.lang.NullPointerException: Cannot invoke "java.io.File.getAbsolutePath()" because the return value of "org.eclipse.wildwebdeveloper.embedder.node.NodeJSManager.getNodeJsLocation()" is null
	at org.eclipse.wildwebdeveloper.angular.AngularLanguageServer.<init>(AngularLanguageServer.java:43)
	... 17 more
Root exception:
java.lang.NullPointerException: Cannot invoke "java.io.File.getAbsolutePath()" because the return value of "org.eclipse.wildwebdeveloper.embedder.node.NodeJSManager.getNodeJsLocation()" is null
	at org.eclipse.wildwebdeveloper.angular.AngularLanguageServer.<init>(AngularLanguageServer.java:43)
	at jdk.internal.reflect.GeneratedConstructorAccessor122.newInstance(Unknown Source)
	at java.base/jdk.internal.reflect.DelegatingConstructorAccessorImpl.newInstance(DelegatingConstructorAccessorImpl.java:45)
	at java.base/java.lang.reflect.Constructor.newInstanceWithCaller(Constructor.java:499)
	at java.base/java.lang.reflect.Constructor.newInstance(Constructor.java:480)
	at org.eclipse.core.internal.registry.osgi.RegistryStrategyOSGI.createExecutableExtension(RegistryStrategyOSGI.java:204)
	at org.eclipse.core.internal.registry.ExtensionRegistry.createExecutableExtension(ExtensionRegistry.java:920)
	at org.eclipse.core.internal.registry.ConfigurationElement.createExecutableExtension(ConfigurationElement.java:246)
	at org.eclipse.core.internal.registry.ConfigurationElementHandle.createExecutableExtension(ConfigurationElementHandle.java:63)
	at org.eclipse.lsp4e.LanguageServersRegistry$ExtensionLanguageServerDefinition.createConnectionProvider(LanguageServersRegistry.java:161)
	at org.eclipse.lsp4e.LanguageServerWrapper.lambda$0(LanguageServerWrapper.java:233)
	at java.base/java.util.concurrent.CompletableFuture$AsyncSupply.run(CompletableFuture.java:1768)
	at java.base/java.util.concurrent.CompletableFuture$AsyncSupply.exec(CompletableFuture.java:1760)
	at java.base/java.util.concurrent.ForkJoinTask.doExec(ForkJoinTask.java:373)
	at java.base/java.util.concurrent.ForkJoinPool$WorkQueue.topLevelExec(ForkJoinPool.java:1182)
	at java.base/java.util.concurrent.ForkJoinPool.scan(ForkJoinPool.java:1655)
	at java.base/java.util.concurrent.ForkJoinPool.runWorker(ForkJoinPool.java:1622)
	at java.base/java.util.concurrent.ForkJoinWorkerThread.run(ForkJoinWorkerThread.java:165)

!ENTRY org.eclipse.lsp4e 4 0 2025-12-22 22:00:04.288
!MESSAGE Exception occurred while creating an instance of the stream connection provider
!STACK 0
java.lang.RuntimeException: Exception occurred while creating an instance of the stream connection provider
	at org.eclipse.lsp4e.LanguageServersRegistry$ExtensionLanguageServerDefinition.createConnectionProvider(LanguageServersRegistry.java:164)
	at org.eclipse.lsp4e.LanguageServerWrapper.lambda$0(LanguageServerWrapper.java:233)
	at java.base/java.util.concurrent.CompletableFuture$AsyncSupply.run(CompletableFuture.java:1768)
	at java.base/java.util.concurrent.CompletableFuture$AsyncSupply.exec(CompletableFuture.java:1760)
	at java.base/java.util.concurrent.ForkJoinTask.doExec(ForkJoinTask.java:373)
	at java.base/java.util.concurrent.ForkJoinPool$WorkQueue.topLevelExec(ForkJoinPool.java:1182)
	at java.base/java.util.concurrent.ForkJoinPool.scan(ForkJoinPool.java:1655)
	at java.base/java.util.concurrent.ForkJoinPool.runWorker(ForkJoinPool.java:1622)
	at java.base/java.util.concurrent.ForkJoinWorkerThread.run(ForkJoinWorkerThread.java:165)
Caused by: org.eclipse.core.runtime.CoreException: プラグイン "org.eclipse.wildwebdeveloper" は、クラス "org.eclipse.wildwebdeveloper.html.HTMLLanguageServer" をインスタンス化できませんでした。
	at org.eclipse.core.internal.registry.osgi.RegistryStrategyOSGI.throwException(RegistryStrategyOSGI.java:212)
	at org.eclipse.core.internal.registry.osgi.RegistryStrategyOSGI.createExecutableExtension(RegistryStrategyOSGI.java:206)
	at org.eclipse.core.internal.registry.ExtensionRegistry.createExecutableExtension(ExtensionRegistry.java:920)
	at org.eclipse.core.internal.registry.ConfigurationElement.createExecutableExtension(ConfigurationElement.java:246)
	at org.eclipse.core.internal.registry.ConfigurationElementHandle.createExecutableExtension(ConfigurationElementHandle.java:63)
	at org.eclipse.lsp4e.LanguageServersRegistry$ExtensionLanguageServerDefinition.createConnectionProvider(LanguageServersRegistry.java:161)
	... 8 more
Caused by: java.lang.reflect.InvocationTargetException
	at jdk.internal.reflect.GeneratedConstructorAccessor123.newInstance(Unknown Source)
	at java.base/jdk.internal.reflect.DelegatingConstructorAccessorImpl.newInstance(DelegatingConstructorAccessorImpl.java:45)
	at java.base/java.lang.reflect.Constructor.newInstanceWithCaller(Constructor.java:499)
	at java.base/java.lang.reflect.Constructor.newInstance(Constructor.java:480)
	at org.eclipse.core.internal.registry.osgi.RegistryStrategyOSGI.createExecutableExtension(RegistryStrategyOSGI.java:204)
	... 12 more
Caused by: java.lang.NullPointerException: Cannot invoke "java.io.File.getAbsolutePath()" because the return value of "org.eclipse.wildwebdeveloper.embedder.node.NodeJSManager.getNodeJsLocation()" is null
	at org.eclipse.wildwebdeveloper.html.HTMLLanguageServer.<init>(HTMLLanguageServer.java:40)
	... 17 more

!ENTRY org.eclipse.lsp4e 4 0 2025-12-22 22:00:04.289
!MESSAGE Exception occurred while creating an instance of the stream connection provider
!STACK 0
java.lang.RuntimeException: Exception occurred while creating an instance of the stream connection provider
	at org.eclipse.lsp4e.LanguageServersRegistry$ExtensionLanguageServerDefinition.createConnectionProvider(LanguageServersRegistry.java:164)
	at org.eclipse.lsp4e.LanguageServerWrapper.lambda$0(LanguageServerWrapper.java:233)
	at java.base/java.util.concurrent.CompletableFuture$AsyncSupply.run(CompletableFuture.java:1768)
	at java.base/java.util.concurrent.CompletableFuture$AsyncSupply.exec(CompletableFuture.java:1760)
	at java.base/java.util.concurrent.ForkJoinTask.doExec(ForkJoinTask.java:373)
	at java.base/java.util.concurrent.ForkJoinPool$WorkQueue.topLevelExec(ForkJoinPool.java:1182)
	at java.base/java.util.concurrent.ForkJoinPool.scan(ForkJoinPool.java:1655)
	at java.base/java.util.concurrent.ForkJoinPool.runWorker(ForkJoinPool.java:1622)
	at java.base/java.util.concurrent.ForkJoinWorkerThread.run(ForkJoinWorkerThread.java:165)
Caused by: org.eclipse.core.runtime.CoreException: プラグイン "org.eclipse.wildwebdeveloper" は、クラス "org.eclipse.wildwebdeveloper.angular.AngularLanguageServer" をインスタンス化できませんでした。
	at org.eclipse.core.internal.registry.osgi.RegistryStrategyOSGI.throwException(RegistryStrategyOSGI.java:212)
	at org.eclipse.core.internal.registry.osgi.RegistryStrategyOSGI.createExecutableExtension(RegistryStrategyOSGI.java:206)
	at org.eclipse.core.internal.registry.ExtensionRegistry.createExecutableExtension(ExtensionRegistry.java:920)
	at org.eclipse.core.internal.registry.ConfigurationElement.createExecutableExtension(ConfigurationElement.java:246)
	at org.eclipse.core.internal.registry.ConfigurationElementHandle.createExecutableExtension(ConfigurationElementHandle.java:63)
	at org.eclipse.lsp4e.LanguageServersRegistry$ExtensionLanguageServerDefinition.createConnectionProvider(LanguageServersRegistry.java:161)
	... 8 more
Caused by: java.lang.reflect.InvocationTargetException
	at jdk.internal.reflect.GeneratedConstructorAccessor122.newInstance(Unknown Source)
	at java.base/jdk.internal.reflect.DelegatingConstructorAccessorImpl.newInstance(DelegatingConstructorAccessorImpl.java:45)
	at java.base/java.lang.reflect.Constructor.newInstanceWithCaller(Constructor.java:499)
	at java.base/java.lang.reflect.Constructor.newInstance(Constructor.java:480)
	at org.eclipse.core.internal.registry.osgi.RegistryStrategyOSGI.createExecutableExtension(RegistryStrategyOSGI.java:204)
	... 12 more
Caused by: java.lang.NullPointerException: Cannot invoke "java.io.File.getAbsolutePath()" because the return value of "org.eclipse.wildwebdeveloper.embedder.node.NodeJSManager.getNodeJsLocation()" is null
	at org.eclipse.wildwebdeveloper.angular.AngularLanguageServer.<init>(AngularLanguageServer.java:43)
	... 17 more

!ENTRY org.eclipse.lsp4e 4 0 2025-12-22 22:00:04.289
!MESSAGE Cannot invoke "org.eclipse.lsp4e.server.StreamConnectionProvider.getInputStream()" because "this.lspStreamProvider" is null
!STACK 0
java.lang.NullPointerException: Cannot invoke "org.eclipse.lsp4e.server.StreamConnectionProvider.getInputStream()" because "this.lspStreamProvider" is null
	at org.eclipse.lsp4e.LanguageServerWrapper.lambda$1(LanguageServerWrapper.java:284)
	at java.base/java.util.concurrent.CompletableFuture$UniApply.tryFire(CompletableFuture.java:646)
	at java.base/java.util.concurrent.CompletableFuture.postComplete(CompletableFuture.java:510)
	at java.base/java.util.concurrent.CompletableFuture$AsyncSupply.run(CompletableFuture.java:1773)
	at java.base/java.util.concurrent.CompletableFuture$AsyncSupply.exec(CompletableFuture.java:1760)
	at java.base/java.util.concurrent.ForkJoinTask.doExec(ForkJoinTask.java:373)
	at java.base/java.util.concurrent.ForkJoinPool$WorkQueue.topLevelExec(ForkJoinPool.java:1182)
	at java.base/java.util.concurrent.ForkJoinPool.scan(ForkJoinPool.java:1655)
	at java.base/java.util.concurrent.ForkJoinPool.runWorker(ForkJoinPool.java:1622)
	at java.base/java.util.concurrent.ForkJoinWorkerThread.run(ForkJoinWorkerThread.java:165)

!ENTRY org.eclipse.lsp4e 4 0 2025-12-22 22:00:04.289
!MESSAGE Cannot invoke "org.eclipse.lsp4e.server.StreamConnectionProvider.getInputStream()" because "this.lspStreamProvider" is null
!STACK 0
java.lang.NullPointerException: Cannot invoke "org.eclipse.lsp4e.server.StreamConnectionProvider.getInputStream()" because "this.lspStreamProvider" is null
	at org.eclipse.lsp4e.LanguageServerWrapper.lambda$1(LanguageServerWrapper.java:284)
	at java.base/java.util.concurrent.CompletableFuture$UniApply.tryFire(CompletableFuture.java:646)
	at java.base/java.util.concurrent.CompletableFuture.postComplete(CompletableFuture.java:510)
	at java.base/java.util.concurrent.CompletableFuture$AsyncSupply.run(CompletableFuture.java:1773)
	at java.base/java.util.concurrent.CompletableFuture$AsyncSupply.exec(CompletableFuture.java:1760)
	at java.base/java.util.concurrent.ForkJoinTask.doExec(ForkJoinTask.java:373)
	at java.base/java.util.concurrent.ForkJoinPool$WorkQueue.topLevelExec(ForkJoinPool.java:1182)
	at java.base/java.util.concurrent.ForkJoinPool.scan(ForkJoinPool.java:1655)
	at java.base/java.util.concurrent.ForkJoinPool.runWorker(ForkJoinPool.java:1622)
	at java.base/java.util.concurrent.ForkJoinWorkerThread.run(ForkJoinWorkerThread.java:165)

!ENTRY org.eclipse.lsp4e 4 0 2025-12-22 22:00:04.349
!MESSAGE プラグイン "org.eclipse.wildwebdeveloper" は、クラス "org.eclipse.wildwebdeveloper.html.HTMLLanguageServer" をインスタンス化できませんでした。
!STACK 1
org.eclipse.core.runtime.CoreException: プラグイン "org.eclipse.wildwebdeveloper" は、クラス "org.eclipse.wildwebdeveloper.html.HTMLLanguageServer" をインスタンス化できませんでした。
	at org.eclipse.core.internal.registry.osgi.RegistryStrategyOSGI.throwException(RegistryStrategyOSGI.java:212)
	at org.eclipse.core.internal.registry.osgi.RegistryStrategyOSGI.createExecutableExtension(RegistryStrategyOSGI.java:206)
	at org.eclipse.core.internal.registry.ExtensionRegistry.createExecutableExtension(ExtensionRegistry.java:920)
	at org.eclipse.core.internal.registry.ConfigurationElement.createExecutableExtension(ConfigurationElement.java:246)
	at org.eclipse.core.internal.registry.ConfigurationElementHandle.createExecutableExtension(ConfigurationElementHandle.java:63)
	at org.eclipse.lsp4e.LanguageServersRegistry$ExtensionLanguageServerDefinition.createConnectionProvider(LanguageServersRegistry.java:161)
	at org.eclipse.lsp4e.LanguageServerWrapper.lambda$0(LanguageServerWrapper.java:233)
	at java.base/java.util.concurrent.CompletableFuture$AsyncSupply.run(CompletableFuture.java:1768)
	at java.base/java.util.concurrent.CompletableFuture$AsyncSupply.exec(CompletableFuture.java:1760)
	at java.base/java.util.concurrent.ForkJoinTask.doExec(ForkJoinTask.java:373)
	at java.base/java.util.concurrent.ForkJoinPool$WorkQueue.topLevelExec(ForkJoinPool.java:1182)
	at java.base/java.util.concurrent.ForkJoinPool.scan(ForkJoinPool.java:1655)
	at java.base/java.util.concurrent.ForkJoinPool.runWorker(ForkJoinPool.java:1622)
	at java.base/java.util.concurrent.ForkJoinWorkerThread.run(ForkJoinWorkerThread.java:165)
Caused by: java.lang.reflect.InvocationTargetException
	at jdk.internal.reflect.GeneratedConstructorAccessor123.newInstance(Unknown Source)
	at java.base/jdk.internal.reflect.DelegatingConstructorAccessorImpl.newInstance(DelegatingConstructorAccessorImpl.java:45)
	at java.base/java.lang.reflect.Constructor.newInstanceWithCaller(Constructor.java:499)
	at java.base/java.lang.reflect.Constructor.newInstance(Constructor.java:480)
	at org.eclipse.core.internal.registry.osgi.RegistryStrategyOSGI.createExecutableExtension(RegistryStrategyOSGI.java:204)
	... 12 more
Caused by: java.lang.NullPointerException: Cannot invoke "java.io.File.getAbsolutePath()" because the return value of "org.eclipse.wildwebdeveloper.embedder.node.NodeJSManager.getNodeJsLocation()" is null
	at org.eclipse.wildwebdeveloper.html.HTMLLanguageServer.<init>(HTMLLanguageServer.java:40)
	... 17 more
!SUBENTRY 1 org.eclipse.equinox.registry 4 1 2025-12-22 22:00:04.349
!MESSAGE プラグイン "org.eclipse.wildwebdeveloper" は、クラス "org.eclipse.wildwebdeveloper.html.HTMLLanguageServer" をインスタンス化できませんでした。
!STACK 0
java.lang.reflect.InvocationTargetException
	at jdk.internal.reflect.GeneratedConstructorAccessor123.newInstance(Unknown Source)
	at java.base/jdk.internal.reflect.DelegatingConstructorAccessorImpl.newInstance(DelegatingConstructorAccessorImpl.java:45)
	at java.base/java.lang.reflect.Constructor.newInstanceWithCaller(Constructor.java:499)
	at java.base/java.lang.reflect.Constructor.newInstance(Constructor.java:480)
	at org.eclipse.core.internal.registry.osgi.RegistryStrategyOSGI.createExecutableExtension(RegistryStrategyOSGI.java:204)
	at org.eclipse.core.internal.registry.ExtensionRegistry.createExecutableExtension(ExtensionRegistry.java:920)
	at org.eclipse.core.internal.registry.ConfigurationElement.createExecutableExtension(ConfigurationElement.java:246)
	at org.eclipse.core.internal.registry.ConfigurationElementHandle.createExecutableExtension(ConfigurationElementHandle.java:63)
	at org.eclipse.lsp4e.LanguageServersRegistry$ExtensionLanguageServerDefinition.createConnectionProvider(LanguageServersRegistry.java:161)
	at org.eclipse.lsp4e.LanguageServerWrapper.lambda$0(LanguageServerWrapper.java:233)
	at java.base/java.util.concurrent.CompletableFuture$AsyncSupply.run(CompletableFuture.java:1768)
	at java.base/java.util.concurrent.CompletableFuture$AsyncSupply.exec(CompletableFuture.java:1760)
	at java.base/java.util.concurrent.ForkJoinTask.doExec(ForkJoinTask.java:373)
	at java.base/java.util.concurrent.ForkJoinPool$WorkQueue.topLevelExec(ForkJoinPool.java:1182)
	at java.base/java.util.concurrent.ForkJoinPool.scan(ForkJoinPool.java:1655)
	at java.base/java.util.concurrent.ForkJoinPool.runWorker(ForkJoinPool.java:1622)
	at java.base/java.util.concurrent.ForkJoinWorkerThread.run(ForkJoinWorkerThread.java:165)
Caused by: java.lang.NullPointerException: Cannot invoke "java.io.File.getAbsolutePath()" because the return value of "org.eclipse.wildwebdeveloper.embedder.node.NodeJSManager.getNodeJsLocation()" is null
	at org.eclipse.wildwebdeveloper.html.HTMLLanguageServer.<init>(HTMLLanguageServer.java:40)
	... 17 more
Root exception:
java.lang.NullPointerException: Cannot invoke "java.io.File.getAbsolutePath()" because the return value of "org.eclipse.wildwebdeveloper.embedder.node.NodeJSManager.getNodeJsLocation()" is null
	at org.eclipse.wildwebdeveloper.html.HTMLLanguageServer.<init>(HTMLLanguageServer.java:40)
	at jdk.internal.reflect.GeneratedConstructorAccessor123.newInstance(Unknown Source)
	at java.base/jdk.internal.reflect.DelegatingConstructorAccessorImpl.newInstance(DelegatingConstructorAccessorImpl.java:45)
	at java.base/java.lang.reflect.Constructor.newInstanceWithCaller(Constructor.java:499)
	at java.base/java.lang.reflect.Constructor.newInstance(Constructor.java:480)
	at org.eclipse.core.internal.registry.osgi.RegistryStrategyOSGI.createExecutableExtension(RegistryStrategyOSGI.java:204)
	at org.eclipse.core.internal.registry.ExtensionRegistry.createExecutableExtension(ExtensionRegistry.java:920)
	at org.eclipse.core.internal.registry.ConfigurationElement.createExecutableExtension(ConfigurationElement.java:246)
	at org.eclipse.core.internal.registry.ConfigurationElementHandle.createExecutableExtension(ConfigurationElementHandle.java:63)
	at org.eclipse.lsp4e.LanguageServersRegistry$ExtensionLanguageServerDefinition.createConnectionProvider(LanguageServersRegistry.java:161)
	at org.eclipse.lsp4e.LanguageServerWrapper.lambda$0(LanguageServerWrapper.java:233)
	at java.base/java.util.concurrent.CompletableFuture$AsyncSupply.run(CompletableFuture.java:1768)
	at java.base/java.util.concurrent.CompletableFuture$AsyncSupply.exec(CompletableFuture.java:1760)
	at java.base/java.util.concurrent.ForkJoinTask.doExec(ForkJoinTask.java:373)
	at java.base/java.util.concurrent.ForkJoinPool$WorkQueue.topLevelExec(ForkJoinPool.java:1182)
	at java.base/java.util.concurrent.ForkJoinPool.scan(ForkJoinPool.java:1655)
	at java.base/java.util.concurrent.ForkJoinPool.runWorker(ForkJoinPool.java:1622)
	at java.base/java.util.concurrent.ForkJoinWorkerThread.run(ForkJoinWorkerThread.java:165)

!ENTRY org.eclipse.lsp4e 4 0 2025-12-22 22:00:04.350
!MESSAGE Exception occurred while creating an instance of the stream connection provider
!STACK 0
java.lang.RuntimeException: Exception occurred while creating an instance of the stream connection provider
	at org.eclipse.lsp4e.LanguageServersRegistry$ExtensionLanguageServerDefinition.createConnectionProvider(LanguageServersRegistry.java:164)
	at org.eclipse.lsp4e.LanguageServerWrapper.lambda$0(LanguageServerWrapper.java:233)
	at java.base/java.util.concurrent.CompletableFuture$AsyncSupply.run(CompletableFuture.java:1768)
	at java.base/java.util.concurrent.CompletableFuture$AsyncSupply.exec(CompletableFuture.java:1760)
	at java.base/java.util.concurrent.ForkJoinTask.doExec(ForkJoinTask.java:373)
	at java.base/java.util.concurrent.ForkJoinPool$WorkQueue.topLevelExec(ForkJoinPool.java:1182)
	at java.base/java.util.concurrent.ForkJoinPool.scan(ForkJoinPool.java:1655)
	at java.base/java.util.concurrent.ForkJoinPool.runWorker(ForkJoinPool.java:1622)
	at java.base/java.util.concurrent.ForkJoinWorkerThread.run(ForkJoinWorkerThread.java:165)
Caused by: org.eclipse.core.runtime.CoreException: プラグイン "org.eclipse.wildwebdeveloper" は、クラス "org.eclipse.wildwebdeveloper.html.HTMLLanguageServer" をインスタンス化できませんでした。
	at org.eclipse.core.internal.registry.osgi.RegistryStrategyOSGI.throwException(RegistryStrategyOSGI.java:212)
	at org.eclipse.core.internal.registry.osgi.RegistryStrategyOSGI.createExecutableExtension(RegistryStrategyOSGI.java:206)
	at org.eclipse.core.internal.registry.ExtensionRegistry.createExecutableExtension(ExtensionRegistry.java:920)
	at org.eclipse.core.internal.registry.ConfigurationElement.createExecutableExtension(ConfigurationElement.java:246)
	at org.eclipse.core.internal.registry.ConfigurationElementHandle.createExecutableExtension(ConfigurationElementHandle.java:63)
	at org.eclipse.lsp4e.LanguageServersRegistry$ExtensionLanguageServerDefinition.createConnectionProvider(LanguageServersRegistry.java:161)
	... 8 more
Caused by: java.lang.reflect.InvocationTargetException
	at jdk.internal.reflect.GeneratedConstructorAccessor123.newInstance(Unknown Source)
	at java.base/jdk.internal.reflect.DelegatingConstructorAccessorImpl.newInstance(DelegatingConstructorAccessorImpl.java:45)
	at java.base/java.lang.reflect.Constructor.newInstanceWithCaller(Constructor.java:499)
	at java.base/java.lang.reflect.Constructor.newInstance(Constructor.java:480)
	at org.eclipse.core.internal.registry.osgi.RegistryStrategyOSGI.createExecutableExtension(RegistryStrategyOSGI.java:204)
	... 12 more
Caused by: java.lang.NullPointerException: Cannot invoke "java.io.File.getAbsolutePath()" because the return value of "org.eclipse.wildwebdeveloper.embedder.node.NodeJSManager.getNodeJsLocation()" is null
	at org.eclipse.wildwebdeveloper.html.HTMLLanguageServer.<init>(HTMLLanguageServer.java:40)
	... 17 more

!ENTRY org.eclipse.lsp4e 4 0 2025-12-22 22:00:04.350
!MESSAGE プラグイン "org.eclipse.wildwebdeveloper" は、クラス "org.eclipse.wildwebdeveloper.angular.AngularLanguageServer" をインスタンス化できませんでした。
!STACK 1
org.eclipse.core.runtime.CoreException: プラグイン "org.eclipse.wildwebdeveloper" は、クラス "org.eclipse.wildwebdeveloper.angular.AngularLanguageServer" をインスタンス化できませんでした。
	at org.eclipse.core.internal.registry.osgi.RegistryStrategyOSGI.throwException(RegistryStrategyOSGI.java:212)
	at org.eclipse.core.internal.registry.osgi.RegistryStrategyOSGI.createExecutableExtension(RegistryStrategyOSGI.java:206)
	at org.eclipse.core.internal.registry.ExtensionRegistry.createExecutableExtension(ExtensionRegistry.java:920)
	at org.eclipse.core.internal.registry.ConfigurationElement.createExecutableExtension(ConfigurationElement.java:246)
	at org.eclipse.core.internal.registry.ConfigurationElementHandle.createExecutableExtension(ConfigurationElementHandle.java:63)
	at org.eclipse.lsp4e.LanguageServersRegistry$ExtensionLanguageServerDefinition.createConnectionProvider(LanguageServersRegistry.java:161)
	at org.eclipse.lsp4e.LanguageServerWrapper.lambda$0(LanguageServerWrapper.java:233)
	at java.base/java.util.concurrent.CompletableFuture$AsyncSupply.run(CompletableFuture.java:1768)
	at java.base/java.util.concurrent.CompletableFuture$AsyncSupply.exec(CompletableFuture.java:1760)
	at java.base/java.util.concurrent.ForkJoinTask.doExec(ForkJoinTask.java:373)
	at java.base/java.util.concurrent.ForkJoinPool$WorkQueue.topLevelExec(ForkJoinPool.java:1182)
	at java.base/java.util.concurrent.ForkJoinPool.scan(ForkJoinPool.java:1655)
	at java.base/java.util.concurrent.ForkJoinPool.runWorker(ForkJoinPool.java:1622)
	at java.base/java.util.concurrent.ForkJoinWorkerThread.run(ForkJoinWorkerThread.java:165)
Caused by: java.lang.reflect.InvocationTargetException
	at jdk.internal.reflect.GeneratedConstructorAccessor122.newInstance(Unknown Source)
	at java.base/jdk.internal.reflect.DelegatingConstructorAccessorImpl.newInstance(DelegatingConstructorAccessorImpl.java:45)
	at java.base/java.lang.reflect.Constructor.newInstanceWithCaller(Constructor.java:499)
	at java.base/java.lang.reflect.Constructor.newInstance(Constructor.java:480)
	at org.eclipse.core.internal.registry.osgi.RegistryStrategyOSGI.createExecutableExtension(RegistryStrategyOSGI.java:204)
	... 12 more
Caused by: java.lang.NullPointerException: Cannot invoke "java.io.File.getAbsolutePath()" because the return value of "org.eclipse.wildwebdeveloper.embedder.node.NodeJSManager.getNodeJsLocation()" is null
	at org.eclipse.wildwebdeveloper.angular.AngularLanguageServer.<init>(AngularLanguageServer.java:43)
	... 17 more
!SUBENTRY 1 org.eclipse.equinox.registry 4 1 2025-12-22 22:00:04.351
!MESSAGE プラグイン "org.eclipse.wildwebdeveloper" は、クラス "org.eclipse.wildwebdeveloper.angular.AngularLanguageServer" をインスタンス化できませんでした。
!STACK 0
java.lang.reflect.InvocationTargetException
	at jdk.internal.reflect.GeneratedConstructorAccessor122.newInstance(Unknown Source)
	at java.base/jdk.internal.reflect.DelegatingConstructorAccessorImpl.newInstance(DelegatingConstructorAccessorImpl.java:45)
	at java.base/java.lang.reflect.Constructor.newInstanceWithCaller(Constructor.java:499)
	at java.base/java.lang.reflect.Constructor.newInstance(Constructor.java:480)
	at org.eclipse.core.internal.registry.osgi.RegistryStrategyOSGI.createExecutableExtension(RegistryStrategyOSGI.java:204)
	at org.eclipse.core.internal.registry.ExtensionRegistry.createExecutableExtension(ExtensionRegistry.java:920)
	at org.eclipse.core.internal.registry.ConfigurationElement.createExecutableExtension(ConfigurationElement.java:246)
	at org.eclipse.core.internal.registry.ConfigurationElementHandle.createExecutableExtension(ConfigurationElementHandle.java:63)
	at org.eclipse.lsp4e.LanguageServersRegistry$ExtensionLanguageServerDefinition.createConnectionProvider(LanguageServersRegistry.java:161)
	at org.eclipse.lsp4e.LanguageServerWrapper.lambda$0(LanguageServerWrapper.java:233)
	at java.base/java.util.concurrent.CompletableFuture$AsyncSupply.run(CompletableFuture.java:1768)
	at java.base/java.util.concurrent.CompletableFuture$AsyncSupply.exec(CompletableFuture.java:1760)
	at java.base/java.util.concurrent.ForkJoinTask.doExec(ForkJoinTask.java:373)
	at java.base/java.util.concurrent.ForkJoinPool$WorkQueue.topLevelExec(ForkJoinPool.java:1182)
	at java.base/java.util.concurrent.ForkJoinPool.scan(ForkJoinPool.java:1655)
	at java.base/java.util.concurrent.ForkJoinPool.runWorker(ForkJoinPool.java:1622)
	at java.base/java.util.concurrent.ForkJoinWorkerThread.run(ForkJoinWorkerThread.java:165)
Caused by: java.lang.NullPointerException: Cannot invoke "java.io.File.getAbsolutePath()" because the return value of "org.eclipse.wildwebdeveloper.embedder.node.NodeJSManager.getNodeJsLocation()" is null
	at org.eclipse.wildwebdeveloper.angular.AngularLanguageServer.<init>(AngularLanguageServer.java:43)
	... 17 more
Root exception:
java.lang.NullPointerException: Cannot invoke "java.io.File.getAbsolutePath()" because the return value of "org.eclipse.wildwebdeveloper.embedder.node.NodeJSManager.getNodeJsLocation()" is null
	at org.eclipse.wildwebdeveloper.angular.AngularLanguageServer.<init>(AngularLanguageServer.java:43)
	at jdk.internal.reflect.GeneratedConstructorAccessor122.newInstance(Unknown Source)
	at java.base/jdk.internal.reflect.DelegatingConstructorAccessorImpl.newInstance(DelegatingConstructorAccessorImpl.java:45)
	at java.base/java.lang.reflect.Constructor.newInstanceWithCaller(Constructor.java:499)
	at java.base/java.lang.reflect.Constructor.newInstance(Constructor.java:480)
	at org.eclipse.core.internal.registry.osgi.RegistryStrategyOSGI.createExecutableExtension(RegistryStrategyOSGI.java:204)
	at org.eclipse.core.internal.registry.ExtensionRegistry.createExecutableExtension(ExtensionRegistry.java:920)
	at org.eclipse.core.internal.registry.ConfigurationElement.createExecutableExtension(ConfigurationElement.java:246)
	at org.eclipse.core.internal.registry.ConfigurationElementHandle.createExecutableExtension(ConfigurationElementHandle.java:63)
	at org.eclipse.lsp4e.LanguageServersRegistry$ExtensionLanguageServerDefinition.createConnectionProvider(LanguageServersRegistry.java:161)
	at org.eclipse.lsp4e.LanguageServerWrapper.lambda$0(LanguageServerWrapper.java:233)
	at java.base/java.util.concurrent.CompletableFuture$AsyncSupply.run(CompletableFuture.java:1768)
	at java.base/java.util.concurrent.CompletableFuture$AsyncSupply.exec(CompletableFuture.java:1760)
	at java.base/java.util.concurrent.ForkJoinTask.doExec(ForkJoinTask.java:373)
	at java.base/java.util.concurrent.ForkJoinPool$WorkQueue.topLevelExec(ForkJoinPool.java:1182)
	at java.base/java.util.concurrent.ForkJoinPool.scan(ForkJoinPool.java:1655)
	at java.base/java.util.concurrent.ForkJoinPool.runWorker(ForkJoinPool.java:1622)
	at java.base/java.util.concurrent.ForkJoinWorkerThread.run(ForkJoinWorkerThread.java:165)

!ENTRY org.eclipse.lsp4e 4 0 2025-12-22 22:00:04.351
!MESSAGE Cannot invoke "org.eclipse.lsp4e.server.StreamConnectionProvider.getInputStream()" because "this.lspStreamProvider" is null
!STACK 0
java.lang.NullPointerException: Cannot invoke "org.eclipse.lsp4e.server.StreamConnectionProvider.getInputStream()" because "this.lspStreamProvider" is null
	at org.eclipse.lsp4e.LanguageServerWrapper.lambda$1(LanguageServerWrapper.java:284)
	at java.base/java.util.concurrent.CompletableFuture$UniApply.tryFire(CompletableFuture.java:646)
	at java.base/java.util.concurrent.CompletableFuture.postComplete(CompletableFuture.java:510)
	at java.base/java.util.concurrent.CompletableFuture$AsyncSupply.run(CompletableFuture.java:1773)
	at java.base/java.util.concurrent.CompletableFuture$AsyncSupply.exec(CompletableFuture.java:1760)
	at java.base/java.util.concurrent.ForkJoinTask.doExec(ForkJoinTask.java:373)
	at java.base/java.util.concurrent.ForkJoinPool$WorkQueue.topLevelExec(ForkJoinPool.java:1182)
	at java.base/java.util.concurrent.ForkJoinPool.scan(ForkJoinPool.java:1655)
	at java.base/java.util.concurrent.ForkJoinPool.runWorker(ForkJoinPool.java:1622)
	at java.base/java.util.concurrent.ForkJoinWorkerThread.run(ForkJoinWorkerThread.java:165)

!ENTRY org.eclipse.lsp4e 4 0 2025-12-22 22:00:04.351
!MESSAGE Exception occurred while creating an instance of the stream connection provider
!STACK 0
java.lang.RuntimeException: Exception occurred while creating an instance of the stream connection provider
	at org.eclipse.lsp4e.LanguageServersRegistry$ExtensionLanguageServerDefinition.createConnectionProvider(LanguageServersRegistry.java:164)
	at org.eclipse.lsp4e.LanguageServerWrapper.lambda$0(LanguageServerWrapper.java:233)
	at java.base/java.util.concurrent.CompletableFuture$AsyncSupply.run(CompletableFuture.java:1768)
	at java.base/java.util.concurrent.CompletableFuture$AsyncSupply.exec(CompletableFuture.java:1760)
	at java.base/java.util.concurrent.ForkJoinTask.doExec(ForkJoinTask.java:373)
	at java.base/java.util.concurrent.ForkJoinPool$WorkQueue.topLevelExec(ForkJoinPool.java:1182)
	at java.base/java.util.concurrent.ForkJoinPool.scan(ForkJoinPool.java:1655)
	at java.base/java.util.concurrent.ForkJoinPool.runWorker(ForkJoinPool.java:1622)
	at java.base/java.util.concurrent.ForkJoinWorkerThread.run(ForkJoinWorkerThread.java:165)
Caused by: org.eclipse.core.runtime.CoreException: プラグイン "org.eclipse.wildwebdeveloper" は、クラス "org.eclipse.wildwebdeveloper.angular.AngularLanguageServer" をインスタンス化できませんでした。
	at org.eclipse.core.internal.registry.osgi.RegistryStrategyOSGI.throwException(RegistryStrategyOSGI.java:212)
	at org.eclipse.core.internal.registry.osgi.RegistryStrategyOSGI.createExecutableExtension(RegistryStrategyOSGI.java:206)
	at org.eclipse.core.internal.registry.ExtensionRegistry.createExecutableExtension(ExtensionRegistry.java:920)
	at org.eclipse.core.internal.registry.ConfigurationElement.createExecutableExtension(ConfigurationElement.java:246)
	at org.eclipse.core.internal.registry.ConfigurationElementHandle.createExecutableExtension(ConfigurationElementHandle.java:63)
	at org.eclipse.lsp4e.LanguageServersRegistry$ExtensionLanguageServerDefinition.createConnectionProvider(LanguageServersRegistry.java:161)
	... 8 more
Caused by: java.lang.reflect.InvocationTargetException
	at jdk.internal.reflect.GeneratedConstructorAccessor122.newInstance(Unknown Source)
	at java.base/jdk.internal.reflect.DelegatingConstructorAccessorImpl.newInstance(DelegatingConstructorAccessorImpl.java:45)
	at java.base/java.lang.reflect.Constructor.newInstanceWithCaller(Constructor.java:499)
	at java.base/java.lang.reflect.Constructor.newInstance(Constructor.java:480)
	at org.eclipse.core.internal.registry.osgi.RegistryStrategyOSGI.createExecutableExtension(RegistryStrategyOSGI.java:204)
	... 12 more
Caused by: java.lang.NullPointerException: Cannot invoke "java.io.File.getAbsolutePath()" because the return value of "org.eclipse.wildwebdeveloper.embedder.node.NodeJSManager.getNodeJsLocation()" is null
	at org.eclipse.wildwebdeveloper.angular.AngularLanguageServer.<init>(AngularLanguageServer.java:43)
	... 17 more

!ENTRY org.eclipse.lsp4e 4 0 2025-12-22 22:00:04.352
!MESSAGE Cannot invoke "org.eclipse.lsp4e.server.StreamConnectionProvider.getInputStream()" because "this.lspStreamProvider" is null
!STACK 0
java.lang.NullPointerException: Cannot invoke "org.eclipse.lsp4e.server.StreamConnectionProvider.getInputStream()" because "this.lspStreamProvider" is null
	at org.eclipse.lsp4e.LanguageServerWrapper.lambda$1(LanguageServerWrapper.java:284)
	at java.base/java.util.concurrent.CompletableFuture$UniApply.tryFire(CompletableFuture.java:646)
	at java.base/java.util.concurrent.CompletableFuture.postComplete(CompletableFuture.java:510)
	at java.base/java.util.concurrent.CompletableFuture$AsyncSupply.run(CompletableFuture.java:1773)
	at java.base/java.util.concurrent.CompletableFuture$AsyncSupply.exec(CompletableFuture.java:1760)
	at java.base/java.util.concurrent.ForkJoinTask.doExec(ForkJoinTask.java:373)
	at java.base/java.util.concurrent.ForkJoinPool$WorkQueue.topLevelExec(ForkJoinPool.java:1182)
	at java.base/java.util.concurrent.ForkJoinPool.scan(ForkJoinPool.java:1655)
	at java.base/java.util.concurrent.ForkJoinPool.runWorker(ForkJoinPool.java:1622)
	at java.base/java.util.concurrent.ForkJoinWorkerThread.run(ForkJoinWorkerThread.java:165)

!ENTRY org.eclipse.lsp4e 4 0 2025-12-22 22:00:04.419
!MESSAGE プラグイン "org.eclipse.wildwebdeveloper" は、クラス "org.eclipse.wildwebdeveloper.angular.AngularLanguageServer" をインスタンス化できませんでした。
!STACK 1
org.eclipse.core.runtime.CoreException: プラグイン "org.eclipse.wildwebdeveloper" は、クラス "org.eclipse.wildwebdeveloper.angular.AngularLanguageServer" をインスタンス化できませんでした。
	at org.eclipse.core.internal.registry.osgi.RegistryStrategyOSGI.throwException(RegistryStrategyOSGI.java:212)
	at org.eclipse.core.internal.registry.osgi.RegistryStrategyOSGI.createExecutableExtension(RegistryStrategyOSGI.java:206)
	at org.eclipse.core.internal.registry.ExtensionRegistry.createExecutableExtension(ExtensionRegistry.java:920)
	at org.eclipse.core.internal.registry.ConfigurationElement.createExecutableExtension(ConfigurationElement.java:246)
	at org.eclipse.core.internal.registry.ConfigurationElementHandle.createExecutableExtension(ConfigurationElementHandle.java:63)
	at org.eclipse.lsp4e.LanguageServersRegistry$ExtensionLanguageServerDefinition.createConnectionProvider(LanguageServersRegistry.java:161)
	at org.eclipse.lsp4e.LanguageServerWrapper.lambda$0(LanguageServerWrapper.java:233)
	at java.base/java.util.concurrent.CompletableFuture$AsyncSupply.run(CompletableFuture.java:1768)
	at java.base/java.util.concurrent.CompletableFuture$AsyncSupply.exec(CompletableFuture.java:1760)
	at java.base/java.util.concurrent.ForkJoinTask.doExec(ForkJoinTask.java:373)
	at java.base/java.util.concurrent.ForkJoinPool$WorkQueue.topLevelExec(ForkJoinPool.java:1182)
	at java.base/java.util.concurrent.ForkJoinPool.scan(ForkJoinPool.java:1655)
	at java.base/java.util.concurrent.ForkJoinPool.runWorker(ForkJoinPool.java:1622)
	at java.base/java.util.concurrent.ForkJoinWorkerThread.run(ForkJoinWorkerThread.java:165)
Caused by: java.lang.reflect.InvocationTargetException
	at jdk.internal.reflect.GeneratedConstructorAccessor122.newInstance(Unknown Source)
	at java.base/jdk.internal.reflect.DelegatingConstructorAccessorImpl.newInstance(DelegatingConstructorAccessorImpl.java:45)
	at java.base/java.lang.reflect.Constructor.newInstanceWithCaller(Constructor.java:499)
	at java.base/java.lang.reflect.Constructor.newInstance(Constructor.java:480)
	at org.eclipse.core.internal.registry.osgi.RegistryStrategyOSGI.createExecutableExtension(RegistryStrategyOSGI.java:204)
	... 12 more
Caused by: java.lang.NullPointerException: Cannot invoke "java.io.File.getAbsolutePath()" because the return value of "org.eclipse.wildwebdeveloper.embedder.node.NodeJSManager.getNodeJsLocation()" is null
	at org.eclipse.wildwebdeveloper.angular.AngularLanguageServer.<init>(AngularLanguageServer.java:43)
	... 17 more
!SUBENTRY 1 org.eclipse.equinox.registry 4 1 2025-12-22 22:00:04.419
!MESSAGE プラグイン "org.eclipse.wildwebdeveloper" は、クラス "org.eclipse.wildwebdeveloper.angular.AngularLanguageServer" をインスタンス化できませんでした。
!STACK 0
java.lang.reflect.InvocationTargetException
	at jdk.internal.reflect.GeneratedConstructorAccessor122.newInstance(Unknown Source)
	at java.base/jdk.internal.reflect.DelegatingConstructorAccessorImpl.newInstance(DelegatingConstructorAccessorImpl.java:45)
	at java.base/java.lang.reflect.Constructor.newInstanceWithCaller(Constructor.java:499)
	at java.base/java.lang.reflect.Constructor.newInstance(Constructor.java:480)
	at org.eclipse.core.internal.registry.osgi.RegistryStrategyOSGI.createExecutableExtension(RegistryStrategyOSGI.java:204)
	at org.eclipse.core.internal.registry.ExtensionRegistry.createExecutableExtension(ExtensionRegistry.java:920)
	at org.eclipse.core.internal.registry.ConfigurationElement.createExecutableExtension(ConfigurationElement.java:246)
	at org.eclipse.core.internal.registry.ConfigurationElementHandle.createExecutableExtension(ConfigurationElementHandle.java:63)
	at org.eclipse.lsp4e.LanguageServersRegistry$ExtensionLanguageServerDefinition.createConnectionProvider(LanguageServersRegistry.java:161)
	at org.eclipse.lsp4e.LanguageServerWrapper.lambda$0(LanguageServerWrapper.java:233)
	at java.base/java.util.concurrent.CompletableFuture$AsyncSupply.run(CompletableFuture.java:1768)
	at java.base/java.util.concurrent.CompletableFuture$AsyncSupply.exec(CompletableFuture.java:1760)
	at java.base/java.util.concurrent.ForkJoinTask.doExec(ForkJoinTask.java:373)
	at java.base/java.util.concurrent.ForkJoinPool$WorkQueue.topLevelExec(ForkJoinPool.java:1182)
	at java.base/java.util.concurrent.ForkJoinPool.scan(ForkJoinPool.java:1655)
	at java.base/java.util.concurrent.ForkJoinPool.runWorker(ForkJoinPool.java:1622)
	at java.base/java.util.concurrent.ForkJoinWorkerThread.run(ForkJoinWorkerThread.java:165)
Caused by: java.lang.NullPointerException: Cannot invoke "java.io.File.getAbsolutePath()" because the return value of "org.eclipse.wildwebdeveloper.embedder.node.NodeJSManager.getNodeJsLocation()" is null
	at org.eclipse.wildwebdeveloper.angular.AngularLanguageServer.<init>(AngularLanguageServer.java:43)
	... 17 more
Root exception:
java.lang.NullPointerException: Cannot invoke "java.io.File.getAbsolutePath()" because the return value of "org.eclipse.wildwebdeveloper.embedder.node.NodeJSManager.getNodeJsLocation()" is null
	at org.eclipse.wildwebdeveloper.angular.AngularLanguageServer.<init>(AngularLanguageServer.java:43)
	at jdk.internal.reflect.GeneratedConstructorAccessor122.newInstance(Unknown Source)
	at java.base/jdk.internal.reflect.DelegatingConstructorAccessorImpl.newInstance(DelegatingConstructorAccessorImpl.java:45)
	at java.base/java.lang.reflect.Constructor.newInstanceWithCaller(Constructor.java:499)
	at java.base/java.lang.reflect.Constructor.newInstance(Constructor.java:480)
	at org.eclipse.core.internal.registry.osgi.RegistryStrategyOSGI.createExecutableExtension(RegistryStrategyOSGI.java:204)
	at org.eclipse.core.internal.registry.ExtensionRegistry.createExecutableExtension(ExtensionRegistry.java:920)
	at org.eclipse.core.internal.registry.ConfigurationElement.createExecutableExtension(ConfigurationElement.java:246)
	at org.eclipse.core.internal.registry.ConfigurationElementHandle.createExecutableExtension(ConfigurationElementHandle.java:63)
	at org.eclipse.lsp4e.LanguageServersRegistry$ExtensionLanguageServerDefinition.createConnectionProvider(LanguageServersRegistry.java:161)
	at org.eclipse.lsp4e.LanguageServerWrapper.lambda$0(LanguageServerWrapper.java:233)
	at java.base/java.util.concurrent.CompletableFuture$AsyncSupply.run(CompletableFuture.java:1768)
	at java.base/java.util.concurrent.CompletableFuture$AsyncSupply.exec(CompletableFuture.java:1760)
	at java.base/java.util.concurrent.ForkJoinTask.doExec(ForkJoinTask.java:373)
	at java.base/java.util.concurrent.ForkJoinPool$WorkQueue.topLevelExec(ForkJoinPool.java:1182)
	at java.base/java.util.concurrent.ForkJoinPool.scan(ForkJoinPool.java:1655)
	at java.base/java.util.concurrent.ForkJoinPool.runWorker(ForkJoinPool.java:1622)
	at java.base/java.util.concurrent.ForkJoinWorkerThread.run(ForkJoinWorkerThread.java:165)

!ENTRY org.eclipse.lsp4e 4 0 2025-12-22 22:00:04.419
!MESSAGE プラグイン "org.eclipse.wildwebdeveloper" は、クラス "org.eclipse.wildwebdeveloper.html.HTMLLanguageServer" をインスタンス化できませんでした。
!STACK 1
org.eclipse.core.runtime.CoreException: プラグイン "org.eclipse.wildwebdeveloper" は、クラス "org.eclipse.wildwebdeveloper.html.HTMLLanguageServer" をインスタンス化できませんでした。
	at org.eclipse.core.internal.registry.osgi.RegistryStrategyOSGI.throwException(RegistryStrategyOSGI.java:212)
	at org.eclipse.core.internal.registry.osgi.RegistryStrategyOSGI.createExecutableExtension(RegistryStrategyOSGI.java:206)
	at org.eclipse.core.internal.registry.ExtensionRegistry.createExecutableExtension(ExtensionRegistry.java:920)
	at org.eclipse.core.internal.registry.ConfigurationElement.createExecutableExtension(ConfigurationElement.java:246)
	at org.eclipse.core.internal.registry.ConfigurationElementHandle.createExecutableExtension(ConfigurationElementHandle.java:63)
	at org.eclipse.lsp4e.LanguageServersRegistry$ExtensionLanguageServerDefinition.createConnectionProvider(LanguageServersRegistry.java:161)
	at org.eclipse.lsp4e.LanguageServerWrapper.lambda$0(LanguageServerWrapper.java:233)
	at java.base/java.util.concurrent.CompletableFuture$AsyncSupply.run(CompletableFuture.java:1768)
	at java.base/java.util.concurrent.CompletableFuture$AsyncSupply.exec(CompletableFuture.java:1760)
	at java.base/java.util.concurrent.ForkJoinTask.doExec(ForkJoinTask.java:373)
	at java.base/java.util.concurrent.ForkJoinPool$WorkQueue.topLevelExec(ForkJoinPool.java:1182)
	at java.base/java.util.concurrent.ForkJoinPool.scan(ForkJoinPool.java:1655)
	at java.base/java.util.concurrent.ForkJoinPool.runWorker(ForkJoinPool.java:1622)
	at java.base/java.util.concurrent.ForkJoinWorkerThread.run(ForkJoinWorkerThread.java:165)
Caused by: java.lang.reflect.InvocationTargetException
	at jdk.internal.reflect.GeneratedConstructorAccessor123.newInstance(Unknown Source)
	at java.base/jdk.internal.reflect.DelegatingConstructorAccessorImpl.newInstance(DelegatingConstructorAccessorImpl.java:45)
	at java.base/java.lang.reflect.Constructor.newInstanceWithCaller(Constructor.java:499)
	at java.base/java.lang.reflect.Constructor.newInstance(Constructor.java:480)
	at org.eclipse.core.internal.registry.osgi.RegistryStrategyOSGI.createExecutableExtension(RegistryStrategyOSGI.java:204)
	... 12 more
Caused by: java.lang.NullPointerException: Cannot invoke "java.io.File.getAbsolutePath()" because the return value of "org.eclipse.wildwebdeveloper.embedder.node.NodeJSManager.getNodeJsLocation()" is null
	at org.eclipse.wildwebdeveloper.html.HTMLLanguageServer.<init>(HTMLLanguageServer.java:40)
	... 17 more
!SUBENTRY 1 org.eclipse.equinox.registry 4 1 2025-12-22 22:00:04.419
!MESSAGE プラグイン "org.eclipse.wildwebdeveloper" は、クラス "org.eclipse.wildwebdeveloper.html.HTMLLanguageServer" をインスタンス化できませんでした。
!STACK 0
java.lang.reflect.InvocationTargetException
	at jdk.internal.reflect.GeneratedConstructorAccessor123.newInstance(Unknown Source)
	at java.base/jdk.internal.reflect.DelegatingConstructorAccessorImpl.newInstance(DelegatingConstructorAccessorImpl.java:45)
	at java.base/java.lang.reflect.Constructor.newInstanceWithCaller(Constructor.java:499)
	at java.base/java.lang.reflect.Constructor.newInstance(Constructor.java:480)
	at org.eclipse.core.internal.registry.osgi.RegistryStrategyOSGI.createExecutableExtension(RegistryStrategyOSGI.java:204)
	at org.eclipse.core.internal.registry.ExtensionRegistry.createExecutableExtension(ExtensionRegistry.java:920)
	at org.eclipse.core.internal.registry.ConfigurationElement.createExecutableExtension(ConfigurationElement.java:246)
	at org.eclipse.core.internal.registry.ConfigurationElementHandle.createExecutableExtension(ConfigurationElementHandle.java:63)
	at org.eclipse.lsp4e.LanguageServersRegistry$ExtensionLanguageServerDefinition.createConnectionProvider(LanguageServersRegistry.java:161)
	at org.eclipse.lsp4e.LanguageServerWrapper.lambda$0(LanguageServerWrapper.java:233)
	at java.base/java.util.concurrent.CompletableFuture$AsyncSupply.run(CompletableFuture.java:1768)
	at java.base/java.util.concurrent.CompletableFuture$AsyncSupply.exec(CompletableFuture.java:1760)
	at java.base/java.util.concurrent.ForkJoinTask.doExec(ForkJoinTask.java:373)
	at java.base/java.util.concurrent.ForkJoinPool$WorkQueue.topLevelExec(ForkJoinPool.java:1182)
	at java.base/java.util.concurrent.ForkJoinPool.scan(ForkJoinPool.java:1655)
	at java.base/java.util.concurrent.ForkJoinPool.runWorker(ForkJoinPool.java:1622)
	at java.base/java.util.concurrent.ForkJoinWorkerThread.run(ForkJoinWorkerThread.java:165)
Caused by: java.lang.NullPointerException: Cannot invoke "java.io.File.getAbsolutePath()" because the return value of "org.eclipse.wildwebdeveloper.embedder.node.NodeJSManager.getNodeJsLocation()" is null
	at org.eclipse.wildwebdeveloper.html.HTMLLanguageServer.<init>(HTMLLanguageServer.java:40)
	... 17 more
Root exception:
java.lang.NullPointerException: Cannot invoke "java.io.File.getAbsolutePath()" because the return value of "org.eclipse.wildwebdeveloper.embedder.node.NodeJSManager.getNodeJsLocation()" is null
	at org.eclipse.wildwebdeveloper.html.HTMLLanguageServer.<init>(HTMLLanguageServer.java:40)
	at jdk.internal.reflect.GeneratedConstructorAccessor123.newInstance(Unknown Source)
	at java.base/jdk.internal.reflect.DelegatingConstructorAccessorImpl.newInstance(DelegatingConstructorAccessorImpl.java:45)
	at java.base/java.lang.reflect.Constructor.newInstanceWithCaller(Constructor.java:499)
	at java.base/java.lang.reflect.Constructor.newInstance(Constructor.java:480)
	at org.eclipse.core.internal.registry.osgi.RegistryStrategyOSGI.createExecutableExtension(RegistryStrategyOSGI.java:204)
	at org.eclipse.core.internal.registry.ExtensionRegistry.createExecutableExtension(ExtensionRegistry.java:920)
	at org.eclipse.core.internal.registry.ConfigurationElement.createExecutableExtension(ConfigurationElement.java:246)
	at org.eclipse.core.internal.registry.ConfigurationElementHandle.createExecutableExtension(ConfigurationElementHandle.java:63)
	at org.eclipse.lsp4e.LanguageServersRegistry$ExtensionLanguageServerDefinition.createConnectionProvider(LanguageServersRegistry.java:161)
	at org.eclipse.lsp4e.LanguageServerWrapper.lambda$0(LanguageServerWrapper.java:233)
	at java.base/java.util.concurrent.CompletableFuture$AsyncSupply.run(CompletableFuture.java:1768)
	at java.base/java.util.concurrent.CompletableFuture$AsyncSupply.exec(CompletableFuture.java:1760)
	at java.base/java.util.concurrent.ForkJoinTask.doExec(ForkJoinTask.java:373)
	at java.base/java.util.concurrent.ForkJoinPool$WorkQueue.topLevelExec(ForkJoinPool.java:1182)
	at java.base/java.util.concurrent.ForkJoinPool.scan(ForkJoinPool.java:1655)
	at java.base/java.util.concurrent.ForkJoinPool.runWorker(ForkJoinPool.java:1622)
	at java.base/java.util.concurrent.ForkJoinWorkerThread.run(ForkJoinWorkerThread.java:165)

!ENTRY org.eclipse.lsp4e 4 0 2025-12-22 22:00:04.419
!MESSAGE Exception occurred while creating an instance of the stream connection provider
!STACK 0
java.lang.RuntimeException: Exception occurred while creating an instance of the stream connection provider
	at org.eclipse.lsp4e.LanguageServersRegistry$ExtensionLanguageServerDefinition.createConnectionProvider(LanguageServersRegistry.java:164)
	at org.eclipse.lsp4e.LanguageServerWrapper.lambda$0(LanguageServerWrapper.java:233)
	at java.base/java.util.concurrent.CompletableFuture$AsyncSupply.run(CompletableFuture.java:1768)
	at java.base/java.util.concurrent.CompletableFuture$AsyncSupply.exec(CompletableFuture.java:1760)
	at java.base/java.util.concurrent.ForkJoinTask.doExec(ForkJoinTask.java:373)
	at java.base/java.util.concurrent.ForkJoinPool$WorkQueue.topLevelExec(ForkJoinPool.java:1182)
	at java.base/java.util.concurrent.ForkJoinPool.scan(ForkJoinPool.java:1655)
	at java.base/java.util.concurrent.ForkJoinPool.runWorker(ForkJoinPool.java:1622)
	at java.base/java.util.concurrent.ForkJoinWorkerThread.run(ForkJoinWorkerThread.java:165)
Caused by: org.eclipse.core.runtime.CoreException: プラグイン "org.eclipse.wildwebdeveloper" は、クラス "org.eclipse.wildwebdeveloper.angular.AngularLanguageServer" をインスタンス化できませんでした。
	at org.eclipse.core.internal.registry.osgi.RegistryStrategyOSGI.throwException(RegistryStrategyOSGI.java:212)
	at org.eclipse.core.internal.registry.osgi.RegistryStrategyOSGI.createExecutableExtension(RegistryStrategyOSGI.java:206)
	at org.eclipse.core.internal.registry.ExtensionRegistry.createExecutableExtension(ExtensionRegistry.java:920)
	at org.eclipse.core.internal.registry.ConfigurationElement.createExecutableExtension(ConfigurationElement.java:246)
	at org.eclipse.core.internal.registry.ConfigurationElementHandle.createExecutableExtension(ConfigurationElementHandle.java:63)
	at org.eclipse.lsp4e.LanguageServersRegistry$ExtensionLanguageServerDefinition.createConnectionProvider(LanguageServersRegistry.java:161)
	... 8 more
Caused by: java.lang.reflect.InvocationTargetException
	at jdk.internal.reflect.GeneratedConstructorAccessor122.newInstance(Unknown Source)
	at java.base/jdk.internal.reflect.DelegatingConstructorAccessorImpl.newInstance(DelegatingConstructorAccessorImpl.java:45)
	at java.base/java.lang.reflect.Constructor.newInstanceWithCaller(Constructor.java:499)
	at java.base/java.lang.reflect.Constructor.newInstance(Constructor.java:480)
	at org.eclipse.core.internal.registry.osgi.RegistryStrategyOSGI.createExecutableExtension(RegistryStrategyOSGI.java:204)
	... 12 more
Caused by: java.lang.NullPointerException: Cannot invoke "java.io.File.getAbsolutePath()" because the return value of "org.eclipse.wildwebdeveloper.embedder.node.NodeJSManager.getNodeJsLocation()" is null
	at org.eclipse.wildwebdeveloper.angular.AngularLanguageServer.<init>(AngularLanguageServer.java:43)
	... 17 more

!ENTRY org.eclipse.lsp4e 4 0 2025-12-22 22:00:04.420
!MESSAGE Exception occurred while creating an instance of the stream connection provider
!STACK 0
java.lang.RuntimeException: Exception occurred while creating an instance of the stream connection provider
	at org.eclipse.lsp4e.LanguageServersRegistry$ExtensionLanguageServerDefinition.createConnectionProvider(LanguageServersRegistry.java:164)
	at org.eclipse.lsp4e.LanguageServerWrapper.lambda$0(LanguageServerWrapper.java:233)
	at java.base/java.util.concurrent.CompletableFuture$AsyncSupply.run(CompletableFuture.java:1768)
	at java.base/java.util.concurrent.CompletableFuture$AsyncSupply.exec(CompletableFuture.java:1760)
	at java.base/java.util.concurrent.ForkJoinTask.doExec(ForkJoinTask.java:373)
	at java.base/java.util.concurrent.ForkJoinPool$WorkQueue.topLevelExec(ForkJoinPool.java:1182)
	at java.base/java.util.concurrent.ForkJoinPool.scan(ForkJoinPool.java:1655)
	at java.base/java.util.concurrent.ForkJoinPool.runWorker(ForkJoinPool.java:1622)
	at java.base/java.util.concurrent.ForkJoinWorkerThread.run(ForkJoinWorkerThread.java:165)
Caused by: org.eclipse.core.runtime.CoreException: プラグイン "org.eclipse.wildwebdeveloper" は、クラス "org.eclipse.wildwebdeveloper.html.HTMLLanguageServer" をインスタンス化できませんでした。
	at org.eclipse.core.internal.registry.osgi.RegistryStrategyOSGI.throwException(RegistryStrategyOSGI.java:212)
	at org.eclipse.core.internal.registry.osgi.RegistryStrategyOSGI.createExecutableExtension(RegistryStrategyOSGI.java:206)
	at org.eclipse.core.internal.registry.ExtensionRegistry.createExecutableExtension(ExtensionRegistry.java:920)
	at org.eclipse.core.internal.registry.ConfigurationElement.createExecutableExtension(ConfigurationElement.java:246)
	at org.eclipse.core.internal.registry.ConfigurationElementHandle.createExecutableExtension(ConfigurationElementHandle.java:63)
	at org.eclipse.lsp4e.LanguageServersRegistry$ExtensionLanguageServerDefinition.createConnectionProvider(LanguageServersRegistry.java:161)
	... 8 more
Caused by: java.lang.reflect.InvocationTargetException
	at jdk.internal.reflect.GeneratedConstructorAccessor123.newInstance(Unknown Source)
	at java.base/jdk.internal.reflect.DelegatingConstructorAccessorImpl.newInstance(DelegatingConstructorAccessorImpl.java:45)
	at java.base/java.lang.reflect.Constructor.newInstanceWithCaller(Constructor.java:499)
	at java.base/java.lang.reflect.Constructor.newInstance(Constructor.java:480)
	at org.eclipse.core.internal.registry.osgi.RegistryStrategyOSGI.createExecutableExtension(RegistryStrategyOSGI.java:204)
	... 12 more
Caused by: java.lang.NullPointerException: Cannot invoke "java.io.File.getAbsolutePath()" because the return value of "org.eclipse.wildwebdeveloper.embedder.node.NodeJSManager.getNodeJsLocation()" is null
	at org.eclipse.wildwebdeveloper.html.HTMLLanguageServer.<init>(HTMLLanguageServer.java:40)
	... 17 more

!ENTRY org.eclipse.lsp4e 4 0 2025-12-22 22:00:04.420
!MESSAGE Cannot invoke "org.eclipse.lsp4e.server.StreamConnectionProvider.getInputStream()" because "this.lspStreamProvider" is null
!STACK 0
java.lang.NullPointerException: Cannot invoke "org.eclipse.lsp4e.server.StreamConnectionProvider.getInputStream()" because "this.lspStreamProvider" is null
	at org.eclipse.lsp4e.LanguageServerWrapper.lambda$1(LanguageServerWrapper.java:284)
	at java.base/java.util.concurrent.CompletableFuture$UniApply.tryFire(CompletableFuture.java:646)
	at java.base/java.util.concurrent.CompletableFuture.postComplete(CompletableFuture.java:510)
	at java.base/java.util.concurrent.CompletableFuture$AsyncSupply.run(CompletableFuture.java:1773)
	at java.base/java.util.concurrent.CompletableFuture$AsyncSupply.exec(CompletableFuture.java:1760)
	at java.base/java.util.concurrent.ForkJoinTask.doExec(ForkJoinTask.java:373)
	at java.base/java.util.concurrent.ForkJoinPool$WorkQueue.topLevelExec(ForkJoinPool.java:1182)
	at java.base/java.util.concurrent.ForkJoinPool.scan(ForkJoinPool.java:1655)
	at java.base/java.util.concurrent.ForkJoinPool.runWorker(ForkJoinPool.java:1622)
	at java.base/java.util.concurrent.ForkJoinWorkerThread.run(ForkJoinWorkerThread.java:165)

!ENTRY org.eclipse.lsp4e 4 0 2025-12-22 22:00:04.420
!MESSAGE Cannot invoke "org.eclipse.lsp4e.server.StreamConnectionProvider.getInputStream()" because "this.lspStreamProvider" is null
!STACK 0
java.lang.NullPointerException: Cannot invoke "org.eclipse.lsp4e.server.StreamConnectionProvider.getInputStream()" because "this.lspStreamProvider" is null
	at org.eclipse.lsp4e.LanguageServerWrapper.lambda$1(LanguageServerWrapper.java:284)
	at java.base/java.util.concurrent.CompletableFuture$UniApply.tryFire(CompletableFuture.java:646)
	at java.base/java.util.concurrent.CompletableFuture.postComplete(CompletableFuture.java:510)
	at java.base/java.util.concurrent.CompletableFuture$AsyncSupply.run(CompletableFuture.java:1773)
	at java.base/java.util.concurrent.CompletableFuture$AsyncSupply.exec(CompletableFuture.java:1760)
	at java.base/java.util.concurrent.ForkJoinTask.doExec(ForkJoinTask.java:373)
	at java.base/java.util.concurrent.ForkJoinPool$WorkQueue.topLevelExec(ForkJoinPool.java:1182)
	at java.base/java.util.concurrent.ForkJoinPool.scan(ForkJoinPool.java:1655)
	at java.base/java.util.concurrent.ForkJoinPool.runWorker(ForkJoinPool.java:1622)
	at java.base/java.util.concurrent.ForkJoinWorkerThread.run(ForkJoinWorkerThread.java:165)

!ENTRY org.eclipse.lsp4e 4 0 2025-12-22 22:01:08.010
!MESSAGE プラグイン "org.eclipse.wildwebdeveloper" は、クラス "org.eclipse.wildwebdeveloper.html.HTMLLanguageServer" をインスタンス化できませんでした。
!STACK 1
org.eclipse.core.runtime.CoreException: プラグイン "org.eclipse.wildwebdeveloper" は、クラス "org.eclipse.wildwebdeveloper.html.HTMLLanguageServer" をインスタンス化できませんでした。
	at org.eclipse.core.internal.registry.osgi.RegistryStrategyOSGI.throwException(RegistryStrategyOSGI.java:212)
	at org.eclipse.core.internal.registry.osgi.RegistryStrategyOSGI.createExecutableExtension(RegistryStrategyOSGI.java:206)
	at org.eclipse.core.internal.registry.ExtensionRegistry.createExecutableExtension(ExtensionRegistry.java:920)
	at org.eclipse.core.internal.registry.ConfigurationElement.createExecutableExtension(ConfigurationElement.java:246)
	at org.eclipse.core.internal.registry.ConfigurationElementHandle.createExecutableExtension(ConfigurationElementHandle.java:63)
	at org.eclipse.lsp4e.LanguageServersRegistry$ExtensionLanguageServerDefinition.createConnectionProvider(LanguageServersRegistry.java:161)
	at org.eclipse.lsp4e.LanguageServerWrapper.lambda$0(LanguageServerWrapper.java:233)
	at java.base/java.util.concurrent.CompletableFuture$AsyncSupply.run(CompletableFuture.java:1768)
	at java.base/java.util.concurrent.CompletableFuture$AsyncSupply.exec(CompletableFuture.java:1760)
	at java.base/java.util.concurrent.ForkJoinTask.doExec(ForkJoinTask.java:373)
	at java.base/java.util.concurrent.ForkJoinPool$WorkQueue.topLevelExec(ForkJoinPool.java:1182)
	at java.base/java.util.concurrent.ForkJoinPool.scan(ForkJoinPool.java:1655)
	at java.base/java.util.concurrent.ForkJoinPool.runWorker(ForkJoinPool.java:1622)
	at java.base/java.util.concurrent.ForkJoinWorkerThread.run(ForkJoinWorkerThread.java:165)
Caused by: java.lang.reflect.InvocationTargetException
	at jdk.internal.reflect.GeneratedConstructorAccessor123.newInstance(Unknown Source)
	at java.base/jdk.internal.reflect.DelegatingConstructorAccessorImpl.newInstance(DelegatingConstructorAccessorImpl.java:45)
	at java.base/java.lang.reflect.Constructor.newInstanceWithCaller(Constructor.java:499)
	at java.base/java.lang.reflect.Constructor.newInstance(Constructor.java:480)
	at org.eclipse.core.internal.registry.osgi.RegistryStrategyOSGI.createExecutableExtension(RegistryStrategyOSGI.java:204)
	... 12 more
Caused by: java.lang.NullPointerException: Cannot invoke "java.io.File.getAbsolutePath()" because the return value of "org.eclipse.wildwebdeveloper.embedder.node.NodeJSManager.getNodeJsLocation()" is null
	at org.eclipse.wildwebdeveloper.html.HTMLLanguageServer.<init>(HTMLLanguageServer.java:40)
	... 17 more
!SUBENTRY 1 org.eclipse.equinox.registry 4 1 2025-12-22 22:01:08.010
!MESSAGE プラグイン "org.eclipse.wildwebdeveloper" は、クラス "org.eclipse.wildwebdeveloper.html.HTMLLanguageServer" をインスタンス化できませんでした。
!STACK 0
java.lang.reflect.InvocationTargetException
	at jdk.internal.reflect.GeneratedConstructorAccessor123.newInstance(Unknown Source)
	at java.base/jdk.internal.reflect.DelegatingConstructorAccessorImpl.newInstance(DelegatingConstructorAccessorImpl.java:45)
	at java.base/java.lang.reflect.Constructor.newInstanceWithCaller(Constructor.java:499)
	at java.base/java.lang.reflect.Constructor.newInstance(Constructor.java:480)
	at org.eclipse.core.internal.registry.osgi.RegistryStrategyOSGI.createExecutableExtension(RegistryStrategyOSGI.java:204)
	at org.eclipse.core.internal.registry.ExtensionRegistry.createExecutableExtension(ExtensionRegistry.java:920)
	at org.eclipse.core.internal.registry.ConfigurationElement.createExecutableExtension(ConfigurationElement.java:246)
	at org.eclipse.core.internal.registry.ConfigurationElementHandle.createExecutableExtension(ConfigurationElementHandle.java:63)
	at org.eclipse.lsp4e.LanguageServersRegistry$ExtensionLanguageServerDefinition.createConnectionProvider(LanguageServersRegistry.java:161)
	at org.eclipse.lsp4e.LanguageServerWrapper.lambda$0(LanguageServerWrapper.java:233)
	at java.base/java.util.concurrent.CompletableFuture$AsyncSupply.run(CompletableFuture.java:1768)
	at java.base/java.util.concurrent.CompletableFuture$AsyncSupply.exec(CompletableFuture.java:1760)
	at java.base/java.util.concurrent.ForkJoinTask.doExec(ForkJoinTask.java:373)
	at java.base/java.util.concurrent.ForkJoinPool$WorkQueue.topLevelExec(ForkJoinPool.java:1182)
	at java.base/java.util.concurrent.ForkJoinPool.scan(ForkJoinPool.java:1655)
	at java.base/java.util.concurrent.ForkJoinPool.runWorker(ForkJoinPool.java:1622)
	at java.base/java.util.concurrent.ForkJoinWorkerThread.run(ForkJoinWorkerThread.java:165)
Caused by: java.lang.NullPointerException: Cannot invoke "java.io.File.getAbsolutePath()" because the return value of "org.eclipse.wildwebdeveloper.embedder.node.NodeJSManager.getNodeJsLocation()" is null
	at org.eclipse.wildwebdeveloper.html.HTMLLanguageServer.<init>(HTMLLanguageServer.java:40)
	... 17 more
Root exception:
java.lang.NullPointerException: Cannot invoke "java.io.File.getAbsolutePath()" because the return value of "org.eclipse.wildwebdeveloper.embedder.node.NodeJSManager.getNodeJsLocation()" is null
	at org.eclipse.wildwebdeveloper.html.HTMLLanguageServer.<init>(HTMLLanguageServer.java:40)
	at jdk.internal.reflect.GeneratedConstructorAccessor123.newInstance(Unknown Source)
	at java.base/jdk.internal.reflect.DelegatingConstructorAccessorImpl.newInstance(DelegatingConstructorAccessorImpl.java:45)
	at java.base/java.lang.reflect.Constructor.newInstanceWithCaller(Constructor.java:499)
	at java.base/java.lang.reflect.Constructor.newInstance(Constructor.java:480)
	at org.eclipse.core.internal.registry.osgi.RegistryStrategyOSGI.createExecutableExtension(RegistryStrategyOSGI.java:204)
	at org.eclipse.core.internal.registry.ExtensionRegistry.createExecutableExtension(ExtensionRegistry.java:920)
	at org.eclipse.core.internal.registry.ConfigurationElement.createExecutableExtension(ConfigurationElement.java:246)
	at org.eclipse.core.internal.registry.ConfigurationElementHandle.createExecutableExtension(ConfigurationElementHandle.java:63)
	at org.eclipse.lsp4e.LanguageServersRegistry$ExtensionLanguageServerDefinition.createConnectionProvider(LanguageServersRegistry.java:161)
	at org.eclipse.lsp4e.LanguageServerWrapper.lambda$0(LanguageServerWrapper.java:233)
	at java.base/java.util.concurrent.CompletableFuture$AsyncSupply.run(CompletableFuture.java:1768)
	at java.base/java.util.concurrent.CompletableFuture$AsyncSupply.exec(CompletableFuture.java:1760)
	at java.base/java.util.concurrent.ForkJoinTask.doExec(ForkJoinTask.java:373)
	at java.base/java.util.concurrent.ForkJoinPool$WorkQueue.topLevelExec(ForkJoinPool.java:1182)
	at java.base/java.util.concurrent.ForkJoinPool.scan(ForkJoinPool.java:1655)
	at java.base/java.util.concurrent.ForkJoinPool.runWorker(ForkJoinPool.java:1622)
	at java.base/java.util.concurrent.ForkJoinWorkerThread.run(ForkJoinWorkerThread.java:165)

!ENTRY org.eclipse.lsp4e 4 0 2025-12-22 22:01:08.010
!MESSAGE プラグイン "org.eclipse.wildwebdeveloper" は、クラス "org.eclipse.wildwebdeveloper.angular.AngularLanguageServer" をインスタンス化できませんでした。
!STACK 1
org.eclipse.core.runtime.CoreException: プラグイン "org.eclipse.wildwebdeveloper" は、クラス "org.eclipse.wildwebdeveloper.angular.AngularLanguageServer" をインスタンス化できませんでした。
	at org.eclipse.core.internal.registry.osgi.RegistryStrategyOSGI.throwException(RegistryStrategyOSGI.java:212)
	at org.eclipse.core.internal.registry.osgi.RegistryStrategyOSGI.createExecutableExtension(RegistryStrategyOSGI.java:206)
	at org.eclipse.core.internal.registry.ExtensionRegistry.createExecutableExtension(ExtensionRegistry.java:920)
	at org.eclipse.core.internal.registry.ConfigurationElement.createExecutableExtension(ConfigurationElement.java:246)
	at org.eclipse.core.internal.registry.ConfigurationElementHandle.createExecutableExtension(ConfigurationElementHandle.java:63)
	at org.eclipse.lsp4e.LanguageServersRegistry$ExtensionLanguageServerDefinition.createConnectionProvider(LanguageServersRegistry.java:161)
	at org.eclipse.lsp4e.LanguageServerWrapper.lambda$0(LanguageServerWrapper.java:233)
	at java.base/java.util.concurrent.CompletableFuture$AsyncSupply.run(CompletableFuture.java:1768)
	at java.base/java.util.concurrent.CompletableFuture$AsyncSupply.exec(CompletableFuture.java:1760)
	at java.base/java.util.concurrent.ForkJoinTask.doExec(ForkJoinTask.java:373)
	at java.base/java.util.concurrent.ForkJoinPool$WorkQueue.topLevelExec(ForkJoinPool.java:1182)
	at java.base/java.util.concurrent.ForkJoinPool.scan(ForkJoinPool.java:1655)
	at java.base/java.util.concurrent.ForkJoinPool.runWorker(ForkJoinPool.java:1622)
	at java.base/java.util.concurrent.ForkJoinWorkerThread.run(ForkJoinWorkerThread.java:165)
Caused by: java.lang.reflect.InvocationTargetException
	at jdk.internal.reflect.GeneratedConstructorAccessor122.newInstance(Unknown Source)
	at java.base/jdk.internal.reflect.DelegatingConstructorAccessorImpl.newInstance(DelegatingConstructorAccessorImpl.java:45)
	at java.base/java.lang.reflect.Constructor.newInstanceWithCaller(Constructor.java:499)
	at java.base/java.lang.reflect.Constructor.newInstance(Constructor.java:480)
	at org.eclipse.core.internal.registry.osgi.RegistryStrategyOSGI.createExecutableExtension(RegistryStrategyOSGI.java:204)
	... 12 more
Caused by: java.lang.NullPointerException: Cannot invoke "java.io.File.getAbsolutePath()" because the return value of "org.eclipse.wildwebdeveloper.embedder.node.NodeJSManager.getNodeJsLocation()" is null
	at org.eclipse.wildwebdeveloper.angular.AngularLanguageServer.<init>(AngularLanguageServer.java:43)
	... 17 more
!SUBENTRY 1 org.eclipse.equinox.registry 4 1 2025-12-22 22:01:08.010
!MESSAGE プラグイン "org.eclipse.wildwebdeveloper" は、クラス "org.eclipse.wildwebdeveloper.angular.AngularLanguageServer" をインスタンス化できませんでした。
!STACK 0
java.lang.reflect.InvocationTargetException
	at jdk.internal.reflect.GeneratedConstructorAccessor122.newInstance(Unknown Source)
	at java.base/jdk.internal.reflect.DelegatingConstructorAccessorImpl.newInstance(DelegatingConstructorAccessorImpl.java:45)
	at java.base/java.lang.reflect.Constructor.newInstanceWithCaller(Constructor.java:499)
	at java.base/java.lang.reflect.Constructor.newInstance(Constructor.java:480)
	at org.eclipse.core.internal.registry.osgi.RegistryStrategyOSGI.createExecutableExtension(RegistryStrategyOSGI.java:204)
	at org.eclipse.core.internal.registry.ExtensionRegistry.createExecutableExtension(ExtensionRegistry.java:920)
	at org.eclipse.core.internal.registry.ConfigurationElement.createExecutableExtension(ConfigurationElement.java:246)
	at org.eclipse.core.internal.registry.ConfigurationElementHandle.createExecutableExtension(ConfigurationElementHandle.java:63)
	at org.eclipse.lsp4e.LanguageServersRegistry$ExtensionLanguageServerDefinition.createConnectionProvider(LanguageServersRegistry.java:161)
	at org.eclipse.lsp4e.LanguageServerWrapper.lambda$0(LanguageServerWrapper.java:233)
	at java.base/java.util.concurrent.CompletableFuture$AsyncSupply.run(CompletableFuture.java:1768)
	at java.base/java.util.concurrent.CompletableFuture$AsyncSupply.exec(CompletableFuture.java:1760)
	at java.base/java.util.concurrent.ForkJoinTask.doExec(ForkJoinTask.java:373)
	at java.base/java.util.concurrent.ForkJoinPool$WorkQueue.topLevelExec(ForkJoinPool.java:1182)
	at java.base/java.util.concurrent.ForkJoinPool.scan(ForkJoinPool.java:1655)
	at java.base/java.util.concurrent.ForkJoinPool.runWorker(ForkJoinPool.java:1622)
	at java.base/java.util.concurrent.ForkJoinWorkerThread.run(ForkJoinWorkerThread.java:165)
Caused by: java.lang.NullPointerException: Cannot invoke "java.io.File.getAbsolutePath()" because the return value of "org.eclipse.wildwebdeveloper.embedder.node.NodeJSManager.getNodeJsLocation()" is null
	at org.eclipse.wildwebdeveloper.angular.AngularLanguageServer.<init>(AngularLanguageServer.java:43)
	... 17 more
Root exception:
java.lang.NullPointerException: Cannot invoke "java.io.File.getAbsolutePath()" because the return value of "org.eclipse.wildwebdeveloper.embedder.node.NodeJSManager.getNodeJsLocation()" is null
	at org.eclipse.wildwebdeveloper.angular.AngularLanguageServer.<init>(AngularLanguageServer.java:43)
	at jdk.internal.reflect.GeneratedConstructorAccessor122.newInstance(Unknown Source)
	at java.base/jdk.internal.reflect.DelegatingConstructorAccessorImpl.newInstance(DelegatingConstructorAccessorImpl.java:45)
	at java.base/java.lang.reflect.Constructor.newInstanceWithCaller(Constructor.java:499)
	at java.base/java.lang.reflect.Constructor.newInstance(Constructor.java:480)
	at org.eclipse.core.internal.registry.osgi.RegistryStrategyOSGI.createExecutableExtension(RegistryStrategyOSGI.java:204)
	at org.eclipse.core.internal.registry.ExtensionRegistry.createExecutableExtension(ExtensionRegistry.java:920)
	at org.eclipse.core.internal.registry.ConfigurationElement.createExecutableExtension(ConfigurationElement.java:246)
	at org.eclipse.core.internal.registry.ConfigurationElementHandle.createExecutableExtension(ConfigurationElementHandle.java:63)
	at org.eclipse.lsp4e.LanguageServersRegistry$ExtensionLanguageServerDefinition.createConnectionProvider(LanguageServersRegistry.java:161)
	at org.eclipse.lsp4e.LanguageServerWrapper.lambda$0(LanguageServerWrapper.java:233)
	at java.base/java.util.concurrent.CompletableFuture$AsyncSupply.run(CompletableFuture.java:1768)
	at java.base/java.util.concurrent.CompletableFuture$AsyncSupply.exec(CompletableFuture.java:1760)
	at java.base/java.util.concurrent.ForkJoinTask.doExec(ForkJoinTask.java:373)
	at java.base/java.util.concurrent.ForkJoinPool$WorkQueue.topLevelExec(ForkJoinPool.java:1182)
	at java.base/java.util.concurrent.ForkJoinPool.scan(ForkJoinPool.java:1655)
	at java.base/java.util.concurrent.ForkJoinPool.runWorker(ForkJoinPool.java:1622)
	at java.base/java.util.concurrent.ForkJoinWorkerThread.run(ForkJoinWorkerThread.java:165)

!ENTRY org.eclipse.lsp4e 4 0 2025-12-22 22:01:08.012
!MESSAGE Exception occurred while creating an instance of the stream connection provider
!STACK 0
java.lang.RuntimeException: Exception occurred while creating an instance of the stream connection provider
	at org.eclipse.lsp4e.LanguageServersRegistry$ExtensionLanguageServerDefinition.createConnectionProvider(LanguageServersRegistry.java:164)
	at org.eclipse.lsp4e.LanguageServerWrapper.lambda$0(LanguageServerWrapper.java:233)
	at java.base/java.util.concurrent.CompletableFuture$AsyncSupply.run(CompletableFuture.java:1768)
	at java.base/java.util.concurrent.CompletableFuture$AsyncSupply.exec(CompletableFuture.java:1760)
	at java.base/java.util.concurrent.ForkJoinTask.doExec(ForkJoinTask.java:373)
	at java.base/java.util.concurrent.ForkJoinPool$WorkQueue.topLevelExec(ForkJoinPool.java:1182)
	at java.base/java.util.concurrent.ForkJoinPool.scan(ForkJoinPool.java:1655)
	at java.base/java.util.concurrent.ForkJoinPool.runWorker(ForkJoinPool.java:1622)
	at java.base/java.util.concurrent.ForkJoinWorkerThread.run(ForkJoinWorkerThread.java:165)
Caused by: org.eclipse.core.runtime.CoreException: プラグイン "org.eclipse.wildwebdeveloper" は、クラス "org.eclipse.wildwebdeveloper.html.HTMLLanguageServer" をインスタンス化できませんでした。
	at org.eclipse.core.internal.registry.osgi.RegistryStrategyOSGI.throwException(RegistryStrategyOSGI.java:212)
	at org.eclipse.core.internal.registry.osgi.RegistryStrategyOSGI.createExecutableExtension(RegistryStrategyOSGI.java:206)
	at org.eclipse.core.internal.registry.ExtensionRegistry.createExecutableExtension(ExtensionRegistry.java:920)
	at org.eclipse.core.internal.registry.ConfigurationElement.createExecutableExtension(ConfigurationElement.java:246)
	at org.eclipse.core.internal.registry.ConfigurationElementHandle.createExecutableExtension(ConfigurationElementHandle.java:63)
	at org.eclipse.lsp4e.LanguageServersRegistry$ExtensionLanguageServerDefinition.createConnectionProvider(LanguageServersRegistry.java:161)
	... 8 more
Caused by: java.lang.reflect.InvocationTargetException
	at jdk.internal.reflect.GeneratedConstructorAccessor123.newInstance(Unknown Source)
	at java.base/jdk.internal.reflect.DelegatingConstructorAccessorImpl.newInstance(DelegatingConstructorAccessorImpl.java:45)
	at java.base/java.lang.reflect.Constructor.newInstanceWithCaller(Constructor.java:499)
	at java.base/java.lang.reflect.Constructor.newInstance(Constructor.java:480)
	at org.eclipse.core.internal.registry.osgi.RegistryStrategyOSGI.createExecutableExtension(RegistryStrategyOSGI.java:204)
	... 12 more
Caused by: java.lang.NullPointerException: Cannot invoke "java.io.File.getAbsolutePath()" because the return value of "org.eclipse.wildwebdeveloper.embedder.node.NodeJSManager.getNodeJsLocation()" is null
	at org.eclipse.wildwebdeveloper.html.HTMLLanguageServer.<init>(HTMLLanguageServer.java:40)
	... 17 more

!ENTRY org.eclipse.lsp4e 4 0 2025-12-22 22:01:08.012
!MESSAGE Exception occurred while creating an instance of the stream connection provider
!STACK 0
java.lang.RuntimeException: Exception occurred while creating an instance of the stream connection provider
	at org.eclipse.lsp4e.LanguageServersRegistry$ExtensionLanguageServerDefinition.createConnectionProvider(LanguageServersRegistry.java:164)
	at org.eclipse.lsp4e.LanguageServerWrapper.lambda$0(LanguageServerWrapper.java:233)
	at java.base/java.util.concurrent.CompletableFuture$AsyncSupply.run(CompletableFuture.java:1768)
	at java.base/java.util.concurrent.CompletableFuture$AsyncSupply.exec(CompletableFuture.java:1760)
	at java.base/java.util.concurrent.ForkJoinTask.doExec(ForkJoinTask.java:373)
	at java.base/java.util.concurrent.ForkJoinPool$WorkQueue.topLevelExec(ForkJoinPool.java:1182)
	at java.base/java.util.concurrent.ForkJoinPool.scan(ForkJoinPool.java:1655)
	at java.base/java.util.concurrent.ForkJoinPool.runWorker(ForkJoinPool.java:1622)
	at java.base/java.util.concurrent.ForkJoinWorkerThread.run(ForkJoinWorkerThread.java:165)
Caused by: org.eclipse.core.runtime.CoreException: プラグイン "org.eclipse.wildwebdeveloper" は、クラス "org.eclipse.wildwebdeveloper.angular.AngularLanguageServer" をインスタンス化できませんでした。
	at org.eclipse.core.internal.registry.osgi.RegistryStrategyOSGI.throwException(RegistryStrategyOSGI.java:212)
	at org.eclipse.core.internal.registry.osgi.RegistryStrategyOSGI.createExecutableExtension(RegistryStrategyOSGI.java:206)
	at org.eclipse.core.internal.registry.ExtensionRegistry.createExecutableExtension(ExtensionRegistry.java:920)
	at org.eclipse.core.internal.registry.ConfigurationElement.createExecutableExtension(ConfigurationElement.java:246)
	at org.eclipse.core.internal.registry.ConfigurationElementHandle.createExecutableExtension(ConfigurationElementHandle.java:63)
	at org.eclipse.lsp4e.LanguageServersRegistry$ExtensionLanguageServerDefinition.createConnectionProvider(LanguageServersRegistry.java:161)
	... 8 more
Caused by: java.lang.reflect.InvocationTargetException
	at jdk.internal.reflect.GeneratedConstructorAccessor122.newInstance(Unknown Source)
	at java.base/jdk.internal.reflect.DelegatingConstructorAccessorImpl.newInstance(DelegatingConstructorAccessorImpl.java:45)
	at java.base/java.lang.reflect.Constructor.newInstanceWithCaller(Constructor.java:499)
	at java.base/java.lang.reflect.Constructor.newInstance(Constructor.java:480)
	at org.eclipse.core.internal.registry.osgi.RegistryStrategyOSGI.createExecutableExtension(RegistryStrategyOSGI.java:204)
	... 12 more
Caused by: java.lang.NullPointerException: Cannot invoke "java.io.File.getAbsolutePath()" because the return value of "org.eclipse.wildwebdeveloper.embedder.node.NodeJSManager.getNodeJsLocation()" is null
	at org.eclipse.wildwebdeveloper.angular.AngularLanguageServer.<init>(AngularLanguageServer.java:43)
	... 17 more

!ENTRY org.eclipse.lsp4e 4 0 2025-12-22 22:01:08.012
!MESSAGE Cannot invoke "org.eclipse.lsp4e.server.StreamConnectionProvider.getInputStream()" because "this.lspStreamProvider" is null
!STACK 0
java.lang.NullPointerException: Cannot invoke "org.eclipse.lsp4e.server.StreamConnectionProvider.getInputStream()" because "this.lspStreamProvider" is null
	at org.eclipse.lsp4e.LanguageServerWrapper.lambda$1(LanguageServerWrapper.java:284)
	at java.base/java.util.concurrent.CompletableFuture$UniApply.tryFire(CompletableFuture.java:646)
	at java.base/java.util.concurrent.CompletableFuture.postComplete(CompletableFuture.java:510)
	at java.base/java.util.concurrent.CompletableFuture$AsyncSupply.run(CompletableFuture.java:1773)
	at java.base/java.util.concurrent.CompletableFuture$AsyncSupply.exec(CompletableFuture.java:1760)
	at java.base/java.util.concurrent.ForkJoinTask.doExec(ForkJoinTask.java:373)
	at java.base/java.util.concurrent.ForkJoinPool$WorkQueue.topLevelExec(ForkJoinPool.java:1182)
	at java.base/java.util.concurrent.ForkJoinPool.scan(ForkJoinPool.java:1655)
	at java.base/java.util.concurrent.ForkJoinPool.runWorker(ForkJoinPool.java:1622)
	at java.base/java.util.concurrent.ForkJoinWorkerThread.run(ForkJoinWorkerThread.java:165)

!ENTRY org.eclipse.lsp4e 4 0 2025-12-22 22:01:08.013
!MESSAGE Cannot invoke "org.eclipse.lsp4e.server.StreamConnectionProvider.getInputStream()" because "this.lspStreamProvider" is null
!STACK 0
java.lang.NullPointerException: Cannot invoke "org.eclipse.lsp4e.server.StreamConnectionProvider.getInputStream()" because "this.lspStreamProvider" is null
	at org.eclipse.lsp4e.LanguageServerWrapper.lambda$1(LanguageServerWrapper.java:284)
	at java.base/java.util.concurrent.CompletableFuture$UniApply.tryFire(CompletableFuture.java:646)
	at java.base/java.util.concurrent.CompletableFuture.postComplete(CompletableFuture.java:510)
	at java.base/java.util.concurrent.CompletableFuture$AsyncSupply.run(CompletableFuture.java:1773)
	at java.base/java.util.concurrent.CompletableFuture$AsyncSupply.exec(CompletableFuture.java:1760)
	at java.base/java.util.concurrent.ForkJoinTask.doExec(ForkJoinTask.java:373)
	at java.base/java.util.concurrent.ForkJoinPool$WorkQueue.topLevelExec(ForkJoinPool.java:1182)
	at java.base/java.util.concurrent.ForkJoinPool.scan(ForkJoinPool.java:1655)
	at java.base/java.util.concurrent.ForkJoinPool.runWorker(ForkJoinPool.java:1622)
	at java.base/java.util.concurrent.ForkJoinWorkerThread.run(ForkJoinWorkerThread.java:165)

!ENTRY org.eclipse.lsp4e 4 0 2025-12-22 22:01:08.071
!MESSAGE プラグイン "org.eclipse.wildwebdeveloper" は、クラス "org.eclipse.wildwebdeveloper.angular.AngularLanguageServer" をインスタンス化できませんでした。
!STACK 1
org.eclipse.core.runtime.CoreException: プラグイン "org.eclipse.wildwebdeveloper" は、クラス "org.eclipse.wildwebdeveloper.angular.AngularLanguageServer" をインスタンス化できませんでした。
	at org.eclipse.core.internal.registry.osgi.RegistryStrategyOSGI.throwException(RegistryStrategyOSGI.java:212)
	at org.eclipse.core.internal.registry.osgi.RegistryStrategyOSGI.createExecutableExtension(RegistryStrategyOSGI.java:206)
	at org.eclipse.core.internal.registry.ExtensionRegistry.createExecutableExtension(ExtensionRegistry.java:920)
	at org.eclipse.core.internal.registry.ConfigurationElement.createExecutableExtension(ConfigurationElement.java:246)
	at org.eclipse.core.internal.registry.ConfigurationElementHandle.createExecutableExtension(ConfigurationElementHandle.java:63)
	at org.eclipse.lsp4e.LanguageServersRegistry$ExtensionLanguageServerDefinition.createConnectionProvider(LanguageServersRegistry.java:161)
	at org.eclipse.lsp4e.LanguageServerWrapper.lambda$0(LanguageServerWrapper.java:233)
	at java.base/java.util.concurrent.CompletableFuture$AsyncSupply.run(CompletableFuture.java:1768)
	at java.base/java.util.concurrent.CompletableFuture$AsyncSupply.exec(CompletableFuture.java:1760)
	at java.base/java.util.concurrent.ForkJoinTask.doExec(ForkJoinTask.java:373)
	at java.base/java.util.concurrent.ForkJoinPool$WorkQueue.topLevelExec(ForkJoinPool.java:1182)
	at java.base/java.util.concurrent.ForkJoinPool.scan(ForkJoinPool.java:1655)
	at java.base/java.util.concurrent.ForkJoinPool.runWorker(ForkJoinPool.java:1622)
	at java.base/java.util.concurrent.ForkJoinWorkerThread.run(ForkJoinWorkerThread.java:165)
Caused by: java.lang.reflect.InvocationTargetException
	at jdk.internal.reflect.GeneratedConstructorAccessor122.newInstance(Unknown Source)
	at java.base/jdk.internal.reflect.DelegatingConstructorAccessorImpl.newInstance(DelegatingConstructorAccessorImpl.java:45)
	at java.base/java.lang.reflect.Constructor.newInstanceWithCaller(Constructor.java:499)
	at java.base/java.lang.reflect.Constructor.newInstance(Constructor.java:480)
	at org.eclipse.core.internal.registry.osgi.RegistryStrategyOSGI.createExecutableExtension(RegistryStrategyOSGI.java:204)
	... 12 more
Caused by: java.lang.NullPointerException: Cannot invoke "java.io.File.getAbsolutePath()" because the return value of "org.eclipse.wildwebdeveloper.embedder.node.NodeJSManager.getNodeJsLocation()" is null
	at org.eclipse.wildwebdeveloper.angular.AngularLanguageServer.<init>(AngularLanguageServer.java:43)
	... 17 more
!SUBENTRY 1 org.eclipse.equinox.registry 4 1 2025-12-22 22:01:08.071
!MESSAGE プラグイン "org.eclipse.wildwebdeveloper" は、クラス "org.eclipse.wildwebdeveloper.angular.AngularLanguageServer" をインスタンス化できませんでした。
!STACK 0
java.lang.reflect.InvocationTargetException
	at jdk.internal.reflect.GeneratedConstructorAccessor122.newInstance(Unknown Source)
	at java.base/jdk.internal.reflect.DelegatingConstructorAccessorImpl.newInstance(DelegatingConstructorAccessorImpl.java:45)
	at java.base/java.lang.reflect.Constructor.newInstanceWithCaller(Constructor.java:499)
	at java.base/java.lang.reflect.Constructor.newInstance(Constructor.java:480)
	at org.eclipse.core.internal.registry.osgi.RegistryStrategyOSGI.createExecutableExtension(RegistryStrategyOSGI.java:204)
	at org.eclipse.core.internal.registry.ExtensionRegistry.createExecutableExtension(ExtensionRegistry.java:920)
	at org.eclipse.core.internal.registry.ConfigurationElement.createExecutableExtension(ConfigurationElement.java:246)
	at org.eclipse.core.internal.registry.ConfigurationElementHandle.createExecutableExtension(ConfigurationElementHandle.java:63)
	at org.eclipse.lsp4e.LanguageServersRegistry$ExtensionLanguageServerDefinition.createConnectionProvider(LanguageServersRegistry.java:161)
	at org.eclipse.lsp4e.LanguageServerWrapper.lambda$0(LanguageServerWrapper.java:233)
	at java.base/java.util.concurrent.CompletableFuture$AsyncSupply.run(CompletableFuture.java:1768)
	at java.base/java.util.concurrent.CompletableFuture$AsyncSupply.exec(CompletableFuture.java:1760)
	at java.base/java.util.concurrent.ForkJoinTask.doExec(ForkJoinTask.java:373)
	at java.base/java.util.concurrent.ForkJoinPool$WorkQueue.topLevelExec(ForkJoinPool.java:1182)
	at java.base/java.util.concurrent.ForkJoinPool.scan(ForkJoinPool.java:1655)
	at java.base/java.util.concurrent.ForkJoinPool.runWorker(ForkJoinPool.java:1622)
	at java.base/java.util.concurrent.ForkJoinWorkerThread.run(ForkJoinWorkerThread.java:165)
Caused by: java.lang.NullPointerException: Cannot invoke "java.io.File.getAbsolutePath()" because the return value of "org.eclipse.wildwebdeveloper.embedder.node.NodeJSManager.getNodeJsLocation()" is null
	at org.eclipse.wildwebdeveloper.angular.AngularLanguageServer.<init>(AngularLanguageServer.java:43)
	... 17 more
Root exception:
java.lang.NullPointerException: Cannot invoke "java.io.File.getAbsolutePath()" because the return value of "org.eclipse.wildwebdeveloper.embedder.node.NodeJSManager.getNodeJsLocation()" is null
	at org.eclipse.wildwebdeveloper.angular.AngularLanguageServer.<init>(AngularLanguageServer.java:43)
	at jdk.internal.reflect.GeneratedConstructorAccessor122.newInstance(Unknown Source)
	at java.base/jdk.internal.reflect.DelegatingConstructorAccessorImpl.newInstance(DelegatingConstructorAccessorImpl.java:45)
	at java.base/java.lang.reflect.Constructor.newInstanceWithCaller(Constructor.java:499)
	at java.base/java.lang.reflect.Constructor.newInstance(Constructor.java:480)
	at org.eclipse.core.internal.registry.osgi.RegistryStrategyOSGI.createExecutableExtension(RegistryStrategyOSGI.java:204)
	at org.eclipse.core.internal.registry.ExtensionRegistry.createExecutableExtension(ExtensionRegistry.java:920)
	at org.eclipse.core.internal.registry.ConfigurationElement.createExecutableExtension(ConfigurationElement.java:246)
	at org.eclipse.core.internal.registry.ConfigurationElementHandle.createExecutableExtension(ConfigurationElementHandle.java:63)
	at org.eclipse.lsp4e.LanguageServersRegistry$ExtensionLanguageServerDefinition.createConnectionProvider(LanguageServersRegistry.java:161)
	at org.eclipse.lsp4e.LanguageServerWrapper.lambda$0(LanguageServerWrapper.java:233)
	at java.base/java.util.concurrent.CompletableFuture$AsyncSupply.run(CompletableFuture.java:1768)
	at java.base/java.util.concurrent.CompletableFuture$AsyncSupply.exec(CompletableFuture.java:1760)
	at java.base/java.util.concurrent.ForkJoinTask.doExec(ForkJoinTask.java:373)
	at java.base/java.util.concurrent.ForkJoinPool$WorkQueue.topLevelExec(ForkJoinPool.java:1182)
	at java.base/java.util.concurrent.ForkJoinPool.scan(ForkJoinPool.java:1655)
	at java.base/java.util.concurrent.ForkJoinPool.runWorker(ForkJoinPool.java:1622)
	at java.base/java.util.concurrent.ForkJoinWorkerThread.run(ForkJoinWorkerThread.java:165)

!ENTRY org.eclipse.lsp4e 4 0 2025-12-22 22:01:08.071
!MESSAGE Exception occurred while creating an instance of the stream connection provider
!STACK 0
java.lang.RuntimeException: Exception occurred while creating an instance of the stream connection provider
	at org.eclipse.lsp4e.LanguageServersRegistry$ExtensionLanguageServerDefinition.createConnectionProvider(LanguageServersRegistry.java:164)
	at org.eclipse.lsp4e.LanguageServerWrapper.lambda$0(LanguageServerWrapper.java:233)
	at java.base/java.util.concurrent.CompletableFuture$AsyncSupply.run(CompletableFuture.java:1768)
	at java.base/java.util.concurrent.CompletableFuture$AsyncSupply.exec(CompletableFuture.java:1760)
	at java.base/java.util.concurrent.ForkJoinTask.doExec(ForkJoinTask.java:373)
	at java.base/java.util.concurrent.ForkJoinPool$WorkQueue.topLevelExec(ForkJoinPool.java:1182)
	at java.base/java.util.concurrent.ForkJoinPool.scan(ForkJoinPool.java:1655)
	at java.base/java.util.concurrent.ForkJoinPool.runWorker(ForkJoinPool.java:1622)
	at java.base/java.util.concurrent.ForkJoinWorkerThread.run(ForkJoinWorkerThread.java:165)
Caused by: org.eclipse.core.runtime.CoreException: プラグイン "org.eclipse.wildwebdeveloper" は、クラス "org.eclipse.wildwebdeveloper.angular.AngularLanguageServer" をインスタンス化できませんでした。
	at org.eclipse.core.internal.registry.osgi.RegistryStrategyOSGI.throwException(RegistryStrategyOSGI.java:212)
	at org.eclipse.core.internal.registry.osgi.RegistryStrategyOSGI.createExecutableExtension(RegistryStrategyOSGI.java:206)
	at org.eclipse.core.internal.registry.ExtensionRegistry.createExecutableExtension(ExtensionRegistry.java:920)
	at org.eclipse.core.internal.registry.ConfigurationElement.createExecutableExtension(ConfigurationElement.java:246)
	at org.eclipse.core.internal.registry.ConfigurationElementHandle.createExecutableExtension(ConfigurationElementHandle.java:63)
	at org.eclipse.lsp4e.LanguageServersRegistry$ExtensionLanguageServerDefinition.createConnectionProvider(LanguageServersRegistry.java:161)
	... 8 more
Caused by: java.lang.reflect.InvocationTargetException
	at jdk.internal.reflect.GeneratedConstructorAccessor122.newInstance(Unknown Source)
	at java.base/jdk.internal.reflect.DelegatingConstructorAccessorImpl.newInstance(DelegatingConstructorAccessorImpl.java:45)
	at java.base/java.lang.reflect.Constructor.newInstanceWithCaller(Constructor.java:499)
	at java.base/java.lang.reflect.Constructor.newInstance(Constructor.java:480)
	at org.eclipse.core.internal.registry.osgi.RegistryStrategyOSGI.createExecutableExtension(RegistryStrategyOSGI.java:204)
	... 12 more
Caused by: java.lang.NullPointerException: Cannot invoke "java.io.File.getAbsolutePath()" because the return value of "org.eclipse.wildwebdeveloper.embedder.node.NodeJSManager.getNodeJsLocation()" is null
	at org.eclipse.wildwebdeveloper.angular.AngularLanguageServer.<init>(AngularLanguageServer.java:43)
	... 17 more

!ENTRY org.eclipse.lsp4e 4 0 2025-12-22 22:01:08.072
!MESSAGE プラグイン "org.eclipse.wildwebdeveloper" は、クラス "org.eclipse.wildwebdeveloper.html.HTMLLanguageServer" をインスタンス化できませんでした。
!STACK 1
org.eclipse.core.runtime.CoreException: プラグイン "org.eclipse.wildwebdeveloper" は、クラス "org.eclipse.wildwebdeveloper.html.HTMLLanguageServer" をインスタンス化できませんでした。
	at org.eclipse.core.internal.registry.osgi.RegistryStrategyOSGI.throwException(RegistryStrategyOSGI.java:212)
	at org.eclipse.core.internal.registry.osgi.RegistryStrategyOSGI.createExecutableExtension(RegistryStrategyOSGI.java:206)
	at org.eclipse.core.internal.registry.ExtensionRegistry.createExecutableExtension(ExtensionRegistry.java:920)
	at org.eclipse.core.internal.registry.ConfigurationElement.createExecutableExtension(ConfigurationElement.java:246)
	at org.eclipse.core.internal.registry.ConfigurationElementHandle.createExecutableExtension(ConfigurationElementHandle.java:63)
	at org.eclipse.lsp4e.LanguageServersRegistry$ExtensionLanguageServerDefinition.createConnectionProvider(LanguageServersRegistry.java:161)
	at org.eclipse.lsp4e.LanguageServerWrapper.lambda$0(LanguageServerWrapper.java:233)
	at java.base/java.util.concurrent.CompletableFuture$AsyncSupply.run(CompletableFuture.java:1768)
	at java.base/java.util.concurrent.CompletableFuture$AsyncSupply.exec(CompletableFuture.java:1760)
	at java.base/java.util.concurrent.ForkJoinTask.doExec(ForkJoinTask.java:373)
	at java.base/java.util.concurrent.ForkJoinPool$WorkQueue.topLevelExec(ForkJoinPool.java:1182)
	at java.base/java.util.concurrent.ForkJoinPool.scan(ForkJoinPool.java:1655)
	at java.base/java.util.concurrent.ForkJoinPool.runWorker(ForkJoinPool.java:1622)
	at java.base/java.util.concurrent.ForkJoinWorkerThread.run(ForkJoinWorkerThread.java:165)
Caused by: java.lang.reflect.InvocationTargetException
	at jdk.internal.reflect.GeneratedConstructorAccessor123.newInstance(Unknown Source)
	at java.base/jdk.internal.reflect.DelegatingConstructorAccessorImpl.newInstance(DelegatingConstructorAccessorImpl.java:45)
	at java.base/java.lang.reflect.Constructor.newInstanceWithCaller(Constructor.java:499)
	at java.base/java.lang.reflect.Constructor.newInstance(Constructor.java:480)
	at org.eclipse.core.internal.registry.osgi.RegistryStrategyOSGI.createExecutableExtension(RegistryStrategyOSGI.java:204)
	... 12 more
Caused by: java.lang.NullPointerException: Cannot invoke "java.io.File.getAbsolutePath()" because the return value of "org.eclipse.wildwebdeveloper.embedder.node.NodeJSManager.getNodeJsLocation()" is null
	at org.eclipse.wildwebdeveloper.html.HTMLLanguageServer.<init>(HTMLLanguageServer.java:40)
	... 17 more
!SUBENTRY 1 org.eclipse.equinox.registry 4 1 2025-12-22 22:01:08.072
!MESSAGE プラグイン "org.eclipse.wildwebdeveloper" は、クラス "org.eclipse.wildwebdeveloper.html.HTMLLanguageServer" をインスタンス化できませんでした。
!STACK 0
java.lang.reflect.InvocationTargetException
	at jdk.internal.reflect.GeneratedConstructorAccessor123.newInstance(Unknown Source)
	at java.base/jdk.internal.reflect.DelegatingConstructorAccessorImpl.newInstance(DelegatingConstructorAccessorImpl.java:45)
	at java.base/java.lang.reflect.Constructor.newInstanceWithCaller(Constructor.java:499)
	at java.base/java.lang.reflect.Constructor.newInstance(Constructor.java:480)
	at org.eclipse.core.internal.registry.osgi.RegistryStrategyOSGI.createExecutableExtension(RegistryStrategyOSGI.java:204)
	at org.eclipse.core.internal.registry.ExtensionRegistry.createExecutableExtension(ExtensionRegistry.java:920)
	at org.eclipse.core.internal.registry.ConfigurationElement.createExecutableExtension(ConfigurationElement.java:246)
	at org.eclipse.core.internal.registry.ConfigurationElementHandle.createExecutableExtension(ConfigurationElementHandle.java:63)
	at org.eclipse.lsp4e.LanguageServersRegistry$ExtensionLanguageServerDefinition.createConnectionProvider(LanguageServersRegistry.java:161)
	at org.eclipse.lsp4e.LanguageServerWrapper.lambda$0(LanguageServerWrapper.java:233)
	at java.base/java.util.concurrent.CompletableFuture$AsyncSupply.run(CompletableFuture.java:1768)
	at java.base/java.util.concurrent.CompletableFuture$AsyncSupply.exec(CompletableFuture.java:1760)
	at java.base/java.util.concurrent.ForkJoinTask.doExec(ForkJoinTask.java:373)
	at java.base/java.util.concurrent.ForkJoinPool$WorkQueue.topLevelExec(ForkJoinPool.java:1182)
	at java.base/java.util.concurrent.ForkJoinPool.scan(ForkJoinPool.java:1655)
	at java.base/java.util.concurrent.ForkJoinPool.runWorker(ForkJoinPool.java:1622)
	at java.base/java.util.concurrent.ForkJoinWorkerThread.run(ForkJoinWorkerThread.java:165)
Caused by: java.lang.NullPointerException: Cannot invoke "java.io.File.getAbsolutePath()" because the return value of "org.eclipse.wildwebdeveloper.embedder.node.NodeJSManager.getNodeJsLocation()" is null
	at org.eclipse.wildwebdeveloper.html.HTMLLanguageServer.<init>(HTMLLanguageServer.java:40)
	... 17 more
Root exception:
java.lang.NullPointerException: Cannot invoke "java.io.File.getAbsolutePath()" because the return value of "org.eclipse.wildwebdeveloper.embedder.node.NodeJSManager.getNodeJsLocation()" is null
	at org.eclipse.wildwebdeveloper.html.HTMLLanguageServer.<init>(HTMLLanguageServer.java:40)
	at jdk.internal.reflect.GeneratedConstructorAccessor123.newInstance(Unknown Source)
	at java.base/jdk.internal.reflect.DelegatingConstructorAccessorImpl.newInstance(DelegatingConstructorAccessorImpl.java:45)
	at java.base/java.lang.reflect.Constructor.newInstanceWithCaller(Constructor.java:499)
	at java.base/java.lang.reflect.Constructor.newInstance(Constructor.java:480)
	at org.eclipse.core.internal.registry.osgi.RegistryStrategyOSGI.createExecutableExtension(RegistryStrategyOSGI.java:204)
	at org.eclipse.core.internal.registry.ExtensionRegistry.createExecutableExtension(ExtensionRegistry.java:920)
	at org.eclipse.core.internal.registry.ConfigurationElement.createExecutableExtension(ConfigurationElement.java:246)
	at org.eclipse.core.internal.registry.ConfigurationElementHandle.createExecutableExtension(ConfigurationElementHandle.java:63)
	at org.eclipse.lsp4e.LanguageServersRegistry$ExtensionLanguageServerDefinition.createConnectionProvider(LanguageServersRegistry.java:161)
	at org.eclipse.lsp4e.LanguageServerWrapper.lambda$0(LanguageServerWrapper.java:233)
	at java.base/java.util.concurrent.CompletableFuture$AsyncSupply.run(CompletableFuture.java:1768)
	at java.base/java.util.concurrent.CompletableFuture$AsyncSupply.exec(CompletableFuture.java:1760)
	at java.base/java.util.concurrent.ForkJoinTask.doExec(ForkJoinTask.java:373)
	at java.base/java.util.concurrent.ForkJoinPool$WorkQueue.topLevelExec(ForkJoinPool.java:1182)
	at java.base/java.util.concurrent.ForkJoinPool.scan(ForkJoinPool.java:1655)
	at java.base/java.util.concurrent.ForkJoinPool.runWorker(ForkJoinPool.java:1622)
	at java.base/java.util.concurrent.ForkJoinWorkerThread.run(ForkJoinWorkerThread.java:165)

!ENTRY org.eclipse.lsp4e 4 0 2025-12-22 22:01:08.072
!MESSAGE Cannot invoke "org.eclipse.lsp4e.server.StreamConnectionProvider.getInputStream()" because "this.lspStreamProvider" is null
!STACK 0
java.lang.NullPointerException: Cannot invoke "org.eclipse.lsp4e.server.StreamConnectionProvider.getInputStream()" because "this.lspStreamProvider" is null
	at org.eclipse.lsp4e.LanguageServerWrapper.lambda$1(LanguageServerWrapper.java:284)
	at java.base/java.util.concurrent.CompletableFuture$UniApply.tryFire(CompletableFuture.java:646)
	at java.base/java.util.concurrent.CompletableFuture.postComplete(CompletableFuture.java:510)
	at java.base/java.util.concurrent.CompletableFuture$AsyncSupply.run(CompletableFuture.java:1773)
	at java.base/java.util.concurrent.CompletableFuture$AsyncSupply.exec(CompletableFuture.java:1760)
	at java.base/java.util.concurrent.ForkJoinTask.doExec(ForkJoinTask.java:373)
	at java.base/java.util.concurrent.ForkJoinPool$WorkQueue.topLevelExec(ForkJoinPool.java:1182)
	at java.base/java.util.concurrent.ForkJoinPool.scan(ForkJoinPool.java:1655)
	at java.base/java.util.concurrent.ForkJoinPool.runWorker(ForkJoinPool.java:1622)
	at java.base/java.util.concurrent.ForkJoinWorkerThread.run(ForkJoinWorkerThread.java:165)

!ENTRY org.eclipse.lsp4e 4 0 2025-12-22 22:01:08.072
!MESSAGE Exception occurred while creating an instance of the stream connection provider
!STACK 0
java.lang.RuntimeException: Exception occurred while creating an instance of the stream connection provider
	at org.eclipse.lsp4e.LanguageServersRegistry$ExtensionLanguageServerDefinition.createConnectionProvider(LanguageServersRegistry.java:164)
	at org.eclipse.lsp4e.LanguageServerWrapper.lambda$0(LanguageServerWrapper.java:233)
	at java.base/java.util.concurrent.CompletableFuture$AsyncSupply.run(CompletableFuture.java:1768)
	at java.base/java.util.concurrent.CompletableFuture$AsyncSupply.exec(CompletableFuture.java:1760)
	at java.base/java.util.concurrent.ForkJoinTask.doExec(ForkJoinTask.java:373)
	at java.base/java.util.concurrent.ForkJoinPool$WorkQueue.topLevelExec(ForkJoinPool.java:1182)
	at java.base/java.util.concurrent.ForkJoinPool.scan(ForkJoinPool.java:1655)
	at java.base/java.util.concurrent.ForkJoinPool.runWorker(ForkJoinPool.java:1622)
	at java.base/java.util.concurrent.ForkJoinWorkerThread.run(ForkJoinWorkerThread.java:165)
Caused by: org.eclipse.core.runtime.CoreException: プラグイン "org.eclipse.wildwebdeveloper" は、クラス "org.eclipse.wildwebdeveloper.html.HTMLLanguageServer" をインスタンス化できませんでした。
	at org.eclipse.core.internal.registry.osgi.RegistryStrategyOSGI.throwException(RegistryStrategyOSGI.java:212)
	at org.eclipse.core.internal.registry.osgi.RegistryStrategyOSGI.createExecutableExtension(RegistryStrategyOSGI.java:206)
	at org.eclipse.core.internal.registry.ExtensionRegistry.createExecutableExtension(ExtensionRegistry.java:920)
	at org.eclipse.core.internal.registry.ConfigurationElement.createExecutableExtension(ConfigurationElement.java:246)
	at org.eclipse.core.internal.registry.ConfigurationElementHandle.createExecutableExtension(ConfigurationElementHandle.java:63)
	at org.eclipse.lsp4e.LanguageServersRegistry$ExtensionLanguageServerDefinition.createConnectionProvider(LanguageServersRegistry.java:161)
	... 8 more
Caused by: java.lang.reflect.InvocationTargetException
	at jdk.internal.reflect.GeneratedConstructorAccessor123.newInstance(Unknown Source)
	at java.base/jdk.internal.reflect.DelegatingConstructorAccessorImpl.newInstance(DelegatingConstructorAccessorImpl.java:45)
	at java.base/java.lang.reflect.Constructor.newInstanceWithCaller(Constructor.java:499)
	at java.base/java.lang.reflect.Constructor.newInstance(Constructor.java:480)
	at org.eclipse.core.internal.registry.osgi.RegistryStrategyOSGI.createExecutableExtension(RegistryStrategyOSGI.java:204)
	... 12 more
Caused by: java.lang.NullPointerException: Cannot invoke "java.io.File.getAbsolutePath()" because the return value of "org.eclipse.wildwebdeveloper.embedder.node.NodeJSManager.getNodeJsLocation()" is null
	at org.eclipse.wildwebdeveloper.html.HTMLLanguageServer.<init>(HTMLLanguageServer.java:40)
	... 17 more

!ENTRY org.eclipse.lsp4e 4 0 2025-12-22 22:01:08.074
!MESSAGE Cannot invoke "org.eclipse.lsp4e.server.StreamConnectionProvider.getInputStream()" because "this.lspStreamProvider" is null
!STACK 0
java.lang.NullPointerException: Cannot invoke "org.eclipse.lsp4e.server.StreamConnectionProvider.getInputStream()" because "this.lspStreamProvider" is null
	at org.eclipse.lsp4e.LanguageServerWrapper.lambda$1(LanguageServerWrapper.java:284)
	at java.base/java.util.concurrent.CompletableFuture$UniApply.tryFire(CompletableFuture.java:646)
	at java.base/java.util.concurrent.CompletableFuture.postComplete(CompletableFuture.java:510)
	at java.base/java.util.concurrent.CompletableFuture$AsyncSupply.run(CompletableFuture.java:1773)
	at java.base/java.util.concurrent.CompletableFuture$AsyncSupply.exec(CompletableFuture.java:1760)
	at java.base/java.util.concurrent.ForkJoinTask.doExec(ForkJoinTask.java:373)
	at java.base/java.util.concurrent.ForkJoinPool$WorkQueue.topLevelExec(ForkJoinPool.java:1182)
	at java.base/java.util.concurrent.ForkJoinPool.scan(ForkJoinPool.java:1655)
	at java.base/java.util.concurrent.ForkJoinPool.runWorker(ForkJoinPool.java:1622)
	at java.base/java.util.concurrent.ForkJoinWorkerThread.run(ForkJoinWorkerThread.java:165)

!ENTRY org.eclipse.lsp4e 4 0 2025-12-22 22:01:08.136
!MESSAGE プラグイン "org.eclipse.wildwebdeveloper" は、クラス "org.eclipse.wildwebdeveloper.angular.AngularLanguageServer" をインスタンス化できませんでした。
!STACK 1
org.eclipse.core.runtime.CoreException: プラグイン "org.eclipse.wildwebdeveloper" は、クラス "org.eclipse.wildwebdeveloper.angular.AngularLanguageServer" をインスタンス化できませんでした。
	at org.eclipse.core.internal.registry.osgi.RegistryStrategyOSGI.throwException(RegistryStrategyOSGI.java:212)
	at org.eclipse.core.internal.registry.osgi.RegistryStrategyOSGI.createExecutableExtension(RegistryStrategyOSGI.java:206)
	at org.eclipse.core.internal.registry.ExtensionRegistry.createExecutableExtension(ExtensionRegistry.java:920)
	at org.eclipse.core.internal.registry.ConfigurationElement.createExecutableExtension(ConfigurationElement.java:246)
	at org.eclipse.core.internal.registry.ConfigurationElementHandle.createExecutableExtension(ConfigurationElementHandle.java:63)
	at org.eclipse.lsp4e.LanguageServersRegistry$ExtensionLanguageServerDefinition.createConnectionProvider(LanguageServersRegistry.java:161)
	at org.eclipse.lsp4e.LanguageServerWrapper.lambda$0(LanguageServerWrapper.java:233)
	at java.base/java.util.concurrent.CompletableFuture$AsyncSupply.run(CompletableFuture.java:1768)
	at java.base/java.util.concurrent.CompletableFuture$AsyncSupply.exec(CompletableFuture.java:1760)
	at java.base/java.util.concurrent.ForkJoinTask.doExec(ForkJoinTask.java:373)
	at java.base/java.util.concurrent.ForkJoinPool$WorkQueue.topLevelExec(ForkJoinPool.java:1182)
	at java.base/java.util.concurrent.ForkJoinPool.scan(ForkJoinPool.java:1655)
	at java.base/java.util.concurrent.ForkJoinPool.runWorker(ForkJoinPool.java:1622)
	at java.base/java.util.concurrent.ForkJoinWorkerThread.run(ForkJoinWorkerThread.java:165)
Caused by: java.lang.reflect.InvocationTargetException
	at jdk.internal.reflect.GeneratedConstructorAccessor122.newInstance(Unknown Source)
	at java.base/jdk.internal.reflect.DelegatingConstructorAccessorImpl.newInstance(DelegatingConstructorAccessorImpl.java:45)
	at java.base/java.lang.reflect.Constructor.newInstanceWithCaller(Constructor.java:499)
	at java.base/java.lang.reflect.Constructor.newInstance(Constructor.java:480)
	at org.eclipse.core.internal.registry.osgi.RegistryStrategyOSGI.createExecutableExtension(RegistryStrategyOSGI.java:204)
	... 12 more
Caused by: java.lang.NullPointerException: Cannot invoke "java.io.File.getAbsolutePath()" because the return value of "org.eclipse.wildwebdeveloper.embedder.node.NodeJSManager.getNodeJsLocation()" is null
	at org.eclipse.wildwebdeveloper.angular.AngularLanguageServer.<init>(AngularLanguageServer.java:43)
	... 17 more
!SUBENTRY 1 org.eclipse.equinox.registry 4 1 2025-12-22 22:01:08.136
!MESSAGE プラグイン "org.eclipse.wildwebdeveloper" は、クラス "org.eclipse.wildwebdeveloper.angular.AngularLanguageServer" をインスタンス化できませんでした。
!STACK 0
java.lang.reflect.InvocationTargetException
	at jdk.internal.reflect.GeneratedConstructorAccessor122.newInstance(Unknown Source)
	at java.base/jdk.internal.reflect.DelegatingConstructorAccessorImpl.newInstance(DelegatingConstructorAccessorImpl.java:45)
	at java.base/java.lang.reflect.Constructor.newInstanceWithCaller(Constructor.java:499)
	at java.base/java.lang.reflect.Constructor.newInstance(Constructor.java:480)
	at org.eclipse.core.internal.registry.osgi.RegistryStrategyOSGI.createExecutableExtension(RegistryStrategyOSGI.java:204)
	at org.eclipse.core.internal.registry.ExtensionRegistry.createExecutableExtension(ExtensionRegistry.java:920)
	at org.eclipse.core.internal.registry.ConfigurationElement.createExecutableExtension(ConfigurationElement.java:246)
	at org.eclipse.core.internal.registry.ConfigurationElementHandle.createExecutableExtension(ConfigurationElementHandle.java:63)
	at org.eclipse.lsp4e.LanguageServersRegistry$ExtensionLanguageServerDefinition.createConnectionProvider(LanguageServersRegistry.java:161)
	at org.eclipse.lsp4e.LanguageServerWrapper.lambda$0(LanguageServerWrapper.java:233)
	at java.base/java.util.concurrent.CompletableFuture$AsyncSupply.run(CompletableFuture.java:1768)
	at java.base/java.util.concurrent.CompletableFuture$AsyncSupply.exec(CompletableFuture.java:1760)
	at java.base/java.util.concurrent.ForkJoinTask.doExec(ForkJoinTask.java:373)
	at java.base/java.util.concurrent.ForkJoinPool$WorkQueue.topLevelExec(ForkJoinPool.java:1182)
	at java.base/java.util.concurrent.ForkJoinPool.scan(ForkJoinPool.java:1655)
	at java.base/java.util.concurrent.ForkJoinPool.runWorker(ForkJoinPool.java:1622)
	at java.base/java.util.concurrent.ForkJoinWorkerThread.run(ForkJoinWorkerThread.java:165)
Caused by: java.lang.NullPointerException: Cannot invoke "java.io.File.getAbsolutePath()" because the return value of "org.eclipse.wildwebdeveloper.embedder.node.NodeJSManager.getNodeJsLocation()" is null
	at org.eclipse.wildwebdeveloper.angular.AngularLanguageServer.<init>(AngularLanguageServer.java:43)
	... 17 more
Root exception:
java.lang.NullPointerException: Cannot invoke "java.io.File.getAbsolutePath()" because the return value of "org.eclipse.wildwebdeveloper.embedder.node.NodeJSManager.getNodeJsLocation()" is null
	at org.eclipse.wildwebdeveloper.angular.AngularLanguageServer.<init>(AngularLanguageServer.java:43)
	at jdk.internal.reflect.GeneratedConstructorAccessor122.newInstance(Unknown Source)
	at java.base/jdk.internal.reflect.DelegatingConstructorAccessorImpl.newInstance(DelegatingConstructorAccessorImpl.java:45)
	at java.base/java.lang.reflect.Constructor.newInstanceWithCaller(Constructor.java:499)
	at java.base/java.lang.reflect.Constructor.newInstance(Constructor.java:480)
	at org.eclipse.core.internal.registry.osgi.RegistryStrategyOSGI.createExecutableExtension(RegistryStrategyOSGI.java:204)
	at org.eclipse.core.internal.registry.ExtensionRegistry.createExecutableExtension(ExtensionRegistry.java:920)
	at org.eclipse.core.internal.registry.ConfigurationElement.createExecutableExtension(ConfigurationElement.java:246)
	at org.eclipse.core.internal.registry.ConfigurationElementHandle.createExecutableExtension(ConfigurationElementHandle.java:63)
	at org.eclipse.lsp4e.LanguageServersRegistry$ExtensionLanguageServerDefinition.createConnectionProvider(LanguageServersRegistry.java:161)
	at org.eclipse.lsp4e.LanguageServerWrapper.lambda$0(LanguageServerWrapper.java:233)
	at java.base/java.util.concurrent.CompletableFuture$AsyncSupply.run(CompletableFuture.java:1768)
	at java.base/java.util.concurrent.CompletableFuture$AsyncSupply.exec(CompletableFuture.java:1760)
	at java.base/java.util.concurrent.ForkJoinTask.doExec(ForkJoinTask.java:373)
	at java.base/java.util.concurrent.ForkJoinPool$WorkQueue.topLevelExec(ForkJoinPool.java:1182)
	at java.base/java.util.concurrent.ForkJoinPool.scan(ForkJoinPool.java:1655)
	at java.base/java.util.concurrent.ForkJoinPool.runWorker(ForkJoinPool.java:1622)
	at java.base/java.util.concurrent.ForkJoinWorkerThread.run(ForkJoinWorkerThread.java:165)

!ENTRY org.eclipse.lsp4e 4 0 2025-12-22 22:01:08.136
!MESSAGE プラグイン "org.eclipse.wildwebdeveloper" は、クラス "org.eclipse.wildwebdeveloper.html.HTMLLanguageServer" をインスタンス化できませんでした。
!STACK 1
org.eclipse.core.runtime.CoreException: プラグイン "org.eclipse.wildwebdeveloper" は、クラス "org.eclipse.wildwebdeveloper.html.HTMLLanguageServer" をインスタンス化できませんでした。
	at org.eclipse.core.internal.registry.osgi.RegistryStrategyOSGI.throwException(RegistryStrategyOSGI.java:212)
	at org.eclipse.core.internal.registry.osgi.RegistryStrategyOSGI.createExecutableExtension(RegistryStrategyOSGI.java:206)
	at org.eclipse.core.internal.registry.ExtensionRegistry.createExecutableExtension(ExtensionRegistry.java:920)
	at org.eclipse.core.internal.registry.ConfigurationElement.createExecutableExtension(ConfigurationElement.java:246)
	at org.eclipse.core.internal.registry.ConfigurationElementHandle.createExecutableExtension(ConfigurationElementHandle.java:63)
	at org.eclipse.lsp4e.LanguageServersRegistry$ExtensionLanguageServerDefinition.createConnectionProvider(LanguageServersRegistry.java:161)
	at org.eclipse.lsp4e.LanguageServerWrapper.lambda$0(LanguageServerWrapper.java:233)
	at java.base/java.util.concurrent.CompletableFuture$AsyncSupply.run(CompletableFuture.java:1768)
	at java.base/java.util.concurrent.CompletableFuture$AsyncSupply.exec(CompletableFuture.java:1760)
	at java.base/java.util.concurrent.ForkJoinTask.doExec(ForkJoinTask.java:373)
	at java.base/java.util.concurrent.ForkJoinPool$WorkQueue.topLevelExec(ForkJoinPool.java:1182)
	at java.base/java.util.concurrent.ForkJoinPool.scan(ForkJoinPool.java:1655)
	at java.base/java.util.concurrent.ForkJoinPool.runWorker(ForkJoinPool.java:1622)
	at java.base/java.util.concurrent.ForkJoinWorkerThread.run(ForkJoinWorkerThread.java:165)
Caused by: java.lang.reflect.InvocationTargetException
	at jdk.internal.reflect.GeneratedConstructorAccessor123.newInstance(Unknown Source)
	at java.base/jdk.internal.reflect.DelegatingConstructorAccessorImpl.newInstance(DelegatingConstructorAccessorImpl.java:45)
	at java.base/java.lang.reflect.Constructor.newInstanceWithCaller(Constructor.java:499)
	at java.base/java.lang.reflect.Constructor.newInstance(Constructor.java:480)
	at org.eclipse.core.internal.registry.osgi.RegistryStrategyOSGI.createExecutableExtension(RegistryStrategyOSGI.java:204)
	... 12 more
Caused by: java.lang.NullPointerException: Cannot invoke "java.io.File.getAbsolutePath()" because the return value of "org.eclipse.wildwebdeveloper.embedder.node.NodeJSManager.getNodeJsLocation()" is null
	at org.eclipse.wildwebdeveloper.html.HTMLLanguageServer.<init>(HTMLLanguageServer.java:40)
	... 17 more
!SUBENTRY 1 org.eclipse.equinox.registry 4 1 2025-12-22 22:01:08.136
!MESSAGE プラグイン "org.eclipse.wildwebdeveloper" は、クラス "org.eclipse.wildwebdeveloper.html.HTMLLanguageServer" をインスタンス化できませんでした。
!STACK 0
java.lang.reflect.InvocationTargetException
	at jdk.internal.reflect.GeneratedConstructorAccessor123.newInstance(Unknown Source)
	at java.base/jdk.internal.reflect.DelegatingConstructorAccessorImpl.newInstance(DelegatingConstructorAccessorImpl.java:45)
	at java.base/java.lang.reflect.Constructor.newInstanceWithCaller(Constructor.java:499)
	at java.base/java.lang.reflect.Constructor.newInstance(Constructor.java:480)
	at org.eclipse.core.internal.registry.osgi.RegistryStrategyOSGI.createExecutableExtension(RegistryStrategyOSGI.java:204)
	at org.eclipse.core.internal.registry.ExtensionRegistry.createExecutableExtension(ExtensionRegistry.java:920)
	at org.eclipse.core.internal.registry.ConfigurationElement.createExecutableExtension(ConfigurationElement.java:246)
	at org.eclipse.core.internal.registry.ConfigurationElementHandle.createExecutableExtension(ConfigurationElementHandle.java:63)
	at org.eclipse.lsp4e.LanguageServersRegistry$ExtensionLanguageServerDefinition.createConnectionProvider(LanguageServersRegistry.java:161)
	at org.eclipse.lsp4e.LanguageServerWrapper.lambda$0(LanguageServerWrapper.java:233)
	at java.base/java.util.concurrent.CompletableFuture$AsyncSupply.run(CompletableFuture.java:1768)
	at java.base/java.util.concurrent.CompletableFuture$AsyncSupply.exec(CompletableFuture.java:1760)
	at java.base/java.util.concurrent.ForkJoinTask.doExec(ForkJoinTask.java:373)
	at java.base/java.util.concurrent.ForkJoinPool$WorkQueue.topLevelExec(ForkJoinPool.java:1182)
	at java.base/java.util.concurrent.ForkJoinPool.scan(ForkJoinPool.java:1655)
	at java.base/java.util.concurrent.ForkJoinPool.runWorker(ForkJoinPool.java:1622)
	at java.base/java.util.concurrent.ForkJoinWorkerThread.run(ForkJoinWorkerThread.java:165)
Caused by: java.lang.NullPointerException: Cannot invoke "java.io.File.getAbsolutePath()" because the return value of "org.eclipse.wildwebdeveloper.embedder.node.NodeJSManager.getNodeJsLocation()" is null
	at org.eclipse.wildwebdeveloper.html.HTMLLanguageServer.<init>(HTMLLanguageServer.java:40)
	... 17 more
Root exception:
java.lang.NullPointerException: Cannot invoke "java.io.File.getAbsolutePath()" because the return value of "org.eclipse.wildwebdeveloper.embedder.node.NodeJSManager.getNodeJsLocation()" is null
	at org.eclipse.wildwebdeveloper.html.HTMLLanguageServer.<init>(HTMLLanguageServer.java:40)
	at jdk.internal.reflect.GeneratedConstructorAccessor123.newInstance(Unknown Source)
	at java.base/jdk.internal.reflect.DelegatingConstructorAccessorImpl.newInstance(DelegatingConstructorAccessorImpl.java:45)
	at java.base/java.lang.reflect.Constructor.newInstanceWithCaller(Constructor.java:499)
	at java.base/java.lang.reflect.Constructor.newInstance(Constructor.java:480)
	at org.eclipse.core.internal.registry.osgi.RegistryStrategyOSGI.createExecutableExtension(RegistryStrategyOSGI.java:204)
	at org.eclipse.core.internal.registry.ExtensionRegistry.createExecutableExtension(ExtensionRegistry.java:920)
	at org.eclipse.core.internal.registry.ConfigurationElement.createExecutableExtension(ConfigurationElement.java:246)
	at org.eclipse.core.internal.registry.ConfigurationElementHandle.createExecutableExtension(ConfigurationElementHandle.java:63)
	at org.eclipse.lsp4e.LanguageServersRegistry$ExtensionLanguageServerDefinition.createConnectionProvider(LanguageServersRegistry.java:161)
	at org.eclipse.lsp4e.LanguageServerWrapper.lambda$0(LanguageServerWrapper.java:233)
	at java.base/java.util.concurrent.CompletableFuture$AsyncSupply.run(CompletableFuture.java:1768)
	at java.base/java.util.concurrent.CompletableFuture$AsyncSupply.exec(CompletableFuture.java:1760)
	at java.base/java.util.concurrent.ForkJoinTask.doExec(ForkJoinTask.java:373)
	at java.base/java.util.concurrent.ForkJoinPool$WorkQueue.topLevelExec(ForkJoinPool.java:1182)
	at java.base/java.util.concurrent.ForkJoinPool.scan(ForkJoinPool.java:1655)
	at java.base/java.util.concurrent.ForkJoinPool.runWorker(ForkJoinPool.java:1622)
	at java.base/java.util.concurrent.ForkJoinWorkerThread.run(ForkJoinWorkerThread.java:165)

!ENTRY org.eclipse.lsp4e 4 0 2025-12-22 22:01:08.137
!MESSAGE Exception occurred while creating an instance of the stream connection provider
!STACK 0
java.lang.RuntimeException: Exception occurred while creating an instance of the stream connection provider
	at org.eclipse.lsp4e.LanguageServersRegistry$ExtensionLanguageServerDefinition.createConnectionProvider(LanguageServersRegistry.java:164)
	at org.eclipse.lsp4e.LanguageServerWrapper.lambda$0(LanguageServerWrapper.java:233)
	at java.base/java.util.concurrent.CompletableFuture$AsyncSupply.run(CompletableFuture.java:1768)
	at java.base/java.util.concurrent.CompletableFuture$AsyncSupply.exec(CompletableFuture.java:1760)
	at java.base/java.util.concurrent.ForkJoinTask.doExec(ForkJoinTask.java:373)
	at java.base/java.util.concurrent.ForkJoinPool$WorkQueue.topLevelExec(ForkJoinPool.java:1182)
	at java.base/java.util.concurrent.ForkJoinPool.scan(ForkJoinPool.java:1655)
	at java.base/java.util.concurrent.ForkJoinPool.runWorker(ForkJoinPool.java:1622)
	at java.base/java.util.concurrent.ForkJoinWorkerThread.run(ForkJoinWorkerThread.java:165)
Caused by: org.eclipse.core.runtime.CoreException: プラグイン "org.eclipse.wildwebdeveloper" は、クラス "org.eclipse.wildwebdeveloper.angular.AngularLanguageServer" をインスタンス化できませんでした。
	at org.eclipse.core.internal.registry.osgi.RegistryStrategyOSGI.throwException(RegistryStrategyOSGI.java:212)
	at org.eclipse.core.internal.registry.osgi.RegistryStrategyOSGI.createExecutableExtension(RegistryStrategyOSGI.java:206)
	at org.eclipse.core.internal.registry.ExtensionRegistry.createExecutableExtension(ExtensionRegistry.java:920)
	at org.eclipse.core.internal.registry.ConfigurationElement.createExecutableExtension(ConfigurationElement.java:246)
	at org.eclipse.core.internal.registry.ConfigurationElementHandle.createExecutableExtension(ConfigurationElementHandle.java:63)
	at org.eclipse.lsp4e.LanguageServersRegistry$ExtensionLanguageServerDefinition.createConnectionProvider(LanguageServersRegistry.java:161)
	... 8 more
Caused by: java.lang.reflect.InvocationTargetException
	at jdk.internal.reflect.GeneratedConstructorAccessor122.newInstance(Unknown Source)
	at java.base/jdk.internal.reflect.DelegatingConstructorAccessorImpl.newInstance(DelegatingConstructorAccessorImpl.java:45)
	at java.base/java.lang.reflect.Constructor.newInstanceWithCaller(Constructor.java:499)
	at java.base/java.lang.reflect.Constructor.newInstance(Constructor.java:480)
	at org.eclipse.core.internal.registry.osgi.RegistryStrategyOSGI.createExecutableExtension(RegistryStrategyOSGI.java:204)
	... 12 more
Caused by: java.lang.NullPointerException: Cannot invoke "java.io.File.getAbsolutePath()" because the return value of "org.eclipse.wildwebdeveloper.embedder.node.NodeJSManager.getNodeJsLocation()" is null
	at org.eclipse.wildwebdeveloper.angular.AngularLanguageServer.<init>(AngularLanguageServer.java:43)
	... 17 more

!ENTRY org.eclipse.lsp4e 4 0 2025-12-22 22:01:08.137
!MESSAGE Exception occurred while creating an instance of the stream connection provider
!STACK 0
java.lang.RuntimeException: Exception occurred while creating an instance of the stream connection provider
	at org.eclipse.lsp4e.LanguageServersRegistry$ExtensionLanguageServerDefinition.createConnectionProvider(LanguageServersRegistry.java:164)
	at org.eclipse.lsp4e.LanguageServerWrapper.lambda$0(LanguageServerWrapper.java:233)
	at java.base/java.util.concurrent.CompletableFuture$AsyncSupply.run(CompletableFuture.java:1768)
	at java.base/java.util.concurrent.CompletableFuture$AsyncSupply.exec(CompletableFuture.java:1760)
	at java.base/java.util.concurrent.ForkJoinTask.doExec(ForkJoinTask.java:373)
	at java.base/java.util.concurrent.ForkJoinPool$WorkQueue.topLevelExec(ForkJoinPool.java:1182)
	at java.base/java.util.concurrent.ForkJoinPool.scan(ForkJoinPool.java:1655)
	at java.base/java.util.concurrent.ForkJoinPool.runWorker(ForkJoinPool.java:1622)
	at java.base/java.util.concurrent.ForkJoinWorkerThread.run(ForkJoinWorkerThread.java:165)
Caused by: org.eclipse.core.runtime.CoreException: プラグイン "org.eclipse.wildwebdeveloper" は、クラス "org.eclipse.wildwebdeveloper.html.HTMLLanguageServer" をインスタンス化できませんでした。
	at org.eclipse.core.internal.registry.osgi.RegistryStrategyOSGI.throwException(RegistryStrategyOSGI.java:212)
	at org.eclipse.core.internal.registry.osgi.RegistryStrategyOSGI.createExecutableExtension(RegistryStrategyOSGI.java:206)
	at org.eclipse.core.internal.registry.ExtensionRegistry.createExecutableExtension(ExtensionRegistry.java:920)
	at org.eclipse.core.internal.registry.ConfigurationElement.createExecutableExtension(ConfigurationElement.java:246)
	at org.eclipse.core.internal.registry.ConfigurationElementHandle.createExecutableExtension(ConfigurationElementHandle.java:63)
	at org.eclipse.lsp4e.LanguageServersRegistry$ExtensionLanguageServerDefinition.createConnectionProvider(LanguageServersRegistry.java:161)
	... 8 more
Caused by: java.lang.reflect.InvocationTargetException
	at jdk.internal.reflect.GeneratedConstructorAccessor123.newInstance(Unknown Source)
	at java.base/jdk.internal.reflect.DelegatingConstructorAccessorImpl.newInstance(DelegatingConstructorAccessorImpl.java:45)
	at java.base/java.lang.reflect.Constructor.newInstanceWithCaller(Constructor.java:499)
	at java.base/java.lang.reflect.Constructor.newInstance(Constructor.java:480)
	at org.eclipse.core.internal.registry.osgi.RegistryStrategyOSGI.createExecutableExtension(RegistryStrategyOSGI.java:204)
	... 12 more
Caused by: java.lang.NullPointerException: Cannot invoke "java.io.File.getAbsolutePath()" because the return value of "org.eclipse.wildwebdeveloper.embedder.node.NodeJSManager.getNodeJsLocation()" is null
	at org.eclipse.wildwebdeveloper.html.HTMLLanguageServer.<init>(HTMLLanguageServer.java:40)
	... 17 more

!ENTRY org.eclipse.lsp4e 4 0 2025-12-22 22:01:08.137
!MESSAGE Cannot invoke "org.eclipse.lsp4e.server.StreamConnectionProvider.getInputStream()" because "this.lspStreamProvider" is null
!STACK 0
java.lang.NullPointerException: Cannot invoke "org.eclipse.lsp4e.server.StreamConnectionProvider.getInputStream()" because "this.lspStreamProvider" is null
	at org.eclipse.lsp4e.LanguageServerWrapper.lambda$1(LanguageServerWrapper.java:284)
	at java.base/java.util.concurrent.CompletableFuture$UniApply.tryFire(CompletableFuture.java:646)
	at java.base/java.util.concurrent.CompletableFuture.postComplete(CompletableFuture.java:510)
	at java.base/java.util.concurrent.CompletableFuture$AsyncSupply.run(CompletableFuture.java:1773)
	at java.base/java.util.concurrent.CompletableFuture$AsyncSupply.exec(CompletableFuture.java:1760)
	at java.base/java.util.concurrent.ForkJoinTask.doExec(ForkJoinTask.java:373)
	at java.base/java.util.concurrent.ForkJoinPool$WorkQueue.topLevelExec(ForkJoinPool.java:1182)
	at java.base/java.util.concurrent.ForkJoinPool.scan(ForkJoinPool.java:1655)
	at java.base/java.util.concurrent.ForkJoinPool.runWorker(ForkJoinPool.java:1622)
	at java.base/java.util.concurrent.ForkJoinWorkerThread.run(ForkJoinWorkerThread.java:165)

!ENTRY org.eclipse.lsp4e 4 0 2025-12-22 22:01:08.137
!MESSAGE Cannot invoke "org.eclipse.lsp4e.server.StreamConnectionProvider.getInputStream()" because "this.lspStreamProvider" is null
!STACK 0
java.lang.NullPointerException: Cannot invoke "org.eclipse.lsp4e.server.StreamConnectionProvider.getInputStream()" because "this.lspStreamProvider" is null
	at org.eclipse.lsp4e.LanguageServerWrapper.lambda$1(LanguageServerWrapper.java:284)
	at java.base/java.util.concurrent.CompletableFuture$UniApply.tryFire(CompletableFuture.java:646)
	at java.base/java.util.concurrent.CompletableFuture.postComplete(CompletableFuture.java:510)
	at java.base/java.util.concurrent.CompletableFuture$AsyncSupply.run(CompletableFuture.java:1773)
	at java.base/java.util.concurrent.CompletableFuture$AsyncSupply.exec(CompletableFuture.java:1760)
	at java.base/java.util.concurrent.ForkJoinTask.doExec(ForkJoinTask.java:373)
	at java.base/java.util.concurrent.ForkJoinPool$WorkQueue.topLevelExec(ForkJoinPool.java:1182)
	at java.base/java.util.concurrent.ForkJoinPool.scan(ForkJoinPool.java:1655)
	at java.base/java.util.concurrent.ForkJoinPool.runWorker(ForkJoinPool.java:1622)
	at java.base/java.util.concurrent.ForkJoinWorkerThread.run(ForkJoinWorkerThread.java:165)

!ENTRY org.eclipse.lsp4e 4 0 2025-12-22 22:01:08.204
!MESSAGE プラグイン "org.eclipse.wildwebdeveloper" は、クラス "org.eclipse.wildwebdeveloper.angular.AngularLanguageServer" をインスタンス化できませんでした。
!STACK 1
org.eclipse.core.runtime.CoreException: プラグイン "org.eclipse.wildwebdeveloper" は、クラス "org.eclipse.wildwebdeveloper.angular.AngularLanguageServer" をインスタンス化できませんでした。
	at org.eclipse.core.internal.registry.osgi.RegistryStrategyOSGI.throwException(RegistryStrategyOSGI.java:212)
	at org.eclipse.core.internal.registry.osgi.RegistryStrategyOSGI.createExecutableExtension(RegistryStrategyOSGI.java:206)
	at org.eclipse.core.internal.registry.ExtensionRegistry.createExecutableExtension(ExtensionRegistry.java:920)
	at org.eclipse.core.internal.registry.ConfigurationElement.createExecutableExtension(ConfigurationElement.java:246)
	at org.eclipse.core.internal.registry.ConfigurationElementHandle.createExecutableExtension(ConfigurationElementHandle.java:63)
	at org.eclipse.lsp4e.LanguageServersRegistry$ExtensionLanguageServerDefinition.createConnectionProvider(LanguageServersRegistry.java:161)
	at org.eclipse.lsp4e.LanguageServerWrapper.lambda$0(LanguageServerWrapper.java:233)
	at java.base/java.util.concurrent.CompletableFuture$AsyncSupply.run(CompletableFuture.java:1768)
	at java.base/java.util.concurrent.CompletableFuture$AsyncSupply.exec(CompletableFuture.java:1760)
	at java.base/java.util.concurrent.ForkJoinTask.doExec(ForkJoinTask.java:373)
	at java.base/java.util.concurrent.ForkJoinPool$WorkQueue.topLevelExec(ForkJoinPool.java:1182)
	at java.base/java.util.concurrent.ForkJoinPool.scan(ForkJoinPool.java:1655)
	at java.base/java.util.concurrent.ForkJoinPool.runWorker(ForkJoinPool.java:1622)
	at java.base/java.util.concurrent.ForkJoinWorkerThread.run(ForkJoinWorkerThread.java:165)
Caused by: java.lang.reflect.InvocationTargetException
	at jdk.internal.reflect.GeneratedConstructorAccessor122.newInstance(Unknown Source)
	at java.base/jdk.internal.reflect.DelegatingConstructorAccessorImpl.newInstance(DelegatingConstructorAccessorImpl.java:45)
	at java.base/java.lang.reflect.Constructor.newInstanceWithCaller(Constructor.java:499)
	at java.base/java.lang.reflect.Constructor.newInstance(Constructor.java:480)
	at org.eclipse.core.internal.registry.osgi.RegistryStrategyOSGI.createExecutableExtension(RegistryStrategyOSGI.java:204)
	... 12 more
Caused by: java.lang.NullPointerException: Cannot invoke "java.io.File.getAbsolutePath()" because the return value of "org.eclipse.wildwebdeveloper.embedder.node.NodeJSManager.getNodeJsLocation()" is null
	at org.eclipse.wildwebdeveloper.angular.AngularLanguageServer.<init>(AngularLanguageServer.java:43)
	... 17 more
!SUBENTRY 1 org.eclipse.equinox.registry 4 1 2025-12-22 22:01:08.204
!MESSAGE プラグイン "org.eclipse.wildwebdeveloper" は、クラス "org.eclipse.wildwebdeveloper.angular.AngularLanguageServer" をインスタンス化できませんでした。
!STACK 0
java.lang.reflect.InvocationTargetException
	at jdk.internal.reflect.GeneratedConstructorAccessor122.newInstance(Unknown Source)
	at java.base/jdk.internal.reflect.DelegatingConstructorAccessorImpl.newInstance(DelegatingConstructorAccessorImpl.java:45)
	at java.base/java.lang.reflect.Constructor.newInstanceWithCaller(Constructor.java:499)
	at java.base/java.lang.reflect.Constructor.newInstance(Constructor.java:480)
	at org.eclipse.core.internal.registry.osgi.RegistryStrategyOSGI.createExecutableExtension(RegistryStrategyOSGI.java:204)
	at org.eclipse.core.internal.registry.ExtensionRegistry.createExecutableExtension(ExtensionRegistry.java:920)
	at org.eclipse.core.internal.registry.ConfigurationElement.createExecutableExtension(ConfigurationElement.java:246)
	at org.eclipse.core.internal.registry.ConfigurationElementHandle.createExecutableExtension(ConfigurationElementHandle.java:63)
	at org.eclipse.lsp4e.LanguageServersRegistry$ExtensionLanguageServerDefinition.createConnectionProvider(LanguageServersRegistry.java:161)
	at org.eclipse.lsp4e.LanguageServerWrapper.lambda$0(LanguageServerWrapper.java:233)
	at java.base/java.util.concurrent.CompletableFuture$AsyncSupply.run(CompletableFuture.java:1768)
	at java.base/java.util.concurrent.CompletableFuture$AsyncSupply.exec(CompletableFuture.java:1760)
	at java.base/java.util.concurrent.ForkJoinTask.doExec(ForkJoinTask.java:373)
	at java.base/java.util.concurrent.ForkJoinPool$WorkQueue.topLevelExec(ForkJoinPool.java:1182)
	at java.base/java.util.concurrent.ForkJoinPool.scan(ForkJoinPool.java:1655)
	at java.base/java.util.concurrent.ForkJoinPool.runWorker(ForkJoinPool.java:1622)
	at java.base/java.util.concurrent.ForkJoinWorkerThread.run(ForkJoinWorkerThread.java:165)
Caused by: java.lang.NullPointerException: Cannot invoke "java.io.File.getAbsolutePath()" because the return value of "org.eclipse.wildwebdeveloper.embedder.node.NodeJSManager.getNodeJsLocation()" is null
	at org.eclipse.wildwebdeveloper.angular.AngularLanguageServer.<init>(AngularLanguageServer.java:43)
	... 17 more
Root exception:
java.lang.NullPointerException: Cannot invoke "java.io.File.getAbsolutePath()" because the return value of "org.eclipse.wildwebdeveloper.embedder.node.NodeJSManager.getNodeJsLocation()" is null
	at org.eclipse.wildwebdeveloper.angular.AngularLanguageServer.<init>(AngularLanguageServer.java:43)
	at jdk.internal.reflect.GeneratedConstructorAccessor122.newInstance(Unknown Source)
	at java.base/jdk.internal.reflect.DelegatingConstructorAccessorImpl.newInstance(DelegatingConstructorAccessorImpl.java:45)
	at java.base/java.lang.reflect.Constructor.newInstanceWithCaller(Constructor.java:499)
	at java.base/java.lang.reflect.Constructor.newInstance(Constructor.java:480)
	at org.eclipse.core.internal.registry.osgi.RegistryStrategyOSGI.createExecutableExtension(RegistryStrategyOSGI.java:204)
	at org.eclipse.core.internal.registry.ExtensionRegistry.createExecutableExtension(ExtensionRegistry.java:920)
	at org.eclipse.core.internal.registry.ConfigurationElement.createExecutableExtension(ConfigurationElement.java:246)
	at org.eclipse.core.internal.registry.ConfigurationElementHandle.createExecutableExtension(ConfigurationElementHandle.java:63)
	at org.eclipse.lsp4e.LanguageServersRegistry$ExtensionLanguageServerDefinition.createConnectionProvider(LanguageServersRegistry.java:161)
	at org.eclipse.lsp4e.LanguageServerWrapper.lambda$0(LanguageServerWrapper.java:233)
	at java.base/java.util.concurrent.CompletableFuture$AsyncSupply.run(CompletableFuture.java:1768)
	at java.base/java.util.concurrent.CompletableFuture$AsyncSupply.exec(CompletableFuture.java:1760)
	at java.base/java.util.concurrent.ForkJoinTask.doExec(ForkJoinTask.java:373)
	at java.base/java.util.concurrent.ForkJoinPool$WorkQueue.topLevelExec(ForkJoinPool.java:1182)
	at java.base/java.util.concurrent.ForkJoinPool.scan(ForkJoinPool.java:1655)
	at java.base/java.util.concurrent.ForkJoinPool.runWorker(ForkJoinPool.java:1622)
	at java.base/java.util.concurrent.ForkJoinWorkerThread.run(ForkJoinWorkerThread.java:165)

!ENTRY org.eclipse.lsp4e 4 0 2025-12-22 22:01:08.204
!MESSAGE プラグイン "org.eclipse.wildwebdeveloper" は、クラス "org.eclipse.wildwebdeveloper.html.HTMLLanguageServer" をインスタンス化できませんでした。
!STACK 1
org.eclipse.core.runtime.CoreException: プラグイン "org.eclipse.wildwebdeveloper" は、クラス "org.eclipse.wildwebdeveloper.html.HTMLLanguageServer" をインスタンス化できませんでした。
	at org.eclipse.core.internal.registry.osgi.RegistryStrategyOSGI.throwException(RegistryStrategyOSGI.java:212)
	at org.eclipse.core.internal.registry.osgi.RegistryStrategyOSGI.createExecutableExtension(RegistryStrategyOSGI.java:206)
	at org.eclipse.core.internal.registry.ExtensionRegistry.createExecutableExtension(ExtensionRegistry.java:920)
	at org.eclipse.core.internal.registry.ConfigurationElement.createExecutableExtension(ConfigurationElement.java:246)
	at org.eclipse.core.internal.registry.ConfigurationElementHandle.createExecutableExtension(ConfigurationElementHandle.java:63)
	at org.eclipse.lsp4e.LanguageServersRegistry$ExtensionLanguageServerDefinition.createConnectionProvider(LanguageServersRegistry.java:161)
	at org.eclipse.lsp4e.LanguageServerWrapper.lambda$0(LanguageServerWrapper.java:233)
	at java.base/java.util.concurrent.CompletableFuture$AsyncSupply.run(CompletableFuture.java:1768)
	at java.base/java.util.concurrent.CompletableFuture$AsyncSupply.exec(CompletableFuture.java:1760)
	at java.base/java.util.concurrent.ForkJoinTask.doExec(ForkJoinTask.java:373)
	at java.base/java.util.concurrent.ForkJoinPool$WorkQueue.topLevelExec(ForkJoinPool.java:1182)
	at java.base/java.util.concurrent.ForkJoinPool.scan(ForkJoinPool.java:1655)
	at java.base/java.util.concurrent.ForkJoinPool.runWorker(ForkJoinPool.java:1622)
	at java.base/java.util.concurrent.ForkJoinWorkerThread.run(ForkJoinWorkerThread.java:165)
Caused by: java.lang.reflect.InvocationTargetException
	at jdk.internal.reflect.GeneratedConstructorAccessor123.newInstance(Unknown Source)
	at java.base/jdk.internal.reflect.DelegatingConstructorAccessorImpl.newInstance(DelegatingConstructorAccessorImpl.java:45)
	at java.base/java.lang.reflect.Constructor.newInstanceWithCaller(Constructor.java:499)
	at java.base/java.lang.reflect.Constructor.newInstance(Constructor.java:480)
	at org.eclipse.core.internal.registry.osgi.RegistryStrategyOSGI.createExecutableExtension(RegistryStrategyOSGI.java:204)
	... 12 more
Caused by: java.lang.NullPointerException: Cannot invoke "java.io.File.getAbsolutePath()" because the return value of "org.eclipse.wildwebdeveloper.embedder.node.NodeJSManager.getNodeJsLocation()" is null
	at org.eclipse.wildwebdeveloper.html.HTMLLanguageServer.<init>(HTMLLanguageServer.java:40)
	... 17 more
!SUBENTRY 1 org.eclipse.equinox.registry 4 1 2025-12-22 22:01:08.204
!MESSAGE プラグイン "org.eclipse.wildwebdeveloper" は、クラス "org.eclipse.wildwebdeveloper.html.HTMLLanguageServer" をインスタンス化できませんでした。
!STACK 0
java.lang.reflect.InvocationTargetException
	at jdk.internal.reflect.GeneratedConstructorAccessor123.newInstance(Unknown Source)
	at java.base/jdk.internal.reflect.DelegatingConstructorAccessorImpl.newInstance(DelegatingConstructorAccessorImpl.java:45)
	at java.base/java.lang.reflect.Constructor.newInstanceWithCaller(Constructor.java:499)
	at java.base/java.lang.reflect.Constructor.newInstance(Constructor.java:480)
	at org.eclipse.core.internal.registry.osgi.RegistryStrategyOSGI.createExecutableExtension(RegistryStrategyOSGI.java:204)
	at org.eclipse.core.internal.registry.ExtensionRegistry.createExecutableExtension(ExtensionRegistry.java:920)
	at org.eclipse.core.internal.registry.ConfigurationElement.createExecutableExtension(ConfigurationElement.java:246)
	at org.eclipse.core.internal.registry.ConfigurationElementHandle.createExecutableExtension(ConfigurationElementHandle.java:63)
	at org.eclipse.lsp4e.LanguageServersRegistry$ExtensionLanguageServerDefinition.createConnectionProvider(LanguageServersRegistry.java:161)
	at org.eclipse.lsp4e.LanguageServerWrapper.lambda$0(LanguageServerWrapper.java:233)
	at java.base/java.util.concurrent.CompletableFuture$AsyncSupply.run(CompletableFuture.java:1768)
	at java.base/java.util.concurrent.CompletableFuture$AsyncSupply.exec(CompletableFuture.java:1760)
	at java.base/java.util.concurrent.ForkJoinTask.doExec(ForkJoinTask.java:373)
	at java.base/java.util.concurrent.ForkJoinPool$WorkQueue.topLevelExec(ForkJoinPool.java:1182)
	at java.base/java.util.concurrent.ForkJoinPool.scan(ForkJoinPool.java:1655)
	at java.base/java.util.concurrent.ForkJoinPool.runWorker(ForkJoinPool.java:1622)
	at java.base/java.util.concurrent.ForkJoinWorkerThread.run(ForkJoinWorkerThread.java:165)
Caused by: java.lang.NullPointerException: Cannot invoke "java.io.File.getAbsolutePath()" because the return value of "org.eclipse.wildwebdeveloper.embedder.node.NodeJSManager.getNodeJsLocation()" is null
	at org.eclipse.wildwebdeveloper.html.HTMLLanguageServer.<init>(HTMLLanguageServer.java:40)
	... 17 more
Root exception:
java.lang.NullPointerException: Cannot invoke "java.io.File.getAbsolutePath()" because the return value of "org.eclipse.wildwebdeveloper.embedder.node.NodeJSManager.getNodeJsLocation()" is null
	at org.eclipse.wildwebdeveloper.html.HTMLLanguageServer.<init>(HTMLLanguageServer.java:40)
	at jdk.internal.reflect.GeneratedConstructorAccessor123.newInstance(Unknown Source)
	at java.base/jdk.internal.reflect.DelegatingConstructorAccessorImpl.newInstance(DelegatingConstructorAccessorImpl.java:45)
	at java.base/java.lang.reflect.Constructor.newInstanceWithCaller(Constructor.java:499)
	at java.base/java.lang.reflect.Constructor.newInstance(Constructor.java:480)
	at org.eclipse.core.internal.registry.osgi.RegistryStrategyOSGI.createExecutableExtension(RegistryStrategyOSGI.java:204)
	at org.eclipse.core.internal.registry.ExtensionRegistry.createExecutableExtension(ExtensionRegistry.java:920)
	at org.eclipse.core.internal.registry.ConfigurationElement.createExecutableExtension(ConfigurationElement.java:246)
	at org.eclipse.core.internal.registry.ConfigurationElementHandle.createExecutableExtension(ConfigurationElementHandle.java:63)
	at org.eclipse.lsp4e.LanguageServersRegistry$ExtensionLanguageServerDefinition.createConnectionProvider(LanguageServersRegistry.java:161)
	at org.eclipse.lsp4e.LanguageServerWrapper.lambda$0(LanguageServerWrapper.java:233)
	at java.base/java.util.concurrent.CompletableFuture$AsyncSupply.run(CompletableFuture.java:1768)
	at java.base/java.util.concurrent.CompletableFuture$AsyncSupply.exec(CompletableFuture.java:1760)
	at java.base/java.util.concurrent.ForkJoinTask.doExec(ForkJoinTask.java:373)
	at java.base/java.util.concurrent.ForkJoinPool$WorkQueue.topLevelExec(ForkJoinPool.java:1182)
	at java.base/java.util.concurrent.ForkJoinPool.scan(ForkJoinPool.java:1655)
	at java.base/java.util.concurrent.ForkJoinPool.runWorker(ForkJoinPool.java:1622)
	at java.base/java.util.concurrent.ForkJoinWorkerThread.run(ForkJoinWorkerThread.java:165)

!ENTRY org.eclipse.lsp4e 4 0 2025-12-22 22:01:08.204
!MESSAGE Exception occurred while creating an instance of the stream connection provider
!STACK 0
java.lang.RuntimeException: Exception occurred while creating an instance of the stream connection provider
	at org.eclipse.lsp4e.LanguageServersRegistry$ExtensionLanguageServerDefinition.createConnectionProvider(LanguageServersRegistry.java:164)
	at org.eclipse.lsp4e.LanguageServerWrapper.lambda$0(LanguageServerWrapper.java:233)
	at java.base/java.util.concurrent.CompletableFuture$AsyncSupply.run(CompletableFuture.java:1768)
	at java.base/java.util.concurrent.CompletableFuture$AsyncSupply.exec(CompletableFuture.java:1760)
	at java.base/java.util.concurrent.ForkJoinTask.doExec(ForkJoinTask.java:373)
	at java.base/java.util.concurrent.ForkJoinPool$WorkQueue.topLevelExec(ForkJoinPool.java:1182)
	at java.base/java.util.concurrent.ForkJoinPool.scan(ForkJoinPool.java:1655)
	at java.base/java.util.concurrent.ForkJoinPool.runWorker(ForkJoinPool.java:1622)
	at java.base/java.util.concurrent.ForkJoinWorkerThread.run(ForkJoinWorkerThread.java:165)
Caused by: org.eclipse.core.runtime.CoreException: プラグイン "org.eclipse.wildwebdeveloper" は、クラス "org.eclipse.wildwebdeveloper.angular.AngularLanguageServer" をインスタンス化できませんでした。
	at org.eclipse.core.internal.registry.osgi.RegistryStrategyOSGI.throwException(RegistryStrategyOSGI.java:212)
	at org.eclipse.core.internal.registry.osgi.RegistryStrategyOSGI.createExecutableExtension(RegistryStrategyOSGI.java:206)
	at org.eclipse.core.internal.registry.ExtensionRegistry.createExecutableExtension(ExtensionRegistry.java:920)
	at org.eclipse.core.internal.registry.ConfigurationElement.createExecutableExtension(ConfigurationElement.java:246)
	at org.eclipse.core.internal.registry.ConfigurationElementHandle.createExecutableExtension(ConfigurationElementHandle.java:63)
	at org.eclipse.lsp4e.LanguageServersRegistry$ExtensionLanguageServerDefinition.createConnectionProvider(LanguageServersRegistry.java:161)
	... 8 more
Caused by: java.lang.reflect.InvocationTargetException
	at jdk.internal.reflect.GeneratedConstructorAccessor122.newInstance(Unknown Source)
	at java.base/jdk.internal.reflect.DelegatingConstructorAccessorImpl.newInstance(DelegatingConstructorAccessorImpl.java:45)
	at java.base/java.lang.reflect.Constructor.newInstanceWithCaller(Constructor.java:499)
	at java.base/java.lang.reflect.Constructor.newInstance(Constructor.java:480)
	at org.eclipse.core.internal.registry.osgi.RegistryStrategyOSGI.createExecutableExtension(RegistryStrategyOSGI.java:204)
	... 12 more
Caused by: java.lang.NullPointerException: Cannot invoke "java.io.File.getAbsolutePath()" because the return value of "org.eclipse.wildwebdeveloper.embedder.node.NodeJSManager.getNodeJsLocation()" is null
	at org.eclipse.wildwebdeveloper.angular.AngularLanguageServer.<init>(AngularLanguageServer.java:43)
	... 17 more

!ENTRY org.eclipse.lsp4e 4 0 2025-12-22 22:01:08.204
!MESSAGE Exception occurred while creating an instance of the stream connection provider
!STACK 0
java.lang.RuntimeException: Exception occurred while creating an instance of the stream connection provider
	at org.eclipse.lsp4e.LanguageServersRegistry$ExtensionLanguageServerDefinition.createConnectionProvider(LanguageServersRegistry.java:164)
	at org.eclipse.lsp4e.LanguageServerWrapper.lambda$0(LanguageServerWrapper.java:233)
	at java.base/java.util.concurrent.CompletableFuture$AsyncSupply.run(CompletableFuture.java:1768)
	at java.base/java.util.concurrent.CompletableFuture$AsyncSupply.exec(CompletableFuture.java:1760)
	at java.base/java.util.concurrent.ForkJoinTask.doExec(ForkJoinTask.java:373)
	at java.base/java.util.concurrent.ForkJoinPool$WorkQueue.topLevelExec(ForkJoinPool.java:1182)
	at java.base/java.util.concurrent.ForkJoinPool.scan(ForkJoinPool.java:1655)
	at java.base/java.util.concurrent.ForkJoinPool.runWorker(ForkJoinPool.java:1622)
	at java.base/java.util.concurrent.ForkJoinWorkerThread.run(ForkJoinWorkerThread.java:165)
Caused by: org.eclipse.core.runtime.CoreException: プラグイン "org.eclipse.wildwebdeveloper" は、クラス "org.eclipse.wildwebdeveloper.html.HTMLLanguageServer" をインスタンス化できませんでした。
	at org.eclipse.core.internal.registry.osgi.RegistryStrategyOSGI.throwException(RegistryStrategyOSGI.java:212)
	at org.eclipse.core.internal.registry.osgi.RegistryStrategyOSGI.createExecutableExtension(RegistryStrategyOSGI.java:206)
	at org.eclipse.core.internal.registry.ExtensionRegistry.createExecutableExtension(ExtensionRegistry.java:920)
	at org.eclipse.core.internal.registry.ConfigurationElement.createExecutableExtension(ConfigurationElement.java:246)
	at org.eclipse.core.internal.registry.ConfigurationElementHandle.createExecutableExtension(ConfigurationElementHandle.java:63)
	at org.eclipse.lsp4e.LanguageServersRegistry$ExtensionLanguageServerDefinition.createConnectionProvider(LanguageServersRegistry.java:161)
	... 8 more
Caused by: java.lang.reflect.InvocationTargetException
	at jdk.internal.reflect.GeneratedConstructorAccessor123.newInstance(Unknown Source)
	at java.base/jdk.internal.reflect.DelegatingConstructorAccessorImpl.newInstance(DelegatingConstructorAccessorImpl.java:45)
	at java.base/java.lang.reflect.Constructor.newInstanceWithCaller(Constructor.java:499)
	at java.base/java.lang.reflect.Constructor.newInstance(Constructor.java:480)
	at org.eclipse.core.internal.registry.osgi.RegistryStrategyOSGI.createExecutableExtension(RegistryStrategyOSGI.java:204)
	... 12 more
Caused by: java.lang.NullPointerException: Cannot invoke "java.io.File.getAbsolutePath()" because the return value of "org.eclipse.wildwebdeveloper.embedder.node.NodeJSManager.getNodeJsLocation()" is null
	at org.eclipse.wildwebdeveloper.html.HTMLLanguageServer.<init>(HTMLLanguageServer.java:40)
	... 17 more

!ENTRY org.eclipse.lsp4e 4 0 2025-12-22 22:01:08.204
!MESSAGE Cannot invoke "org.eclipse.lsp4e.server.StreamConnectionProvider.getInputStream()" because "this.lspStreamProvider" is null
!STACK 0
java.lang.NullPointerException: Cannot invoke "org.eclipse.lsp4e.server.StreamConnectionProvider.getInputStream()" because "this.lspStreamProvider" is null
	at org.eclipse.lsp4e.LanguageServerWrapper.lambda$1(LanguageServerWrapper.java:284)
	at java.base/java.util.concurrent.CompletableFuture$UniApply.tryFire(CompletableFuture.java:646)
	at java.base/java.util.concurrent.CompletableFuture.postComplete(CompletableFuture.java:510)
	at java.base/java.util.concurrent.CompletableFuture$AsyncSupply.run(CompletableFuture.java:1773)
	at java.base/java.util.concurrent.CompletableFuture$AsyncSupply.exec(CompletableFuture.java:1760)
	at java.base/java.util.concurrent.ForkJoinTask.doExec(ForkJoinTask.java:373)
	at java.base/java.util.concurrent.ForkJoinPool$WorkQueue.topLevelExec(ForkJoinPool.java:1182)
	at java.base/java.util.concurrent.ForkJoinPool.scan(ForkJoinPool.java:1655)
	at java.base/java.util.concurrent.ForkJoinPool.runWorker(ForkJoinPool.java:1622)
	at java.base/java.util.concurrent.ForkJoinWorkerThread.run(ForkJoinWorkerThread.java:165)

!ENTRY org.eclipse.lsp4e 4 0 2025-12-22 22:01:08.206
!MESSAGE Cannot invoke "org.eclipse.lsp4e.server.StreamConnectionProvider.getInputStream()" because "this.lspStreamProvider" is null
!STACK 0
java.lang.NullPointerException: Cannot invoke "org.eclipse.lsp4e.server.StreamConnectionProvider.getInputStream()" because "this.lspStreamProvider" is null
	at org.eclipse.lsp4e.LanguageServerWrapper.lambda$1(LanguageServerWrapper.java:284)
	at java.base/java.util.concurrent.CompletableFuture$UniApply.tryFire(CompletableFuture.java:646)
	at java.base/java.util.concurrent.CompletableFuture.postComplete(CompletableFuture.java:510)
	at java.base/java.util.concurrent.CompletableFuture$AsyncSupply.run(CompletableFuture.java:1773)
	at java.base/java.util.concurrent.CompletableFuture$AsyncSupply.exec(CompletableFuture.java:1760)
	at java.base/java.util.concurrent.ForkJoinTask.doExec(ForkJoinTask.java:373)
	at java.base/java.util.concurrent.ForkJoinPool$WorkQueue.topLevelExec(ForkJoinPool.java:1182)
	at java.base/java.util.concurrent.ForkJoinPool.scan(ForkJoinPool.java:1655)
	at java.base/java.util.concurrent.ForkJoinPool.runWorker(ForkJoinPool.java:1622)
	at java.base/java.util.concurrent.ForkJoinWorkerThread.run(ForkJoinWorkerThread.java:165)

!ENTRY org.eclipse.lsp4e 4 0 2025-12-22 22:01:20.839
!MESSAGE プラグイン "org.eclipse.wildwebdeveloper" は、クラス "org.eclipse.wildwebdeveloper.angular.AngularLanguageServer" をインスタンス化できませんでした。
!STACK 1
org.eclipse.core.runtime.CoreException: プラグイン "org.eclipse.wildwebdeveloper" は、クラス "org.eclipse.wildwebdeveloper.angular.AngularLanguageServer" をインスタンス化できませんでした。
	at org.eclipse.core.internal.registry.osgi.RegistryStrategyOSGI.throwException(RegistryStrategyOSGI.java:212)
	at org.eclipse.core.internal.registry.osgi.RegistryStrategyOSGI.createExecutableExtension(RegistryStrategyOSGI.java:206)
	at org.eclipse.core.internal.registry.ExtensionRegistry.createExecutableExtension(ExtensionRegistry.java:920)
	at org.eclipse.core.internal.registry.ConfigurationElement.createExecutableExtension(ConfigurationElement.java:246)
	at org.eclipse.core.internal.registry.ConfigurationElementHandle.createExecutableExtension(ConfigurationElementHandle.java:63)
	at org.eclipse.lsp4e.LanguageServersRegistry$ExtensionLanguageServerDefinition.createConnectionProvider(LanguageServersRegistry.java:161)
	at org.eclipse.lsp4e.LanguageServerWrapper.lambda$0(LanguageServerWrapper.java:233)
	at java.base/java.util.concurrent.CompletableFuture$AsyncSupply.run(CompletableFuture.java:1768)
	at java.base/java.util.concurrent.CompletableFuture$AsyncSupply.exec(CompletableFuture.java:1760)
	at java.base/java.util.concurrent.ForkJoinTask.doExec(ForkJoinTask.java:373)
	at java.base/java.util.concurrent.ForkJoinPool$WorkQueue.topLevelExec(ForkJoinPool.java:1182)
	at java.base/java.util.concurrent.ForkJoinPool.scan(ForkJoinPool.java:1655)
	at java.base/java.util.concurrent.ForkJoinPool.runWorker(ForkJoinPool.java:1622)
	at java.base/java.util.concurrent.ForkJoinWorkerThread.run(ForkJoinWorkerThread.java:165)
Caused by: java.lang.reflect.InvocationTargetException
	at jdk.internal.reflect.GeneratedConstructorAccessor122.newInstance(Unknown Source)
	at java.base/jdk.internal.reflect.DelegatingConstructorAccessorImpl.newInstance(DelegatingConstructorAccessorImpl.java:45)
	at java.base/java.lang.reflect.Constructor.newInstanceWithCaller(Constructor.java:499)
	at java.base/java.lang.reflect.Constructor.newInstance(Constructor.java:480)
	at org.eclipse.core.internal.registry.osgi.RegistryStrategyOSGI.createExecutableExtension(RegistryStrategyOSGI.java:204)
	... 12 more
Caused by: java.lang.NullPointerException: Cannot invoke "java.io.File.getAbsolutePath()" because the return value of "org.eclipse.wildwebdeveloper.embedder.node.NodeJSManager.getNodeJsLocation()" is null
	at org.eclipse.wildwebdeveloper.angular.AngularLanguageServer.<init>(AngularLanguageServer.java:43)
	... 17 more
!SUBENTRY 1 org.eclipse.equinox.registry 4 1 2025-12-22 22:01:20.839
!MESSAGE プラグイン "org.eclipse.wildwebdeveloper" は、クラス "org.eclipse.wildwebdeveloper.angular.AngularLanguageServer" をインスタンス化できませんでした。
!STACK 0
java.lang.reflect.InvocationTargetException
	at jdk.internal.reflect.GeneratedConstructorAccessor122.newInstance(Unknown Source)
	at java.base/jdk.internal.reflect.DelegatingConstructorAccessorImpl.newInstance(DelegatingConstructorAccessorImpl.java:45)
	at java.base/java.lang.reflect.Constructor.newInstanceWithCaller(Constructor.java:499)
	at java.base/java.lang.reflect.Constructor.newInstance(Constructor.java:480)
	at org.eclipse.core.internal.registry.osgi.RegistryStrategyOSGI.createExecutableExtension(RegistryStrategyOSGI.java:204)
	at org.eclipse.core.internal.registry.ExtensionRegistry.createExecutableExtension(ExtensionRegistry.java:920)
	at org.eclipse.core.internal.registry.ConfigurationElement.createExecutableExtension(ConfigurationElement.java:246)
	at org.eclipse.core.internal.registry.ConfigurationElementHandle.createExecutableExtension(ConfigurationElementHandle.java:63)
	at org.eclipse.lsp4e.LanguageServersRegistry$ExtensionLanguageServerDefinition.createConnectionProvider(LanguageServersRegistry.java:161)
	at org.eclipse.lsp4e.LanguageServerWrapper.lambda$0(LanguageServerWrapper.java:233)
	at java.base/java.util.concurrent.CompletableFuture$AsyncSupply.run(CompletableFuture.java:1768)
	at java.base/java.util.concurrent.CompletableFuture$AsyncSupply.exec(CompletableFuture.java:1760)
	at java.base/java.util.concurrent.ForkJoinTask.doExec(ForkJoinTask.java:373)
	at java.base/java.util.concurrent.ForkJoinPool$WorkQueue.topLevelExec(ForkJoinPool.java:1182)
	at java.base/java.util.concurrent.ForkJoinPool.scan(ForkJoinPool.java:1655)
	at java.base/java.util.concurrent.ForkJoinPool.runWorker(ForkJoinPool.java:1622)
	at java.base/java.util.concurrent.ForkJoinWorkerThread.run(ForkJoinWorkerThread.java:165)
Caused by: java.lang.NullPointerException: Cannot invoke "java.io.File.getAbsolutePath()" because the return value of "org.eclipse.wildwebdeveloper.embedder.node.NodeJSManager.getNodeJsLocation()" is null
	at org.eclipse.wildwebdeveloper.angular.AngularLanguageServer.<init>(AngularLanguageServer.java:43)
	... 17 more
Root exception:
java.lang.NullPointerException: Cannot invoke "java.io.File.getAbsolutePath()" because the return value of "org.eclipse.wildwebdeveloper.embedder.node.NodeJSManager.getNodeJsLocation()" is null
	at org.eclipse.wildwebdeveloper.angular.AngularLanguageServer.<init>(AngularLanguageServer.java:43)
	at jdk.internal.reflect.GeneratedConstructorAccessor122.newInstance(Unknown Source)
	at java.base/jdk.internal.reflect.DelegatingConstructorAccessorImpl.newInstance(DelegatingConstructorAccessorImpl.java:45)
	at java.base/java.lang.reflect.Constructor.newInstanceWithCaller(Constructor.java:499)
	at java.base/java.lang.reflect.Constructor.newInstance(Constructor.java:480)
	at org.eclipse.core.internal.registry.osgi.RegistryStrategyOSGI.createExecutableExtension(RegistryStrategyOSGI.java:204)
	at org.eclipse.core.internal.registry.ExtensionRegistry.createExecutableExtension(ExtensionRegistry.java:920)
	at org.eclipse.core.internal.registry.ConfigurationElement.createExecutableExtension(ConfigurationElement.java:246)
	at org.eclipse.core.internal.registry.ConfigurationElementHandle.createExecutableExtension(ConfigurationElementHandle.java:63)
	at org.eclipse.lsp4e.LanguageServersRegistry$ExtensionLanguageServerDefinition.createConnectionProvider(LanguageServersRegistry.java:161)
	at org.eclipse.lsp4e.LanguageServerWrapper.lambda$0(LanguageServerWrapper.java:233)
	at java.base/java.util.concurrent.CompletableFuture$AsyncSupply.run(CompletableFuture.java:1768)
	at java.base/java.util.concurrent.CompletableFuture$AsyncSupply.exec(CompletableFuture.java:1760)
	at java.base/java.util.concurrent.ForkJoinTask.doExec(ForkJoinTask.java:373)
	at java.base/java.util.concurrent.ForkJoinPool$WorkQueue.topLevelExec(ForkJoinPool.java:1182)
	at java.base/java.util.concurrent.ForkJoinPool.scan(ForkJoinPool.java:1655)
	at java.base/java.util.concurrent.ForkJoinPool.runWorker(ForkJoinPool.java:1622)
	at java.base/java.util.concurrent.ForkJoinWorkerThread.run(ForkJoinWorkerThread.java:165)

!ENTRY org.eclipse.lsp4e 4 0 2025-12-22 22:01:20.840
!MESSAGE Exception occurred while creating an instance of the stream connection provider
!STACK 0
java.lang.RuntimeException: Exception occurred while creating an instance of the stream connection provider
	at org.eclipse.lsp4e.LanguageServersRegistry$ExtensionLanguageServerDefinition.createConnectionProvider(LanguageServersRegistry.java:164)
	at org.eclipse.lsp4e.LanguageServerWrapper.lambda$0(LanguageServerWrapper.java:233)
	at java.base/java.util.concurrent.CompletableFuture$AsyncSupply.run(CompletableFuture.java:1768)
	at java.base/java.util.concurrent.CompletableFuture$AsyncSupply.exec(CompletableFuture.java:1760)
	at java.base/java.util.concurrent.ForkJoinTask.doExec(ForkJoinTask.java:373)
	at java.base/java.util.concurrent.ForkJoinPool$WorkQueue.topLevelExec(ForkJoinPool.java:1182)
	at java.base/java.util.concurrent.ForkJoinPool.scan(ForkJoinPool.java:1655)
	at java.base/java.util.concurrent.ForkJoinPool.runWorker(ForkJoinPool.java:1622)
	at java.base/java.util.concurrent.ForkJoinWorkerThread.run(ForkJoinWorkerThread.java:165)
Caused by: org.eclipse.core.runtime.CoreException: プラグイン "org.eclipse.wildwebdeveloper" は、クラス "org.eclipse.wildwebdeveloper.angular.AngularLanguageServer" をインスタンス化できませんでした。
	at org.eclipse.core.internal.registry.osgi.RegistryStrategyOSGI.throwException(RegistryStrategyOSGI.java:212)
	at org.eclipse.core.internal.registry.osgi.RegistryStrategyOSGI.createExecutableExtension(RegistryStrategyOSGI.java:206)
	at org.eclipse.core.internal.registry.ExtensionRegistry.createExecutableExtension(ExtensionRegistry.java:920)
	at org.eclipse.core.internal.registry.ConfigurationElement.createExecutableExtension(ConfigurationElement.java:246)
	at org.eclipse.core.internal.registry.ConfigurationElementHandle.createExecutableExtension(ConfigurationElementHandle.java:63)
	at org.eclipse.lsp4e.LanguageServersRegistry$ExtensionLanguageServerDefinition.createConnectionProvider(LanguageServersRegistry.java:161)
	... 8 more
Caused by: java.lang.reflect.InvocationTargetException
	at jdk.internal.reflect.GeneratedConstructorAccessor122.newInstance(Unknown Source)
	at java.base/jdk.internal.reflect.DelegatingConstructorAccessorImpl.newInstance(DelegatingConstructorAccessorImpl.java:45)
	at java.base/java.lang.reflect.Constructor.newInstanceWithCaller(Constructor.java:499)
	at java.base/java.lang.reflect.Constructor.newInstance(Constructor.java:480)
	at org.eclipse.core.internal.registry.osgi.RegistryStrategyOSGI.createExecutableExtension(RegistryStrategyOSGI.java:204)
	... 12 more
Caused by: java.lang.NullPointerException: Cannot invoke "java.io.File.getAbsolutePath()" because the return value of "org.eclipse.wildwebdeveloper.embedder.node.NodeJSManager.getNodeJsLocation()" is null
	at org.eclipse.wildwebdeveloper.angular.AngularLanguageServer.<init>(AngularLanguageServer.java:43)
	... 17 more

!ENTRY org.eclipse.lsp4e 4 0 2025-12-22 22:01:20.840
!MESSAGE Cannot invoke "org.eclipse.lsp4e.server.StreamConnectionProvider.getInputStream()" because "this.lspStreamProvider" is null
!STACK 0
java.lang.NullPointerException: Cannot invoke "org.eclipse.lsp4e.server.StreamConnectionProvider.getInputStream()" because "this.lspStreamProvider" is null
	at org.eclipse.lsp4e.LanguageServerWrapper.lambda$1(LanguageServerWrapper.java:284)
	at java.base/java.util.concurrent.CompletableFuture$UniApply.tryFire(CompletableFuture.java:646)
	at java.base/java.util.concurrent.CompletableFuture.postComplete(CompletableFuture.java:510)
	at java.base/java.util.concurrent.CompletableFuture$AsyncSupply.run(CompletableFuture.java:1773)
	at java.base/java.util.concurrent.CompletableFuture$AsyncSupply.exec(CompletableFuture.java:1760)
	at java.base/java.util.concurrent.ForkJoinTask.doExec(ForkJoinTask.java:373)
	at java.base/java.util.concurrent.ForkJoinPool$WorkQueue.topLevelExec(ForkJoinPool.java:1182)
	at java.base/java.util.concurrent.ForkJoinPool.scan(ForkJoinPool.java:1655)
	at java.base/java.util.concurrent.ForkJoinPool.runWorker(ForkJoinPool.java:1622)
	at java.base/java.util.concurrent.ForkJoinWorkerThread.run(ForkJoinWorkerThread.java:165)

!ENTRY org.eclipse.lsp4e 4 0 2025-12-22 22:01:20.841
!MESSAGE プラグイン "org.eclipse.wildwebdeveloper" は、クラス "org.eclipse.wildwebdeveloper.html.HTMLLanguageServer" をインスタンス化できませんでした。
!STACK 1
org.eclipse.core.runtime.CoreException: プラグイン "org.eclipse.wildwebdeveloper" は、クラス "org.eclipse.wildwebdeveloper.html.HTMLLanguageServer" をインスタンス化できませんでした。
	at org.eclipse.core.internal.registry.osgi.RegistryStrategyOSGI.throwException(RegistryStrategyOSGI.java:212)
	at org.eclipse.core.internal.registry.osgi.RegistryStrategyOSGI.createExecutableExtension(RegistryStrategyOSGI.java:206)
	at org.eclipse.core.internal.registry.ExtensionRegistry.createExecutableExtension(ExtensionRegistry.java:920)
	at org.eclipse.core.internal.registry.ConfigurationElement.createExecutableExtension(ConfigurationElement.java:246)
	at org.eclipse.core.internal.registry.ConfigurationElementHandle.createExecutableExtension(ConfigurationElementHandle.java:63)
	at org.eclipse.lsp4e.LanguageServersRegistry$ExtensionLanguageServerDefinition.createConnectionProvider(LanguageServersRegistry.java:161)
	at org.eclipse.lsp4e.LanguageServerWrapper.lambda$0(LanguageServerWrapper.java:233)
	at java.base/java.util.concurrent.CompletableFuture$AsyncSupply.run(CompletableFuture.java:1768)
	at java.base/java.util.concurrent.CompletableFuture$AsyncSupply.exec(CompletableFuture.java:1760)
	at java.base/java.util.concurrent.ForkJoinTask.doExec(ForkJoinTask.java:373)
	at java.base/java.util.concurrent.ForkJoinPool$WorkQueue.topLevelExec(ForkJoinPool.java:1182)
	at java.base/java.util.concurrent.ForkJoinPool.scan(ForkJoinPool.java:1655)
	at java.base/java.util.concurrent.ForkJoinPool.runWorker(ForkJoinPool.java:1622)
	at java.base/java.util.concurrent.ForkJoinWorkerThread.run(ForkJoinWorkerThread.java:165)
Caused by: java.lang.reflect.InvocationTargetException
	at jdk.internal.reflect.GeneratedConstructorAccessor123.newInstance(Unknown Source)
	at java.base/jdk.internal.reflect.DelegatingConstructorAccessorImpl.newInstance(DelegatingConstructorAccessorImpl.java:45)
	at java.base/java.lang.reflect.Constructor.newInstanceWithCaller(Constructor.java:499)
	at java.base/java.lang.reflect.Constructor.newInstance(Constructor.java:480)
	at org.eclipse.core.internal.registry.osgi.RegistryStrategyOSGI.createExecutableExtension(RegistryStrategyOSGI.java:204)
	... 12 more
Caused by: java.lang.NullPointerException: Cannot invoke "java.io.File.getAbsolutePath()" because the return value of "org.eclipse.wildwebdeveloper.embedder.node.NodeJSManager.getNodeJsLocation()" is null
	at org.eclipse.wildwebdeveloper.html.HTMLLanguageServer.<init>(HTMLLanguageServer.java:40)
	... 17 more
!SUBENTRY 1 org.eclipse.equinox.registry 4 1 2025-12-22 22:01:20.841
!MESSAGE プラグイン "org.eclipse.wildwebdeveloper" は、クラス "org.eclipse.wildwebdeveloper.html.HTMLLanguageServer" をインスタンス化できませんでした。
!STACK 0
java.lang.reflect.InvocationTargetException
	at jdk.internal.reflect.GeneratedConstructorAccessor123.newInstance(Unknown Source)
	at java.base/jdk.internal.reflect.DelegatingConstructorAccessorImpl.newInstance(DelegatingConstructorAccessorImpl.java:45)
	at java.base/java.lang.reflect.Constructor.newInstanceWithCaller(Constructor.java:499)
	at java.base/java.lang.reflect.Constructor.newInstance(Constructor.java:480)
	at org.eclipse.core.internal.registry.osgi.RegistryStrategyOSGI.createExecutableExtension(RegistryStrategyOSGI.java:204)
	at org.eclipse.core.internal.registry.ExtensionRegistry.createExecutableExtension(ExtensionRegistry.java:920)
	at org.eclipse.core.internal.registry.ConfigurationElement.createExecutableExtension(ConfigurationElement.java:246)
	at org.eclipse.core.internal.registry.ConfigurationElementHandle.createExecutableExtension(ConfigurationElementHandle.java:63)
	at org.eclipse.lsp4e.LanguageServersRegistry$ExtensionLanguageServerDefinition.createConnectionProvider(LanguageServersRegistry.java:161)
	at org.eclipse.lsp4e.LanguageServerWrapper.lambda$0(LanguageServerWrapper.java:233)
	at java.base/java.util.concurrent.CompletableFuture$AsyncSupply.run(CompletableFuture.java:1768)
	at java.base/java.util.concurrent.CompletableFuture$AsyncSupply.exec(CompletableFuture.java:1760)
	at java.base/java.util.concurrent.ForkJoinTask.doExec(ForkJoinTask.java:373)
	at java.base/java.util.concurrent.ForkJoinPool$WorkQueue.topLevelExec(ForkJoinPool.java:1182)
	at java.base/java.util.concurrent.ForkJoinPool.scan(ForkJoinPool.java:1655)
	at java.base/java.util.concurrent.ForkJoinPool.runWorker(ForkJoinPool.java:1622)
	at java.base/java.util.concurrent.ForkJoinWorkerThread.run(ForkJoinWorkerThread.java:165)
Caused by: java.lang.NullPointerException: Cannot invoke "java.io.File.getAbsolutePath()" because the return value of "org.eclipse.wildwebdeveloper.embedder.node.NodeJSManager.getNodeJsLocation()" is null
	at org.eclipse.wildwebdeveloper.html.HTMLLanguageServer.<init>(HTMLLanguageServer.java:40)
	... 17 more
Root exception:
java.lang.NullPointerException: Cannot invoke "java.io.File.getAbsolutePath()" because the return value of "org.eclipse.wildwebdeveloper.embedder.node.NodeJSManager.getNodeJsLocation()" is null
	at org.eclipse.wildwebdeveloper.html.HTMLLanguageServer.<init>(HTMLLanguageServer.java:40)
	at jdk.internal.reflect.GeneratedConstructorAccessor123.newInstance(Unknown Source)
	at java.base/jdk.internal.reflect.DelegatingConstructorAccessorImpl.newInstance(DelegatingConstructorAccessorImpl.java:45)
	at java.base/java.lang.reflect.Constructor.newInstanceWithCaller(Constructor.java:499)
	at java.base/java.lang.reflect.Constructor.newInstance(Constructor.java:480)
	at org.eclipse.core.internal.registry.osgi.RegistryStrategyOSGI.createExecutableExtension(RegistryStrategyOSGI.java:204)
	at org.eclipse.core.internal.registry.ExtensionRegistry.createExecutableExtension(ExtensionRegistry.java:920)
	at org.eclipse.core.internal.registry.ConfigurationElement.createExecutableExtension(ConfigurationElement.java:246)
	at org.eclipse.core.internal.registry.ConfigurationElementHandle.createExecutableExtension(ConfigurationElementHandle.java:63)
	at org.eclipse.lsp4e.LanguageServersRegistry$ExtensionLanguageServerDefinition.createConnectionProvider(LanguageServersRegistry.java:161)
	at org.eclipse.lsp4e.LanguageServerWrapper.lambda$0(LanguageServerWrapper.java:233)
	at java.base/java.util.concurrent.CompletableFuture$AsyncSupply.run(CompletableFuture.java:1768)
	at java.base/java.util.concurrent.CompletableFuture$AsyncSupply.exec(CompletableFuture.java:1760)
	at java.base/java.util.concurrent.ForkJoinTask.doExec(ForkJoinTask.java:373)
	at java.base/java.util.concurrent.ForkJoinPool$WorkQueue.topLevelExec(ForkJoinPool.java:1182)
	at java.base/java.util.concurrent.ForkJoinPool.scan(ForkJoinPool.java:1655)
	at java.base/java.util.concurrent.ForkJoinPool.runWorker(ForkJoinPool.java:1622)
	at java.base/java.util.concurrent.ForkJoinWorkerThread.run(ForkJoinWorkerThread.java:165)

!ENTRY org.eclipse.lsp4e 4 0 2025-12-22 22:01:20.841
!MESSAGE Exception occurred while creating an instance of the stream connection provider
!STACK 0
java.lang.RuntimeException: Exception occurred while creating an instance of the stream connection provider
	at org.eclipse.lsp4e.LanguageServersRegistry$ExtensionLanguageServerDefinition.createConnectionProvider(LanguageServersRegistry.java:164)
	at org.eclipse.lsp4e.LanguageServerWrapper.lambda$0(LanguageServerWrapper.java:233)
	at java.base/java.util.concurrent.CompletableFuture$AsyncSupply.run(CompletableFuture.java:1768)
	at java.base/java.util.concurrent.CompletableFuture$AsyncSupply.exec(CompletableFuture.java:1760)
	at java.base/java.util.concurrent.ForkJoinTask.doExec(ForkJoinTask.java:373)
	at java.base/java.util.concurrent.ForkJoinPool$WorkQueue.topLevelExec(ForkJoinPool.java:1182)
	at java.base/java.util.concurrent.ForkJoinPool.scan(ForkJoinPool.java:1655)
	at java.base/java.util.concurrent.ForkJoinPool.runWorker(ForkJoinPool.java:1622)
	at java.base/java.util.concurrent.ForkJoinWorkerThread.run(ForkJoinWorkerThread.java:165)
Caused by: org.eclipse.core.runtime.CoreException: プラグイン "org.eclipse.wildwebdeveloper" は、クラス "org.eclipse.wildwebdeveloper.html.HTMLLanguageServer" をインスタンス化できませんでした。
	at org.eclipse.core.internal.registry.osgi.RegistryStrategyOSGI.throwException(RegistryStrategyOSGI.java:212)
	at org.eclipse.core.internal.registry.osgi.RegistryStrategyOSGI.createExecutableExtension(RegistryStrategyOSGI.java:206)
	at org.eclipse.core.internal.registry.ExtensionRegistry.createExecutableExtension(ExtensionRegistry.java:920)
	at org.eclipse.core.internal.registry.ConfigurationElement.createExecutableExtension(ConfigurationElement.java:246)
	at org.eclipse.core.internal.registry.ConfigurationElementHandle.createExecutableExtension(ConfigurationElementHandle.java:63)
	at org.eclipse.lsp4e.LanguageServersRegistry$ExtensionLanguageServerDefinition.createConnectionProvider(LanguageServersRegistry.java:161)
	... 8 more
Caused by: java.lang.reflect.InvocationTargetException
	at jdk.internal.reflect.GeneratedConstructorAccessor123.newInstance(Unknown Source)
	at java.base/jdk.internal.reflect.DelegatingConstructorAccessorImpl.newInstance(DelegatingConstructorAccessorImpl.java:45)
	at java.base/java.lang.reflect.Constructor.newInstanceWithCaller(Constructor.java:499)
	at java.base/java.lang.reflect.Constructor.newInstance(Constructor.java:480)
	at org.eclipse.core.internal.registry.osgi.RegistryStrategyOSGI.createExecutableExtension(RegistryStrategyOSGI.java:204)
	... 12 more
Caused by: java.lang.NullPointerException: Cannot invoke "java.io.File.getAbsolutePath()" because the return value of "org.eclipse.wildwebdeveloper.embedder.node.NodeJSManager.getNodeJsLocation()" is null
	at org.eclipse.wildwebdeveloper.html.HTMLLanguageServer.<init>(HTMLLanguageServer.java:40)
	... 17 more

!ENTRY org.eclipse.lsp4e 4 0 2025-12-22 22:01:20.842
!MESSAGE Cannot invoke "org.eclipse.lsp4e.server.StreamConnectionProvider.getInputStream()" because "this.lspStreamProvider" is null
!STACK 0
java.lang.NullPointerException: Cannot invoke "org.eclipse.lsp4e.server.StreamConnectionProvider.getInputStream()" because "this.lspStreamProvider" is null
	at org.eclipse.lsp4e.LanguageServerWrapper.lambda$1(LanguageServerWrapper.java:284)
	at java.base/java.util.concurrent.CompletableFuture$UniApply.tryFire(CompletableFuture.java:646)
	at java.base/java.util.concurrent.CompletableFuture.postComplete(CompletableFuture.java:510)
	at java.base/java.util.concurrent.CompletableFuture$AsyncSupply.run(CompletableFuture.java:1773)
	at java.base/java.util.concurrent.CompletableFuture$AsyncSupply.exec(CompletableFuture.java:1760)
	at java.base/java.util.concurrent.ForkJoinTask.doExec(ForkJoinTask.java:373)
	at java.base/java.util.concurrent.ForkJoinPool$WorkQueue.topLevelExec(ForkJoinPool.java:1182)
	at java.base/java.util.concurrent.ForkJoinPool.scan(ForkJoinPool.java:1655)
	at java.base/java.util.concurrent.ForkJoinPool.runWorker(ForkJoinPool.java:1622)
	at java.base/java.util.concurrent.ForkJoinWorkerThread.run(ForkJoinWorkerThread.java:165)

!ENTRY org.eclipse.lsp4e 4 0 2025-12-22 22:01:20.902
!MESSAGE プラグイン "org.eclipse.wildwebdeveloper" は、クラス "org.eclipse.wildwebdeveloper.html.HTMLLanguageServer" をインスタンス化できませんでした。
!STACK 1
org.eclipse.core.runtime.CoreException: プラグイン "org.eclipse.wildwebdeveloper" は、クラス "org.eclipse.wildwebdeveloper.html.HTMLLanguageServer" をインスタンス化できませんでした。
	at org.eclipse.core.internal.registry.osgi.RegistryStrategyOSGI.throwException(RegistryStrategyOSGI.java:212)
	at org.eclipse.core.internal.registry.osgi.RegistryStrategyOSGI.createExecutableExtension(RegistryStrategyOSGI.java:206)
	at org.eclipse.core.internal.registry.ExtensionRegistry.createExecutableExtension(ExtensionRegistry.java:920)
	at org.eclipse.core.internal.registry.ConfigurationElement.createExecutableExtension(ConfigurationElement.java:246)
	at org.eclipse.core.internal.registry.ConfigurationElementHandle.createExecutableExtension(ConfigurationElementHandle.java:63)
	at org.eclipse.lsp4e.LanguageServersRegistry$ExtensionLanguageServerDefinition.createConnectionProvider(LanguageServersRegistry.java:161)
	at org.eclipse.lsp4e.LanguageServerWrapper.lambda$0(LanguageServerWrapper.java:233)
	at java.base/java.util.concurrent.CompletableFuture$AsyncSupply.run(CompletableFuture.java:1768)
	at java.base/java.util.concurrent.CompletableFuture$AsyncSupply.exec(CompletableFuture.java:1760)
	at java.base/java.util.concurrent.ForkJoinTask.doExec(ForkJoinTask.java:373)
	at java.base/java.util.concurrent.ForkJoinPool$WorkQueue.topLevelExec(ForkJoinPool.java:1182)
	at java.base/java.util.concurrent.ForkJoinPool.scan(ForkJoinPool.java:1655)
	at java.base/java.util.concurrent.ForkJoinPool.runWorker(ForkJoinPool.java:1622)
	at java.base/java.util.concurrent.ForkJoinWorkerThread.run(ForkJoinWorkerThread.java:165)
Caused by: java.lang.reflect.InvocationTargetException
	at jdk.internal.reflect.GeneratedConstructorAccessor123.newInstance(Unknown Source)
	at java.base/jdk.internal.reflect.DelegatingConstructorAccessorImpl.newInstance(DelegatingConstructorAccessorImpl.java:45)
	at java.base/java.lang.reflect.Constructor.newInstanceWithCaller(Constructor.java:499)
	at java.base/java.lang.reflect.Constructor.newInstance(Constructor.java:480)
	at org.eclipse.core.internal.registry.osgi.RegistryStrategyOSGI.createExecutableExtension(RegistryStrategyOSGI.java:204)
	... 12 more
Caused by: java.lang.NullPointerException: Cannot invoke "java.io.File.getAbsolutePath()" because the return value of "org.eclipse.wildwebdeveloper.embedder.node.NodeJSManager.getNodeJsLocation()" is null
	at org.eclipse.wildwebdeveloper.html.HTMLLanguageServer.<init>(HTMLLanguageServer.java:40)
	... 17 more
!SUBENTRY 1 org.eclipse.equinox.registry 4 1 2025-12-22 22:01:20.903
!MESSAGE プラグイン "org.eclipse.wildwebdeveloper" は、クラス "org.eclipse.wildwebdeveloper.html.HTMLLanguageServer" をインスタンス化できませんでした。
!STACK 0
java.lang.reflect.InvocationTargetException
	at jdk.internal.reflect.GeneratedConstructorAccessor123.newInstance(Unknown Source)
	at java.base/jdk.internal.reflect.DelegatingConstructorAccessorImpl.newInstance(DelegatingConstructorAccessorImpl.java:45)
	at java.base/java.lang.reflect.Constructor.newInstanceWithCaller(Constructor.java:499)
	at java.base/java.lang.reflect.Constructor.newInstance(Constructor.java:480)
	at org.eclipse.core.internal.registry.osgi.RegistryStrategyOSGI.createExecutableExtension(RegistryStrategyOSGI.java:204)
	at org.eclipse.core.internal.registry.ExtensionRegistry.createExecutableExtension(ExtensionRegistry.java:920)
	at org.eclipse.core.internal.registry.ConfigurationElement.createExecutableExtension(ConfigurationElement.java:246)
	at org.eclipse.core.internal.registry.ConfigurationElementHandle.createExecutableExtension(ConfigurationElementHandle.java:63)
	at org.eclipse.lsp4e.LanguageServersRegistry$ExtensionLanguageServerDefinition.createConnectionProvider(LanguageServersRegistry.java:161)
	at org.eclipse.lsp4e.LanguageServerWrapper.lambda$0(LanguageServerWrapper.java:233)
	at java.base/java.util.concurrent.CompletableFuture$AsyncSupply.run(CompletableFuture.java:1768)
	at java.base/java.util.concurrent.CompletableFuture$AsyncSupply.exec(CompletableFuture.java:1760)
	at java.base/java.util.concurrent.ForkJoinTask.doExec(ForkJoinTask.java:373)
	at java.base/java.util.concurrent.ForkJoinPool$WorkQueue.topLevelExec(ForkJoinPool.java:1182)
	at java.base/java.util.concurrent.ForkJoinPool.scan(ForkJoinPool.java:1655)
	at java.base/java.util.concurrent.ForkJoinPool.runWorker(ForkJoinPool.java:1622)
	at java.base/java.util.concurrent.ForkJoinWorkerThread.run(ForkJoinWorkerThread.java:165)
Caused by: java.lang.NullPointerException: Cannot invoke "java.io.File.getAbsolutePath()" because the return value of "org.eclipse.wildwebdeveloper.embedder.node.NodeJSManager.getNodeJsLocation()" is null
	at org.eclipse.wildwebdeveloper.html.HTMLLanguageServer.<init>(HTMLLanguageServer.java:40)
	... 17 more
Root exception:
java.lang.NullPointerException: Cannot invoke "java.io.File.getAbsolutePath()" because the return value of "org.eclipse.wildwebdeveloper.embedder.node.NodeJSManager.getNodeJsLocation()" is null
	at org.eclipse.wildwebdeveloper.html.HTMLLanguageServer.<init>(HTMLLanguageServer.java:40)
	at jdk.internal.reflect.GeneratedConstructorAccessor123.newInstance(Unknown Source)
	at java.base/jdk.internal.reflect.DelegatingConstructorAccessorImpl.newInstance(DelegatingConstructorAccessorImpl.java:45)
	at java.base/java.lang.reflect.Constructor.newInstanceWithCaller(Constructor.java:499)
	at java.base/java.lang.reflect.Constructor.newInstance(Constructor.java:480)
	at org.eclipse.core.internal.registry.osgi.RegistryStrategyOSGI.createExecutableExtension(RegistryStrategyOSGI.java:204)
	at org.eclipse.core.internal.registry.ExtensionRegistry.createExecutableExtension(ExtensionRegistry.java:920)
	at org.eclipse.core.internal.registry.ConfigurationElement.createExecutableExtension(ConfigurationElement.java:246)
	at org.eclipse.core.internal.registry.ConfigurationElementHandle.createExecutableExtension(ConfigurationElementHandle.java:63)
	at org.eclipse.lsp4e.LanguageServersRegistry$ExtensionLanguageServerDefinition.createConnectionProvider(LanguageServersRegistry.java:161)
	at org.eclipse.lsp4e.LanguageServerWrapper.lambda$0(LanguageServerWrapper.java:233)
	at java.base/java.util.concurrent.CompletableFuture$AsyncSupply.run(CompletableFuture.java:1768)
	at java.base/java.util.concurrent.CompletableFuture$AsyncSupply.exec(CompletableFuture.java:1760)
	at java.base/java.util.concurrent.ForkJoinTask.doExec(ForkJoinTask.java:373)
	at java.base/java.util.concurrent.ForkJoinPool$WorkQueue.topLevelExec(ForkJoinPool.java:1182)
	at java.base/java.util.concurrent.ForkJoinPool.scan(ForkJoinPool.java:1655)
	at java.base/java.util.concurrent.ForkJoinPool.runWorker(ForkJoinPool.java:1622)
	at java.base/java.util.concurrent.ForkJoinWorkerThread.run(ForkJoinWorkerThread.java:165)

!ENTRY org.eclipse.lsp4e 4 0 2025-12-22 22:01:20.903
!MESSAGE Exception occurred while creating an instance of the stream connection provider
!STACK 0
java.lang.RuntimeException: Exception occurred while creating an instance of the stream connection provider
	at org.eclipse.lsp4e.LanguageServersRegistry$ExtensionLanguageServerDefinition.createConnectionProvider(LanguageServersRegistry.java:164)
	at org.eclipse.lsp4e.LanguageServerWrapper.lambda$0(LanguageServerWrapper.java:233)
	at java.base/java.util.concurrent.CompletableFuture$AsyncSupply.run(CompletableFuture.java:1768)
	at java.base/java.util.concurrent.CompletableFuture$AsyncSupply.exec(CompletableFuture.java:1760)
	at java.base/java.util.concurrent.ForkJoinTask.doExec(ForkJoinTask.java:373)
	at java.base/java.util.concurrent.ForkJoinPool$WorkQueue.topLevelExec(ForkJoinPool.java:1182)
	at java.base/java.util.concurrent.ForkJoinPool.scan(ForkJoinPool.java:1655)
	at java.base/java.util.concurrent.ForkJoinPool.runWorker(ForkJoinPool.java:1622)
	at java.base/java.util.concurrent.ForkJoinWorkerThread.run(ForkJoinWorkerThread.java:165)
Caused by: org.eclipse.core.runtime.CoreException: プラグイン "org.eclipse.wildwebdeveloper" は、クラス "org.eclipse.wildwebdeveloper.html.HTMLLanguageServer" をインスタンス化できませんでした。
	at org.eclipse.core.internal.registry.osgi.RegistryStrategyOSGI.throwException(RegistryStrategyOSGI.java:212)
	at org.eclipse.core.internal.registry.osgi.RegistryStrategyOSGI.createExecutableExtension(RegistryStrategyOSGI.java:206)
	at org.eclipse.core.internal.registry.ExtensionRegistry.createExecutableExtension(ExtensionRegistry.java:920)
	at org.eclipse.core.internal.registry.ConfigurationElement.createExecutableExtension(ConfigurationElement.java:246)
	at org.eclipse.core.internal.registry.ConfigurationElementHandle.createExecutableExtension(ConfigurationElementHandle.java:63)
	at org.eclipse.lsp4e.LanguageServersRegistry$ExtensionLanguageServerDefinition.createConnectionProvider(LanguageServersRegistry.java:161)
	... 8 more
Caused by: java.lang.reflect.InvocationTargetException
	at jdk.internal.reflect.GeneratedConstructorAccessor123.newInstance(Unknown Source)
	at java.base/jdk.internal.reflect.DelegatingConstructorAccessorImpl.newInstance(DelegatingConstructorAccessorImpl.java:45)
	at java.base/java.lang.reflect.Constructor.newInstanceWithCaller(Constructor.java:499)
	at java.base/java.lang.reflect.Constructor.newInstance(Constructor.java:480)
	at org.eclipse.core.internal.registry.osgi.RegistryStrategyOSGI.createExecutableExtension(RegistryStrategyOSGI.java:204)
	... 12 more
Caused by: java.lang.NullPointerException: Cannot invoke "java.io.File.getAbsolutePath()" because the return value of "org.eclipse.wildwebdeveloper.embedder.node.NodeJSManager.getNodeJsLocation()" is null
	at org.eclipse.wildwebdeveloper.html.HTMLLanguageServer.<init>(HTMLLanguageServer.java:40)
	... 17 more

!ENTRY org.eclipse.lsp4e 4 0 2025-12-22 22:01:20.903
!MESSAGE プラグイン "org.eclipse.wildwebdeveloper" は、クラス "org.eclipse.wildwebdeveloper.angular.AngularLanguageServer" をインスタンス化できませんでした。
!STACK 1
org.eclipse.core.runtime.CoreException: プラグイン "org.eclipse.wildwebdeveloper" は、クラス "org.eclipse.wildwebdeveloper.angular.AngularLanguageServer" をインスタンス化できませんでした。
	at org.eclipse.core.internal.registry.osgi.RegistryStrategyOSGI.throwException(RegistryStrategyOSGI.java:212)
	at org.eclipse.core.internal.registry.osgi.RegistryStrategyOSGI.createExecutableExtension(RegistryStrategyOSGI.java:206)
	at org.eclipse.core.internal.registry.ExtensionRegistry.createExecutableExtension(ExtensionRegistry.java:920)
	at org.eclipse.core.internal.registry.ConfigurationElement.createExecutableExtension(ConfigurationElement.java:246)
	at org.eclipse.core.internal.registry.ConfigurationElementHandle.createExecutableExtension(ConfigurationElementHandle.java:63)
	at org.eclipse.lsp4e.LanguageServersRegistry$ExtensionLanguageServerDefinition.createConnectionProvider(LanguageServersRegistry.java:161)
	at org.eclipse.lsp4e.LanguageServerWrapper.lambda$0(LanguageServerWrapper.java:233)
	at java.base/java.util.concurrent.CompletableFuture$AsyncSupply.run(CompletableFuture.java:1768)
	at java.base/java.util.concurrent.CompletableFuture$AsyncSupply.exec(CompletableFuture.java:1760)
	at java.base/java.util.concurrent.ForkJoinTask.doExec(ForkJoinTask.java:373)
	at java.base/java.util.concurrent.ForkJoinPool$WorkQueue.topLevelExec(ForkJoinPool.java:1182)
	at java.base/java.util.concurrent.ForkJoinPool.scan(ForkJoinPool.java:1655)
	at java.base/java.util.concurrent.ForkJoinPool.runWorker(ForkJoinPool.java:1622)
	at java.base/java.util.concurrent.ForkJoinWorkerThread.run(ForkJoinWorkerThread.java:165)
Caused by: java.lang.reflect.InvocationTargetException
	at jdk.internal.reflect.GeneratedConstructorAccessor122.newInstance(Unknown Source)
	at java.base/jdk.internal.reflect.DelegatingConstructorAccessorImpl.newInstance(DelegatingConstructorAccessorImpl.java:45)
	at java.base/java.lang.reflect.Constructor.newInstanceWithCaller(Constructor.java:499)
	at java.base/java.lang.reflect.Constructor.newInstance(Constructor.java:480)
	at org.eclipse.core.internal.registry.osgi.RegistryStrategyOSGI.createExecutableExtension(RegistryStrategyOSGI.java:204)
	... 12 more
Caused by: java.lang.NullPointerException: Cannot invoke "java.io.File.getAbsolutePath()" because the return value of "org.eclipse.wildwebdeveloper.embedder.node.NodeJSManager.getNodeJsLocation()" is null
	at org.eclipse.wildwebdeveloper.angular.AngularLanguageServer.<init>(AngularLanguageServer.java:43)
	... 17 more
!SUBENTRY 1 org.eclipse.equinox.registry 4 1 2025-12-22 22:01:20.904
!MESSAGE プラグイン "org.eclipse.wildwebdeveloper" は、クラス "org.eclipse.wildwebdeveloper.angular.AngularLanguageServer" をインスタンス化できませんでした。
!STACK 0
java.lang.reflect.InvocationTargetException
	at jdk.internal.reflect.GeneratedConstructorAccessor122.newInstance(Unknown Source)
	at java.base/jdk.internal.reflect.DelegatingConstructorAccessorImpl.newInstance(DelegatingConstructorAccessorImpl.java:45)
	at java.base/java.lang.reflect.Constructor.newInstanceWithCaller(Constructor.java:499)
	at java.base/java.lang.reflect.Constructor.newInstance(Constructor.java:480)
	at org.eclipse.core.internal.registry.osgi.RegistryStrategyOSGI.createExecutableExtension(RegistryStrategyOSGI.java:204)
	at org.eclipse.core.internal.registry.ExtensionRegistry.createExecutableExtension(ExtensionRegistry.java:920)
	at org.eclipse.core.internal.registry.ConfigurationElement.createExecutableExtension(ConfigurationElement.java:246)
	at org.eclipse.core.internal.registry.ConfigurationElementHandle.createExecutableExtension(ConfigurationElementHandle.java:63)
	at org.eclipse.lsp4e.LanguageServersRegistry$ExtensionLanguageServerDefinition.createConnectionProvider(LanguageServersRegistry.java:161)
	at org.eclipse.lsp4e.LanguageServerWrapper.lambda$0(LanguageServerWrapper.java:233)
	at java.base/java.util.concurrent.CompletableFuture$AsyncSupply.run(CompletableFuture.java:1768)
	at java.base/java.util.concurrent.CompletableFuture$AsyncSupply.exec(CompletableFuture.java:1760)
	at java.base/java.util.concurrent.ForkJoinTask.doExec(ForkJoinTask.java:373)
	at java.base/java.util.concurrent.ForkJoinPool$WorkQueue.topLevelExec(ForkJoinPool.java:1182)
	at java.base/java.util.concurrent.ForkJoinPool.scan(ForkJoinPool.java:1655)
	at java.base/java.util.concurrent.ForkJoinPool.runWorker(ForkJoinPool.java:1622)
	at java.base/java.util.concurrent.ForkJoinWorkerThread.run(ForkJoinWorkerThread.java:165)
Caused by: java.lang.NullPointerException: Cannot invoke "java.io.File.getAbsolutePath()" because the return value of "org.eclipse.wildwebdeveloper.embedder.node.NodeJSManager.getNodeJsLocation()" is null
	at org.eclipse.wildwebdeveloper.angular.AngularLanguageServer.<init>(AngularLanguageServer.java:43)
	... 17 more
Root exception:
java.lang.NullPointerException: Cannot invoke "java.io.File.getAbsolutePath()" because the return value of "org.eclipse.wildwebdeveloper.embedder.node.NodeJSManager.getNodeJsLocation()" is null
	at org.eclipse.wildwebdeveloper.angular.AngularLanguageServer.<init>(AngularLanguageServer.java:43)
	at jdk.internal.reflect.GeneratedConstructorAccessor122.newInstance(Unknown Source)
	at java.base/jdk.internal.reflect.DelegatingConstructorAccessorImpl.newInstance(DelegatingConstructorAccessorImpl.java:45)
	at java.base/java.lang.reflect.Constructor.newInstanceWithCaller(Constructor.java:499)
	at java.base/java.lang.reflect.Constructor.newInstance(Constructor.java:480)
	at org.eclipse.core.internal.registry.osgi.RegistryStrategyOSGI.createExecutableExtension(RegistryStrategyOSGI.java:204)
	at org.eclipse.core.internal.registry.ExtensionRegistry.createExecutableExtension(ExtensionRegistry.java:920)
	at org.eclipse.core.internal.registry.ConfigurationElement.createExecutableExtension(ConfigurationElement.java:246)
	at org.eclipse.core.internal.registry.ConfigurationElementHandle.createExecutableExtension(ConfigurationElementHandle.java:63)
	at org.eclipse.lsp4e.LanguageServersRegistry$ExtensionLanguageServerDefinition.createConnectionProvider(LanguageServersRegistry.java:161)
	at org.eclipse.lsp4e.LanguageServerWrapper.lambda$0(LanguageServerWrapper.java:233)
	at java.base/java.util.concurrent.CompletableFuture$AsyncSupply.run(CompletableFuture.java:1768)
	at java.base/java.util.concurrent.CompletableFuture$AsyncSupply.exec(CompletableFuture.java:1760)
	at java.base/java.util.concurrent.ForkJoinTask.doExec(ForkJoinTask.java:373)
	at java.base/java.util.concurrent.ForkJoinPool$WorkQueue.topLevelExec(ForkJoinPool.java:1182)
	at java.base/java.util.concurrent.ForkJoinPool.scan(ForkJoinPool.java:1655)
	at java.base/java.util.concurrent.ForkJoinPool.runWorker(ForkJoinPool.java:1622)
	at java.base/java.util.concurrent.ForkJoinWorkerThread.run(ForkJoinWorkerThread.java:165)

!ENTRY org.eclipse.lsp4e 4 0 2025-12-22 22:01:20.904
!MESSAGE Cannot invoke "org.eclipse.lsp4e.server.StreamConnectionProvider.getInputStream()" because "this.lspStreamProvider" is null
!STACK 0
java.lang.NullPointerException: Cannot invoke "org.eclipse.lsp4e.server.StreamConnectionProvider.getInputStream()" because "this.lspStreamProvider" is null
	at org.eclipse.lsp4e.LanguageServerWrapper.lambda$1(LanguageServerWrapper.java:284)
	at java.base/java.util.concurrent.CompletableFuture$UniApply.tryFire(CompletableFuture.java:646)
	at java.base/java.util.concurrent.CompletableFuture.postComplete(CompletableFuture.java:510)
	at java.base/java.util.concurrent.CompletableFuture$AsyncSupply.run(CompletableFuture.java:1773)
	at java.base/java.util.concurrent.CompletableFuture$AsyncSupply.exec(CompletableFuture.java:1760)
	at java.base/java.util.concurrent.ForkJoinTask.doExec(ForkJoinTask.java:373)
	at java.base/java.util.concurrent.ForkJoinPool$WorkQueue.topLevelExec(ForkJoinPool.java:1182)
	at java.base/java.util.concurrent.ForkJoinPool.scan(ForkJoinPool.java:1655)
	at java.base/java.util.concurrent.ForkJoinPool.runWorker(ForkJoinPool.java:1622)
	at java.base/java.util.concurrent.ForkJoinWorkerThread.run(ForkJoinWorkerThread.java:165)

!ENTRY org.eclipse.lsp4e 4 0 2025-12-22 22:01:20.904
!MESSAGE Exception occurred while creating an instance of the stream connection provider
!STACK 0
java.lang.RuntimeException: Exception occurred while creating an instance of the stream connection provider
	at org.eclipse.lsp4e.LanguageServersRegistry$ExtensionLanguageServerDefinition.createConnectionProvider(LanguageServersRegistry.java:164)
	at org.eclipse.lsp4e.LanguageServerWrapper.lambda$0(LanguageServerWrapper.java:233)
	at java.base/java.util.concurrent.CompletableFuture$AsyncSupply.run(CompletableFuture.java:1768)
	at java.base/java.util.concurrent.CompletableFuture$AsyncSupply.exec(CompletableFuture.java:1760)
	at java.base/java.util.concurrent.ForkJoinTask.doExec(ForkJoinTask.java:373)
	at java.base/java.util.concurrent.ForkJoinPool$WorkQueue.topLevelExec(ForkJoinPool.java:1182)
	at java.base/java.util.concurrent.ForkJoinPool.scan(ForkJoinPool.java:1655)
	at java.base/java.util.concurrent.ForkJoinPool.runWorker(ForkJoinPool.java:1622)
	at java.base/java.util.concurrent.ForkJoinWorkerThread.run(ForkJoinWorkerThread.java:165)
Caused by: org.eclipse.core.runtime.CoreException: プラグイン "org.eclipse.wildwebdeveloper" は、クラス "org.eclipse.wildwebdeveloper.angular.AngularLanguageServer" をインスタンス化できませんでした。
	at org.eclipse.core.internal.registry.osgi.RegistryStrategyOSGI.throwException(RegistryStrategyOSGI.java:212)
	at org.eclipse.core.internal.registry.osgi.RegistryStrategyOSGI.createExecutableExtension(RegistryStrategyOSGI.java:206)
	at org.eclipse.core.internal.registry.ExtensionRegistry.createExecutableExtension(ExtensionRegistry.java:920)
	at org.eclipse.core.internal.registry.ConfigurationElement.createExecutableExtension(ConfigurationElement.java:246)
	at org.eclipse.core.internal.registry.ConfigurationElementHandle.createExecutableExtension(ConfigurationElementHandle.java:63)
	at org.eclipse.lsp4e.LanguageServersRegistry$ExtensionLanguageServerDefinition.createConnectionProvider(LanguageServersRegistry.java:161)
	... 8 more
Caused by: java.lang.reflect.InvocationTargetException
	at jdk.internal.reflect.GeneratedConstructorAccessor122.newInstance(Unknown Source)
	at java.base/jdk.internal.reflect.DelegatingConstructorAccessorImpl.newInstance(DelegatingConstructorAccessorImpl.java:45)
	at java.base/java.lang.reflect.Constructor.newInstanceWithCaller(Constructor.java:499)
	at java.base/java.lang.reflect.Constructor.newInstance(Constructor.java:480)
	at org.eclipse.core.internal.registry.osgi.RegistryStrategyOSGI.createExecutableExtension(RegistryStrategyOSGI.java:204)
	... 12 more
Caused by: java.lang.NullPointerException: Cannot invoke "java.io.File.getAbsolutePath()" because the return value of "org.eclipse.wildwebdeveloper.embedder.node.NodeJSManager.getNodeJsLocation()" is null
	at org.eclipse.wildwebdeveloper.angular.AngularLanguageServer.<init>(AngularLanguageServer.java:43)
	... 17 more

!ENTRY org.eclipse.lsp4e 4 0 2025-12-22 22:01:20.905
!MESSAGE Cannot invoke "org.eclipse.lsp4e.server.StreamConnectionProvider.getInputStream()" because "this.lspStreamProvider" is null
!STACK 0
java.lang.NullPointerException: Cannot invoke "org.eclipse.lsp4e.server.StreamConnectionProvider.getInputStream()" because "this.lspStreamProvider" is null
	at org.eclipse.lsp4e.LanguageServerWrapper.lambda$1(LanguageServerWrapper.java:284)
	at java.base/java.util.concurrent.CompletableFuture$UniApply.tryFire(CompletableFuture.java:646)
	at java.base/java.util.concurrent.CompletableFuture.postComplete(CompletableFuture.java:510)
	at java.base/java.util.concurrent.CompletableFuture$AsyncSupply.run(CompletableFuture.java:1773)
	at java.base/java.util.concurrent.CompletableFuture$AsyncSupply.exec(CompletableFuture.java:1760)
	at java.base/java.util.concurrent.ForkJoinTask.doExec(ForkJoinTask.java:373)
	at java.base/java.util.concurrent.ForkJoinPool$WorkQueue.topLevelExec(ForkJoinPool.java:1182)
	at java.base/java.util.concurrent.ForkJoinPool.scan(ForkJoinPool.java:1655)
	at java.base/java.util.concurrent.ForkJoinPool.runWorker(ForkJoinPool.java:1622)
	at java.base/java.util.concurrent.ForkJoinWorkerThread.run(ForkJoinWorkerThread.java:165)

!ENTRY org.eclipse.lsp4e 4 0 2025-12-22 22:01:20.964
!MESSAGE プラグイン "org.eclipse.wildwebdeveloper" は、クラス "org.eclipse.wildwebdeveloper.html.HTMLLanguageServer" をインスタンス化できませんでした。
!STACK 1
org.eclipse.core.runtime.CoreException: プラグイン "org.eclipse.wildwebdeveloper" は、クラス "org.eclipse.wildwebdeveloper.html.HTMLLanguageServer" をインスタンス化できませんでした。
	at org.eclipse.core.internal.registry.osgi.RegistryStrategyOSGI.throwException(RegistryStrategyOSGI.java:212)
	at org.eclipse.core.internal.registry.osgi.RegistryStrategyOSGI.createExecutableExtension(RegistryStrategyOSGI.java:206)
	at org.eclipse.core.internal.registry.ExtensionRegistry.createExecutableExtension(ExtensionRegistry.java:920)
	at org.eclipse.core.internal.registry.ConfigurationElement.createExecutableExtension(ConfigurationElement.java:246)
	at org.eclipse.core.internal.registry.ConfigurationElementHandle.createExecutableExtension(ConfigurationElementHandle.java:63)
	at org.eclipse.lsp4e.LanguageServersRegistry$ExtensionLanguageServerDefinition.createConnectionProvider(LanguageServersRegistry.java:161)
	at org.eclipse.lsp4e.LanguageServerWrapper.lambda$0(LanguageServerWrapper.java:233)
	at java.base/java.util.concurrent.CompletableFuture$AsyncSupply.run(CompletableFuture.java:1768)
	at java.base/java.util.concurrent.CompletableFuture$AsyncSupply.exec(CompletableFuture.java:1760)
	at java.base/java.util.concurrent.ForkJoinTask.doExec(ForkJoinTask.java:373)
	at java.base/java.util.concurrent.ForkJoinPool$WorkQueue.topLevelExec(ForkJoinPool.java:1182)
	at java.base/java.util.concurrent.ForkJoinPool.scan(ForkJoinPool.java:1655)
	at java.base/java.util.concurrent.ForkJoinPool.runWorker(ForkJoinPool.java:1622)
	at java.base/java.util.concurrent.ForkJoinWorkerThread.run(ForkJoinWorkerThread.java:165)
Caused by: java.lang.reflect.InvocationTargetException
	at jdk.internal.reflect.GeneratedConstructorAccessor123.newInstance(Unknown Source)
	at java.base/jdk.internal.reflect.DelegatingConstructorAccessorImpl.newInstance(DelegatingConstructorAccessorImpl.java:45)
	at java.base/java.lang.reflect.Constructor.newInstanceWithCaller(Constructor.java:499)
	at java.base/java.lang.reflect.Constructor.newInstance(Constructor.java:480)
	at org.eclipse.core.internal.registry.osgi.RegistryStrategyOSGI.createExecutableExtension(RegistryStrategyOSGI.java:204)
	... 12 more
Caused by: java.lang.NullPointerException: Cannot invoke "java.io.File.getAbsolutePath()" because the return value of "org.eclipse.wildwebdeveloper.embedder.node.NodeJSManager.getNodeJsLocation()" is null
	at org.eclipse.wildwebdeveloper.html.HTMLLanguageServer.<init>(HTMLLanguageServer.java:40)
	... 17 more
!SUBENTRY 1 org.eclipse.equinox.registry 4 1 2025-12-22 22:01:20.964
!MESSAGE プラグイン "org.eclipse.wildwebdeveloper" は、クラス "org.eclipse.wildwebdeveloper.html.HTMLLanguageServer" をインスタンス化できませんでした。
!STACK 0
java.lang.reflect.InvocationTargetException
	at jdk.internal.reflect.GeneratedConstructorAccessor123.newInstance(Unknown Source)
	at java.base/jdk.internal.reflect.DelegatingConstructorAccessorImpl.newInstance(DelegatingConstructorAccessorImpl.java:45)
	at java.base/java.lang.reflect.Constructor.newInstanceWithCaller(Constructor.java:499)
	at java.base/java.lang.reflect.Constructor.newInstance(Constructor.java:480)
	at org.eclipse.core.internal.registry.osgi.RegistryStrategyOSGI.createExecutableExtension(RegistryStrategyOSGI.java:204)
	at org.eclipse.core.internal.registry.ExtensionRegistry.createExecutableExtension(ExtensionRegistry.java:920)
	at org.eclipse.core.internal.registry.ConfigurationElement.createExecutableExtension(ConfigurationElement.java:246)
	at org.eclipse.core.internal.registry.ConfigurationElementHandle.createExecutableExtension(ConfigurationElementHandle.java:63)
	at org.eclipse.lsp4e.LanguageServersRegistry$ExtensionLanguageServerDefinition.createConnectionProvider(LanguageServersRegistry.java:161)
	at org.eclipse.lsp4e.LanguageServerWrapper.lambda$0(LanguageServerWrapper.java:233)
	at java.base/java.util.concurrent.CompletableFuture$AsyncSupply.run(CompletableFuture.java:1768)
	at java.base/java.util.concurrent.CompletableFuture$AsyncSupply.exec(CompletableFuture.java:1760)
	at java.base/java.util.concurrent.ForkJoinTask.doExec(ForkJoinTask.java:373)
	at java.base/java.util.concurrent.ForkJoinPool$WorkQueue.topLevelExec(ForkJoinPool.java:1182)
	at java.base/java.util.concurrent.ForkJoinPool.scan(ForkJoinPool.java:1655)
	at java.base/java.util.concurrent.ForkJoinPool.runWorker(ForkJoinPool.java:1622)
	at java.base/java.util.concurrent.ForkJoinWorkerThread.run(ForkJoinWorkerThread.java:165)
Caused by: java.lang.NullPointerException: Cannot invoke "java.io.File.getAbsolutePath()" because the return value of "org.eclipse.wildwebdeveloper.embedder.node.NodeJSManager.getNodeJsLocation()" is null
	at org.eclipse.wildwebdeveloper.html.HTMLLanguageServer.<init>(HTMLLanguageServer.java:40)
	... 17 more
Root exception:
java.lang.NullPointerException: Cannot invoke "java.io.File.getAbsolutePath()" because the return value of "org.eclipse.wildwebdeveloper.embedder.node.NodeJSManager.getNodeJsLocation()" is null
	at org.eclipse.wildwebdeveloper.html.HTMLLanguageServer.<init>(HTMLLanguageServer.java:40)
	at jdk.internal.reflect.GeneratedConstructorAccessor123.newInstance(Unknown Source)
	at java.base/jdk.internal.reflect.DelegatingConstructorAccessorImpl.newInstance(DelegatingConstructorAccessorImpl.java:45)
	at java.base/java.lang.reflect.Constructor.newInstanceWithCaller(Constructor.java:499)
	at java.base/java.lang.reflect.Constructor.newInstance(Constructor.java:480)
	at org.eclipse.core.internal.registry.osgi.RegistryStrategyOSGI.createExecutableExtension(RegistryStrategyOSGI.java:204)
	at org.eclipse.core.internal.registry.ExtensionRegistry.createExecutableExtension(ExtensionRegistry.java:920)
	at org.eclipse.core.internal.registry.ConfigurationElement.createExecutableExtension(ConfigurationElement.java:246)
	at org.eclipse.core.internal.registry.ConfigurationElementHandle.createExecutableExtension(ConfigurationElementHandle.java:63)
	at org.eclipse.lsp4e.LanguageServersRegistry$ExtensionLanguageServerDefinition.createConnectionProvider(LanguageServersRegistry.java:161)
	at org.eclipse.lsp4e.LanguageServerWrapper.lambda$0(LanguageServerWrapper.java:233)
	at java.base/java.util.concurrent.CompletableFuture$AsyncSupply.run(CompletableFuture.java:1768)
	at java.base/java.util.concurrent.CompletableFuture$AsyncSupply.exec(CompletableFuture.java:1760)
	at java.base/java.util.concurrent.ForkJoinTask.doExec(ForkJoinTask.java:373)
	at java.base/java.util.concurrent.ForkJoinPool$WorkQueue.topLevelExec(ForkJoinPool.java:1182)
	at java.base/java.util.concurrent.ForkJoinPool.scan(ForkJoinPool.java:1655)
	at java.base/java.util.concurrent.ForkJoinPool.runWorker(ForkJoinPool.java:1622)
	at java.base/java.util.concurrent.ForkJoinWorkerThread.run(ForkJoinWorkerThread.java:165)

!ENTRY org.eclipse.lsp4e 4 0 2025-12-22 22:01:20.964
!MESSAGE Exception occurred while creating an instance of the stream connection provider
!STACK 0
java.lang.RuntimeException: Exception occurred while creating an instance of the stream connection provider
	at org.eclipse.lsp4e.LanguageServersRegistry$ExtensionLanguageServerDefinition.createConnectionProvider(LanguageServersRegistry.java:164)
	at org.eclipse.lsp4e.LanguageServerWrapper.lambda$0(LanguageServerWrapper.java:233)
	at java.base/java.util.concurrent.CompletableFuture$AsyncSupply.run(CompletableFuture.java:1768)
	at java.base/java.util.concurrent.CompletableFuture$AsyncSupply.exec(CompletableFuture.java:1760)
	at java.base/java.util.concurrent.ForkJoinTask.doExec(ForkJoinTask.java:373)
	at java.base/java.util.concurrent.ForkJoinPool$WorkQueue.topLevelExec(ForkJoinPool.java:1182)
	at java.base/java.util.concurrent.ForkJoinPool.scan(ForkJoinPool.java:1655)
	at java.base/java.util.concurrent.ForkJoinPool.runWorker(ForkJoinPool.java:1622)
	at java.base/java.util.concurrent.ForkJoinWorkerThread.run(ForkJoinWorkerThread.java:165)
Caused by: org.eclipse.core.runtime.CoreException: プラグイン "org.eclipse.wildwebdeveloper" は、クラス "org.eclipse.wildwebdeveloper.html.HTMLLanguageServer" をインスタンス化できませんでした。
	at org.eclipse.core.internal.registry.osgi.RegistryStrategyOSGI.throwException(RegistryStrategyOSGI.java:212)
	at org.eclipse.core.internal.registry.osgi.RegistryStrategyOSGI.createExecutableExtension(RegistryStrategyOSGI.java:206)
	at org.eclipse.core.internal.registry.ExtensionRegistry.createExecutableExtension(ExtensionRegistry.java:920)
	at org.eclipse.core.internal.registry.ConfigurationElement.createExecutableExtension(ConfigurationElement.java:246)
	at org.eclipse.core.internal.registry.ConfigurationElementHandle.createExecutableExtension(ConfigurationElementHandle.java:63)
	at org.eclipse.lsp4e.LanguageServersRegistry$ExtensionLanguageServerDefinition.createConnectionProvider(LanguageServersRegistry.java:161)
	... 8 more
Caused by: java.lang.reflect.InvocationTargetException
	at jdk.internal.reflect.GeneratedConstructorAccessor123.newInstance(Unknown Source)
	at java.base/jdk.internal.reflect.DelegatingConstructorAccessorImpl.newInstance(DelegatingConstructorAccessorImpl.java:45)
	at java.base/java.lang.reflect.Constructor.newInstanceWithCaller(Constructor.java:499)
	at java.base/java.lang.reflect.Constructor.newInstance(Constructor.java:480)
	at org.eclipse.core.internal.registry.osgi.RegistryStrategyOSGI.createExecutableExtension(RegistryStrategyOSGI.java:204)
	... 12 more
Caused by: java.lang.NullPointerException: Cannot invoke "java.io.File.getAbsolutePath()" because the return value of "org.eclipse.wildwebdeveloper.embedder.node.NodeJSManager.getNodeJsLocation()" is null
	at org.eclipse.wildwebdeveloper.html.HTMLLanguageServer.<init>(HTMLLanguageServer.java:40)
	... 17 more

!ENTRY org.eclipse.lsp4e 4 0 2025-12-22 22:01:20.966
!MESSAGE Cannot invoke "org.eclipse.lsp4e.server.StreamConnectionProvider.getInputStream()" because "this.lspStreamProvider" is null
!STACK 0
java.lang.NullPointerException: Cannot invoke "org.eclipse.lsp4e.server.StreamConnectionProvider.getInputStream()" because "this.lspStreamProvider" is null
	at org.eclipse.lsp4e.LanguageServerWrapper.lambda$1(LanguageServerWrapper.java:284)
	at java.base/java.util.concurrent.CompletableFuture$UniApply.tryFire(CompletableFuture.java:646)
	at java.base/java.util.concurrent.CompletableFuture.postComplete(CompletableFuture.java:510)
	at java.base/java.util.concurrent.CompletableFuture$AsyncSupply.run(CompletableFuture.java:1773)
	at java.base/java.util.concurrent.CompletableFuture$AsyncSupply.exec(CompletableFuture.java:1760)
	at java.base/java.util.concurrent.ForkJoinTask.doExec(ForkJoinTask.java:373)
	at java.base/java.util.concurrent.ForkJoinPool$WorkQueue.topLevelExec(ForkJoinPool.java:1182)
	at java.base/java.util.concurrent.ForkJoinPool.scan(ForkJoinPool.java:1655)
	at java.base/java.util.concurrent.ForkJoinPool.runWorker(ForkJoinPool.java:1622)
	at java.base/java.util.concurrent.ForkJoinWorkerThread.run(ForkJoinWorkerThread.java:165)

!ENTRY org.eclipse.lsp4e 4 0 2025-12-22 22:01:20.966
!MESSAGE プラグイン "org.eclipse.wildwebdeveloper" は、クラス "org.eclipse.wildwebdeveloper.angular.AngularLanguageServer" をインスタンス化できませんでした。
!STACK 1
org.eclipse.core.runtime.CoreException: プラグイン "org.eclipse.wildwebdeveloper" は、クラス "org.eclipse.wildwebdeveloper.angular.AngularLanguageServer" をインスタンス化できませんでした。
	at org.eclipse.core.internal.registry.osgi.RegistryStrategyOSGI.throwException(RegistryStrategyOSGI.java:212)
	at org.eclipse.core.internal.registry.osgi.RegistryStrategyOSGI.createExecutableExtension(RegistryStrategyOSGI.java:206)
	at org.eclipse.core.internal.registry.ExtensionRegistry.createExecutableExtension(ExtensionRegistry.java:920)
	at org.eclipse.core.internal.registry.ConfigurationElement.createExecutableExtension(ConfigurationElement.java:246)
	at org.eclipse.core.internal.registry.ConfigurationElementHandle.createExecutableExtension(ConfigurationElementHandle.java:63)
	at org.eclipse.lsp4e.LanguageServersRegistry$ExtensionLanguageServerDefinition.createConnectionProvider(LanguageServersRegistry.java:161)
	at org.eclipse.lsp4e.LanguageServerWrapper.lambda$0(LanguageServerWrapper.java:233)
	at java.base/java.util.concurrent.CompletableFuture$AsyncSupply.run(CompletableFuture.java:1768)
	at java.base/java.util.concurrent.CompletableFuture$AsyncSupply.exec(CompletableFuture.java:1760)
	at java.base/java.util.concurrent.ForkJoinTask.doExec(ForkJoinTask.java:373)
	at java.base/java.util.concurrent.ForkJoinPool$WorkQueue.topLevelExec(ForkJoinPool.java:1182)
	at java.base/java.util.concurrent.ForkJoinPool.scan(ForkJoinPool.java:1655)
	at java.base/java.util.concurrent.ForkJoinPool.runWorker(ForkJoinPool.java:1622)
	at java.base/java.util.concurrent.ForkJoinWorkerThread.run(ForkJoinWorkerThread.java:165)
Caused by: java.lang.reflect.InvocationTargetException
	at jdk.internal.reflect.GeneratedConstructorAccessor122.newInstance(Unknown Source)
	at java.base/jdk.internal.reflect.DelegatingConstructorAccessorImpl.newInstance(DelegatingConstructorAccessorImpl.java:45)
	at java.base/java.lang.reflect.Constructor.newInstanceWithCaller(Constructor.java:499)
	at java.base/java.lang.reflect.Constructor.newInstance(Constructor.java:480)
	at org.eclipse.core.internal.registry.osgi.RegistryStrategyOSGI.createExecutableExtension(RegistryStrategyOSGI.java:204)
	... 12 more
Caused by: java.lang.NullPointerException: Cannot invoke "java.io.File.getAbsolutePath()" because the return value of "org.eclipse.wildwebdeveloper.embedder.node.NodeJSManager.getNodeJsLocation()" is null
	at org.eclipse.wildwebdeveloper.angular.AngularLanguageServer.<init>(AngularLanguageServer.java:43)
	... 17 more
!SUBENTRY 1 org.eclipse.equinox.registry 4 1 2025-12-22 22:01:20.966
!MESSAGE プラグイン "org.eclipse.wildwebdeveloper" は、クラス "org.eclipse.wildwebdeveloper.angular.AngularLanguageServer" をインスタンス化できませんでした。
!STACK 0
java.lang.reflect.InvocationTargetException
	at jdk.internal.reflect.GeneratedConstructorAccessor122.newInstance(Unknown Source)
	at java.base/jdk.internal.reflect.DelegatingConstructorAccessorImpl.newInstance(DelegatingConstructorAccessorImpl.java:45)
	at java.base/java.lang.reflect.Constructor.newInstanceWithCaller(Constructor.java:499)
	at java.base/java.lang.reflect.Constructor.newInstance(Constructor.java:480)
	at org.eclipse.core.internal.registry.osgi.RegistryStrategyOSGI.createExecutableExtension(RegistryStrategyOSGI.java:204)
	at org.eclipse.core.internal.registry.ExtensionRegistry.createExecutableExtension(ExtensionRegistry.java:920)
	at org.eclipse.core.internal.registry.ConfigurationElement.createExecutableExtension(ConfigurationElement.java:246)
	at org.eclipse.core.internal.registry.ConfigurationElementHandle.createExecutableExtension(ConfigurationElementHandle.java:63)
	at org.eclipse.lsp4e.LanguageServersRegistry$ExtensionLanguageServerDefinition.createConnectionProvider(LanguageServersRegistry.java:161)
	at org.eclipse.lsp4e.LanguageServerWrapper.lambda$0(LanguageServerWrapper.java:233)
	at java.base/java.util.concurrent.CompletableFuture$AsyncSupply.run(CompletableFuture.java:1768)
	at java.base/java.util.concurrent.CompletableFuture$AsyncSupply.exec(CompletableFuture.java:1760)
	at java.base/java.util.concurrent.ForkJoinTask.doExec(ForkJoinTask.java:373)
	at java.base/java.util.concurrent.ForkJoinPool$WorkQueue.topLevelExec(ForkJoinPool.java:1182)
	at java.base/java.util.concurrent.ForkJoinPool.scan(ForkJoinPool.java:1655)
	at java.base/java.util.concurrent.ForkJoinPool.runWorker(ForkJoinPool.java:1622)
	at java.base/java.util.concurrent.ForkJoinWorkerThread.run(ForkJoinWorkerThread.java:165)
Caused by: java.lang.NullPointerException: Cannot invoke "java.io.File.getAbsolutePath()" because the return value of "org.eclipse.wildwebdeveloper.embedder.node.NodeJSManager.getNodeJsLocation()" is null
	at org.eclipse.wildwebdeveloper.angular.AngularLanguageServer.<init>(AngularLanguageServer.java:43)
	... 17 more
Root exception:
java.lang.NullPointerException: Cannot invoke "java.io.File.getAbsolutePath()" because the return value of "org.eclipse.wildwebdeveloper.embedder.node.NodeJSManager.getNodeJsLocation()" is null
	at org.eclipse.wildwebdeveloper.angular.AngularLanguageServer.<init>(AngularLanguageServer.java:43)
	at jdk.internal.reflect.GeneratedConstructorAccessor122.newInstance(Unknown Source)
	at java.base/jdk.internal.reflect.DelegatingConstructorAccessorImpl.newInstance(DelegatingConstructorAccessorImpl.java:45)
	at java.base/java.lang.reflect.Constructor.newInstanceWithCaller(Constructor.java:499)
	at java.base/java.lang.reflect.Constructor.newInstance(Constructor.java:480)
	at org.eclipse.core.internal.registry.osgi.RegistryStrategyOSGI.createExecutableExtension(RegistryStrategyOSGI.java:204)
	at org.eclipse.core.internal.registry.ExtensionRegistry.createExecutableExtension(ExtensionRegistry.java:920)
	at org.eclipse.core.internal.registry.ConfigurationElement.createExecutableExtension(ConfigurationElement.java:246)
	at org.eclipse.core.internal.registry.ConfigurationElementHandle.createExecutableExtension(ConfigurationElementHandle.java:63)
	at org.eclipse.lsp4e.LanguageServersRegistry$ExtensionLanguageServerDefinition.createConnectionProvider(LanguageServersRegistry.java:161)
	at org.eclipse.lsp4e.LanguageServerWrapper.lambda$0(LanguageServerWrapper.java:233)
	at java.base/java.util.concurrent.CompletableFuture$AsyncSupply.run(CompletableFuture.java:1768)
	at java.base/java.util.concurrent.CompletableFuture$AsyncSupply.exec(CompletableFuture.java:1760)
	at java.base/java.util.concurrent.ForkJoinTask.doExec(ForkJoinTask.java:373)
	at java.base/java.util.concurrent.ForkJoinPool$WorkQueue.topLevelExec(ForkJoinPool.java:1182)
	at java.base/java.util.concurrent.ForkJoinPool.scan(ForkJoinPool.java:1655)
	at java.base/java.util.concurrent.ForkJoinPool.runWorker(ForkJoinPool.java:1622)
	at java.base/java.util.concurrent.ForkJoinWorkerThread.run(ForkJoinWorkerThread.java:165)

!ENTRY org.eclipse.lsp4e 4 0 2025-12-22 22:01:20.966
!MESSAGE Exception occurred while creating an instance of the stream connection provider
!STACK 0
java.lang.RuntimeException: Exception occurred while creating an instance of the stream connection provider
	at org.eclipse.lsp4e.LanguageServersRegistry$ExtensionLanguageServerDefinition.createConnectionProvider(LanguageServersRegistry.java:164)
	at org.eclipse.lsp4e.LanguageServerWrapper.lambda$0(LanguageServerWrapper.java:233)
	at java.base/java.util.concurrent.CompletableFuture$AsyncSupply.run(CompletableFuture.java:1768)
	at java.base/java.util.concurrent.CompletableFuture$AsyncSupply.exec(CompletableFuture.java:1760)
	at java.base/java.util.concurrent.ForkJoinTask.doExec(ForkJoinTask.java:373)
	at java.base/java.util.concurrent.ForkJoinPool$WorkQueue.topLevelExec(ForkJoinPool.java:1182)
	at java.base/java.util.concurrent.ForkJoinPool.scan(ForkJoinPool.java:1655)
	at java.base/java.util.concurrent.ForkJoinPool.runWorker(ForkJoinPool.java:1622)
	at java.base/java.util.concurrent.ForkJoinWorkerThread.run(ForkJoinWorkerThread.java:165)
Caused by: org.eclipse.core.runtime.CoreException: プラグイン "org.eclipse.wildwebdeveloper" は、クラス "org.eclipse.wildwebdeveloper.angular.AngularLanguageServer" をインスタンス化できませんでした。
	at org.eclipse.core.internal.registry.osgi.RegistryStrategyOSGI.throwException(RegistryStrategyOSGI.java:212)
	at org.eclipse.core.internal.registry.osgi.RegistryStrategyOSGI.createExecutableExtension(RegistryStrategyOSGI.java:206)
	at org.eclipse.core.internal.registry.ExtensionRegistry.createExecutableExtension(ExtensionRegistry.java:920)
	at org.eclipse.core.internal.registry.ConfigurationElement.createExecutableExtension(ConfigurationElement.java:246)
	at org.eclipse.core.internal.registry.ConfigurationElementHandle.createExecutableExtension(ConfigurationElementHandle.java:63)
	at org.eclipse.lsp4e.LanguageServersRegistry$ExtensionLanguageServerDefinition.createConnectionProvider(LanguageServersRegistry.java:161)
	... 8 more
Caused by: java.lang.reflect.InvocationTargetException
	at jdk.internal.reflect.GeneratedConstructorAccessor122.newInstance(Unknown Source)
	at java.base/jdk.internal.reflect.DelegatingConstructorAccessorImpl.newInstance(DelegatingConstructorAccessorImpl.java:45)
	at java.base/java.lang.reflect.Constructor.newInstanceWithCaller(Constructor.java:499)
	at java.base/java.lang.reflect.Constructor.newInstance(Constructor.java:480)
	at org.eclipse.core.internal.registry.osgi.RegistryStrategyOSGI.createExecutableExtension(RegistryStrategyOSGI.java:204)
	... 12 more
Caused by: java.lang.NullPointerException: Cannot invoke "java.io.File.getAbsolutePath()" because the return value of "org.eclipse.wildwebdeveloper.embedder.node.NodeJSManager.getNodeJsLocation()" is null
	at org.eclipse.wildwebdeveloper.angular.AngularLanguageServer.<init>(AngularLanguageServer.java:43)
	... 17 more

!ENTRY org.eclipse.lsp4e 4 0 2025-12-22 22:01:20.967
!MESSAGE Cannot invoke "org.eclipse.lsp4e.server.StreamConnectionProvider.getInputStream()" because "this.lspStreamProvider" is null
!STACK 0
java.lang.NullPointerException: Cannot invoke "org.eclipse.lsp4e.server.StreamConnectionProvider.getInputStream()" because "this.lspStreamProvider" is null
	at org.eclipse.lsp4e.LanguageServerWrapper.lambda$1(LanguageServerWrapper.java:284)
	at java.base/java.util.concurrent.CompletableFuture$UniApply.tryFire(CompletableFuture.java:646)
	at java.base/java.util.concurrent.CompletableFuture.postComplete(CompletableFuture.java:510)
	at java.base/java.util.concurrent.CompletableFuture$AsyncSupply.run(CompletableFuture.java:1773)
	at java.base/java.util.concurrent.CompletableFuture$AsyncSupply.exec(CompletableFuture.java:1760)
	at java.base/java.util.concurrent.ForkJoinTask.doExec(ForkJoinTask.java:373)
	at java.base/java.util.concurrent.ForkJoinPool$WorkQueue.topLevelExec(ForkJoinPool.java:1182)
	at java.base/java.util.concurrent.ForkJoinPool.scan(ForkJoinPool.java:1655)
	at java.base/java.util.concurrent.ForkJoinPool.runWorker(ForkJoinPool.java:1622)
	at java.base/java.util.concurrent.ForkJoinWorkerThread.run(ForkJoinWorkerThread.java:165)

!ENTRY org.eclipse.lsp4e 4 0 2025-12-22 22:01:21.030
!MESSAGE プラグイン "org.eclipse.wildwebdeveloper" は、クラス "org.eclipse.wildwebdeveloper.angular.AngularLanguageServer" をインスタンス化できませんでした。
!STACK 1
org.eclipse.core.runtime.CoreException: プラグイン "org.eclipse.wildwebdeveloper" は、クラス "org.eclipse.wildwebdeveloper.angular.AngularLanguageServer" をインスタンス化できませんでした。
	at org.eclipse.core.internal.registry.osgi.RegistryStrategyOSGI.throwException(RegistryStrategyOSGI.java:212)
	at org.eclipse.core.internal.registry.osgi.RegistryStrategyOSGI.createExecutableExtension(RegistryStrategyOSGI.java:206)
	at org.eclipse.core.internal.registry.ExtensionRegistry.createExecutableExtension(ExtensionRegistry.java:920)
	at org.eclipse.core.internal.registry.ConfigurationElement.createExecutableExtension(ConfigurationElement.java:246)
	at org.eclipse.core.internal.registry.ConfigurationElementHandle.createExecutableExtension(ConfigurationElementHandle.java:63)
	at org.eclipse.lsp4e.LanguageServersRegistry$ExtensionLanguageServerDefinition.createConnectionProvider(LanguageServersRegistry.java:161)
	at org.eclipse.lsp4e.LanguageServerWrapper.lambda$0(LanguageServerWrapper.java:233)
	at java.base/java.util.concurrent.CompletableFuture$AsyncSupply.run(CompletableFuture.java:1768)
	at java.base/java.util.concurrent.CompletableFuture$AsyncSupply.exec(CompletableFuture.java:1760)
	at java.base/java.util.concurrent.ForkJoinTask.doExec(ForkJoinTask.java:373)
	at java.base/java.util.concurrent.ForkJoinPool$WorkQueue.topLevelExec(ForkJoinPool.java:1182)
	at java.base/java.util.concurrent.ForkJoinPool.scan(ForkJoinPool.java:1655)
	at java.base/java.util.concurrent.ForkJoinPool.runWorker(ForkJoinPool.java:1622)
	at java.base/java.util.concurrent.ForkJoinWorkerThread.run(ForkJoinWorkerThread.java:165)
Caused by: java.lang.reflect.InvocationTargetException
	at jdk.internal.reflect.GeneratedConstructorAccessor122.newInstance(Unknown Source)
	at java.base/jdk.internal.reflect.DelegatingConstructorAccessorImpl.newInstance(DelegatingConstructorAccessorImpl.java:45)
	at java.base/java.lang.reflect.Constructor.newInstanceWithCaller(Constructor.java:499)
	at java.base/java.lang.reflect.Constructor.newInstance(Constructor.java:480)
	at org.eclipse.core.internal.registry.osgi.RegistryStrategyOSGI.createExecutableExtension(RegistryStrategyOSGI.java:204)
	... 12 more
Caused by: java.lang.NullPointerException: Cannot invoke "java.io.File.getAbsolutePath()" because the return value of "org.eclipse.wildwebdeveloper.embedder.node.NodeJSManager.getNodeJsLocation()" is null
	at org.eclipse.wildwebdeveloper.angular.AngularLanguageServer.<init>(AngularLanguageServer.java:43)
	... 17 more
!SUBENTRY 1 org.eclipse.equinox.registry 4 1 2025-12-22 22:01:21.030
!MESSAGE プラグイン "org.eclipse.wildwebdeveloper" は、クラス "org.eclipse.wildwebdeveloper.angular.AngularLanguageServer" をインスタンス化できませんでした。
!STACK 0
java.lang.reflect.InvocationTargetException
	at jdk.internal.reflect.GeneratedConstructorAccessor122.newInstance(Unknown Source)
	at java.base/jdk.internal.reflect.DelegatingConstructorAccessorImpl.newInstance(DelegatingConstructorAccessorImpl.java:45)
	at java.base/java.lang.reflect.Constructor.newInstanceWithCaller(Constructor.java:499)
	at java.base/java.lang.reflect.Constructor.newInstance(Constructor.java:480)
	at org.eclipse.core.internal.registry.osgi.RegistryStrategyOSGI.createExecutableExtension(RegistryStrategyOSGI.java:204)
	at org.eclipse.core.internal.registry.ExtensionRegistry.createExecutableExtension(ExtensionRegistry.java:920)
	at org.eclipse.core.internal.registry.ConfigurationElement.createExecutableExtension(ConfigurationElement.java:246)
	at org.eclipse.core.internal.registry.ConfigurationElementHandle.createExecutableExtension(ConfigurationElementHandle.java:63)
	at org.eclipse.lsp4e.LanguageServersRegistry$ExtensionLanguageServerDefinition.createConnectionProvider(LanguageServersRegistry.java:161)
	at org.eclipse.lsp4e.LanguageServerWrapper.lambda$0(LanguageServerWrapper.java:233)
	at java.base/java.util.concurrent.CompletableFuture$AsyncSupply.run(CompletableFuture.java:1768)
	at java.base/java.util.concurrent.CompletableFuture$AsyncSupply.exec(CompletableFuture.java:1760)
	at java.base/java.util.concurrent.ForkJoinTask.doExec(ForkJoinTask.java:373)
	at java.base/java.util.concurrent.ForkJoinPool$WorkQueue.topLevelExec(ForkJoinPool.java:1182)
	at java.base/java.util.concurrent.ForkJoinPool.scan(ForkJoinPool.java:1655)
	at java.base/java.util.concurrent.ForkJoinPool.runWorker(ForkJoinPool.java:1622)
	at java.base/java.util.concurrent.ForkJoinWorkerThread.run(ForkJoinWorkerThread.java:165)
Caused by: java.lang.NullPointerException: Cannot invoke "java.io.File.getAbsolutePath()" because the return value of "org.eclipse.wildwebdeveloper.embedder.node.NodeJSManager.getNodeJsLocation()" is null
	at org.eclipse.wildwebdeveloper.angular.AngularLanguageServer.<init>(AngularLanguageServer.java:43)
	... 17 more
Root exception:
java.lang.NullPointerException: Cannot invoke "java.io.File.getAbsolutePath()" because the return value of "org.eclipse.wildwebdeveloper.embedder.node.NodeJSManager.getNodeJsLocation()" is null
	at org.eclipse.wildwebdeveloper.angular.AngularLanguageServer.<init>(AngularLanguageServer.java:43)
	at jdk.internal.reflect.GeneratedConstructorAccessor122.newInstance(Unknown Source)
	at java.base/jdk.internal.reflect.DelegatingConstructorAccessorImpl.newInstance(DelegatingConstructorAccessorImpl.java:45)
	at java.base/java.lang.reflect.Constructor.newInstanceWithCaller(Constructor.java:499)
	at java.base/java.lang.reflect.Constructor.newInstance(Constructor.java:480)
	at org.eclipse.core.internal.registry.osgi.RegistryStrategyOSGI.createExecutableExtension(RegistryStrategyOSGI.java:204)
	at org.eclipse.core.internal.registry.ExtensionRegistry.createExecutableExtension(ExtensionRegistry.java:920)
	at org.eclipse.core.internal.registry.ConfigurationElement.createExecutableExtension(ConfigurationElement.java:246)
	at org.eclipse.core.internal.registry.ConfigurationElementHandle.createExecutableExtension(ConfigurationElementHandle.java:63)
	at org.eclipse.lsp4e.LanguageServersRegistry$ExtensionLanguageServerDefinition.createConnectionProvider(LanguageServersRegistry.java:161)
	at org.eclipse.lsp4e.LanguageServerWrapper.lambda$0(LanguageServerWrapper.java:233)
	at java.base/java.util.concurrent.CompletableFuture$AsyncSupply.run(CompletableFuture.java:1768)
	at java.base/java.util.concurrent.CompletableFuture$AsyncSupply.exec(CompletableFuture.java:1760)
	at java.base/java.util.concurrent.ForkJoinTask.doExec(ForkJoinTask.java:373)
	at java.base/java.util.concurrent.ForkJoinPool$WorkQueue.topLevelExec(ForkJoinPool.java:1182)
	at java.base/java.util.concurrent.ForkJoinPool.scan(ForkJoinPool.java:1655)
	at java.base/java.util.concurrent.ForkJoinPool.runWorker(ForkJoinPool.java:1622)
	at java.base/java.util.concurrent.ForkJoinWorkerThread.run(ForkJoinWorkerThread.java:165)

!ENTRY org.eclipse.lsp4e 4 0 2025-12-22 22:01:21.030
!MESSAGE Exception occurred while creating an instance of the stream connection provider
!STACK 0
java.lang.RuntimeException: Exception occurred while creating an instance of the stream connection provider
	at org.eclipse.lsp4e.LanguageServersRegistry$ExtensionLanguageServerDefinition.createConnectionProvider(LanguageServersRegistry.java:164)
	at org.eclipse.lsp4e.LanguageServerWrapper.lambda$0(LanguageServerWrapper.java:233)
	at java.base/java.util.concurrent.CompletableFuture$AsyncSupply.run(CompletableFuture.java:1768)
	at java.base/java.util.concurrent.CompletableFuture$AsyncSupply.exec(CompletableFuture.java:1760)
	at java.base/java.util.concurrent.ForkJoinTask.doExec(ForkJoinTask.java:373)
	at java.base/java.util.concurrent.ForkJoinPool$WorkQueue.topLevelExec(ForkJoinPool.java:1182)
	at java.base/java.util.concurrent.ForkJoinPool.scan(ForkJoinPool.java:1655)
	at java.base/java.util.concurrent.ForkJoinPool.runWorker(ForkJoinPool.java:1622)
	at java.base/java.util.concurrent.ForkJoinWorkerThread.run(ForkJoinWorkerThread.java:165)
Caused by: org.eclipse.core.runtime.CoreException: プラグイン "org.eclipse.wildwebdeveloper" は、クラス "org.eclipse.wildwebdeveloper.angular.AngularLanguageServer" をインスタンス化できませんでした。
	at org.eclipse.core.internal.registry.osgi.RegistryStrategyOSGI.throwException(RegistryStrategyOSGI.java:212)
	at org.eclipse.core.internal.registry.osgi.RegistryStrategyOSGI.createExecutableExtension(RegistryStrategyOSGI.java:206)
	at org.eclipse.core.internal.registry.ExtensionRegistry.createExecutableExtension(ExtensionRegistry.java:920)
	at org.eclipse.core.internal.registry.ConfigurationElement.createExecutableExtension(ConfigurationElement.java:246)
	at org.eclipse.core.internal.registry.ConfigurationElementHandle.createExecutableExtension(ConfigurationElementHandle.java:63)
	at org.eclipse.lsp4e.LanguageServersRegistry$ExtensionLanguageServerDefinition.createConnectionProvider(LanguageServersRegistry.java:161)
	... 8 more
Caused by: java.lang.reflect.InvocationTargetException
	at jdk.internal.reflect.GeneratedConstructorAccessor122.newInstance(Unknown Source)
	at java.base/jdk.internal.reflect.DelegatingConstructorAccessorImpl.newInstance(DelegatingConstructorAccessorImpl.java:45)
	at java.base/java.lang.reflect.Constructor.newInstanceWithCaller(Constructor.java:499)
	at java.base/java.lang.reflect.Constructor.newInstance(Constructor.java:480)
	at org.eclipse.core.internal.registry.osgi.RegistryStrategyOSGI.createExecutableExtension(RegistryStrategyOSGI.java:204)
	... 12 more
Caused by: java.lang.NullPointerException: Cannot invoke "java.io.File.getAbsolutePath()" because the return value of "org.eclipse.wildwebdeveloper.embedder.node.NodeJSManager.getNodeJsLocation()" is null
	at org.eclipse.wildwebdeveloper.angular.AngularLanguageServer.<init>(AngularLanguageServer.java:43)
	... 17 more

!ENTRY org.eclipse.lsp4e 4 0 2025-12-22 22:01:21.031
!MESSAGE Cannot invoke "org.eclipse.lsp4e.server.StreamConnectionProvider.getInputStream()" because "this.lspStreamProvider" is null
!STACK 0
java.lang.NullPointerException: Cannot invoke "org.eclipse.lsp4e.server.StreamConnectionProvider.getInputStream()" because "this.lspStreamProvider" is null
	at org.eclipse.lsp4e.LanguageServerWrapper.lambda$1(LanguageServerWrapper.java:284)
	at java.base/java.util.concurrent.CompletableFuture$UniApply.tryFire(CompletableFuture.java:646)
	at java.base/java.util.concurrent.CompletableFuture.postComplete(CompletableFuture.java:510)
	at java.base/java.util.concurrent.CompletableFuture$AsyncSupply.run(CompletableFuture.java:1773)
	at java.base/java.util.concurrent.CompletableFuture$AsyncSupply.exec(CompletableFuture.java:1760)
	at java.base/java.util.concurrent.ForkJoinTask.doExec(ForkJoinTask.java:373)
	at java.base/java.util.concurrent.ForkJoinPool$WorkQueue.topLevelExec(ForkJoinPool.java:1182)
	at java.base/java.util.concurrent.ForkJoinPool.scan(ForkJoinPool.java:1655)
	at java.base/java.util.concurrent.ForkJoinPool.runWorker(ForkJoinPool.java:1622)
	at java.base/java.util.concurrent.ForkJoinWorkerThread.run(ForkJoinWorkerThread.java:165)

!ENTRY org.eclipse.lsp4e 4 0 2025-12-22 22:01:21.032
!MESSAGE プラグイン "org.eclipse.wildwebdeveloper" は、クラス "org.eclipse.wildwebdeveloper.html.HTMLLanguageServer" をインスタンス化できませんでした。
!STACK 1
org.eclipse.core.runtime.CoreException: プラグイン "org.eclipse.wildwebdeveloper" は、クラス "org.eclipse.wildwebdeveloper.html.HTMLLanguageServer" をインスタンス化できませんでした。
	at org.eclipse.core.internal.registry.osgi.RegistryStrategyOSGI.throwException(RegistryStrategyOSGI.java:212)
	at org.eclipse.core.internal.registry.osgi.RegistryStrategyOSGI.createExecutableExtension(RegistryStrategyOSGI.java:206)
	at org.eclipse.core.internal.registry.ExtensionRegistry.createExecutableExtension(ExtensionRegistry.java:920)
	at org.eclipse.core.internal.registry.ConfigurationElement.createExecutableExtension(ConfigurationElement.java:246)
	at org.eclipse.core.internal.registry.ConfigurationElementHandle.createExecutableExtension(ConfigurationElementHandle.java:63)
	at org.eclipse.lsp4e.LanguageServersRegistry$ExtensionLanguageServerDefinition.createConnectionProvider(LanguageServersRegistry.java:161)
	at org.eclipse.lsp4e.LanguageServerWrapper.lambda$0(LanguageServerWrapper.java:233)
	at java.base/java.util.concurrent.CompletableFuture$AsyncSupply.run(CompletableFuture.java:1768)
	at java.base/java.util.concurrent.CompletableFuture$AsyncSupply.exec(CompletableFuture.java:1760)
	at java.base/java.util.concurrent.ForkJoinTask.doExec(ForkJoinTask.java:373)
	at java.base/java.util.concurrent.ForkJoinPool$WorkQueue.topLevelExec(ForkJoinPool.java:1182)
	at java.base/java.util.concurrent.ForkJoinPool.scan(ForkJoinPool.java:1655)
	at java.base/java.util.concurrent.ForkJoinPool.runWorker(ForkJoinPool.java:1622)
	at java.base/java.util.concurrent.ForkJoinWorkerThread.run(ForkJoinWorkerThread.java:165)
Caused by: java.lang.reflect.InvocationTargetException
	at jdk.internal.reflect.GeneratedConstructorAccessor123.newInstance(Unknown Source)
	at java.base/jdk.internal.reflect.DelegatingConstructorAccessorImpl.newInstance(DelegatingConstructorAccessorImpl.java:45)
	at java.base/java.lang.reflect.Constructor.newInstanceWithCaller(Constructor.java:499)
	at java.base/java.lang.reflect.Constructor.newInstance(Constructor.java:480)
	at org.eclipse.core.internal.registry.osgi.RegistryStrategyOSGI.createExecutableExtension(RegistryStrategyOSGI.java:204)
	... 12 more
Caused by: java.lang.NullPointerException: Cannot invoke "java.io.File.getAbsolutePath()" because the return value of "org.eclipse.wildwebdeveloper.embedder.node.NodeJSManager.getNodeJsLocation()" is null
	at org.eclipse.wildwebdeveloper.html.HTMLLanguageServer.<init>(HTMLLanguageServer.java:40)
	... 17 more
!SUBENTRY 1 org.eclipse.equinox.registry 4 1 2025-12-22 22:01:21.032
!MESSAGE プラグイン "org.eclipse.wildwebdeveloper" は、クラス "org.eclipse.wildwebdeveloper.html.HTMLLanguageServer" をインスタンス化できませんでした。
!STACK 0
java.lang.reflect.InvocationTargetException
	at jdk.internal.reflect.GeneratedConstructorAccessor123.newInstance(Unknown Source)
	at java.base/jdk.internal.reflect.DelegatingConstructorAccessorImpl.newInstance(DelegatingConstructorAccessorImpl.java:45)
	at java.base/java.lang.reflect.Constructor.newInstanceWithCaller(Constructor.java:499)
	at java.base/java.lang.reflect.Constructor.newInstance(Constructor.java:480)
	at org.eclipse.core.internal.registry.osgi.RegistryStrategyOSGI.createExecutableExtension(RegistryStrategyOSGI.java:204)
	at org.eclipse.core.internal.registry.ExtensionRegistry.createExecutableExtension(ExtensionRegistry.java:920)
	at org.eclipse.core.internal.registry.ConfigurationElement.createExecutableExtension(ConfigurationElement.java:246)
	at org.eclipse.core.internal.registry.ConfigurationElementHandle.createExecutableExtension(ConfigurationElementHandle.java:63)
	at org.eclipse.lsp4e.LanguageServersRegistry$ExtensionLanguageServerDefinition.createConnectionProvider(LanguageServersRegistry.java:161)
	at org.eclipse.lsp4e.LanguageServerWrapper.lambda$0(LanguageServerWrapper.java:233)
	at java.base/java.util.concurrent.CompletableFuture$AsyncSupply.run(CompletableFuture.java:1768)
	at java.base/java.util.concurrent.CompletableFuture$AsyncSupply.exec(CompletableFuture.java:1760)
	at java.base/java.util.concurrent.ForkJoinTask.doExec(ForkJoinTask.java:373)
	at java.base/java.util.concurrent.ForkJoinPool$WorkQueue.topLevelExec(ForkJoinPool.java:1182)
	at java.base/java.util.concurrent.ForkJoinPool.scan(ForkJoinPool.java:1655)
	at java.base/java.util.concurrent.ForkJoinPool.runWorker(ForkJoinPool.java:1622)
	at java.base/java.util.concurrent.ForkJoinWorkerThread.run(ForkJoinWorkerThread.java:165)
Caused by: java.lang.NullPointerException: Cannot invoke "java.io.File.getAbsolutePath()" because the return value of "org.eclipse.wildwebdeveloper.embedder.node.NodeJSManager.getNodeJsLocation()" is null
	at org.eclipse.wildwebdeveloper.html.HTMLLanguageServer.<init>(HTMLLanguageServer.java:40)
	... 17 more
Root exception:
java.lang.NullPointerException: Cannot invoke "java.io.File.getAbsolutePath()" because the return value of "org.eclipse.wildwebdeveloper.embedder.node.NodeJSManager.getNodeJsLocation()" is null
	at org.eclipse.wildwebdeveloper.html.HTMLLanguageServer.<init>(HTMLLanguageServer.java:40)
	at jdk.internal.reflect.GeneratedConstructorAccessor123.newInstance(Unknown Source)
	at java.base/jdk.internal.reflect.DelegatingConstructorAccessorImpl.newInstance(DelegatingConstructorAccessorImpl.java:45)
	at java.base/java.lang.reflect.Constructor.newInstanceWithCaller(Constructor.java:499)
	at java.base/java.lang.reflect.Constructor.newInstance(Constructor.java:480)
	at org.eclipse.core.internal.registry.osgi.RegistryStrategyOSGI.createExecutableExtension(RegistryStrategyOSGI.java:204)
	at org.eclipse.core.internal.registry.ExtensionRegistry.createExecutableExtension(ExtensionRegistry.java:920)
	at org.eclipse.core.internal.registry.ConfigurationElement.createExecutableExtension(ConfigurationElement.java:246)
	at org.eclipse.core.internal.registry.ConfigurationElementHandle.createExecutableExtension(ConfigurationElementHandle.java:63)
	at org.eclipse.lsp4e.LanguageServersRegistry$ExtensionLanguageServerDefinition.createConnectionProvider(LanguageServersRegistry.java:161)
	at org.eclipse.lsp4e.LanguageServerWrapper.lambda$0(LanguageServerWrapper.java:233)
	at java.base/java.util.concurrent.CompletableFuture$AsyncSupply.run(CompletableFuture.java:1768)
	at java.base/java.util.concurrent.CompletableFuture$AsyncSupply.exec(CompletableFuture.java:1760)
	at java.base/java.util.concurrent.ForkJoinTask.doExec(ForkJoinTask.java:373)
	at java.base/java.util.concurrent.ForkJoinPool$WorkQueue.topLevelExec(ForkJoinPool.java:1182)
	at java.base/java.util.concurrent.ForkJoinPool.scan(ForkJoinPool.java:1655)
	at java.base/java.util.concurrent.ForkJoinPool.runWorker(ForkJoinPool.java:1622)
	at java.base/java.util.concurrent.ForkJoinWorkerThread.run(ForkJoinWorkerThread.java:165)

!ENTRY org.eclipse.lsp4e 4 0 2025-12-22 22:01:21.032
!MESSAGE Exception occurred while creating an instance of the stream connection provider
!STACK 0
java.lang.RuntimeException: Exception occurred while creating an instance of the stream connection provider
	at org.eclipse.lsp4e.LanguageServersRegistry$ExtensionLanguageServerDefinition.createConnectionProvider(LanguageServersRegistry.java:164)
	at org.eclipse.lsp4e.LanguageServerWrapper.lambda$0(LanguageServerWrapper.java:233)
	at java.base/java.util.concurrent.CompletableFuture$AsyncSupply.run(CompletableFuture.java:1768)
	at java.base/java.util.concurrent.CompletableFuture$AsyncSupply.exec(CompletableFuture.java:1760)
	at java.base/java.util.concurrent.ForkJoinTask.doExec(ForkJoinTask.java:373)
	at java.base/java.util.concurrent.ForkJoinPool$WorkQueue.topLevelExec(ForkJoinPool.java:1182)
	at java.base/java.util.concurrent.ForkJoinPool.scan(ForkJoinPool.java:1655)
	at java.base/java.util.concurrent.ForkJoinPool.runWorker(ForkJoinPool.java:1622)
	at java.base/java.util.concurrent.ForkJoinWorkerThread.run(ForkJoinWorkerThread.java:165)
Caused by: org.eclipse.core.runtime.CoreException: プラグイン "org.eclipse.wildwebdeveloper" は、クラス "org.eclipse.wildwebdeveloper.html.HTMLLanguageServer" をインスタンス化できませんでした。
	at org.eclipse.core.internal.registry.osgi.RegistryStrategyOSGI.throwException(RegistryStrategyOSGI.java:212)
	at org.eclipse.core.internal.registry.osgi.RegistryStrategyOSGI.createExecutableExtension(RegistryStrategyOSGI.java:206)
	at org.eclipse.core.internal.registry.ExtensionRegistry.createExecutableExtension(ExtensionRegistry.java:920)
	at org.eclipse.core.internal.registry.ConfigurationElement.createExecutableExtension(ConfigurationElement.java:246)
	at org.eclipse.core.internal.registry.ConfigurationElementHandle.createExecutableExtension(ConfigurationElementHandle.java:63)
	at org.eclipse.lsp4e.LanguageServersRegistry$ExtensionLanguageServerDefinition.createConnectionProvider(LanguageServersRegistry.java:161)
	... 8 more
Caused by: java.lang.reflect.InvocationTargetException
	at jdk.internal.reflect.GeneratedConstructorAccessor123.newInstance(Unknown Source)
	at java.base/jdk.internal.reflect.DelegatingConstructorAccessorImpl.newInstance(DelegatingConstructorAccessorImpl.java:45)
	at java.base/java.lang.reflect.Constructor.newInstanceWithCaller(Constructor.java:499)
	at java.base/java.lang.reflect.Constructor.newInstance(Constructor.java:480)
	at org.eclipse.core.internal.registry.osgi.RegistryStrategyOSGI.createExecutableExtension(RegistryStrategyOSGI.java:204)
	... 12 more
Caused by: java.lang.NullPointerException: Cannot invoke "java.io.File.getAbsolutePath()" because the return value of "org.eclipse.wildwebdeveloper.embedder.node.NodeJSManager.getNodeJsLocation()" is null
	at org.eclipse.wildwebdeveloper.html.HTMLLanguageServer.<init>(HTMLLanguageServer.java:40)
	... 17 more

!ENTRY org.eclipse.lsp4e 4 0 2025-12-22 22:01:21.032
!MESSAGE Cannot invoke "org.eclipse.lsp4e.server.StreamConnectionProvider.getInputStream()" because "this.lspStreamProvider" is null
!STACK 0
java.lang.NullPointerException: Cannot invoke "org.eclipse.lsp4e.server.StreamConnectionProvider.getInputStream()" because "this.lspStreamProvider" is null
	at org.eclipse.lsp4e.LanguageServerWrapper.lambda$1(LanguageServerWrapper.java:284)
	at java.base/java.util.concurrent.CompletableFuture$UniApply.tryFire(CompletableFuture.java:646)
	at java.base/java.util.concurrent.CompletableFuture.postComplete(CompletableFuture.java:510)
	at java.base/java.util.concurrent.CompletableFuture$AsyncSupply.run(CompletableFuture.java:1773)
	at java.base/java.util.concurrent.CompletableFuture$AsyncSupply.exec(CompletableFuture.java:1760)
	at java.base/java.util.concurrent.ForkJoinTask.doExec(ForkJoinTask.java:373)
	at java.base/java.util.concurrent.ForkJoinPool$WorkQueue.topLevelExec(ForkJoinPool.java:1182)
	at java.base/java.util.concurrent.ForkJoinPool.scan(ForkJoinPool.java:1655)
	at java.base/java.util.concurrent.ForkJoinPool.runWorker(ForkJoinPool.java:1622)
	at java.base/java.util.concurrent.ForkJoinWorkerThread.run(ForkJoinWorkerThread.java:165)

!ENTRY org.eclipse.core.resources 4 568 2025-12-22 22:01:36.591
!MESSAGE '/Servers' のメタデータを書き込みできませんでした。
!STACK 0
java.io.FileNotFoundException: C:\c\Users\t-jim\Documents\Spring_Study\.metadata\.plugins\org.eclipse.core.resources\.projects\Servers\.markers.snap (指定されたパスが見つかりません。)
	at java.base/java.io.FileOutputStream.open0(Native Method)
	at java.base/java.io.FileOutputStream.open(FileOutputStream.java:293)
	at java.base/java.io.FileOutputStream.<init>(FileOutputStream.java:235)
	at java.base/java.io.FileOutputStream.<init>(FileOutputStream.java:155)
	at org.eclipse.core.internal.localstore.SafeChunkyOutputStream.<init>(SafeChunkyOutputStream.java:48)
	at org.eclipse.core.internal.localstore.SafeChunkyOutputStream.<init>(SafeChunkyOutputStream.java:44)
	at org.eclipse.core.internal.resources.SaveManager.visitAndSnap(SaveManager.java:1816)
	at org.eclipse.core.internal.resources.SaveManager.visitAndSnap(SaveManager.java:1897)
	at org.eclipse.core.internal.resources.SaveManager.save(SaveManager.java:1209)
	at org.eclipse.core.internal.resources.SaveManager.save(SaveManager.java:1150)
	at org.eclipse.core.internal.resources.DelayedSnapshotJob.run(DelayedSnapshotJob.java:51)
	at org.eclipse.core.internal.jobs.Worker.run(Worker.java:63)

!ENTRY org.eclipse.lsp4e 4 0 2025-12-22 22:01:36.686
!MESSAGE プラグイン "org.eclipse.wildwebdeveloper" は、クラス "org.eclipse.wildwebdeveloper.angular.AngularLanguageServer" をインスタンス化できませんでした。
!STACK 1
org.eclipse.core.runtime.CoreException: プラグイン "org.eclipse.wildwebdeveloper" は、クラス "org.eclipse.wildwebdeveloper.angular.AngularLanguageServer" をインスタンス化できませんでした。
	at org.eclipse.core.internal.registry.osgi.RegistryStrategyOSGI.throwException(RegistryStrategyOSGI.java:212)
	at org.eclipse.core.internal.registry.osgi.RegistryStrategyOSGI.createExecutableExtension(RegistryStrategyOSGI.java:206)
	at org.eclipse.core.internal.registry.ExtensionRegistry.createExecutableExtension(ExtensionRegistry.java:920)
	at org.eclipse.core.internal.registry.ConfigurationElement.createExecutableExtension(ConfigurationElement.java:246)
	at org.eclipse.core.internal.registry.ConfigurationElementHandle.createExecutableExtension(ConfigurationElementHandle.java:63)
	at org.eclipse.lsp4e.LanguageServersRegistry$ExtensionLanguageServerDefinition.createConnectionProvider(LanguageServersRegistry.java:161)
	at org.eclipse.lsp4e.LanguageServerWrapper.lambda$0(LanguageServerWrapper.java:233)
	at java.base/java.util.concurrent.CompletableFuture$AsyncSupply.run(CompletableFuture.java:1768)
	at java.base/java.util.concurrent.CompletableFuture$AsyncSupply.exec(CompletableFuture.java:1760)
	at java.base/java.util.concurrent.ForkJoinTask.doExec(ForkJoinTask.java:373)
	at java.base/java.util.concurrent.ForkJoinPool$WorkQueue.topLevelExec(ForkJoinPool.java:1182)
	at java.base/java.util.concurrent.ForkJoinPool.scan(ForkJoinPool.java:1655)
	at java.base/java.util.concurrent.ForkJoinPool.runWorker(ForkJoinPool.java:1622)
	at java.base/java.util.concurrent.ForkJoinWorkerThread.run(ForkJoinWorkerThread.java:165)
Caused by: java.lang.reflect.InvocationTargetException
	at jdk.internal.reflect.GeneratedConstructorAccessor122.newInstance(Unknown Source)
	at java.base/jdk.internal.reflect.DelegatingConstructorAccessorImpl.newInstance(DelegatingConstructorAccessorImpl.java:45)
	at java.base/java.lang.reflect.Constructor.newInstanceWithCaller(Constructor.java:499)
	at java.base/java.lang.reflect.Constructor.newInstance(Constructor.java:480)
	at org.eclipse.core.internal.registry.osgi.RegistryStrategyOSGI.createExecutableExtension(RegistryStrategyOSGI.java:204)
	... 12 more
Caused by: java.lang.NullPointerException: Cannot invoke "java.io.File.getAbsolutePath()" because the return value of "org.eclipse.wildwebdeveloper.embedder.node.NodeJSManager.getNodeJsLocation()" is null
	at org.eclipse.wildwebdeveloper.angular.AngularLanguageServer.<init>(AngularLanguageServer.java:43)
	... 17 more
!SUBENTRY 1 org.eclipse.equinox.registry 4 1 2025-12-22 22:01:36.686
!MESSAGE プラグイン "org.eclipse.wildwebdeveloper" は、クラス "org.eclipse.wildwebdeveloper.angular.AngularLanguageServer" をインスタンス化できませんでした。
!STACK 0
java.lang.reflect.InvocationTargetException
	at jdk.internal.reflect.GeneratedConstructorAccessor122.newInstance(Unknown Source)
	at java.base/jdk.internal.reflect.DelegatingConstructorAccessorImpl.newInstance(DelegatingConstructorAccessorImpl.java:45)
	at java.base/java.lang.reflect.Constructor.newInstanceWithCaller(Constructor.java:499)
	at java.base/java.lang.reflect.Constructor.newInstance(Constructor.java:480)
	at org.eclipse.core.internal.registry.osgi.RegistryStrategyOSGI.createExecutableExtension(RegistryStrategyOSGI.java:204)
	at org.eclipse.core.internal.registry.ExtensionRegistry.createExecutableExtension(ExtensionRegistry.java:920)
	at org.eclipse.core.internal.registry.ConfigurationElement.createExecutableExtension(ConfigurationElement.java:246)
	at org.eclipse.core.internal.registry.ConfigurationElementHandle.createExecutableExtension(ConfigurationElementHandle.java:63)
	at org.eclipse.lsp4e.LanguageServersRegistry$ExtensionLanguageServerDefinition.createConnectionProvider(LanguageServersRegistry.java:161)
	at org.eclipse.lsp4e.LanguageServerWrapper.lambda$0(LanguageServerWrapper.java:233)
	at java.base/java.util.concurrent.CompletableFuture$AsyncSupply.run(CompletableFuture.java:1768)
	at java.base/java.util.concurrent.CompletableFuture$AsyncSupply.exec(CompletableFuture.java:1760)
	at java.base/java.util.concurrent.ForkJoinTask.doExec(ForkJoinTask.java:373)
	at java.base/java.util.concurrent.ForkJoinPool$WorkQueue.topLevelExec(ForkJoinPool.java:1182)
	at java.base/java.util.concurrent.ForkJoinPool.scan(ForkJoinPool.java:1655)
	at java.base/java.util.concurrent.ForkJoinPool.runWorker(ForkJoinPool.java:1622)
	at java.base/java.util.concurrent.ForkJoinWorkerThread.run(ForkJoinWorkerThread.java:165)
Caused by: java.lang.NullPointerException: Cannot invoke "java.io.File.getAbsolutePath()" because the return value of "org.eclipse.wildwebdeveloper.embedder.node.NodeJSManager.getNodeJsLocation()" is null
	at org.eclipse.wildwebdeveloper.angular.AngularLanguageServer.<init>(AngularLanguageServer.java:43)
	... 17 more
Root exception:
java.lang.NullPointerException: Cannot invoke "java.io.File.getAbsolutePath()" because the return value of "org.eclipse.wildwebdeveloper.embedder.node.NodeJSManager.getNodeJsLocation()" is null
	at org.eclipse.wildwebdeveloper.angular.AngularLanguageServer.<init>(AngularLanguageServer.java:43)
	at jdk.internal.reflect.GeneratedConstructorAccessor122.newInstance(Unknown Source)
	at java.base/jdk.internal.reflect.DelegatingConstructorAccessorImpl.newInstance(DelegatingConstructorAccessorImpl.java:45)
	at java.base/java.lang.reflect.Constructor.newInstanceWithCaller(Constructor.java:499)
	at java.base/java.lang.reflect.Constructor.newInstance(Constructor.java:480)
	at org.eclipse.core.internal.registry.osgi.RegistryStrategyOSGI.createExecutableExtension(RegistryStrategyOSGI.java:204)
	at org.eclipse.core.internal.registry.ExtensionRegistry.createExecutableExtension(ExtensionRegistry.java:920)
	at org.eclipse.core.internal.registry.ConfigurationElement.createExecutableExtension(ConfigurationElement.java:246)
	at org.eclipse.core.internal.registry.ConfigurationElementHandle.createExecutableExtension(ConfigurationElementHandle.java:63)
	at org.eclipse.lsp4e.LanguageServersRegistry$ExtensionLanguageServerDefinition.createConnectionProvider(LanguageServersRegistry.java:161)
	at org.eclipse.lsp4e.LanguageServerWrapper.lambda$0(LanguageServerWrapper.java:233)
	at java.base/java.util.concurrent.CompletableFuture$AsyncSupply.run(CompletableFuture.java:1768)
	at java.base/java.util.concurrent.CompletableFuture$AsyncSupply.exec(CompletableFuture.java:1760)
	at java.base/java.util.concurrent.ForkJoinTask.doExec(ForkJoinTask.java:373)
	at java.base/java.util.concurrent.ForkJoinPool$WorkQueue.topLevelExec(ForkJoinPool.java:1182)
	at java.base/java.util.concurrent.ForkJoinPool.scan(ForkJoinPool.java:1655)
	at java.base/java.util.concurrent.ForkJoinPool.runWorker(ForkJoinPool.java:1622)
	at java.base/java.util.concurrent.ForkJoinWorkerThread.run(ForkJoinWorkerThread.java:165)

!ENTRY org.eclipse.lsp4e 4 0 2025-12-22 22:01:36.686
!MESSAGE プラグイン "org.eclipse.wildwebdeveloper" は、クラス "org.eclipse.wildwebdeveloper.html.HTMLLanguageServer" をインスタンス化できませんでした。
!STACK 1
org.eclipse.core.runtime.CoreException: プラグイン "org.eclipse.wildwebdeveloper" は、クラス "org.eclipse.wildwebdeveloper.html.HTMLLanguageServer" をインスタンス化できませんでした。
	at org.eclipse.core.internal.registry.osgi.RegistryStrategyOSGI.throwException(RegistryStrategyOSGI.java:212)
	at org.eclipse.core.internal.registry.osgi.RegistryStrategyOSGI.createExecutableExtension(RegistryStrategyOSGI.java:206)
	at org.eclipse.core.internal.registry.ExtensionRegistry.createExecutableExtension(ExtensionRegistry.java:920)
	at org.eclipse.core.internal.registry.ConfigurationElement.createExecutableExtension(ConfigurationElement.java:246)
	at org.eclipse.core.internal.registry.ConfigurationElementHandle.createExecutableExtension(ConfigurationElementHandle.java:63)
	at org.eclipse.lsp4e.LanguageServersRegistry$ExtensionLanguageServerDefinition.createConnectionProvider(LanguageServersRegistry.java:161)
	at org.eclipse.lsp4e.LanguageServerWrapper.lambda$0(LanguageServerWrapper.java:233)
	at java.base/java.util.concurrent.CompletableFuture$AsyncSupply.run(CompletableFuture.java:1768)
	at java.base/java.util.concurrent.CompletableFuture$AsyncSupply.exec(CompletableFuture.java:1760)
	at java.base/java.util.concurrent.ForkJoinTask.doExec(ForkJoinTask.java:373)
	at java.base/java.util.concurrent.ForkJoinPool$WorkQueue.topLevelExec(ForkJoinPool.java:1182)
	at java.base/java.util.concurrent.ForkJoinPool.scan(ForkJoinPool.java:1655)
	at java.base/java.util.concurrent.ForkJoinPool.runWorker(ForkJoinPool.java:1622)
	at java.base/java.util.concurrent.ForkJoinWorkerThread.run(ForkJoinWorkerThread.java:165)
Caused by: java.lang.reflect.InvocationTargetException
	at jdk.internal.reflect.GeneratedConstructorAccessor123.newInstance(Unknown Source)
	at java.base/jdk.internal.reflect.DelegatingConstructorAccessorImpl.newInstance(DelegatingConstructorAccessorImpl.java:45)
	at java.base/java.lang.reflect.Constructor.newInstanceWithCaller(Constructor.java:499)
	at java.base/java.lang.reflect.Constructor.newInstance(Constructor.java:480)
	at org.eclipse.core.internal.registry.osgi.RegistryStrategyOSGI.createExecutableExtension(RegistryStrategyOSGI.java:204)
	... 12 more
Caused by: java.lang.NullPointerException: Cannot invoke "java.io.File.getAbsolutePath()" because the return value of "org.eclipse.wildwebdeveloper.embedder.node.NodeJSManager.getNodeJsLocation()" is null
	at org.eclipse.wildwebdeveloper.html.HTMLLanguageServer.<init>(HTMLLanguageServer.java:40)
	... 17 more
!SUBENTRY 1 org.eclipse.equinox.registry 4 1 2025-12-22 22:01:36.686
!MESSAGE プラグイン "org.eclipse.wildwebdeveloper" は、クラス "org.eclipse.wildwebdeveloper.html.HTMLLanguageServer" をインスタンス化できませんでした。
!STACK 0
java.lang.reflect.InvocationTargetException
	at jdk.internal.reflect.GeneratedConstructorAccessor123.newInstance(Unknown Source)
	at java.base/jdk.internal.reflect.DelegatingConstructorAccessorImpl.newInstance(DelegatingConstructorAccessorImpl.java:45)
	at java.base/java.lang.reflect.Constructor.newInstanceWithCaller(Constructor.java:499)
	at java.base/java.lang.reflect.Constructor.newInstance(Constructor.java:480)
	at org.eclipse.core.internal.registry.osgi.RegistryStrategyOSGI.createExecutableExtension(RegistryStrategyOSGI.java:204)
	at org.eclipse.core.internal.registry.ExtensionRegistry.createExecutableExtension(ExtensionRegistry.java:920)
	at org.eclipse.core.internal.registry.ConfigurationElement.createExecutableExtension(ConfigurationElement.java:246)
	at org.eclipse.core.internal.registry.ConfigurationElementHandle.createExecutableExtension(ConfigurationElementHandle.java:63)
	at org.eclipse.lsp4e.LanguageServersRegistry$ExtensionLanguageServerDefinition.createConnectionProvider(LanguageServersRegistry.java:161)
	at org.eclipse.lsp4e.LanguageServerWrapper.lambda$0(LanguageServerWrapper.java:233)
	at java.base/java.util.concurrent.CompletableFuture$AsyncSupply.run(CompletableFuture.java:1768)
	at java.base/java.util.concurrent.CompletableFuture$AsyncSupply.exec(CompletableFuture.java:1760)
	at java.base/java.util.concurrent.ForkJoinTask.doExec(ForkJoinTask.java:373)
	at java.base/java.util.concurrent.ForkJoinPool$WorkQueue.topLevelExec(ForkJoinPool.java:1182)
	at java.base/java.util.concurrent.ForkJoinPool.scan(ForkJoinPool.java:1655)
	at java.base/java.util.concurrent.ForkJoinPool.runWorker(ForkJoinPool.java:1622)
	at java.base/java.util.concurrent.ForkJoinWorkerThread.run(ForkJoinWorkerThread.java:165)
Caused by: java.lang.NullPointerException: Cannot invoke "java.io.File.getAbsolutePath()" because the return value of "org.eclipse.wildwebdeveloper.embedder.node.NodeJSManager.getNodeJsLocation()" is null
	at org.eclipse.wildwebdeveloper.html.HTMLLanguageServer.<init>(HTMLLanguageServer.java:40)
	... 17 more
Root exception:
java.lang.NullPointerException: Cannot invoke "java.io.File.getAbsolutePath()" because the return value of "org.eclipse.wildwebdeveloper.embedder.node.NodeJSManager.getNodeJsLocation()" is null
	at org.eclipse.wildwebdeveloper.html.HTMLLanguageServer.<init>(HTMLLanguageServer.java:40)
	at jdk.internal.reflect.GeneratedConstructorAccessor123.newInstance(Unknown Source)
	at java.base/jdk.internal.reflect.DelegatingConstructorAccessorImpl.newInstance(DelegatingConstructorAccessorImpl.java:45)
	at java.base/java.lang.reflect.Constructor.newInstanceWithCaller(Constructor.java:499)
	at java.base/java.lang.reflect.Constructor.newInstance(Constructor.java:480)
	at org.eclipse.core.internal.registry.osgi.RegistryStrategyOSGI.createExecutableExtension(RegistryStrategyOSGI.java:204)
	at org.eclipse.core.internal.registry.ExtensionRegistry.createExecutableExtension(ExtensionRegistry.java:920)
	at org.eclipse.core.internal.registry.ConfigurationElement.createExecutableExtension(ConfigurationElement.java:246)
	at org.eclipse.core.internal.registry.ConfigurationElementHandle.createExecutableExtension(ConfigurationElementHandle.java:63)
	at org.eclipse.lsp4e.LanguageServersRegistry$ExtensionLanguageServerDefinition.createConnectionProvider(LanguageServersRegistry.java:161)
	at org.eclipse.lsp4e.LanguageServerWrapper.lambda$0(LanguageServerWrapper.java:233)
	at java.base/java.util.concurrent.CompletableFuture$AsyncSupply.run(CompletableFuture.java:1768)
	at java.base/java.util.concurrent.CompletableFuture$AsyncSupply.exec(CompletableFuture.java:1760)
	at java.base/java.util.concurrent.ForkJoinTask.doExec(ForkJoinTask.java:373)
	at java.base/java.util.concurrent.ForkJoinPool$WorkQueue.topLevelExec(ForkJoinPool.java:1182)
	at java.base/java.util.concurrent.ForkJoinPool.scan(ForkJoinPool.java:1655)
	at java.base/java.util.concurrent.ForkJoinPool.runWorker(ForkJoinPool.java:1622)
	at java.base/java.util.concurrent.ForkJoinWorkerThread.run(ForkJoinWorkerThread.java:165)

!ENTRY org.eclipse.lsp4e 4 0 2025-12-22 22:01:36.687
!MESSAGE Exception occurred while creating an instance of the stream connection provider
!STACK 0
java.lang.RuntimeException: Exception occurred while creating an instance of the stream connection provider
	at org.eclipse.lsp4e.LanguageServersRegistry$ExtensionLanguageServerDefinition.createConnectionProvider(LanguageServersRegistry.java:164)
	at org.eclipse.lsp4e.LanguageServerWrapper.lambda$0(LanguageServerWrapper.java:233)
	at java.base/java.util.concurrent.CompletableFuture$AsyncSupply.run(CompletableFuture.java:1768)
	at java.base/java.util.concurrent.CompletableFuture$AsyncSupply.exec(CompletableFuture.java:1760)
	at java.base/java.util.concurrent.ForkJoinTask.doExec(ForkJoinTask.java:373)
	at java.base/java.util.concurrent.ForkJoinPool$WorkQueue.topLevelExec(ForkJoinPool.java:1182)
	at java.base/java.util.concurrent.ForkJoinPool.scan(ForkJoinPool.java:1655)
	at java.base/java.util.concurrent.ForkJoinPool.runWorker(ForkJoinPool.java:1622)
	at java.base/java.util.concurrent.ForkJoinWorkerThread.run(ForkJoinWorkerThread.java:165)
Caused by: org.eclipse.core.runtime.CoreException: プラグイン "org.eclipse.wildwebdeveloper" は、クラス "org.eclipse.wildwebdeveloper.angular.AngularLanguageServer" をインスタンス化できませんでした。
	at org.eclipse.core.internal.registry.osgi.RegistryStrategyOSGI.throwException(RegistryStrategyOSGI.java:212)
	at org.eclipse.core.internal.registry.osgi.RegistryStrategyOSGI.createExecutableExtension(RegistryStrategyOSGI.java:206)
	at org.eclipse.core.internal.registry.ExtensionRegistry.createExecutableExtension(ExtensionRegistry.java:920)
	at org.eclipse.core.internal.registry.ConfigurationElement.createExecutableExtension(ConfigurationElement.java:246)
	at org.eclipse.core.internal.registry.ConfigurationElementHandle.createExecutableExtension(ConfigurationElementHandle.java:63)
	at org.eclipse.lsp4e.LanguageServersRegistry$ExtensionLanguageServerDefinition.createConnectionProvider(LanguageServersRegistry.java:161)
	... 8 more
Caused by: java.lang.reflect.InvocationTargetException
	at jdk.internal.reflect.GeneratedConstructorAccessor122.newInstance(Unknown Source)
	at java.base/jdk.internal.reflect.DelegatingConstructorAccessorImpl.newInstance(DelegatingConstructorAccessorImpl.java:45)
	at java.base/java.lang.reflect.Constructor.newInstanceWithCaller(Constructor.java:499)
	at java.base/java.lang.reflect.Constructor.newInstance(Constructor.java:480)
	at org.eclipse.core.internal.registry.osgi.RegistryStrategyOSGI.createExecutableExtension(RegistryStrategyOSGI.java:204)
	... 12 more
Caused by: java.lang.NullPointerException: Cannot invoke "java.io.File.getAbsolutePath()" because the return value of "org.eclipse.wildwebdeveloper.embedder.node.NodeJSManager.getNodeJsLocation()" is null
	at org.eclipse.wildwebdeveloper.angular.AngularLanguageServer.<init>(AngularLanguageServer.java:43)
	... 17 more

!ENTRY org.eclipse.lsp4e 4 0 2025-12-22 22:01:36.687
!MESSAGE Exception occurred while creating an instance of the stream connection provider
!STACK 0
java.lang.RuntimeException: Exception occurred while creating an instance of the stream connection provider
	at org.eclipse.lsp4e.LanguageServersRegistry$ExtensionLanguageServerDefinition.createConnectionProvider(LanguageServersRegistry.java:164)
	at org.eclipse.lsp4e.LanguageServerWrapper.lambda$0(LanguageServerWrapper.java:233)
	at java.base/java.util.concurrent.CompletableFuture$AsyncSupply.run(CompletableFuture.java:1768)
	at java.base/java.util.concurrent.CompletableFuture$AsyncSupply.exec(CompletableFuture.java:1760)
	at java.base/java.util.concurrent.ForkJoinTask.doExec(ForkJoinTask.java:373)
	at java.base/java.util.concurrent.ForkJoinPool$WorkQueue.topLevelExec(ForkJoinPool.java:1182)
	at java.base/java.util.concurrent.ForkJoinPool.scan(ForkJoinPool.java:1655)
	at java.base/java.util.concurrent.ForkJoinPool.runWorker(ForkJoinPool.java:1622)
	at java.base/java.util.concurrent.ForkJoinWorkerThread.run(ForkJoinWorkerThread.java:165)
Caused by: org.eclipse.core.runtime.CoreException: プラグイン "org.eclipse.wildwebdeveloper" は、クラス "org.eclipse.wildwebdeveloper.html.HTMLLanguageServer" をインスタンス化できませんでした。
	at org.eclipse.core.internal.registry.osgi.RegistryStrategyOSGI.throwException(RegistryStrategyOSGI.java:212)
	at org.eclipse.core.internal.registry.osgi.RegistryStrategyOSGI.createExecutableExtension(RegistryStrategyOSGI.java:206)
	at org.eclipse.core.internal.registry.ExtensionRegistry.createExecutableExtension(ExtensionRegistry.java:920)
	at org.eclipse.core.internal.registry.ConfigurationElement.createExecutableExtension(ConfigurationElement.java:246)
	at org.eclipse.core.internal.registry.ConfigurationElementHandle.createExecutableExtension(ConfigurationElementHandle.java:63)
	at org.eclipse.lsp4e.LanguageServersRegistry$ExtensionLanguageServerDefinition.createConnectionProvider(LanguageServersRegistry.java:161)
	... 8 more
Caused by: java.lang.reflect.InvocationTargetException
	at jdk.internal.reflect.GeneratedConstructorAccessor123.newInstance(Unknown Source)
	at java.base/jdk.internal.reflect.DelegatingConstructorAccessorImpl.newInstance(DelegatingConstructorAccessorImpl.java:45)
	at java.base/java.lang.reflect.Constructor.newInstanceWithCaller(Constructor.java:499)
	at java.base/java.lang.reflect.Constructor.newInstance(Constructor.java:480)
	at org.eclipse.core.internal.registry.osgi.RegistryStrategyOSGI.createExecutableExtension(RegistryStrategyOSGI.java:204)
	... 12 more
Caused by: java.lang.NullPointerException: Cannot invoke "java.io.File.getAbsolutePath()" because the return value of "org.eclipse.wildwebdeveloper.embedder.node.NodeJSManager.getNodeJsLocation()" is null
	at org.eclipse.wildwebdeveloper.html.HTMLLanguageServer.<init>(HTMLLanguageServer.java:40)
	... 17 more

!ENTRY org.eclipse.lsp4e 4 0 2025-12-22 22:01:36.687
!MESSAGE Cannot invoke "org.eclipse.lsp4e.server.StreamConnectionProvider.getInputStream()" because "this.lspStreamProvider" is null
!STACK 0
java.lang.NullPointerException: Cannot invoke "org.eclipse.lsp4e.server.StreamConnectionProvider.getInputStream()" because "this.lspStreamProvider" is null
	at org.eclipse.lsp4e.LanguageServerWrapper.lambda$1(LanguageServerWrapper.java:284)
	at java.base/java.util.concurrent.CompletableFuture$UniApply.tryFire(CompletableFuture.java:646)
	at java.base/java.util.concurrent.CompletableFuture.postComplete(CompletableFuture.java:510)
	at java.base/java.util.concurrent.CompletableFuture$AsyncSupply.run(CompletableFuture.java:1773)
	at java.base/java.util.concurrent.CompletableFuture$AsyncSupply.exec(CompletableFuture.java:1760)
	at java.base/java.util.concurrent.ForkJoinTask.doExec(ForkJoinTask.java:373)
	at java.base/java.util.concurrent.ForkJoinPool$WorkQueue.topLevelExec(ForkJoinPool.java:1182)
	at java.base/java.util.concurrent.ForkJoinPool.scan(ForkJoinPool.java:1655)
	at java.base/java.util.concurrent.ForkJoinPool.runWorker(ForkJoinPool.java:1622)
	at java.base/java.util.concurrent.ForkJoinWorkerThread.run(ForkJoinWorkerThread.java:165)

!ENTRY org.eclipse.lsp4e 4 0 2025-12-22 22:01:36.687
!MESSAGE Cannot invoke "org.eclipse.lsp4e.server.StreamConnectionProvider.getInputStream()" because "this.lspStreamProvider" is null
!STACK 0
java.lang.NullPointerException: Cannot invoke "org.eclipse.lsp4e.server.StreamConnectionProvider.getInputStream()" because "this.lspStreamProvider" is null
	at org.eclipse.lsp4e.LanguageServerWrapper.lambda$1(LanguageServerWrapper.java:284)
	at java.base/java.util.concurrent.CompletableFuture$UniApply.tryFire(CompletableFuture.java:646)
	at java.base/java.util.concurrent.CompletableFuture.postComplete(CompletableFuture.java:510)
	at java.base/java.util.concurrent.CompletableFuture$AsyncSupply.run(CompletableFuture.java:1773)
	at java.base/java.util.concurrent.CompletableFuture$AsyncSupply.exec(CompletableFuture.java:1760)
	at java.base/java.util.concurrent.ForkJoinTask.doExec(ForkJoinTask.java:373)
	at java.base/java.util.concurrent.ForkJoinPool$WorkQueue.topLevelExec(ForkJoinPool.java:1182)
	at java.base/java.util.concurrent.ForkJoinPool.scan(ForkJoinPool.java:1655)
	at java.base/java.util.concurrent.ForkJoinPool.runWorker(ForkJoinPool.java:1622)
	at java.base/java.util.concurrent.ForkJoinWorkerThread.run(ForkJoinWorkerThread.java:165)

!ENTRY org.eclipse.lsp4e 4 0 2025-12-22 22:01:36.749
!MESSAGE プラグイン "org.eclipse.wildwebdeveloper" は、クラス "org.eclipse.wildwebdeveloper.angular.AngularLanguageServer" をインスタンス化できませんでした。
!STACK 1
org.eclipse.core.runtime.CoreException: プラグイン "org.eclipse.wildwebdeveloper" は、クラス "org.eclipse.wildwebdeveloper.angular.AngularLanguageServer" をインスタンス化できませんでした。
	at org.eclipse.core.internal.registry.osgi.RegistryStrategyOSGI.throwException(RegistryStrategyOSGI.java:212)
	at org.eclipse.core.internal.registry.osgi.RegistryStrategyOSGI.createExecutableExtension(RegistryStrategyOSGI.java:206)
	at org.eclipse.core.internal.registry.ExtensionRegistry.createExecutableExtension(ExtensionRegistry.java:920)
	at org.eclipse.core.internal.registry.ConfigurationElement.createExecutableExtension(ConfigurationElement.java:246)
	at org.eclipse.core.internal.registry.ConfigurationElementHandle.createExecutableExtension(ConfigurationElementHandle.java:63)
	at org.eclipse.lsp4e.LanguageServersRegistry$ExtensionLanguageServerDefinition.createConnectionProvider(LanguageServersRegistry.java:161)
	at org.eclipse.lsp4e.LanguageServerWrapper.lambda$0(LanguageServerWrapper.java:233)
	at java.base/java.util.concurrent.CompletableFuture$AsyncSupply.run(CompletableFuture.java:1768)
	at java.base/java.util.concurrent.CompletableFuture$AsyncSupply.exec(CompletableFuture.java:1760)
	at java.base/java.util.concurrent.ForkJoinTask.doExec(ForkJoinTask.java:373)
	at java.base/java.util.concurrent.ForkJoinPool$WorkQueue.topLevelExec(ForkJoinPool.java:1182)
	at java.base/java.util.concurrent.ForkJoinPool.scan(ForkJoinPool.java:1655)
	at java.base/java.util.concurrent.ForkJoinPool.runWorker(ForkJoinPool.java:1622)
	at java.base/java.util.concurrent.ForkJoinWorkerThread.run(ForkJoinWorkerThread.java:165)
Caused by: java.lang.reflect.InvocationTargetException
	at jdk.internal.reflect.GeneratedConstructorAccessor122.newInstance(Unknown Source)
	at java.base/jdk.internal.reflect.DelegatingConstructorAccessorImpl.newInstance(DelegatingConstructorAccessorImpl.java:45)
	at java.base/java.lang.reflect.Constructor.newInstanceWithCaller(Constructor.java:499)
	at java.base/java.lang.reflect.Constructor.newInstance(Constructor.java:480)
	at org.eclipse.core.internal.registry.osgi.RegistryStrategyOSGI.createExecutableExtension(RegistryStrategyOSGI.java:204)
	... 12 more
Caused by: java.lang.NullPointerException: Cannot invoke "java.io.File.getAbsolutePath()" because the return value of "org.eclipse.wildwebdeveloper.embedder.node.NodeJSManager.getNodeJsLocation()" is null
	at org.eclipse.wildwebdeveloper.angular.AngularLanguageServer.<init>(AngularLanguageServer.java:43)
	... 17 more
!SUBENTRY 1 org.eclipse.equinox.registry 4 1 2025-12-22 22:01:36.749
!MESSAGE プラグイン "org.eclipse.wildwebdeveloper" は、クラス "org.eclipse.wildwebdeveloper.angular.AngularLanguageServer" をインスタンス化できませんでした。
!STACK 0
java.lang.reflect.InvocationTargetException
	at jdk.internal.reflect.GeneratedConstructorAccessor122.newInstance(Unknown Source)
	at java.base/jdk.internal.reflect.DelegatingConstructorAccessorImpl.newInstance(DelegatingConstructorAccessorImpl.java:45)
	at java.base/java.lang.reflect.Constructor.newInstanceWithCaller(Constructor.java:499)
	at java.base/java.lang.reflect.Constructor.newInstance(Constructor.java:480)
	at org.eclipse.core.internal.registry.osgi.RegistryStrategyOSGI.createExecutableExtension(RegistryStrategyOSGI.java:204)
	at org.eclipse.core.internal.registry.ExtensionRegistry.createExecutableExtension(ExtensionRegistry.java:920)
	at org.eclipse.core.internal.registry.ConfigurationElement.createExecutableExtension(ConfigurationElement.java:246)
	at org.eclipse.core.internal.registry.ConfigurationElementHandle.createExecutableExtension(ConfigurationElementHandle.java:63)
	at org.eclipse.lsp4e.LanguageServersRegistry$ExtensionLanguageServerDefinition.createConnectionProvider(LanguageServersRegistry.java:161)
	at org.eclipse.lsp4e.LanguageServerWrapper.lambda$0(LanguageServerWrapper.java:233)
	at java.base/java.util.concurrent.CompletableFuture$AsyncSupply.run(CompletableFuture.java:1768)
	at java.base/java.util.concurrent.CompletableFuture$AsyncSupply.exec(CompletableFuture.java:1760)
	at java.base/java.util.concurrent.ForkJoinTask.doExec(ForkJoinTask.java:373)
	at java.base/java.util.concurrent.ForkJoinPool$WorkQueue.topLevelExec(ForkJoinPool.java:1182)
	at java.base/java.util.concurrent.ForkJoinPool.scan(ForkJoinPool.java:1655)
	at java.base/java.util.concurrent.ForkJoinPool.runWorker(ForkJoinPool.java:1622)
	at java.base/java.util.concurrent.ForkJoinWorkerThread.run(ForkJoinWorkerThread.java:165)
Caused by: java.lang.NullPointerException: Cannot invoke "java.io.File.getAbsolutePath()" because the return value of "org.eclipse.wildwebdeveloper.embedder.node.NodeJSManager.getNodeJsLocation()" is null
	at org.eclipse.wildwebdeveloper.angular.AngularLanguageServer.<init>(AngularLanguageServer.java:43)
	... 17 more
Root exception:
java.lang.NullPointerException: Cannot invoke "java.io.File.getAbsolutePath()" because the return value of "org.eclipse.wildwebdeveloper.embedder.node.NodeJSManager.getNodeJsLocation()" is null
	at org.eclipse.wildwebdeveloper.angular.AngularLanguageServer.<init>(AngularLanguageServer.java:43)
	at jdk.internal.reflect.GeneratedConstructorAccessor122.newInstance(Unknown Source)
	at java.base/jdk.internal.reflect.DelegatingConstructorAccessorImpl.newInstance(DelegatingConstructorAccessorImpl.java:45)
	at java.base/java.lang.reflect.Constructor.newInstanceWithCaller(Constructor.java:499)
	at java.base/java.lang.reflect.Constructor.newInstance(Constructor.java:480)
	at org.eclipse.core.internal.registry.osgi.RegistryStrategyOSGI.createExecutableExtension(RegistryStrategyOSGI.java:204)
	at org.eclipse.core.internal.registry.ExtensionRegistry.createExecutableExtension(ExtensionRegistry.java:920)
	at org.eclipse.core.internal.registry.ConfigurationElement.createExecutableExtension(ConfigurationElement.java:246)
	at org.eclipse.core.internal.registry.ConfigurationElementHandle.createExecutableExtension(ConfigurationElementHandle.java:63)
	at org.eclipse.lsp4e.LanguageServersRegistry$ExtensionLanguageServerDefinition.createConnectionProvider(LanguageServersRegistry.java:161)
	at org.eclipse.lsp4e.LanguageServerWrapper.lambda$0(LanguageServerWrapper.java:233)
	at java.base/java.util.concurrent.CompletableFuture$AsyncSupply.run(CompletableFuture.java:1768)
	at java.base/java.util.concurrent.CompletableFuture$AsyncSupply.exec(CompletableFuture.java:1760)
	at java.base/java.util.concurrent.ForkJoinTask.doExec(ForkJoinTask.java:373)
	at java.base/java.util.concurrent.ForkJoinPool$WorkQueue.topLevelExec(ForkJoinPool.java:1182)
	at java.base/java.util.concurrent.ForkJoinPool.scan(ForkJoinPool.java:1655)
	at java.base/java.util.concurrent.ForkJoinPool.runWorker(ForkJoinPool.java:1622)
	at java.base/java.util.concurrent.ForkJoinWorkerThread.run(ForkJoinWorkerThread.java:165)

!ENTRY org.eclipse.lsp4e 4 0 2025-12-22 22:01:36.749
!MESSAGE Exception occurred while creating an instance of the stream connection provider
!STACK 0
java.lang.RuntimeException: Exception occurred while creating an instance of the stream connection provider
	at org.eclipse.lsp4e.LanguageServersRegistry$ExtensionLanguageServerDefinition.createConnectionProvider(LanguageServersRegistry.java:164)
	at org.eclipse.lsp4e.LanguageServerWrapper.lambda$0(LanguageServerWrapper.java:233)
	at java.base/java.util.concurrent.CompletableFuture$AsyncSupply.run(CompletableFuture.java:1768)
	at java.base/java.util.concurrent.CompletableFuture$AsyncSupply.exec(CompletableFuture.java:1760)
	at java.base/java.util.concurrent.ForkJoinTask.doExec(ForkJoinTask.java:373)
	at java.base/java.util.concurrent.ForkJoinPool$WorkQueue.topLevelExec(ForkJoinPool.java:1182)
	at java.base/java.util.concurrent.ForkJoinPool.scan(ForkJoinPool.java:1655)
	at java.base/java.util.concurrent.ForkJoinPool.runWorker(ForkJoinPool.java:1622)
	at java.base/java.util.concurrent.ForkJoinWorkerThread.run(ForkJoinWorkerThread.java:165)
Caused by: org.eclipse.core.runtime.CoreException: プラグイン "org.eclipse.wildwebdeveloper" は、クラス "org.eclipse.wildwebdeveloper.angular.AngularLanguageServer" をインスタンス化できませんでした。
	at org.eclipse.core.internal.registry.osgi.RegistryStrategyOSGI.throwException(RegistryStrategyOSGI.java:212)
	at org.eclipse.core.internal.registry.osgi.RegistryStrategyOSGI.createExecutableExtension(RegistryStrategyOSGI.java:206)
	at org.eclipse.core.internal.registry.ExtensionRegistry.createExecutableExtension(ExtensionRegistry.java:920)
	at org.eclipse.core.internal.registry.ConfigurationElement.createExecutableExtension(ConfigurationElement.java:246)
	at org.eclipse.core.internal.registry.ConfigurationElementHandle.createExecutableExtension(ConfigurationElementHandle.java:63)
	at org.eclipse.lsp4e.LanguageServersRegistry$ExtensionLanguageServerDefinition.createConnectionProvider(LanguageServersRegistry.java:161)
	... 8 more
Caused by: java.lang.reflect.InvocationTargetException
	at jdk.internal.reflect.GeneratedConstructorAccessor122.newInstance(Unknown Source)
	at java.base/jdk.internal.reflect.DelegatingConstructorAccessorImpl.newInstance(DelegatingConstructorAccessorImpl.java:45)
	at java.base/java.lang.reflect.Constructor.newInstanceWithCaller(Constructor.java:499)
	at java.base/java.lang.reflect.Constructor.newInstance(Constructor.java:480)
	at org.eclipse.core.internal.registry.osgi.RegistryStrategyOSGI.createExecutableExtension(RegistryStrategyOSGI.java:204)
	... 12 more
Caused by: java.lang.NullPointerException: Cannot invoke "java.io.File.getAbsolutePath()" because the return value of "org.eclipse.wildwebdeveloper.embedder.node.NodeJSManager.getNodeJsLocation()" is null
	at org.eclipse.wildwebdeveloper.angular.AngularLanguageServer.<init>(AngularLanguageServer.java:43)
	... 17 more

!ENTRY org.eclipse.lsp4e 4 0 2025-12-22 22:01:36.749
!MESSAGE Cannot invoke "org.eclipse.lsp4e.server.StreamConnectionProvider.getInputStream()" because "this.lspStreamProvider" is null
!STACK 0
java.lang.NullPointerException: Cannot invoke "org.eclipse.lsp4e.server.StreamConnectionProvider.getInputStream()" because "this.lspStreamProvider" is null
	at org.eclipse.lsp4e.LanguageServerWrapper.lambda$1(LanguageServerWrapper.java:284)
	at java.base/java.util.concurrent.CompletableFuture$UniApply.tryFire(CompletableFuture.java:646)
	at java.base/java.util.concurrent.CompletableFuture.postComplete(CompletableFuture.java:510)
	at java.base/java.util.concurrent.CompletableFuture$AsyncSupply.run(CompletableFuture.java:1773)
	at java.base/java.util.concurrent.CompletableFuture$AsyncSupply.exec(CompletableFuture.java:1760)
	at java.base/java.util.concurrent.ForkJoinTask.doExec(ForkJoinTask.java:373)
	at java.base/java.util.concurrent.ForkJoinPool$WorkQueue.topLevelExec(ForkJoinPool.java:1182)
	at java.base/java.util.concurrent.ForkJoinPool.scan(ForkJoinPool.java:1655)
	at java.base/java.util.concurrent.ForkJoinPool.runWorker(ForkJoinPool.java:1622)
	at java.base/java.util.concurrent.ForkJoinWorkerThread.run(ForkJoinWorkerThread.java:165)

!ENTRY org.eclipse.lsp4e 4 0 2025-12-22 22:01:36.752
!MESSAGE プラグイン "org.eclipse.wildwebdeveloper" は、クラス "org.eclipse.wildwebdeveloper.html.HTMLLanguageServer" をインスタンス化できませんでした。
!STACK 1
org.eclipse.core.runtime.CoreException: プラグイン "org.eclipse.wildwebdeveloper" は、クラス "org.eclipse.wildwebdeveloper.html.HTMLLanguageServer" をインスタンス化できませんでした。
	at org.eclipse.core.internal.registry.osgi.RegistryStrategyOSGI.throwException(RegistryStrategyOSGI.java:212)
	at org.eclipse.core.internal.registry.osgi.RegistryStrategyOSGI.createExecutableExtension(RegistryStrategyOSGI.java:206)
	at org.eclipse.core.internal.registry.ExtensionRegistry.createExecutableExtension(ExtensionRegistry.java:920)
	at org.eclipse.core.internal.registry.ConfigurationElement.createExecutableExtension(ConfigurationElement.java:246)
	at org.eclipse.core.internal.registry.ConfigurationElementHandle.createExecutableExtension(ConfigurationElementHandle.java:63)
	at org.eclipse.lsp4e.LanguageServersRegistry$ExtensionLanguageServerDefinition.createConnectionProvider(LanguageServersRegistry.java:161)
	at org.eclipse.lsp4e.LanguageServerWrapper.lambda$0(LanguageServerWrapper.java:233)
	at java.base/java.util.concurrent.CompletableFuture$AsyncSupply.run(CompletableFuture.java:1768)
	at java.base/java.util.concurrent.CompletableFuture$AsyncSupply.exec(CompletableFuture.java:1760)
	at java.base/java.util.concurrent.ForkJoinTask.doExec(ForkJoinTask.java:373)
	at java.base/java.util.concurrent.ForkJoinPool$WorkQueue.topLevelExec(ForkJoinPool.java:1182)
	at java.base/java.util.concurrent.ForkJoinPool.scan(ForkJoinPool.java:1655)
	at java.base/java.util.concurrent.ForkJoinPool.runWorker(ForkJoinPool.java:1622)
	at java.base/java.util.concurrent.ForkJoinWorkerThread.run(ForkJoinWorkerThread.java:165)
Caused by: java.lang.reflect.InvocationTargetException
	at jdk.internal.reflect.GeneratedConstructorAccessor123.newInstance(Unknown Source)
	at java.base/jdk.internal.reflect.DelegatingConstructorAccessorImpl.newInstance(DelegatingConstructorAccessorImpl.java:45)
	at java.base/java.lang.reflect.Constructor.newInstanceWithCaller(Constructor.java:499)
	at java.base/java.lang.reflect.Constructor.newInstance(Constructor.java:480)
	at org.eclipse.core.internal.registry.osgi.RegistryStrategyOSGI.createExecutableExtension(RegistryStrategyOSGI.java:204)
	... 12 more
Caused by: java.lang.NullPointerException: Cannot invoke "java.io.File.getAbsolutePath()" because the return value of "org.eclipse.wildwebdeveloper.embedder.node.NodeJSManager.getNodeJsLocation()" is null
	at org.eclipse.wildwebdeveloper.html.HTMLLanguageServer.<init>(HTMLLanguageServer.java:40)
	... 17 more
!SUBENTRY 1 org.eclipse.equinox.registry 4 1 2025-12-22 22:01:36.752
!MESSAGE プラグイン "org.eclipse.wildwebdeveloper" は、クラス "org.eclipse.wildwebdeveloper.html.HTMLLanguageServer" をインスタンス化できませんでした。
!STACK 0
java.lang.reflect.InvocationTargetException
	at jdk.internal.reflect.GeneratedConstructorAccessor123.newInstance(Unknown Source)
	at java.base/jdk.internal.reflect.DelegatingConstructorAccessorImpl.newInstance(DelegatingConstructorAccessorImpl.java:45)
	at java.base/java.lang.reflect.Constructor.newInstanceWithCaller(Constructor.java:499)
	at java.base/java.lang.reflect.Constructor.newInstance(Constructor.java:480)
	at org.eclipse.core.internal.registry.osgi.RegistryStrategyOSGI.createExecutableExtension(RegistryStrategyOSGI.java:204)
	at org.eclipse.core.internal.registry.ExtensionRegistry.createExecutableExtension(ExtensionRegistry.java:920)
	at org.eclipse.core.internal.registry.ConfigurationElement.createExecutableExtension(ConfigurationElement.java:246)
	at org.eclipse.core.internal.registry.ConfigurationElementHandle.createExecutableExtension(ConfigurationElementHandle.java:63)
	at org.eclipse.lsp4e.LanguageServersRegistry$ExtensionLanguageServerDefinition.createConnectionProvider(LanguageServersRegistry.java:161)
	at org.eclipse.lsp4e.LanguageServerWrapper.lambda$0(LanguageServerWrapper.java:233)
	at java.base/java.util.concurrent.CompletableFuture$AsyncSupply.run(CompletableFuture.java:1768)
	at java.base/java.util.concurrent.CompletableFuture$AsyncSupply.exec(CompletableFuture.java:1760)
	at java.base/java.util.concurrent.ForkJoinTask.doExec(ForkJoinTask.java:373)
	at java.base/java.util.concurrent.ForkJoinPool$WorkQueue.topLevelExec(ForkJoinPool.java:1182)
	at java.base/java.util.concurrent.ForkJoinPool.scan(ForkJoinPool.java:1655)
	at java.base/java.util.concurrent.ForkJoinPool.runWorker(ForkJoinPool.java:1622)
	at java.base/java.util.concurrent.ForkJoinWorkerThread.run(ForkJoinWorkerThread.java:165)
Caused by: java.lang.NullPointerException: Cannot invoke "java.io.File.getAbsolutePath()" because the return value of "org.eclipse.wildwebdeveloper.embedder.node.NodeJSManager.getNodeJsLocation()" is null
	at org.eclipse.wildwebdeveloper.html.HTMLLanguageServer.<init>(HTMLLanguageServer.java:40)
	... 17 more
Root exception:
java.lang.NullPointerException: Cannot invoke "java.io.File.getAbsolutePath()" because the return value of "org.eclipse.wildwebdeveloper.embedder.node.NodeJSManager.getNodeJsLocation()" is null
	at org.eclipse.wildwebdeveloper.html.HTMLLanguageServer.<init>(HTMLLanguageServer.java:40)
	at jdk.internal.reflect.GeneratedConstructorAccessor123.newInstance(Unknown Source)
	at java.base/jdk.internal.reflect.DelegatingConstructorAccessorImpl.newInstance(DelegatingConstructorAccessorImpl.java:45)
	at java.base/java.lang.reflect.Constructor.newInstanceWithCaller(Constructor.java:499)
	at java.base/java.lang.reflect.Constructor.newInstance(Constructor.java:480)
	at org.eclipse.core.internal.registry.osgi.RegistryStrategyOSGI.createExecutableExtension(RegistryStrategyOSGI.java:204)
	at org.eclipse.core.internal.registry.ExtensionRegistry.createExecutableExtension(ExtensionRegistry.java:920)
	at org.eclipse.core.internal.registry.ConfigurationElement.createExecutableExtension(ConfigurationElement.java:246)
	at org.eclipse.core.internal.registry.ConfigurationElementHandle.createExecutableExtension(ConfigurationElementHandle.java:63)
	at org.eclipse.lsp4e.LanguageServersRegistry$ExtensionLanguageServerDefinition.createConnectionProvider(LanguageServersRegistry.java:161)
	at org.eclipse.lsp4e.LanguageServerWrapper.lambda$0(LanguageServerWrapper.java:233)
	at java.base/java.util.concurrent.CompletableFuture$AsyncSupply.run(CompletableFuture.java:1768)
	at java.base/java.util.concurrent.CompletableFuture$AsyncSupply.exec(CompletableFuture.java:1760)
	at java.base/java.util.concurrent.ForkJoinTask.doExec(ForkJoinTask.java:373)
	at java.base/java.util.concurrent.ForkJoinPool$WorkQueue.topLevelExec(ForkJoinPool.java:1182)
	at java.base/java.util.concurrent.ForkJoinPool.scan(ForkJoinPool.java:1655)
	at java.base/java.util.concurrent.ForkJoinPool.runWorker(ForkJoinPool.java:1622)
	at java.base/java.util.concurrent.ForkJoinWorkerThread.run(ForkJoinWorkerThread.java:165)

!ENTRY org.eclipse.lsp4e 4 0 2025-12-22 22:01:36.752
!MESSAGE Exception occurred while creating an instance of the stream connection provider
!STACK 0
java.lang.RuntimeException: Exception occurred while creating an instance of the stream connection provider
	at org.eclipse.lsp4e.LanguageServersRegistry$ExtensionLanguageServerDefinition.createConnectionProvider(LanguageServersRegistry.java:164)
	at org.eclipse.lsp4e.LanguageServerWrapper.lambda$0(LanguageServerWrapper.java:233)
	at java.base/java.util.concurrent.CompletableFuture$AsyncSupply.run(CompletableFuture.java:1768)
	at java.base/java.util.concurrent.CompletableFuture$AsyncSupply.exec(CompletableFuture.java:1760)
	at java.base/java.util.concurrent.ForkJoinTask.doExec(ForkJoinTask.java:373)
	at java.base/java.util.concurrent.ForkJoinPool$WorkQueue.topLevelExec(ForkJoinPool.java:1182)
	at java.base/java.util.concurrent.ForkJoinPool.scan(ForkJoinPool.java:1655)
	at java.base/java.util.concurrent.ForkJoinPool.runWorker(ForkJoinPool.java:1622)
	at java.base/java.util.concurrent.ForkJoinWorkerThread.run(ForkJoinWorkerThread.java:165)
Caused by: org.eclipse.core.runtime.CoreException: プラグイン "org.eclipse.wildwebdeveloper" は、クラス "org.eclipse.wildwebdeveloper.html.HTMLLanguageServer" をインスタンス化できませんでした。
	at org.eclipse.core.internal.registry.osgi.RegistryStrategyOSGI.throwException(RegistryStrategyOSGI.java:212)
	at org.eclipse.core.internal.registry.osgi.RegistryStrategyOSGI.createExecutableExtension(RegistryStrategyOSGI.java:206)
	at org.eclipse.core.internal.registry.ExtensionRegistry.createExecutableExtension(ExtensionRegistry.java:920)
	at org.eclipse.core.internal.registry.ConfigurationElement.createExecutableExtension(ConfigurationElement.java:246)
	at org.eclipse.core.internal.registry.ConfigurationElementHandle.createExecutableExtension(ConfigurationElementHandle.java:63)
	at org.eclipse.lsp4e.LanguageServersRegistry$ExtensionLanguageServerDefinition.createConnectionProvider(LanguageServersRegistry.java:161)
	... 8 more
Caused by: java.lang.reflect.InvocationTargetException
	at jdk.internal.reflect.GeneratedConstructorAccessor123.newInstance(Unknown Source)
	at java.base/jdk.internal.reflect.DelegatingConstructorAccessorImpl.newInstance(DelegatingConstructorAccessorImpl.java:45)
	at java.base/java.lang.reflect.Constructor.newInstanceWithCaller(Constructor.java:499)
	at java.base/java.lang.reflect.Constructor.newInstance(Constructor.java:480)
	at org.eclipse.core.internal.registry.osgi.RegistryStrategyOSGI.createExecutableExtension(RegistryStrategyOSGI.java:204)
	... 12 more
Caused by: java.lang.NullPointerException: Cannot invoke "java.io.File.getAbsolutePath()" because the return value of "org.eclipse.wildwebdeveloper.embedder.node.NodeJSManager.getNodeJsLocation()" is null
	at org.eclipse.wildwebdeveloper.html.HTMLLanguageServer.<init>(HTMLLanguageServer.java:40)
	... 17 more

!ENTRY org.eclipse.lsp4e 4 0 2025-12-22 22:01:36.753
!MESSAGE Cannot invoke "org.eclipse.lsp4e.server.StreamConnectionProvider.getInputStream()" because "this.lspStreamProvider" is null
!STACK 0
java.lang.NullPointerException: Cannot invoke "org.eclipse.lsp4e.server.StreamConnectionProvider.getInputStream()" because "this.lspStreamProvider" is null
	at org.eclipse.lsp4e.LanguageServerWrapper.lambda$1(LanguageServerWrapper.java:284)
	at java.base/java.util.concurrent.CompletableFuture$UniApply.tryFire(CompletableFuture.java:646)
	at java.base/java.util.concurrent.CompletableFuture.postComplete(CompletableFuture.java:510)
	at java.base/java.util.concurrent.CompletableFuture$AsyncSupply.run(CompletableFuture.java:1773)
	at java.base/java.util.concurrent.CompletableFuture$AsyncSupply.exec(CompletableFuture.java:1760)
	at java.base/java.util.concurrent.ForkJoinTask.doExec(ForkJoinTask.java:373)
	at java.base/java.util.concurrent.ForkJoinPool$WorkQueue.topLevelExec(ForkJoinPool.java:1182)
	at java.base/java.util.concurrent.ForkJoinPool.scan(ForkJoinPool.java:1655)
	at java.base/java.util.concurrent.ForkJoinPool.runWorker(ForkJoinPool.java:1622)
	at java.base/java.util.concurrent.ForkJoinWorkerThread.run(ForkJoinWorkerThread.java:165)

!ENTRY org.eclipse.lsp4e 4 0 2025-12-22 22:01:36.814
!MESSAGE プラグイン "org.eclipse.wildwebdeveloper" は、クラス "org.eclipse.wildwebdeveloper.html.HTMLLanguageServer" をインスタンス化できませんでした。
!STACK 1
org.eclipse.core.runtime.CoreException: プラグイン "org.eclipse.wildwebdeveloper" は、クラス "org.eclipse.wildwebdeveloper.html.HTMLLanguageServer" をインスタンス化できませんでした。
	at org.eclipse.core.internal.registry.osgi.RegistryStrategyOSGI.throwException(RegistryStrategyOSGI.java:212)
	at org.eclipse.core.internal.registry.osgi.RegistryStrategyOSGI.createExecutableExtension(RegistryStrategyOSGI.java:206)
	at org.eclipse.core.internal.registry.ExtensionRegistry.createExecutableExtension(ExtensionRegistry.java:920)
	at org.eclipse.core.internal.registry.ConfigurationElement.createExecutableExtension(ConfigurationElement.java:246)
	at org.eclipse.core.internal.registry.ConfigurationElementHandle.createExecutableExtension(ConfigurationElementHandle.java:63)
	at org.eclipse.lsp4e.LanguageServersRegistry$ExtensionLanguageServerDefinition.createConnectionProvider(LanguageServersRegistry.java:161)
	at org.eclipse.lsp4e.LanguageServerWrapper.lambda$0(LanguageServerWrapper.java:233)
	at java.base/java.util.concurrent.CompletableFuture$AsyncSupply.run(CompletableFuture.java:1768)
	at java.base/java.util.concurrent.CompletableFuture$AsyncSupply.exec(CompletableFuture.java:1760)
	at java.base/java.util.concurrent.ForkJoinTask.doExec(ForkJoinTask.java:373)
	at java.base/java.util.concurrent.ForkJoinPool$WorkQueue.topLevelExec(ForkJoinPool.java:1182)
	at java.base/java.util.concurrent.ForkJoinPool.scan(ForkJoinPool.java:1655)
	at java.base/java.util.concurrent.ForkJoinPool.runWorker(ForkJoinPool.java:1622)
	at java.base/java.util.concurrent.ForkJoinWorkerThread.run(ForkJoinWorkerThread.java:165)
Caused by: java.lang.reflect.InvocationTargetException
	at jdk.internal.reflect.GeneratedConstructorAccessor123.newInstance(Unknown Source)
	at java.base/jdk.internal.reflect.DelegatingConstructorAccessorImpl.newInstance(DelegatingConstructorAccessorImpl.java:45)
	at java.base/java.lang.reflect.Constructor.newInstanceWithCaller(Constructor.java:499)
	at java.base/java.lang.reflect.Constructor.newInstance(Constructor.java:480)
	at org.eclipse.core.internal.registry.osgi.RegistryStrategyOSGI.createExecutableExtension(RegistryStrategyOSGI.java:204)
	... 12 more
Caused by: java.lang.NullPointerException: Cannot invoke "java.io.File.getAbsolutePath()" because the return value of "org.eclipse.wildwebdeveloper.embedder.node.NodeJSManager.getNodeJsLocation()" is null
	at org.eclipse.wildwebdeveloper.html.HTMLLanguageServer.<init>(HTMLLanguageServer.java:40)
	... 17 more
!SUBENTRY 1 org.eclipse.equinox.registry 4 1 2025-12-22 22:01:36.814
!MESSAGE プラグイン "org.eclipse.wildwebdeveloper" は、クラス "org.eclipse.wildwebdeveloper.html.HTMLLanguageServer" をインスタンス化できませんでした。
!STACK 0
java.lang.reflect.InvocationTargetException
	at jdk.internal.reflect.GeneratedConstructorAccessor123.newInstance(Unknown Source)
	at java.base/jdk.internal.reflect.DelegatingConstructorAccessorImpl.newInstance(DelegatingConstructorAccessorImpl.java:45)
	at java.base/java.lang.reflect.Constructor.newInstanceWithCaller(Constructor.java:499)
	at java.base/java.lang.reflect.Constructor.newInstance(Constructor.java:480)
	at org.eclipse.core.internal.registry.osgi.RegistryStrategyOSGI.createExecutableExtension(RegistryStrategyOSGI.java:204)
	at org.eclipse.core.internal.registry.ExtensionRegistry.createExecutableExtension(ExtensionRegistry.java:920)
	at org.eclipse.core.internal.registry.ConfigurationElement.createExecutableExtension(ConfigurationElement.java:246)
	at org.eclipse.core.internal.registry.ConfigurationElementHandle.createExecutableExtension(ConfigurationElementHandle.java:63)
	at org.eclipse.lsp4e.LanguageServersRegistry$ExtensionLanguageServerDefinition.createConnectionProvider(LanguageServersRegistry.java:161)
	at org.eclipse.lsp4e.LanguageServerWrapper.lambda$0(LanguageServerWrapper.java:233)
	at java.base/java.util.concurrent.CompletableFuture$AsyncSupply.run(CompletableFuture.java:1768)
	at java.base/java.util.concurrent.CompletableFuture$AsyncSupply.exec(CompletableFuture.java:1760)
	at java.base/java.util.concurrent.ForkJoinTask.doExec(ForkJoinTask.java:373)
	at java.base/java.util.concurrent.ForkJoinPool$WorkQueue.topLevelExec(ForkJoinPool.java:1182)
	at java.base/java.util.concurrent.ForkJoinPool.scan(ForkJoinPool.java:1655)
	at java.base/java.util.concurrent.ForkJoinPool.runWorker(ForkJoinPool.java:1622)
	at java.base/java.util.concurrent.ForkJoinWorkerThread.run(ForkJoinWorkerThread.java:165)
Caused by: java.lang.NullPointerException: Cannot invoke "java.io.File.getAbsolutePath()" because the return value of "org.eclipse.wildwebdeveloper.embedder.node.NodeJSManager.getNodeJsLocation()" is null
	at org.eclipse.wildwebdeveloper.html.HTMLLanguageServer.<init>(HTMLLanguageServer.java:40)
	... 17 more
Root exception:
java.lang.NullPointerException: Cannot invoke "java.io.File.getAbsolutePath()" because the return value of "org.eclipse.wildwebdeveloper.embedder.node.NodeJSManager.getNodeJsLocation()" is null
	at org.eclipse.wildwebdeveloper.html.HTMLLanguageServer.<init>(HTMLLanguageServer.java:40)
	at jdk.internal.reflect.GeneratedConstructorAccessor123.newInstance(Unknown Source)
	at java.base/jdk.internal.reflect.DelegatingConstructorAccessorImpl.newInstance(DelegatingConstructorAccessorImpl.java:45)
	at java.base/java.lang.reflect.Constructor.newInstanceWithCaller(Constructor.java:499)
	at java.base/java.lang.reflect.Constructor.newInstance(Constructor.java:480)
	at org.eclipse.core.internal.registry.osgi.RegistryStrategyOSGI.createExecutableExtension(RegistryStrategyOSGI.java:204)
	at org.eclipse.core.internal.registry.ExtensionRegistry.createExecutableExtension(ExtensionRegistry.java:920)
	at org.eclipse.core.internal.registry.ConfigurationElement.createExecutableExtension(ConfigurationElement.java:246)
	at org.eclipse.core.internal.registry.ConfigurationElementHandle.createExecutableExtension(ConfigurationElementHandle.java:63)
	at org.eclipse.lsp4e.LanguageServersRegistry$ExtensionLanguageServerDefinition.createConnectionProvider(LanguageServersRegistry.java:161)
	at org.eclipse.lsp4e.LanguageServerWrapper.lambda$0(LanguageServerWrapper.java:233)
	at java.base/java.util.concurrent.CompletableFuture$AsyncSupply.run(CompletableFuture.java:1768)
	at java.base/java.util.concurrent.CompletableFuture$AsyncSupply.exec(CompletableFuture.java:1760)
	at java.base/java.util.concurrent.ForkJoinTask.doExec(ForkJoinTask.java:373)
	at java.base/java.util.concurrent.ForkJoinPool$WorkQueue.topLevelExec(ForkJoinPool.java:1182)
	at java.base/java.util.concurrent.ForkJoinPool.scan(ForkJoinPool.java:1655)
	at java.base/java.util.concurrent.ForkJoinPool.runWorker(ForkJoinPool.java:1622)
	at java.base/java.util.concurrent.ForkJoinWorkerThread.run(ForkJoinWorkerThread.java:165)

!ENTRY org.eclipse.lsp4e 4 0 2025-12-22 22:01:36.814
!MESSAGE プラグイン "org.eclipse.wildwebdeveloper" は、クラス "org.eclipse.wildwebdeveloper.angular.AngularLanguageServer" をインスタンス化できませんでした。
!STACK 1
org.eclipse.core.runtime.CoreException: プラグイン "org.eclipse.wildwebdeveloper" は、クラス "org.eclipse.wildwebdeveloper.angular.AngularLanguageServer" をインスタンス化できませんでした。
	at org.eclipse.core.internal.registry.osgi.RegistryStrategyOSGI.throwException(RegistryStrategyOSGI.java:212)
	at org.eclipse.core.internal.registry.osgi.RegistryStrategyOSGI.createExecutableExtension(RegistryStrategyOSGI.java:206)
	at org.eclipse.core.internal.registry.ExtensionRegistry.createExecutableExtension(ExtensionRegistry.java:920)
	at org.eclipse.core.internal.registry.ConfigurationElement.createExecutableExtension(ConfigurationElement.java:246)
	at org.eclipse.core.internal.registry.ConfigurationElementHandle.createExecutableExtension(ConfigurationElementHandle.java:63)
	at org.eclipse.lsp4e.LanguageServersRegistry$ExtensionLanguageServerDefinition.createConnectionProvider(LanguageServersRegistry.java:161)
	at org.eclipse.lsp4e.LanguageServerWrapper.lambda$0(LanguageServerWrapper.java:233)
	at java.base/java.util.concurrent.CompletableFuture$AsyncSupply.run(CompletableFuture.java:1768)
	at java.base/java.util.concurrent.CompletableFuture$AsyncSupply.exec(CompletableFuture.java:1760)
	at java.base/java.util.concurrent.ForkJoinTask.doExec(ForkJoinTask.java:373)
	at java.base/java.util.concurrent.ForkJoinPool$WorkQueue.topLevelExec(ForkJoinPool.java:1182)
	at java.base/java.util.concurrent.ForkJoinPool.scan(ForkJoinPool.java:1655)
	at java.base/java.util.concurrent.ForkJoinPool.runWorker(ForkJoinPool.java:1622)
	at java.base/java.util.concurrent.ForkJoinWorkerThread.run(ForkJoinWorkerThread.java:165)
Caused by: java.lang.reflect.InvocationTargetException
	at jdk.internal.reflect.GeneratedConstructorAccessor122.newInstance(Unknown Source)
	at java.base/jdk.internal.reflect.DelegatingConstructorAccessorImpl.newInstance(DelegatingConstructorAccessorImpl.java:45)
	at java.base/java.lang.reflect.Constructor.newInstanceWithCaller(Constructor.java:499)
	at java.base/java.lang.reflect.Constructor.newInstance(Constructor.java:480)
	at org.eclipse.core.internal.registry.osgi.RegistryStrategyOSGI.createExecutableExtension(RegistryStrategyOSGI.java:204)
	... 12 more
Caused by: java.lang.NullPointerException: Cannot invoke "java.io.File.getAbsolutePath()" because the return value of "org.eclipse.wildwebdeveloper.embedder.node.NodeJSManager.getNodeJsLocation()" is null
	at org.eclipse.wildwebdeveloper.angular.AngularLanguageServer.<init>(AngularLanguageServer.java:43)
	... 17 more
!SUBENTRY 1 org.eclipse.equinox.registry 4 1 2025-12-22 22:01:36.814
!MESSAGE プラグイン "org.eclipse.wildwebdeveloper" は、クラス "org.eclipse.wildwebdeveloper.angular.AngularLanguageServer" をインスタンス化できませんでした。
!STACK 0
java.lang.reflect.InvocationTargetException
	at jdk.internal.reflect.GeneratedConstructorAccessor122.newInstance(Unknown Source)
	at java.base/jdk.internal.reflect.DelegatingConstructorAccessorImpl.newInstance(DelegatingConstructorAccessorImpl.java:45)
	at java.base/java.lang.reflect.Constructor.newInstanceWithCaller(Constructor.java:499)
	at java.base/java.lang.reflect.Constructor.newInstance(Constructor.java:480)
	at org.eclipse.core.internal.registry.osgi.RegistryStrategyOSGI.createExecutableExtension(RegistryStrategyOSGI.java:204)
	at org.eclipse.core.internal.registry.ExtensionRegistry.createExecutableExtension(ExtensionRegistry.java:920)
	at org.eclipse.core.internal.registry.ConfigurationElement.createExecutableExtension(ConfigurationElement.java:246)
	at org.eclipse.core.internal.registry.ConfigurationElementHandle.createExecutableExtension(ConfigurationElementHandle.java:63)
	at org.eclipse.lsp4e.LanguageServersRegistry$ExtensionLanguageServerDefinition.createConnectionProvider(LanguageServersRegistry.java:161)
	at org.eclipse.lsp4e.LanguageServerWrapper.lambda$0(LanguageServerWrapper.java:233)
	at java.base/java.util.concurrent.CompletableFuture$AsyncSupply.run(CompletableFuture.java:1768)
	at java.base/java.util.concurrent.CompletableFuture$AsyncSupply.exec(CompletableFuture.java:1760)
	at java.base/java.util.concurrent.ForkJoinTask.doExec(ForkJoinTask.java:373)
	at java.base/java.util.concurrent.ForkJoinPool$WorkQueue.topLevelExec(ForkJoinPool.java:1182)
	at java.base/java.util.concurrent.ForkJoinPool.scan(ForkJoinPool.java:1655)
	at java.base/java.util.concurrent.ForkJoinPool.runWorker(ForkJoinPool.java:1622)
	at java.base/java.util.concurrent.ForkJoinWorkerThread.run(ForkJoinWorkerThread.java:165)
Caused by: java.lang.NullPointerException: Cannot invoke "java.io.File.getAbsolutePath()" because the return value of "org.eclipse.wildwebdeveloper.embedder.node.NodeJSManager.getNodeJsLocation()" is null
	at org.eclipse.wildwebdeveloper.angular.AngularLanguageServer.<init>(AngularLanguageServer.java:43)
	... 17 more
Root exception:
java.lang.NullPointerException: Cannot invoke "java.io.File.getAbsolutePath()" because the return value of "org.eclipse.wildwebdeveloper.embedder.node.NodeJSManager.getNodeJsLocation()" is null
	at org.eclipse.wildwebdeveloper.angular.AngularLanguageServer.<init>(AngularLanguageServer.java:43)
	at jdk.internal.reflect.GeneratedConstructorAccessor122.newInstance(Unknown Source)
	at java.base/jdk.internal.reflect.DelegatingConstructorAccessorImpl.newInstance(DelegatingConstructorAccessorImpl.java:45)
	at java.base/java.lang.reflect.Constructor.newInstanceWithCaller(Constructor.java:499)
	at java.base/java.lang.reflect.Constructor.newInstance(Constructor.java:480)
	at org.eclipse.core.internal.registry.osgi.RegistryStrategyOSGI.createExecutableExtension(RegistryStrategyOSGI.java:204)
	at org.eclipse.core.internal.registry.ExtensionRegistry.createExecutableExtension(ExtensionRegistry.java:920)
	at org.eclipse.core.internal.registry.ConfigurationElement.createExecutableExtension(ConfigurationElement.java:246)
	at org.eclipse.core.internal.registry.ConfigurationElementHandle.createExecutableExtension(ConfigurationElementHandle.java:63)
	at org.eclipse.lsp4e.LanguageServersRegistry$ExtensionLanguageServerDefinition.createConnectionProvider(LanguageServersRegistry.java:161)
	at org.eclipse.lsp4e.LanguageServerWrapper.lambda$0(LanguageServerWrapper.java:233)
	at java.base/java.util.concurrent.CompletableFuture$AsyncSupply.run(CompletableFuture.java:1768)
	at java.base/java.util.concurrent.CompletableFuture$AsyncSupply.exec(CompletableFuture.java:1760)
	at java.base/java.util.concurrent.ForkJoinTask.doExec(ForkJoinTask.java:373)
	at java.base/java.util.concurrent.ForkJoinPool$WorkQueue.topLevelExec(ForkJoinPool.java:1182)
	at java.base/java.util.concurrent.ForkJoinPool.scan(ForkJoinPool.java:1655)
	at java.base/java.util.concurrent.ForkJoinPool.runWorker(ForkJoinPool.java:1622)
	at java.base/java.util.concurrent.ForkJoinWorkerThread.run(ForkJoinWorkerThread.java:165)

!ENTRY org.eclipse.lsp4e 4 0 2025-12-22 22:01:36.816
!MESSAGE Exception occurred while creating an instance of the stream connection provider
!STACK 0
java.lang.RuntimeException: Exception occurred while creating an instance of the stream connection provider
	at org.eclipse.lsp4e.LanguageServersRegistry$ExtensionLanguageServerDefinition.createConnectionProvider(LanguageServersRegistry.java:164)
	at org.eclipse.lsp4e.LanguageServerWrapper.lambda$0(LanguageServerWrapper.java:233)
	at java.base/java.util.concurrent.CompletableFuture$AsyncSupply.run(CompletableFuture.java:1768)
	at java.base/java.util.concurrent.CompletableFuture$AsyncSupply.exec(CompletableFuture.java:1760)
	at java.base/java.util.concurrent.ForkJoinTask.doExec(ForkJoinTask.java:373)
	at java.base/java.util.concurrent.ForkJoinPool$WorkQueue.topLevelExec(ForkJoinPool.java:1182)
	at java.base/java.util.concurrent.ForkJoinPool.scan(ForkJoinPool.java:1655)
	at java.base/java.util.concurrent.ForkJoinPool.runWorker(ForkJoinPool.java:1622)
	at java.base/java.util.concurrent.ForkJoinWorkerThread.run(ForkJoinWorkerThread.java:165)
Caused by: org.eclipse.core.runtime.CoreException: プラグイン "org.eclipse.wildwebdeveloper" は、クラス "org.eclipse.wildwebdeveloper.html.HTMLLanguageServer" をインスタンス化できませんでした。
	at org.eclipse.core.internal.registry.osgi.RegistryStrategyOSGI.throwException(RegistryStrategyOSGI.java:212)
	at org.eclipse.core.internal.registry.osgi.RegistryStrategyOSGI.createExecutableExtension(RegistryStrategyOSGI.java:206)
	at org.eclipse.core.internal.registry.ExtensionRegistry.createExecutableExtension(ExtensionRegistry.java:920)
	at org.eclipse.core.internal.registry.ConfigurationElement.createExecutableExtension(ConfigurationElement.java:246)
	at org.eclipse.core.internal.registry.ConfigurationElementHandle.createExecutableExtension(ConfigurationElementHandle.java:63)
	at org.eclipse.lsp4e.LanguageServersRegistry$ExtensionLanguageServerDefinition.createConnectionProvider(LanguageServersRegistry.java:161)
	... 8 more
Caused by: java.lang.reflect.InvocationTargetException
	at jdk.internal.reflect.GeneratedConstructorAccessor123.newInstance(Unknown Source)
	at java.base/jdk.internal.reflect.DelegatingConstructorAccessorImpl.newInstance(DelegatingConstructorAccessorImpl.java:45)
	at java.base/java.lang.reflect.Constructor.newInstanceWithCaller(Constructor.java:499)
	at java.base/java.lang.reflect.Constructor.newInstance(Constructor.java:480)
	at org.eclipse.core.internal.registry.osgi.RegistryStrategyOSGI.createExecutableExtension(RegistryStrategyOSGI.java:204)
	... 12 more
Caused by: java.lang.NullPointerException: Cannot invoke "java.io.File.getAbsolutePath()" because the return value of "org.eclipse.wildwebdeveloper.embedder.node.NodeJSManager.getNodeJsLocation()" is null
	at org.eclipse.wildwebdeveloper.html.HTMLLanguageServer.<init>(HTMLLanguageServer.java:40)
	... 17 more

!ENTRY org.eclipse.lsp4e 4 0 2025-12-22 22:01:36.816
!MESSAGE Exception occurred while creating an instance of the stream connection provider
!STACK 0
java.lang.RuntimeException: Exception occurred while creating an instance of the stream connection provider
	at org.eclipse.lsp4e.LanguageServersRegistry$ExtensionLanguageServerDefinition.createConnectionProvider(LanguageServersRegistry.java:164)
	at org.eclipse.lsp4e.LanguageServerWrapper.lambda$0(LanguageServerWrapper.java:233)
	at java.base/java.util.concurrent.CompletableFuture$AsyncSupply.run(CompletableFuture.java:1768)
	at java.base/java.util.concurrent.CompletableFuture$AsyncSupply.exec(CompletableFuture.java:1760)
	at java.base/java.util.concurrent.ForkJoinTask.doExec(ForkJoinTask.java:373)
	at java.base/java.util.concurrent.ForkJoinPool$WorkQueue.topLevelExec(ForkJoinPool.java:1182)
	at java.base/java.util.concurrent.ForkJoinPool.scan(ForkJoinPool.java:1655)
	at java.base/java.util.concurrent.ForkJoinPool.runWorker(ForkJoinPool.java:1622)
	at java.base/java.util.concurrent.ForkJoinWorkerThread.run(ForkJoinWorkerThread.java:165)
Caused by: org.eclipse.core.runtime.CoreException: プラグイン "org.eclipse.wildwebdeveloper" は、クラス "org.eclipse.wildwebdeveloper.angular.AngularLanguageServer" をインスタンス化できませんでした。
	at org.eclipse.core.internal.registry.osgi.RegistryStrategyOSGI.throwException(RegistryStrategyOSGI.java:212)
	at org.eclipse.core.internal.registry.osgi.RegistryStrategyOSGI.createExecutableExtension(RegistryStrategyOSGI.java:206)
	at org.eclipse.core.internal.registry.ExtensionRegistry.createExecutableExtension(ExtensionRegistry.java:920)
	at org.eclipse.core.internal.registry.ConfigurationElement.createExecutableExtension(ConfigurationElement.java:246)
	at org.eclipse.core.internal.registry.ConfigurationElementHandle.createExecutableExtension(ConfigurationElementHandle.java:63)
	at org.eclipse.lsp4e.LanguageServersRegistry$ExtensionLanguageServerDefinition.createConnectionProvider(LanguageServersRegistry.java:161)
	... 8 more
Caused by: java.lang.reflect.InvocationTargetException
	at jdk.internal.reflect.GeneratedConstructorAccessor122.newInstance(Unknown Source)
	at java.base/jdk.internal.reflect.DelegatingConstructorAccessorImpl.newInstance(DelegatingConstructorAccessorImpl.java:45)
	at java.base/java.lang.reflect.Constructor.newInstanceWithCaller(Constructor.java:499)
	at java.base/java.lang.reflect.Constructor.newInstance(Constructor.java:480)
	at org.eclipse.core.internal.registry.osgi.RegistryStrategyOSGI.createExecutableExtension(RegistryStrategyOSGI.java:204)
	... 12 more
Caused by: java.lang.NullPointerException: Cannot invoke "java.io.File.getAbsolutePath()" because the return value of "org.eclipse.wildwebdeveloper.embedder.node.NodeJSManager.getNodeJsLocation()" is null
	at org.eclipse.wildwebdeveloper.angular.AngularLanguageServer.<init>(AngularLanguageServer.java:43)
	... 17 more

!ENTRY org.eclipse.lsp4e 4 0 2025-12-22 22:01:36.816
!MESSAGE Cannot invoke "org.eclipse.lsp4e.server.StreamConnectionProvider.getInputStream()" because "this.lspStreamProvider" is null
!STACK 0
java.lang.NullPointerException: Cannot invoke "org.eclipse.lsp4e.server.StreamConnectionProvider.getInputStream()" because "this.lspStreamProvider" is null
	at org.eclipse.lsp4e.LanguageServerWrapper.lambda$1(LanguageServerWrapper.java:284)
	at java.base/java.util.concurrent.CompletableFuture$UniApply.tryFire(CompletableFuture.java:646)
	at java.base/java.util.concurrent.CompletableFuture.postComplete(CompletableFuture.java:510)
	at java.base/java.util.concurrent.CompletableFuture$AsyncSupply.run(CompletableFuture.java:1773)
	at java.base/java.util.concurrent.CompletableFuture$AsyncSupply.exec(CompletableFuture.java:1760)
	at java.base/java.util.concurrent.ForkJoinTask.doExec(ForkJoinTask.java:373)
	at java.base/java.util.concurrent.ForkJoinPool$WorkQueue.topLevelExec(ForkJoinPool.java:1182)
	at java.base/java.util.concurrent.ForkJoinPool.scan(ForkJoinPool.java:1655)
	at java.base/java.util.concurrent.ForkJoinPool.runWorker(ForkJoinPool.java:1622)
	at java.base/java.util.concurrent.ForkJoinWorkerThread.run(ForkJoinWorkerThread.java:165)

!ENTRY org.eclipse.lsp4e 4 0 2025-12-22 22:01:36.817
!MESSAGE Cannot invoke "org.eclipse.lsp4e.server.StreamConnectionProvider.getInputStream()" because "this.lspStreamProvider" is null
!STACK 0
java.lang.NullPointerException: Cannot invoke "org.eclipse.lsp4e.server.StreamConnectionProvider.getInputStream()" because "this.lspStreamProvider" is null
	at org.eclipse.lsp4e.LanguageServerWrapper.lambda$1(LanguageServerWrapper.java:284)
	at java.base/java.util.concurrent.CompletableFuture$UniApply.tryFire(CompletableFuture.java:646)
	at java.base/java.util.concurrent.CompletableFuture.postComplete(CompletableFuture.java:510)
	at java.base/java.util.concurrent.CompletableFuture$AsyncSupply.run(CompletableFuture.java:1773)
	at java.base/java.util.concurrent.CompletableFuture$AsyncSupply.exec(CompletableFuture.java:1760)
	at java.base/java.util.concurrent.ForkJoinTask.doExec(ForkJoinTask.java:373)
	at java.base/java.util.concurrent.ForkJoinPool$WorkQueue.topLevelExec(ForkJoinPool.java:1182)
	at java.base/java.util.concurrent.ForkJoinPool.scan(ForkJoinPool.java:1655)
	at java.base/java.util.concurrent.ForkJoinPool.runWorker(ForkJoinPool.java:1622)
	at java.base/java.util.concurrent.ForkJoinWorkerThread.run(ForkJoinWorkerThread.java:165)

!ENTRY org.eclipse.lsp4e 4 0 2025-12-22 22:01:36.877
!MESSAGE プラグイン "org.eclipse.wildwebdeveloper" は、クラス "org.eclipse.wildwebdeveloper.angular.AngularLanguageServer" をインスタンス化できませんでした。
!STACK 1
org.eclipse.core.runtime.CoreException: プラグイン "org.eclipse.wildwebdeveloper" は、クラス "org.eclipse.wildwebdeveloper.angular.AngularLanguageServer" をインスタンス化できませんでした。
	at org.eclipse.core.internal.registry.osgi.RegistryStrategyOSGI.throwException(RegistryStrategyOSGI.java:212)
	at org.eclipse.core.internal.registry.osgi.RegistryStrategyOSGI.createExecutableExtension(RegistryStrategyOSGI.java:206)
	at org.eclipse.core.internal.registry.ExtensionRegistry.createExecutableExtension(ExtensionRegistry.java:920)
	at org.eclipse.core.internal.registry.ConfigurationElement.createExecutableExtension(ConfigurationElement.java:246)
	at org.eclipse.core.internal.registry.ConfigurationElementHandle.createExecutableExtension(ConfigurationElementHandle.java:63)
	at org.eclipse.lsp4e.LanguageServersRegistry$ExtensionLanguageServerDefinition.createConnectionProvider(LanguageServersRegistry.java:161)
	at org.eclipse.lsp4e.LanguageServerWrapper.lambda$0(LanguageServerWrapper.java:233)
	at java.base/java.util.concurrent.CompletableFuture$AsyncSupply.run(CompletableFuture.java:1768)
	at java.base/java.util.concurrent.CompletableFuture$AsyncSupply.exec(CompletableFuture.java:1760)
	at java.base/java.util.concurrent.ForkJoinTask.doExec(ForkJoinTask.java:373)
	at java.base/java.util.concurrent.ForkJoinPool$WorkQueue.topLevelExec(ForkJoinPool.java:1182)
	at java.base/java.util.concurrent.ForkJoinPool.scan(ForkJoinPool.java:1655)
	at java.base/java.util.concurrent.ForkJoinPool.runWorker(ForkJoinPool.java:1622)
	at java.base/java.util.concurrent.ForkJoinWorkerThread.run(ForkJoinWorkerThread.java:165)
Caused by: java.lang.reflect.InvocationTargetException
	at jdk.internal.reflect.GeneratedConstructorAccessor122.newInstance(Unknown Source)
	at java.base/jdk.internal.reflect.DelegatingConstructorAccessorImpl.newInstance(DelegatingConstructorAccessorImpl.java:45)
	at java.base/java.lang.reflect.Constructor.newInstanceWithCaller(Constructor.java:499)
	at java.base/java.lang.reflect.Constructor.newInstance(Constructor.java:480)
	at org.eclipse.core.internal.registry.osgi.RegistryStrategyOSGI.createExecutableExtension(RegistryStrategyOSGI.java:204)
	... 12 more
Caused by: java.lang.NullPointerException: Cannot invoke "java.io.File.getAbsolutePath()" because the return value of "org.eclipse.wildwebdeveloper.embedder.node.NodeJSManager.getNodeJsLocation()" is null
	at org.eclipse.wildwebdeveloper.angular.AngularLanguageServer.<init>(AngularLanguageServer.java:43)
	... 17 more
!SUBENTRY 1 org.eclipse.equinox.registry 4 1 2025-12-22 22:01:36.877
!MESSAGE プラグイン "org.eclipse.wildwebdeveloper" は、クラス "org.eclipse.wildwebdeveloper.angular.AngularLanguageServer" をインスタンス化できませんでした。
!STACK 0
java.lang.reflect.InvocationTargetException
	at jdk.internal.reflect.GeneratedConstructorAccessor122.newInstance(Unknown Source)
	at java.base/jdk.internal.reflect.DelegatingConstructorAccessorImpl.newInstance(DelegatingConstructorAccessorImpl.java:45)
	at java.base/java.lang.reflect.Constructor.newInstanceWithCaller(Constructor.java:499)
	at java.base/java.lang.reflect.Constructor.newInstance(Constructor.java:480)
	at org.eclipse.core.internal.registry.osgi.RegistryStrategyOSGI.createExecutableExtension(RegistryStrategyOSGI.java:204)
	at org.eclipse.core.internal.registry.ExtensionRegistry.createExecutableExtension(ExtensionRegistry.java:920)
	at org.eclipse.core.internal.registry.ConfigurationElement.createExecutableExtension(ConfigurationElement.java:246)
	at org.eclipse.core.internal.registry.ConfigurationElementHandle.createExecutableExtension(ConfigurationElementHandle.java:63)
	at org.eclipse.lsp4e.LanguageServersRegistry$ExtensionLanguageServerDefinition.createConnectionProvider(LanguageServersRegistry.java:161)
	at org.eclipse.lsp4e.LanguageServerWrapper.lambda$0(LanguageServerWrapper.java:233)
	at java.base/java.util.concurrent.CompletableFuture$AsyncSupply.run(CompletableFuture.java:1768)
	at java.base/java.util.concurrent.CompletableFuture$AsyncSupply.exec(CompletableFuture.java:1760)
	at java.base/java.util.concurrent.ForkJoinTask.doExec(ForkJoinTask.java:373)
	at java.base/java.util.concurrent.ForkJoinPool$WorkQueue.topLevelExec(ForkJoinPool.java:1182)
	at java.base/java.util.concurrent.ForkJoinPool.scan(ForkJoinPool.java:1655)
	at java.base/java.util.concurrent.ForkJoinPool.runWorker(ForkJoinPool.java:1622)
	at java.base/java.util.concurrent.ForkJoinWorkerThread.run(ForkJoinWorkerThread.java:165)
Caused by: java.lang.NullPointerException: Cannot invoke "java.io.File.getAbsolutePath()" because the return value of "org.eclipse.wildwebdeveloper.embedder.node.NodeJSManager.getNodeJsLocation()" is null
	at org.eclipse.wildwebdeveloper.angular.AngularLanguageServer.<init>(AngularLanguageServer.java:43)
	... 17 more
Root exception:
java.lang.NullPointerException: Cannot invoke "java.io.File.getAbsolutePath()" because the return value of "org.eclipse.wildwebdeveloper.embedder.node.NodeJSManager.getNodeJsLocation()" is null
	at org.eclipse.wildwebdeveloper.angular.AngularLanguageServer.<init>(AngularLanguageServer.java:43)
	at jdk.internal.reflect.GeneratedConstructorAccessor122.newInstance(Unknown Source)
	at java.base/jdk.internal.reflect.DelegatingConstructorAccessorImpl.newInstance(DelegatingConstructorAccessorImpl.java:45)
	at java.base/java.lang.reflect.Constructor.newInstanceWithCaller(Constructor.java:499)
	at java.base/java.lang.reflect.Constructor.newInstance(Constructor.java:480)
	at org.eclipse.core.internal.registry.osgi.RegistryStrategyOSGI.createExecutableExtension(RegistryStrategyOSGI.java:204)
	at org.eclipse.core.internal.registry.ExtensionRegistry.createExecutableExtension(ExtensionRegistry.java:920)
	at org.eclipse.core.internal.registry.ConfigurationElement.createExecutableExtension(ConfigurationElement.java:246)
	at org.eclipse.core.internal.registry.ConfigurationElementHandle.createExecutableExtension(ConfigurationElementHandle.java:63)
	at org.eclipse.lsp4e.LanguageServersRegistry$ExtensionLanguageServerDefinition.createConnectionProvider(LanguageServersRegistry.java:161)
	at org.eclipse.lsp4e.LanguageServerWrapper.lambda$0(LanguageServerWrapper.java:233)
	at java.base/java.util.concurrent.CompletableFuture$AsyncSupply.run(CompletableFuture.java:1768)
	at java.base/java.util.concurrent.CompletableFuture$AsyncSupply.exec(CompletableFuture.java:1760)
	at java.base/java.util.concurrent.ForkJoinTask.doExec(ForkJoinTask.java:373)
	at java.base/java.util.concurrent.ForkJoinPool$WorkQueue.topLevelExec(ForkJoinPool.java:1182)
	at java.base/java.util.concurrent.ForkJoinPool.scan(ForkJoinPool.java:1655)
	at java.base/java.util.concurrent.ForkJoinPool.runWorker(ForkJoinPool.java:1622)
	at java.base/java.util.concurrent.ForkJoinWorkerThread.run(ForkJoinWorkerThread.java:165)

!ENTRY org.eclipse.lsp4e 4 0 2025-12-22 22:01:36.878
!MESSAGE Exception occurred while creating an instance of the stream connection provider
!STACK 0
java.lang.RuntimeException: Exception occurred while creating an instance of the stream connection provider
	at org.eclipse.lsp4e.LanguageServersRegistry$ExtensionLanguageServerDefinition.createConnectionProvider(LanguageServersRegistry.java:164)
	at org.eclipse.lsp4e.LanguageServerWrapper.lambda$0(LanguageServerWrapper.java:233)
	at java.base/java.util.concurrent.CompletableFuture$AsyncSupply.run(CompletableFuture.java:1768)
	at java.base/java.util.concurrent.CompletableFuture$AsyncSupply.exec(CompletableFuture.java:1760)
	at java.base/java.util.concurrent.ForkJoinTask.doExec(ForkJoinTask.java:373)
	at java.base/java.util.concurrent.ForkJoinPool$WorkQueue.topLevelExec(ForkJoinPool.java:1182)
	at java.base/java.util.concurrent.ForkJoinPool.scan(ForkJoinPool.java:1655)
	at java.base/java.util.concurrent.ForkJoinPool.runWorker(ForkJoinPool.java:1622)
	at java.base/java.util.concurrent.ForkJoinWorkerThread.run(ForkJoinWorkerThread.java:165)
Caused by: org.eclipse.core.runtime.CoreException: プラグイン "org.eclipse.wildwebdeveloper" は、クラス "org.eclipse.wildwebdeveloper.angular.AngularLanguageServer" をインスタンス化できませんでした。
	at org.eclipse.core.internal.registry.osgi.RegistryStrategyOSGI.throwException(RegistryStrategyOSGI.java:212)
	at org.eclipse.core.internal.registry.osgi.RegistryStrategyOSGI.createExecutableExtension(RegistryStrategyOSGI.java:206)
	at org.eclipse.core.internal.registry.ExtensionRegistry.createExecutableExtension(ExtensionRegistry.java:920)
	at org.eclipse.core.internal.registry.ConfigurationElement.createExecutableExtension(ConfigurationElement.java:246)
	at org.eclipse.core.internal.registry.ConfigurationElementHandle.createExecutableExtension(ConfigurationElementHandle.java:63)
	at org.eclipse.lsp4e.LanguageServersRegistry$ExtensionLanguageServerDefinition.createConnectionProvider(LanguageServersRegistry.java:161)
	... 8 more
Caused by: java.lang.reflect.InvocationTargetException
	at jdk.internal.reflect.GeneratedConstructorAccessor122.newInstance(Unknown Source)
	at java.base/jdk.internal.reflect.DelegatingConstructorAccessorImpl.newInstance(DelegatingConstructorAccessorImpl.java:45)
	at java.base/java.lang.reflect.Constructor.newInstanceWithCaller(Constructor.java:499)
	at java.base/java.lang.reflect.Constructor.newInstance(Constructor.java:480)
	at org.eclipse.core.internal.registry.osgi.RegistryStrategyOSGI.createExecutableExtension(RegistryStrategyOSGI.java:204)
	... 12 more
Caused by: java.lang.NullPointerException: Cannot invoke "java.io.File.getAbsolutePath()" because the return value of "org.eclipse.wildwebdeveloper.embedder.node.NodeJSManager.getNodeJsLocation()" is null
	at org.eclipse.wildwebdeveloper.angular.AngularLanguageServer.<init>(AngularLanguageServer.java:43)
	... 17 more

!ENTRY org.eclipse.lsp4e 4 0 2025-12-22 22:01:36.878
!MESSAGE プラグイン "org.eclipse.wildwebdeveloper" は、クラス "org.eclipse.wildwebdeveloper.html.HTMLLanguageServer" をインスタンス化できませんでした。
!STACK 1
org.eclipse.core.runtime.CoreException: プラグイン "org.eclipse.wildwebdeveloper" は、クラス "org.eclipse.wildwebdeveloper.html.HTMLLanguageServer" をインスタンス化できませんでした。
	at org.eclipse.core.internal.registry.osgi.RegistryStrategyOSGI.throwException(RegistryStrategyOSGI.java:212)
	at org.eclipse.core.internal.registry.osgi.RegistryStrategyOSGI.createExecutableExtension(RegistryStrategyOSGI.java:206)
	at org.eclipse.core.internal.registry.ExtensionRegistry.createExecutableExtension(ExtensionRegistry.java:920)
	at org.eclipse.core.internal.registry.ConfigurationElement.createExecutableExtension(ConfigurationElement.java:246)
	at org.eclipse.core.internal.registry.ConfigurationElementHandle.createExecutableExtension(ConfigurationElementHandle.java:63)
	at org.eclipse.lsp4e.LanguageServersRegistry$ExtensionLanguageServerDefinition.createConnectionProvider(LanguageServersRegistry.java:161)
	at org.eclipse.lsp4e.LanguageServerWrapper.lambda$0(LanguageServerWrapper.java:233)
	at java.base/java.util.concurrent.CompletableFuture$AsyncSupply.run(CompletableFuture.java:1768)
	at java.base/java.util.concurrent.CompletableFuture$AsyncSupply.exec(CompletableFuture.java:1760)
	at java.base/java.util.concurrent.ForkJoinTask.doExec(ForkJoinTask.java:373)
	at java.base/java.util.concurrent.ForkJoinPool$WorkQueue.topLevelExec(ForkJoinPool.java:1182)
	at java.base/java.util.concurrent.ForkJoinPool.scan(ForkJoinPool.java:1655)
	at java.base/java.util.concurrent.ForkJoinPool.runWorker(ForkJoinPool.java:1622)
	at java.base/java.util.concurrent.ForkJoinWorkerThread.run(ForkJoinWorkerThread.java:165)
Caused by: java.lang.reflect.InvocationTargetException
	at jdk.internal.reflect.GeneratedConstructorAccessor123.newInstance(Unknown Source)
	at java.base/jdk.internal.reflect.DelegatingConstructorAccessorImpl.newInstance(DelegatingConstructorAccessorImpl.java:45)
	at java.base/java.lang.reflect.Constructor.newInstanceWithCaller(Constructor.java:499)
	at java.base/java.lang.reflect.Constructor.newInstance(Constructor.java:480)
	at org.eclipse.core.internal.registry.osgi.RegistryStrategyOSGI.createExecutableExtension(RegistryStrategyOSGI.java:204)
	... 12 more
Caused by: java.lang.NullPointerException: Cannot invoke "java.io.File.getAbsolutePath()" because the return value of "org.eclipse.wildwebdeveloper.embedder.node.NodeJSManager.getNodeJsLocation()" is null
	at org.eclipse.wildwebdeveloper.html.HTMLLanguageServer.<init>(HTMLLanguageServer.java:40)
	... 17 more
!SUBENTRY 1 org.eclipse.equinox.registry 4 1 2025-12-22 22:01:36.878
!MESSAGE プラグイン "org.eclipse.wildwebdeveloper" は、クラス "org.eclipse.wildwebdeveloper.html.HTMLLanguageServer" をインスタンス化できませんでした。
!STACK 0
java.lang.reflect.InvocationTargetException
	at jdk.internal.reflect.GeneratedConstructorAccessor123.newInstance(Unknown Source)
	at java.base/jdk.internal.reflect.DelegatingConstructorAccessorImpl.newInstance(DelegatingConstructorAccessorImpl.java:45)
	at java.base/java.lang.reflect.Constructor.newInstanceWithCaller(Constructor.java:499)
	at java.base/java.lang.reflect.Constructor.newInstance(Constructor.java:480)
	at org.eclipse.core.internal.registry.osgi.RegistryStrategyOSGI.createExecutableExtension(RegistryStrategyOSGI.java:204)
	at org.eclipse.core.internal.registry.ExtensionRegistry.createExecutableExtension(ExtensionRegistry.java:920)
	at org.eclipse.core.internal.registry.ConfigurationElement.createExecutableExtension(ConfigurationElement.java:246)
	at org.eclipse.core.internal.registry.ConfigurationElementHandle.createExecutableExtension(ConfigurationElementHandle.java:63)
	at org.eclipse.lsp4e.LanguageServersRegistry$ExtensionLanguageServerDefinition.createConnectionProvider(LanguageServersRegistry.java:161)
	at org.eclipse.lsp4e.LanguageServerWrapper.lambda$0(LanguageServerWrapper.java:233)
	at java.base/java.util.concurrent.CompletableFuture$AsyncSupply.run(CompletableFuture.java:1768)
	at java.base/java.util.concurrent.CompletableFuture$AsyncSupply.exec(CompletableFuture.java:1760)
	at java.base/java.util.concurrent.ForkJoinTask.doExec(ForkJoinTask.java:373)
	at java.base/java.util.concurrent.ForkJoinPool$WorkQueue.topLevelExec(ForkJoinPool.java:1182)
	at java.base/java.util.concurrent.ForkJoinPool.scan(ForkJoinPool.java:1655)
	at java.base/java.util.concurrent.ForkJoinPool.runWorker(ForkJoinPool.java:1622)
	at java.base/java.util.concurrent.ForkJoinWorkerThread.run(ForkJoinWorkerThread.java:165)
Caused by: java.lang.NullPointerException: Cannot invoke "java.io.File.getAbsolutePath()" because the return value of "org.eclipse.wildwebdeveloper.embedder.node.NodeJSManager.getNodeJsLocation()" is null
	at org.eclipse.wildwebdeveloper.html.HTMLLanguageServer.<init>(HTMLLanguageServer.java:40)
	... 17 more
Root exception:
java.lang.NullPointerException: Cannot invoke "java.io.File.getAbsolutePath()" because the return value of "org.eclipse.wildwebdeveloper.embedder.node.NodeJSManager.getNodeJsLocation()" is null
	at org.eclipse.wildwebdeveloper.html.HTMLLanguageServer.<init>(HTMLLanguageServer.java:40)
	at jdk.internal.reflect.GeneratedConstructorAccessor123.newInstance(Unknown Source)
	at java.base/jdk.internal.reflect.DelegatingConstructorAccessorImpl.newInstance(DelegatingConstructorAccessorImpl.java:45)
	at java.base/java.lang.reflect.Constructor.newInstanceWithCaller(Constructor.java:499)
	at java.base/java.lang.reflect.Constructor.newInstance(Constructor.java:480)
	at org.eclipse.core.internal.registry.osgi.RegistryStrategyOSGI.createExecutableExtension(RegistryStrategyOSGI.java:204)
	at org.eclipse.core.internal.registry.ExtensionRegistry.createExecutableExtension(ExtensionRegistry.java:920)
	at org.eclipse.core.internal.registry.ConfigurationElement.createExecutableExtension(ConfigurationElement.java:246)
	at org.eclipse.core.internal.registry.ConfigurationElementHandle.createExecutableExtension(ConfigurationElementHandle.java:63)
	at org.eclipse.lsp4e.LanguageServersRegistry$ExtensionLanguageServerDefinition.createConnectionProvider(LanguageServersRegistry.java:161)
	at org.eclipse.lsp4e.LanguageServerWrapper.lambda$0(LanguageServerWrapper.java:233)
	at java.base/java.util.concurrent.CompletableFuture$AsyncSupply.run(CompletableFuture.java:1768)
	at java.base/java.util.concurrent.CompletableFuture$AsyncSupply.exec(CompletableFuture.java:1760)
	at java.base/java.util.concurrent.ForkJoinTask.doExec(ForkJoinTask.java:373)
	at java.base/java.util.concurrent.ForkJoinPool$WorkQueue.topLevelExec(ForkJoinPool.java:1182)
	at java.base/java.util.concurrent.ForkJoinPool.scan(ForkJoinPool.java:1655)
	at java.base/java.util.concurrent.ForkJoinPool.runWorker(ForkJoinPool.java:1622)
	at java.base/java.util.concurrent.ForkJoinWorkerThread.run(ForkJoinWorkerThread.java:165)

!ENTRY org.eclipse.lsp4e 4 0 2025-12-22 22:01:36.879
!MESSAGE Cannot invoke "org.eclipse.lsp4e.server.StreamConnectionProvider.getInputStream()" because "this.lspStreamProvider" is null
!STACK 0
java.lang.NullPointerException: Cannot invoke "org.eclipse.lsp4e.server.StreamConnectionProvider.getInputStream()" because "this.lspStreamProvider" is null
	at org.eclipse.lsp4e.LanguageServerWrapper.lambda$1(LanguageServerWrapper.java:284)
	at java.base/java.util.concurrent.CompletableFuture$UniApply.tryFire(CompletableFuture.java:646)
	at java.base/java.util.concurrent.CompletableFuture.postComplete(CompletableFuture.java:510)
	at java.base/java.util.concurrent.CompletableFuture$AsyncSupply.run(CompletableFuture.java:1773)
	at java.base/java.util.concurrent.CompletableFuture$AsyncSupply.exec(CompletableFuture.java:1760)
	at java.base/java.util.concurrent.ForkJoinTask.doExec(ForkJoinTask.java:373)
	at java.base/java.util.concurrent.ForkJoinPool$WorkQueue.topLevelExec(ForkJoinPool.java:1182)
	at java.base/java.util.concurrent.ForkJoinPool.scan(ForkJoinPool.java:1655)
	at java.base/java.util.concurrent.ForkJoinPool.runWorker(ForkJoinPool.java:1622)
	at java.base/java.util.concurrent.ForkJoinWorkerThread.run(ForkJoinWorkerThread.java:165)

!ENTRY org.eclipse.lsp4e 4 0 2025-12-22 22:01:36.879
!MESSAGE Exception occurred while creating an instance of the stream connection provider
!STACK 0
java.lang.RuntimeException: Exception occurred while creating an instance of the stream connection provider
	at org.eclipse.lsp4e.LanguageServersRegistry$ExtensionLanguageServerDefinition.createConnectionProvider(LanguageServersRegistry.java:164)
	at org.eclipse.lsp4e.LanguageServerWrapper.lambda$0(LanguageServerWrapper.java:233)
	at java.base/java.util.concurrent.CompletableFuture$AsyncSupply.run(CompletableFuture.java:1768)
	at java.base/java.util.concurrent.CompletableFuture$AsyncSupply.exec(CompletableFuture.java:1760)
	at java.base/java.util.concurrent.ForkJoinTask.doExec(ForkJoinTask.java:373)
	at java.base/java.util.concurrent.ForkJoinPool$WorkQueue.topLevelExec(ForkJoinPool.java:1182)
	at java.base/java.util.concurrent.ForkJoinPool.scan(ForkJoinPool.java:1655)
	at java.base/java.util.concurrent.ForkJoinPool.runWorker(ForkJoinPool.java:1622)
	at java.base/java.util.concurrent.ForkJoinWorkerThread.run(ForkJoinWorkerThread.java:165)
Caused by: org.eclipse.core.runtime.CoreException: プラグイン "org.eclipse.wildwebdeveloper" は、クラス "org.eclipse.wildwebdeveloper.html.HTMLLanguageServer" をインスタンス化できませんでした。
	at org.eclipse.core.internal.registry.osgi.RegistryStrategyOSGI.throwException(RegistryStrategyOSGI.java:212)
	at org.eclipse.core.internal.registry.osgi.RegistryStrategyOSGI.createExecutableExtension(RegistryStrategyOSGI.java:206)
	at org.eclipse.core.internal.registry.ExtensionRegistry.createExecutableExtension(ExtensionRegistry.java:920)
	at org.eclipse.core.internal.registry.ConfigurationElement.createExecutableExtension(ConfigurationElement.java:246)
	at org.eclipse.core.internal.registry.ConfigurationElementHandle.createExecutableExtension(ConfigurationElementHandle.java:63)
	at org.eclipse.lsp4e.LanguageServersRegistry$ExtensionLanguageServerDefinition.createConnectionProvider(LanguageServersRegistry.java:161)
	... 8 more
Caused by: java.lang.reflect.InvocationTargetException
	at jdk.internal.reflect.GeneratedConstructorAccessor123.newInstance(Unknown Source)
	at java.base/jdk.internal.reflect.DelegatingConstructorAccessorImpl.newInstance(DelegatingConstructorAccessorImpl.java:45)
	at java.base/java.lang.reflect.Constructor.newInstanceWithCaller(Constructor.java:499)
	at java.base/java.lang.reflect.Constructor.newInstance(Constructor.java:480)
	at org.eclipse.core.internal.registry.osgi.RegistryStrategyOSGI.createExecutableExtension(RegistryStrategyOSGI.java:204)
	... 12 more
Caused by: java.lang.NullPointerException: Cannot invoke "java.io.File.getAbsolutePath()" because the return value of "org.eclipse.wildwebdeveloper.embedder.node.NodeJSManager.getNodeJsLocation()" is null
	at org.eclipse.wildwebdeveloper.html.HTMLLanguageServer.<init>(HTMLLanguageServer.java:40)
	... 17 more

!ENTRY org.eclipse.lsp4e 4 0 2025-12-22 22:01:36.881
!MESSAGE Cannot invoke "org.eclipse.lsp4e.server.StreamConnectionProvider.getInputStream()" because "this.lspStreamProvider" is null
!STACK 0
java.lang.NullPointerException: Cannot invoke "org.eclipse.lsp4e.server.StreamConnectionProvider.getInputStream()" because "this.lspStreamProvider" is null
	at org.eclipse.lsp4e.LanguageServerWrapper.lambda$1(LanguageServerWrapper.java:284)
	at java.base/java.util.concurrent.CompletableFuture$UniApply.tryFire(CompletableFuture.java:646)
	at java.base/java.util.concurrent.CompletableFuture.postComplete(CompletableFuture.java:510)
	at java.base/java.util.concurrent.CompletableFuture$AsyncSupply.run(CompletableFuture.java:1773)
	at java.base/java.util.concurrent.CompletableFuture$AsyncSupply.exec(CompletableFuture.java:1760)
	at java.base/java.util.concurrent.ForkJoinTask.doExec(ForkJoinTask.java:373)
	at java.base/java.util.concurrent.ForkJoinPool$WorkQueue.topLevelExec(ForkJoinPool.java:1182)
	at java.base/java.util.concurrent.ForkJoinPool.scan(ForkJoinPool.java:1655)
	at java.base/java.util.concurrent.ForkJoinPool.runWorker(ForkJoinPool.java:1622)
	at java.base/java.util.concurrent.ForkJoinWorkerThread.run(ForkJoinWorkerThread.java:165)

!ENTRY org.eclipse.lsp4e 4 0 2025-12-22 22:01:36.946
!MESSAGE プラグイン "org.eclipse.wildwebdeveloper" は、クラス "org.eclipse.wildwebdeveloper.angular.AngularLanguageServer" をインスタンス化できませんでした。
!STACK 1
org.eclipse.core.runtime.CoreException: プラグイン "org.eclipse.wildwebdeveloper" は、クラス "org.eclipse.wildwebdeveloper.angular.AngularLanguageServer" をインスタンス化できませんでした。
	at org.eclipse.core.internal.registry.osgi.RegistryStrategyOSGI.throwException(RegistryStrategyOSGI.java:212)
	at org.eclipse.core.internal.registry.osgi.RegistryStrategyOSGI.createExecutableExtension(RegistryStrategyOSGI.java:206)
	at org.eclipse.core.internal.registry.ExtensionRegistry.createExecutableExtension(ExtensionRegistry.java:920)
	at org.eclipse.core.internal.registry.ConfigurationElement.createExecutableExtension(ConfigurationElement.java:246)
	at org.eclipse.core.internal.registry.ConfigurationElementHandle.createExecutableExtension(ConfigurationElementHandle.java:63)
	at org.eclipse.lsp4e.LanguageServersRegistry$ExtensionLanguageServerDefinition.createConnectionProvider(LanguageServersRegistry.java:161)
	at org.eclipse.lsp4e.LanguageServerWrapper.lambda$0(LanguageServerWrapper.java:233)
	at java.base/java.util.concurrent.CompletableFuture$AsyncSupply.run(CompletableFuture.java:1768)
	at java.base/java.util.concurrent.CompletableFuture$AsyncSupply.exec(CompletableFuture.java:1760)
	at java.base/java.util.concurrent.ForkJoinTask.doExec(ForkJoinTask.java:373)
	at java.base/java.util.concurrent.ForkJoinPool$WorkQueue.topLevelExec(ForkJoinPool.java:1182)
	at java.base/java.util.concurrent.ForkJoinPool.scan(ForkJoinPool.java:1655)
	at java.base/java.util.concurrent.ForkJoinPool.runWorker(ForkJoinPool.java:1622)
	at java.base/java.util.concurrent.ForkJoinWorkerThread.run(ForkJoinWorkerThread.java:165)
Caused by: java.lang.reflect.InvocationTargetException
	at jdk.internal.reflect.GeneratedConstructorAccessor122.newInstance(Unknown Source)
	at java.base/jdk.internal.reflect.DelegatingConstructorAccessorImpl.newInstance(DelegatingConstructorAccessorImpl.java:45)
	at java.base/java.lang.reflect.Constructor.newInstanceWithCaller(Constructor.java:499)
	at java.base/java.lang.reflect.Constructor.newInstance(Constructor.java:480)
	at org.eclipse.core.internal.registry.osgi.RegistryStrategyOSGI.createExecutableExtension(RegistryStrategyOSGI.java:204)
	... 12 more
Caused by: java.lang.NullPointerException: Cannot invoke "java.io.File.getAbsolutePath()" because the return value of "org.eclipse.wildwebdeveloper.embedder.node.NodeJSManager.getNodeJsLocation()" is null
	at org.eclipse.wildwebdeveloper.angular.AngularLanguageServer.<init>(AngularLanguageServer.java:43)
	... 17 more
!SUBENTRY 1 org.eclipse.equinox.registry 4 1 2025-12-22 22:01:36.946
!MESSAGE プラグイン "org.eclipse.wildwebdeveloper" は、クラス "org.eclipse.wildwebdeveloper.angular.AngularLanguageServer" をインスタンス化できませんでした。
!STACK 0
java.lang.reflect.InvocationTargetException
	at jdk.internal.reflect.GeneratedConstructorAccessor122.newInstance(Unknown Source)
	at java.base/jdk.internal.reflect.DelegatingConstructorAccessorImpl.newInstance(DelegatingConstructorAccessorImpl.java:45)
	at java.base/java.lang.reflect.Constructor.newInstanceWithCaller(Constructor.java:499)
	at java.base/java.lang.reflect.Constructor.newInstance(Constructor.java:480)
	at org.eclipse.core.internal.registry.osgi.RegistryStrategyOSGI.createExecutableExtension(RegistryStrategyOSGI.java:204)
	at org.eclipse.core.internal.registry.ExtensionRegistry.createExecutableExtension(ExtensionRegistry.java:920)
	at org.eclipse.core.internal.registry.ConfigurationElement.createExecutableExtension(ConfigurationElement.java:246)
	at org.eclipse.core.internal.registry.ConfigurationElementHandle.createExecutableExtension(ConfigurationElementHandle.java:63)
	at org.eclipse.lsp4e.LanguageServersRegistry$ExtensionLanguageServerDefinition.createConnectionProvider(LanguageServersRegistry.java:161)
	at org.eclipse.lsp4e.LanguageServerWrapper.lambda$0(LanguageServerWrapper.java:233)
	at java.base/java.util.concurrent.CompletableFuture$AsyncSupply.run(CompletableFuture.java:1768)
	at java.base/java.util.concurrent.CompletableFuture$AsyncSupply.exec(CompletableFuture.java:1760)
	at java.base/java.util.concurrent.ForkJoinTask.doExec(ForkJoinTask.java:373)
	at java.base/java.util.concurrent.ForkJoinPool$WorkQueue.topLevelExec(ForkJoinPool.java:1182)
	at java.base/java.util.concurrent.ForkJoinPool.scan(ForkJoinPool.java:1655)
	at java.base/java.util.concurrent.ForkJoinPool.runWorker(ForkJoinPool.java:1622)
	at java.base/java.util.concurrent.ForkJoinWorkerThread.run(ForkJoinWorkerThread.java:165)
Caused by: java.lang.NullPointerException: Cannot invoke "java.io.File.getAbsolutePath()" because the return value of "org.eclipse.wildwebdeveloper.embedder.node.NodeJSManager.getNodeJsLocation()" is null
	at org.eclipse.wildwebdeveloper.angular.AngularLanguageServer.<init>(AngularLanguageServer.java:43)
	... 17 more
Root exception:
java.lang.NullPointerException: Cannot invoke "java.io.File.getAbsolutePath()" because the return value of "org.eclipse.wildwebdeveloper.embedder.node.NodeJSManager.getNodeJsLocation()" is null
	at org.eclipse.wildwebdeveloper.angular.AngularLanguageServer.<init>(AngularLanguageServer.java:43)
	at jdk.internal.reflect.GeneratedConstructorAccessor122.newInstance(Unknown Source)
	at java.base/jdk.internal.reflect.DelegatingConstructorAccessorImpl.newInstance(DelegatingConstructorAccessorImpl.java:45)
	at java.base/java.lang.reflect.Constructor.newInstanceWithCaller(Constructor.java:499)
	at java.base/java.lang.reflect.Constructor.newInstance(Constructor.java:480)
	at org.eclipse.core.internal.registry.osgi.RegistryStrategyOSGI.createExecutableExtension(RegistryStrategyOSGI.java:204)
	at org.eclipse.core.internal.registry.ExtensionRegistry.createExecutableExtension(ExtensionRegistry.java:920)
	at org.eclipse.core.internal.registry.ConfigurationElement.createExecutableExtension(ConfigurationElement.java:246)
	at org.eclipse.core.internal.registry.ConfigurationElementHandle.createExecutableExtension(ConfigurationElementHandle.java:63)
	at org.eclipse.lsp4e.LanguageServersRegistry$ExtensionLanguageServerDefinition.createConnectionProvider(LanguageServersRegistry.java:161)
	at org.eclipse.lsp4e.LanguageServerWrapper.lambda$0(LanguageServerWrapper.java:233)
	at java.base/java.util.concurrent.CompletableFuture$AsyncSupply.run(CompletableFuture.java:1768)
	at java.base/java.util.concurrent.CompletableFuture$AsyncSupply.exec(CompletableFuture.java:1760)
	at java.base/java.util.concurrent.ForkJoinTask.doExec(ForkJoinTask.java:373)
	at java.base/java.util.concurrent.ForkJoinPool$WorkQueue.topLevelExec(ForkJoinPool.java:1182)
	at java.base/java.util.concurrent.ForkJoinPool.scan(ForkJoinPool.java:1655)
	at java.base/java.util.concurrent.ForkJoinPool.runWorker(ForkJoinPool.java:1622)
	at java.base/java.util.concurrent.ForkJoinWorkerThread.run(ForkJoinWorkerThread.java:165)

!ENTRY org.eclipse.lsp4e 4 0 2025-12-22 22:01:36.946
!MESSAGE Exception occurred while creating an instance of the stream connection provider
!STACK 0
java.lang.RuntimeException: Exception occurred while creating an instance of the stream connection provider
	at org.eclipse.lsp4e.LanguageServersRegistry$ExtensionLanguageServerDefinition.createConnectionProvider(LanguageServersRegistry.java:164)
	at org.eclipse.lsp4e.LanguageServerWrapper.lambda$0(LanguageServerWrapper.java:233)
	at java.base/java.util.concurrent.CompletableFuture$AsyncSupply.run(CompletableFuture.java:1768)
	at java.base/java.util.concurrent.CompletableFuture$AsyncSupply.exec(CompletableFuture.java:1760)
	at java.base/java.util.concurrent.ForkJoinTask.doExec(ForkJoinTask.java:373)
	at java.base/java.util.concurrent.ForkJoinPool$WorkQueue.topLevelExec(ForkJoinPool.java:1182)
	at java.base/java.util.concurrent.ForkJoinPool.scan(ForkJoinPool.java:1655)
	at java.base/java.util.concurrent.ForkJoinPool.runWorker(ForkJoinPool.java:1622)
	at java.base/java.util.concurrent.ForkJoinWorkerThread.run(ForkJoinWorkerThread.java:165)
Caused by: org.eclipse.core.runtime.CoreException: プラグイン "org.eclipse.wildwebdeveloper" は、クラス "org.eclipse.wildwebdeveloper.angular.AngularLanguageServer" をインスタンス化できませんでした。
	at org.eclipse.core.internal.registry.osgi.RegistryStrategyOSGI.throwException(RegistryStrategyOSGI.java:212)
	at org.eclipse.core.internal.registry.osgi.RegistryStrategyOSGI.createExecutableExtension(RegistryStrategyOSGI.java:206)
	at org.eclipse.core.internal.registry.ExtensionRegistry.createExecutableExtension(ExtensionRegistry.java:920)
	at org.eclipse.core.internal.registry.ConfigurationElement.createExecutableExtension(ConfigurationElement.java:246)
	at org.eclipse.core.internal.registry.ConfigurationElementHandle.createExecutableExtension(ConfigurationElementHandle.java:63)
	at org.eclipse.lsp4e.LanguageServersRegistry$ExtensionLanguageServerDefinition.createConnectionProvider(LanguageServersRegistry.java:161)
	... 8 more
Caused by: java.lang.reflect.InvocationTargetException
	at jdk.internal.reflect.GeneratedConstructorAccessor122.newInstance(Unknown Source)
	at java.base/jdk.internal.reflect.DelegatingConstructorAccessorImpl.newInstance(DelegatingConstructorAccessorImpl.java:45)
	at java.base/java.lang.reflect.Constructor.newInstanceWithCaller(Constructor.java:499)
	at java.base/java.lang.reflect.Constructor.newInstance(Constructor.java:480)
	at org.eclipse.core.internal.registry.osgi.RegistryStrategyOSGI.createExecutableExtension(RegistryStrategyOSGI.java:204)
	... 12 more
Caused by: java.lang.NullPointerException: Cannot invoke "java.io.File.getAbsolutePath()" because the return value of "org.eclipse.wildwebdeveloper.embedder.node.NodeJSManager.getNodeJsLocation()" is null
	at org.eclipse.wildwebdeveloper.angular.AngularLanguageServer.<init>(AngularLanguageServer.java:43)
	... 17 more

!ENTRY org.eclipse.lsp4e 4 0 2025-12-22 22:01:36.947
!MESSAGE Cannot invoke "org.eclipse.lsp4e.server.StreamConnectionProvider.getInputStream()" because "this.lspStreamProvider" is null
!STACK 0
java.lang.NullPointerException: Cannot invoke "org.eclipse.lsp4e.server.StreamConnectionProvider.getInputStream()" because "this.lspStreamProvider" is null
	at org.eclipse.lsp4e.LanguageServerWrapper.lambda$1(LanguageServerWrapper.java:284)
	at java.base/java.util.concurrent.CompletableFuture$UniApply.tryFire(CompletableFuture.java:646)
	at java.base/java.util.concurrent.CompletableFuture.postComplete(CompletableFuture.java:510)
	at java.base/java.util.concurrent.CompletableFuture$AsyncSupply.run(CompletableFuture.java:1773)
	at java.base/java.util.concurrent.CompletableFuture$AsyncSupply.exec(CompletableFuture.java:1760)
	at java.base/java.util.concurrent.ForkJoinTask.doExec(ForkJoinTask.java:373)
	at java.base/java.util.concurrent.ForkJoinPool$WorkQueue.topLevelExec(ForkJoinPool.java:1182)
	at java.base/java.util.concurrent.ForkJoinPool.scan(ForkJoinPool.java:1655)
	at java.base/java.util.concurrent.ForkJoinPool.runWorker(ForkJoinPool.java:1622)
	at java.base/java.util.concurrent.ForkJoinWorkerThread.run(ForkJoinWorkerThread.java:165)

!ENTRY org.eclipse.lsp4e 4 0 2025-12-22 22:01:36.947
!MESSAGE プラグイン "org.eclipse.wildwebdeveloper" は、クラス "org.eclipse.wildwebdeveloper.html.HTMLLanguageServer" をインスタンス化できませんでした。
!STACK 1
org.eclipse.core.runtime.CoreException: プラグイン "org.eclipse.wildwebdeveloper" は、クラス "org.eclipse.wildwebdeveloper.html.HTMLLanguageServer" をインスタンス化できませんでした。
	at org.eclipse.core.internal.registry.osgi.RegistryStrategyOSGI.throwException(RegistryStrategyOSGI.java:212)
	at org.eclipse.core.internal.registry.osgi.RegistryStrategyOSGI.createExecutableExtension(RegistryStrategyOSGI.java:206)
	at org.eclipse.core.internal.registry.ExtensionRegistry.createExecutableExtension(ExtensionRegistry.java:920)
	at org.eclipse.core.internal.registry.ConfigurationElement.createExecutableExtension(ConfigurationElement.java:246)
	at org.eclipse.core.internal.registry.ConfigurationElementHandle.createExecutableExtension(ConfigurationElementHandle.java:63)
	at org.eclipse.lsp4e.LanguageServersRegistry$ExtensionLanguageServerDefinition.createConnectionProvider(LanguageServersRegistry.java:161)
	at org.eclipse.lsp4e.LanguageServerWrapper.lambda$0(LanguageServerWrapper.java:233)
	at java.base/java.util.concurrent.CompletableFuture$AsyncSupply.run(CompletableFuture.java:1768)
	at java.base/java.util.concurrent.CompletableFuture$AsyncSupply.exec(CompletableFuture.java:1760)
	at java.base/java.util.concurrent.ForkJoinTask.doExec(ForkJoinTask.java:373)
	at java.base/java.util.concurrent.ForkJoinPool$WorkQueue.topLevelExec(ForkJoinPool.java:1182)
	at java.base/java.util.concurrent.ForkJoinPool.scan(ForkJoinPool.java:1655)
	at java.base/java.util.concurrent.ForkJoinPool.runWorker(ForkJoinPool.java:1622)
	at java.base/java.util.concurrent.ForkJoinWorkerThread.run(ForkJoinWorkerThread.java:165)
Caused by: java.lang.reflect.InvocationTargetException
	at jdk.internal.reflect.GeneratedConstructorAccessor123.newInstance(Unknown Source)
	at java.base/jdk.internal.reflect.DelegatingConstructorAccessorImpl.newInstance(DelegatingConstructorAccessorImpl.java:45)
	at java.base/java.lang.reflect.Constructor.newInstanceWithCaller(Constructor.java:499)
	at java.base/java.lang.reflect.Constructor.newInstance(Constructor.java:480)
	at org.eclipse.core.internal.registry.osgi.RegistryStrategyOSGI.createExecutableExtension(RegistryStrategyOSGI.java:204)
	... 12 more
Caused by: java.lang.NullPointerException: Cannot invoke "java.io.File.getAbsolutePath()" because the return value of "org.eclipse.wildwebdeveloper.embedder.node.NodeJSManager.getNodeJsLocation()" is null
	at org.eclipse.wildwebdeveloper.html.HTMLLanguageServer.<init>(HTMLLanguageServer.java:40)
	... 17 more
!SUBENTRY 1 org.eclipse.equinox.registry 4 1 2025-12-22 22:01:36.947
!MESSAGE プラグイン "org.eclipse.wildwebdeveloper" は、クラス "org.eclipse.wildwebdeveloper.html.HTMLLanguageServer" をインスタンス化できませんでした。
!STACK 0
java.lang.reflect.InvocationTargetException
	at jdk.internal.reflect.GeneratedConstructorAccessor123.newInstance(Unknown Source)
	at java.base/jdk.internal.reflect.DelegatingConstructorAccessorImpl.newInstance(DelegatingConstructorAccessorImpl.java:45)
	at java.base/java.lang.reflect.Constructor.newInstanceWithCaller(Constructor.java:499)
	at java.base/java.lang.reflect.Constructor.newInstance(Constructor.java:480)
	at org.eclipse.core.internal.registry.osgi.RegistryStrategyOSGI.createExecutableExtension(RegistryStrategyOSGI.java:204)
	at org.eclipse.core.internal.registry.ExtensionRegistry.createExecutableExtension(ExtensionRegistry.java:920)
	at org.eclipse.core.internal.registry.ConfigurationElement.createExecutableExtension(ConfigurationElement.java:246)
	at org.eclipse.core.internal.registry.ConfigurationElementHandle.createExecutableExtension(ConfigurationElementHandle.java:63)
	at org.eclipse.lsp4e.LanguageServersRegistry$ExtensionLanguageServerDefinition.createConnectionProvider(LanguageServersRegistry.java:161)
	at org.eclipse.lsp4e.LanguageServerWrapper.lambda$0(LanguageServerWrapper.java:233)
	at java.base/java.util.concurrent.CompletableFuture$AsyncSupply.run(CompletableFuture.java:1768)
	at java.base/java.util.concurrent.CompletableFuture$AsyncSupply.exec(CompletableFuture.java:1760)
	at java.base/java.util.concurrent.ForkJoinTask.doExec(ForkJoinTask.java:373)
	at java.base/java.util.concurrent.ForkJoinPool$WorkQueue.topLevelExec(ForkJoinPool.java:1182)
	at java.base/java.util.concurrent.ForkJoinPool.scan(ForkJoinPool.java:1655)
	at java.base/java.util.concurrent.ForkJoinPool.runWorker(ForkJoinPool.java:1622)
	at java.base/java.util.concurrent.ForkJoinWorkerThread.run(ForkJoinWorkerThread.java:165)
Caused by: java.lang.NullPointerException: Cannot invoke "java.io.File.getAbsolutePath()" because the return value of "org.eclipse.wildwebdeveloper.embedder.node.NodeJSManager.getNodeJsLocation()" is null
	at org.eclipse.wildwebdeveloper.html.HTMLLanguageServer.<init>(HTMLLanguageServer.java:40)
	... 17 more
Root exception:
java.lang.NullPointerException: Cannot invoke "java.io.File.getAbsolutePath()" because the return value of "org.eclipse.wildwebdeveloper.embedder.node.NodeJSManager.getNodeJsLocation()" is null
	at org.eclipse.wildwebdeveloper.html.HTMLLanguageServer.<init>(HTMLLanguageServer.java:40)
	at jdk.internal.reflect.GeneratedConstructorAccessor123.newInstance(Unknown Source)
	at java.base/jdk.internal.reflect.DelegatingConstructorAccessorImpl.newInstance(DelegatingConstructorAccessorImpl.java:45)
	at java.base/java.lang.reflect.Constructor.newInstanceWithCaller(Constructor.java:499)
	at java.base/java.lang.reflect.Constructor.newInstance(Constructor.java:480)
	at org.eclipse.core.internal.registry.osgi.RegistryStrategyOSGI.createExecutableExtension(RegistryStrategyOSGI.java:204)
	at org.eclipse.core.internal.registry.ExtensionRegistry.createExecutableExtension(ExtensionRegistry.java:920)
	at org.eclipse.core.internal.registry.ConfigurationElement.createExecutableExtension(ConfigurationElement.java:246)
	at org.eclipse.core.internal.registry.ConfigurationElementHandle.createExecutableExtension(ConfigurationElementHandle.java:63)
	at org.eclipse.lsp4e.LanguageServersRegistry$ExtensionLanguageServerDefinition.createConnectionProvider(LanguageServersRegistry.java:161)
	at org.eclipse.lsp4e.LanguageServerWrapper.lambda$0(LanguageServerWrapper.java:233)
	at java.base/java.util.concurrent.CompletableFuture$AsyncSupply.run(CompletableFuture.java:1768)
	at java.base/java.util.concurrent.CompletableFuture$AsyncSupply.exec(CompletableFuture.java:1760)
	at java.base/java.util.concurrent.ForkJoinTask.doExec(ForkJoinTask.java:373)
	at java.base/java.util.concurrent.ForkJoinPool$WorkQueue.topLevelExec(ForkJoinPool.java:1182)
	at java.base/java.util.concurrent.ForkJoinPool.scan(ForkJoinPool.java:1655)
	at java.base/java.util.concurrent.ForkJoinPool.runWorker(ForkJoinPool.java:1622)
	at java.base/java.util.concurrent.ForkJoinWorkerThread.run(ForkJoinWorkerThread.java:165)

!ENTRY org.eclipse.lsp4e 4 0 2025-12-22 22:01:36.947
!MESSAGE Exception occurred while creating an instance of the stream connection provider
!STACK 0
java.lang.RuntimeException: Exception occurred while creating an instance of the stream connection provider
	at org.eclipse.lsp4e.LanguageServersRegistry$ExtensionLanguageServerDefinition.createConnectionProvider(LanguageServersRegistry.java:164)
	at org.eclipse.lsp4e.LanguageServerWrapper.lambda$0(LanguageServerWrapper.java:233)
	at java.base/java.util.concurrent.CompletableFuture$AsyncSupply.run(CompletableFuture.java:1768)
	at java.base/java.util.concurrent.CompletableFuture$AsyncSupply.exec(CompletableFuture.java:1760)
	at java.base/java.util.concurrent.ForkJoinTask.doExec(ForkJoinTask.java:373)
	at java.base/java.util.concurrent.ForkJoinPool$WorkQueue.topLevelExec(ForkJoinPool.java:1182)
	at java.base/java.util.concurrent.ForkJoinPool.scan(ForkJoinPool.java:1655)
	at java.base/java.util.concurrent.ForkJoinPool.runWorker(ForkJoinPool.java:1622)
	at java.base/java.util.concurrent.ForkJoinWorkerThread.run(ForkJoinWorkerThread.java:165)
Caused by: org.eclipse.core.runtime.CoreException: プラグイン "org.eclipse.wildwebdeveloper" は、クラス "org.eclipse.wildwebdeveloper.html.HTMLLanguageServer" をインスタンス化できませんでした。
	at org.eclipse.core.internal.registry.osgi.RegistryStrategyOSGI.throwException(RegistryStrategyOSGI.java:212)
	at org.eclipse.core.internal.registry.osgi.RegistryStrategyOSGI.createExecutableExtension(RegistryStrategyOSGI.java:206)
	at org.eclipse.core.internal.registry.ExtensionRegistry.createExecutableExtension(ExtensionRegistry.java:920)
	at org.eclipse.core.internal.registry.ConfigurationElement.createExecutableExtension(ConfigurationElement.java:246)
	at org.eclipse.core.internal.registry.ConfigurationElementHandle.createExecutableExtension(ConfigurationElementHandle.java:63)
	at org.eclipse.lsp4e.LanguageServersRegistry$ExtensionLanguageServerDefinition.createConnectionProvider(LanguageServersRegistry.java:161)
	... 8 more
Caused by: java.lang.reflect.InvocationTargetException
	at jdk.internal.reflect.GeneratedConstructorAccessor123.newInstance(Unknown Source)
	at java.base/jdk.internal.reflect.DelegatingConstructorAccessorImpl.newInstance(DelegatingConstructorAccessorImpl.java:45)
	at java.base/java.lang.reflect.Constructor.newInstanceWithCaller(Constructor.java:499)
	at java.base/java.lang.reflect.Constructor.newInstance(Constructor.java:480)
	at org.eclipse.core.internal.registry.osgi.RegistryStrategyOSGI.createExecutableExtension(RegistryStrategyOSGI.java:204)
	... 12 more
Caused by: java.lang.NullPointerException: Cannot invoke "java.io.File.getAbsolutePath()" because the return value of "org.eclipse.wildwebdeveloper.embedder.node.NodeJSManager.getNodeJsLocation()" is null
	at org.eclipse.wildwebdeveloper.html.HTMLLanguageServer.<init>(HTMLLanguageServer.java:40)
	... 17 more

!ENTRY org.eclipse.lsp4e 4 0 2025-12-22 22:01:36.947
!MESSAGE Cannot invoke "org.eclipse.lsp4e.server.StreamConnectionProvider.getInputStream()" because "this.lspStreamProvider" is null
!STACK 0
java.lang.NullPointerException: Cannot invoke "org.eclipse.lsp4e.server.StreamConnectionProvider.getInputStream()" because "this.lspStreamProvider" is null
	at org.eclipse.lsp4e.LanguageServerWrapper.lambda$1(LanguageServerWrapper.java:284)
	at java.base/java.util.concurrent.CompletableFuture$UniApply.tryFire(CompletableFuture.java:646)
	at java.base/java.util.concurrent.CompletableFuture.postComplete(CompletableFuture.java:510)
	at java.base/java.util.concurrent.CompletableFuture$AsyncSupply.run(CompletableFuture.java:1773)
	at java.base/java.util.concurrent.CompletableFuture$AsyncSupply.exec(CompletableFuture.java:1760)
	at java.base/java.util.concurrent.ForkJoinTask.doExec(ForkJoinTask.java:373)
	at java.base/java.util.concurrent.ForkJoinPool$WorkQueue.topLevelExec(ForkJoinPool.java:1182)
	at java.base/java.util.concurrent.ForkJoinPool.scan(ForkJoinPool.java:1655)
	at java.base/java.util.concurrent.ForkJoinPool.runWorker(ForkJoinPool.java:1622)
	at java.base/java.util.concurrent.ForkJoinWorkerThread.run(ForkJoinWorkerThread.java:165)

!ENTRY org.eclipse.lsp4e 4 0 2025-12-22 22:01:37.183
!MESSAGE プラグイン "org.eclipse.wildwebdeveloper" は、クラス "org.eclipse.wildwebdeveloper.html.HTMLLanguageServer" をインスタンス化できませんでした。
!STACK 1
org.eclipse.core.runtime.CoreException: プラグイン "org.eclipse.wildwebdeveloper" は、クラス "org.eclipse.wildwebdeveloper.html.HTMLLanguageServer" をインスタンス化できませんでした。
	at org.eclipse.core.internal.registry.osgi.RegistryStrategyOSGI.throwException(RegistryStrategyOSGI.java:212)
	at org.eclipse.core.internal.registry.osgi.RegistryStrategyOSGI.createExecutableExtension(RegistryStrategyOSGI.java:206)
	at org.eclipse.core.internal.registry.ExtensionRegistry.createExecutableExtension(ExtensionRegistry.java:920)
	at org.eclipse.core.internal.registry.ConfigurationElement.createExecutableExtension(ConfigurationElement.java:246)
	at org.eclipse.core.internal.registry.ConfigurationElementHandle.createExecutableExtension(ConfigurationElementHandle.java:63)
	at org.eclipse.lsp4e.LanguageServersRegistry$ExtensionLanguageServerDefinition.createConnectionProvider(LanguageServersRegistry.java:161)
	at org.eclipse.lsp4e.LanguageServerWrapper.lambda$0(LanguageServerWrapper.java:233)
	at java.base/java.util.concurrent.CompletableFuture$AsyncSupply.run(CompletableFuture.java:1768)
	at java.base/java.util.concurrent.CompletableFuture$AsyncSupply.exec(CompletableFuture.java:1760)
	at java.base/java.util.concurrent.ForkJoinTask.doExec(ForkJoinTask.java:373)
	at java.base/java.util.concurrent.ForkJoinPool$WorkQueue.topLevelExec(ForkJoinPool.java:1182)
	at java.base/java.util.concurrent.ForkJoinPool.scan(ForkJoinPool.java:1655)
	at java.base/java.util.concurrent.ForkJoinPool.runWorker(ForkJoinPool.java:1622)
	at java.base/java.util.concurrent.ForkJoinWorkerThread.run(ForkJoinWorkerThread.java:165)
Caused by: java.lang.reflect.InvocationTargetException
	at jdk.internal.reflect.GeneratedConstructorAccessor123.newInstance(Unknown Source)
	at java.base/jdk.internal.reflect.DelegatingConstructorAccessorImpl.newInstance(DelegatingConstructorAccessorImpl.java:45)
	at java.base/java.lang.reflect.Constructor.newInstanceWithCaller(Constructor.java:499)
	at java.base/java.lang.reflect.Constructor.newInstance(Constructor.java:480)
	at org.eclipse.core.internal.registry.osgi.RegistryStrategyOSGI.createExecutableExtension(RegistryStrategyOSGI.java:204)
	... 12 more
Caused by: java.lang.NullPointerException: Cannot invoke "java.io.File.getAbsolutePath()" because the return value of "org.eclipse.wildwebdeveloper.embedder.node.NodeJSManager.getNodeJsLocation()" is null
	at org.eclipse.wildwebdeveloper.html.HTMLLanguageServer.<init>(HTMLLanguageServer.java:40)
	... 17 more
!SUBENTRY 1 org.eclipse.equinox.registry 4 1 2025-12-22 22:01:37.183
!MESSAGE プラグイン "org.eclipse.wildwebdeveloper" は、クラス "org.eclipse.wildwebdeveloper.html.HTMLLanguageServer" をインスタンス化できませんでした。
!STACK 0
java.lang.reflect.InvocationTargetException
	at jdk.internal.reflect.GeneratedConstructorAccessor123.newInstance(Unknown Source)
	at java.base/jdk.internal.reflect.DelegatingConstructorAccessorImpl.newInstance(DelegatingConstructorAccessorImpl.java:45)
	at java.base/java.lang.reflect.Constructor.newInstanceWithCaller(Constructor.java:499)
	at java.base/java.lang.reflect.Constructor.newInstance(Constructor.java:480)
	at org.eclipse.core.internal.registry.osgi.RegistryStrategyOSGI.createExecutableExtension(RegistryStrategyOSGI.java:204)
	at org.eclipse.core.internal.registry.ExtensionRegistry.createExecutableExtension(ExtensionRegistry.java:920)
	at org.eclipse.core.internal.registry.ConfigurationElement.createExecutableExtension(ConfigurationElement.java:246)
	at org.eclipse.core.internal.registry.ConfigurationElementHandle.createExecutableExtension(ConfigurationElementHandle.java:63)
	at org.eclipse.lsp4e.LanguageServersRegistry$ExtensionLanguageServerDefinition.createConnectionProvider(LanguageServersRegistry.java:161)
	at org.eclipse.lsp4e.LanguageServerWrapper.lambda$0(LanguageServerWrapper.java:233)
	at java.base/java.util.concurrent.CompletableFuture$AsyncSupply.run(CompletableFuture.java:1768)
	at java.base/java.util.concurrent.CompletableFuture$AsyncSupply.exec(CompletableFuture.java:1760)
	at java.base/java.util.concurrent.ForkJoinTask.doExec(ForkJoinTask.java:373)
	at java.base/java.util.concurrent.ForkJoinPool$WorkQueue.topLevelExec(ForkJoinPool.java:1182)
	at java.base/java.util.concurrent.ForkJoinPool.scan(ForkJoinPool.java:1655)
	at java.base/java.util.concurrent.ForkJoinPool.runWorker(ForkJoinPool.java:1622)
	at java.base/java.util.concurrent.ForkJoinWorkerThread.run(ForkJoinWorkerThread.java:165)
Caused by: java.lang.NullPointerException: Cannot invoke "java.io.File.getAbsolutePath()" because the return value of "org.eclipse.wildwebdeveloper.embedder.node.NodeJSManager.getNodeJsLocation()" is null
	at org.eclipse.wildwebdeveloper.html.HTMLLanguageServer.<init>(HTMLLanguageServer.java:40)
	... 17 more
Root exception:
java.lang.NullPointerException: Cannot invoke "java.io.File.getAbsolutePath()" because the return value of "org.eclipse.wildwebdeveloper.embedder.node.NodeJSManager.getNodeJsLocation()" is null
	at org.eclipse.wildwebdeveloper.html.HTMLLanguageServer.<init>(HTMLLanguageServer.java:40)
	at jdk.internal.reflect.GeneratedConstructorAccessor123.newInstance(Unknown Source)
	at java.base/jdk.internal.reflect.DelegatingConstructorAccessorImpl.newInstance(DelegatingConstructorAccessorImpl.java:45)
	at java.base/java.lang.reflect.Constructor.newInstanceWithCaller(Constructor.java:499)
	at java.base/java.lang.reflect.Constructor.newInstance(Constructor.java:480)
	at org.eclipse.core.internal.registry.osgi.RegistryStrategyOSGI.createExecutableExtension(RegistryStrategyOSGI.java:204)
	at org.eclipse.core.internal.registry.ExtensionRegistry.createExecutableExtension(ExtensionRegistry.java:920)
	at org.eclipse.core.internal.registry.ConfigurationElement.createExecutableExtension(ConfigurationElement.java:246)
	at org.eclipse.core.internal.registry.ConfigurationElementHandle.createExecutableExtension(ConfigurationElementHandle.java:63)
	at org.eclipse.lsp4e.LanguageServersRegistry$ExtensionLanguageServerDefinition.createConnectionProvider(LanguageServersRegistry.java:161)
	at org.eclipse.lsp4e.LanguageServerWrapper.lambda$0(LanguageServerWrapper.java:233)
	at java.base/java.util.concurrent.CompletableFuture$AsyncSupply.run(CompletableFuture.java:1768)
	at java.base/java.util.concurrent.CompletableFuture$AsyncSupply.exec(CompletableFuture.java:1760)
	at java.base/java.util.concurrent.ForkJoinTask.doExec(ForkJoinTask.java:373)
	at java.base/java.util.concurrent.ForkJoinPool$WorkQueue.topLevelExec(ForkJoinPool.java:1182)
	at java.base/java.util.concurrent.ForkJoinPool.scan(ForkJoinPool.java:1655)
	at java.base/java.util.concurrent.ForkJoinPool.runWorker(ForkJoinPool.java:1622)
	at java.base/java.util.concurrent.ForkJoinWorkerThread.run(ForkJoinWorkerThread.java:165)

!ENTRY org.eclipse.lsp4e 4 0 2025-12-22 22:01:37.183
!MESSAGE Exception occurred while creating an instance of the stream connection provider
!STACK 0
java.lang.RuntimeException: Exception occurred while creating an instance of the stream connection provider
	at org.eclipse.lsp4e.LanguageServersRegistry$ExtensionLanguageServerDefinition.createConnectionProvider(LanguageServersRegistry.java:164)
	at org.eclipse.lsp4e.LanguageServerWrapper.lambda$0(LanguageServerWrapper.java:233)
	at java.base/java.util.concurrent.CompletableFuture$AsyncSupply.run(CompletableFuture.java:1768)
	at java.base/java.util.concurrent.CompletableFuture$AsyncSupply.exec(CompletableFuture.java:1760)
	at java.base/java.util.concurrent.ForkJoinTask.doExec(ForkJoinTask.java:373)
	at java.base/java.util.concurrent.ForkJoinPool$WorkQueue.topLevelExec(ForkJoinPool.java:1182)
	at java.base/java.util.concurrent.ForkJoinPool.scan(ForkJoinPool.java:1655)
	at java.base/java.util.concurrent.ForkJoinPool.runWorker(ForkJoinPool.java:1622)
	at java.base/java.util.concurrent.ForkJoinWorkerThread.run(ForkJoinWorkerThread.java:165)
Caused by: org.eclipse.core.runtime.CoreException: プラグイン "org.eclipse.wildwebdeveloper" は、クラス "org.eclipse.wildwebdeveloper.html.HTMLLanguageServer" をインスタンス化できませんでした。
	at org.eclipse.core.internal.registry.osgi.RegistryStrategyOSGI.throwException(RegistryStrategyOSGI.java:212)
	at org.eclipse.core.internal.registry.osgi.RegistryStrategyOSGI.createExecutableExtension(RegistryStrategyOSGI.java:206)
	at org.eclipse.core.internal.registry.ExtensionRegistry.createExecutableExtension(ExtensionRegistry.java:920)
	at org.eclipse.core.internal.registry.ConfigurationElement.createExecutableExtension(ConfigurationElement.java:246)
	at org.eclipse.core.internal.registry.ConfigurationElementHandle.createExecutableExtension(ConfigurationElementHandle.java:63)
	at org.eclipse.lsp4e.LanguageServersRegistry$ExtensionLanguageServerDefinition.createConnectionProvider(LanguageServersRegistry.java:161)
	... 8 more
Caused by: java.lang.reflect.InvocationTargetException
	at jdk.internal.reflect.GeneratedConstructorAccessor123.newInstance(Unknown Source)
	at java.base/jdk.internal.reflect.DelegatingConstructorAccessorImpl.newInstance(DelegatingConstructorAccessorImpl.java:45)
	at java.base/java.lang.reflect.Constructor.newInstanceWithCaller(Constructor.java:499)
	at java.base/java.lang.reflect.Constructor.newInstance(Constructor.java:480)
	at org.eclipse.core.internal.registry.osgi.RegistryStrategyOSGI.createExecutableExtension(RegistryStrategyOSGI.java:204)
	... 12 more
Caused by: java.lang.NullPointerException: Cannot invoke "java.io.File.getAbsolutePath()" because the return value of "org.eclipse.wildwebdeveloper.embedder.node.NodeJSManager.getNodeJsLocation()" is null
	at org.eclipse.wildwebdeveloper.html.HTMLLanguageServer.<init>(HTMLLanguageServer.java:40)
	... 17 more

!ENTRY org.eclipse.lsp4e 4 0 2025-12-22 22:01:37.184
!MESSAGE Cannot invoke "org.eclipse.lsp4e.server.StreamConnectionProvider.getInputStream()" because "this.lspStreamProvider" is null
!STACK 0
java.lang.NullPointerException: Cannot invoke "org.eclipse.lsp4e.server.StreamConnectionProvider.getInputStream()" because "this.lspStreamProvider" is null
	at org.eclipse.lsp4e.LanguageServerWrapper.lambda$1(LanguageServerWrapper.java:284)
	at java.base/java.util.concurrent.CompletableFuture$UniApply.tryFire(CompletableFuture.java:646)
	at java.base/java.util.concurrent.CompletableFuture.postComplete(CompletableFuture.java:510)
	at java.base/java.util.concurrent.CompletableFuture$AsyncSupply.run(CompletableFuture.java:1773)
	at java.base/java.util.concurrent.CompletableFuture$AsyncSupply.exec(CompletableFuture.java:1760)
	at java.base/java.util.concurrent.ForkJoinTask.doExec(ForkJoinTask.java:373)
	at java.base/java.util.concurrent.ForkJoinPool$WorkQueue.topLevelExec(ForkJoinPool.java:1182)
	at java.base/java.util.concurrent.ForkJoinPool.scan(ForkJoinPool.java:1655)
	at java.base/java.util.concurrent.ForkJoinPool.runWorker(ForkJoinPool.java:1622)
	at java.base/java.util.concurrent.ForkJoinWorkerThread.run(ForkJoinWorkerThread.java:165)

!ENTRY org.eclipse.lsp4e 4 0 2025-12-22 22:01:37.184
!MESSAGE プラグイン "org.eclipse.wildwebdeveloper" は、クラス "org.eclipse.wildwebdeveloper.angular.AngularLanguageServer" をインスタンス化できませんでした。
!STACK 1
org.eclipse.core.runtime.CoreException: プラグイン "org.eclipse.wildwebdeveloper" は、クラス "org.eclipse.wildwebdeveloper.angular.AngularLanguageServer" をインスタンス化できませんでした。
	at org.eclipse.core.internal.registry.osgi.RegistryStrategyOSGI.throwException(RegistryStrategyOSGI.java:212)
	at org.eclipse.core.internal.registry.osgi.RegistryStrategyOSGI.createExecutableExtension(RegistryStrategyOSGI.java:206)
	at org.eclipse.core.internal.registry.ExtensionRegistry.createExecutableExtension(ExtensionRegistry.java:920)
	at org.eclipse.core.internal.registry.ConfigurationElement.createExecutableExtension(ConfigurationElement.java:246)
	at org.eclipse.core.internal.registry.ConfigurationElementHandle.createExecutableExtension(ConfigurationElementHandle.java:63)
	at org.eclipse.lsp4e.LanguageServersRegistry$ExtensionLanguageServerDefinition.createConnectionProvider(LanguageServersRegistry.java:161)
	at org.eclipse.lsp4e.LanguageServerWrapper.lambda$0(LanguageServerWrapper.java:233)
	at java.base/java.util.concurrent.CompletableFuture$AsyncSupply.run(CompletableFuture.java:1768)
	at java.base/java.util.concurrent.CompletableFuture$AsyncSupply.exec(CompletableFuture.java:1760)
	at java.base/java.util.concurrent.ForkJoinTask.doExec(ForkJoinTask.java:373)
	at java.base/java.util.concurrent.ForkJoinPool$WorkQueue.topLevelExec(ForkJoinPool.java:1182)
	at java.base/java.util.concurrent.ForkJoinPool.scan(ForkJoinPool.java:1655)
	at java.base/java.util.concurrent.ForkJoinPool.runWorker(ForkJoinPool.java:1622)
	at java.base/java.util.concurrent.ForkJoinWorkerThread.run(ForkJoinWorkerThread.java:165)
Caused by: java.lang.reflect.InvocationTargetException
	at jdk.internal.reflect.GeneratedConstructorAccessor122.newInstance(Unknown Source)
	at java.base/jdk.internal.reflect.DelegatingConstructorAccessorImpl.newInstance(DelegatingConstructorAccessorImpl.java:45)
	at java.base/java.lang.reflect.Constructor.newInstanceWithCaller(Constructor.java:499)
	at java.base/java.lang.reflect.Constructor.newInstance(Constructor.java:480)
	at org.eclipse.core.internal.registry.osgi.RegistryStrategyOSGI.createExecutableExtension(RegistryStrategyOSGI.java:204)
	... 12 more
Caused by: java.lang.NullPointerException: Cannot invoke "java.io.File.getAbsolutePath()" because the return value of "org.eclipse.wildwebdeveloper.embedder.node.NodeJSManager.getNodeJsLocation()" is null
	at org.eclipse.wildwebdeveloper.angular.AngularLanguageServer.<init>(AngularLanguageServer.java:43)
	... 17 more
!SUBENTRY 1 org.eclipse.equinox.registry 4 1 2025-12-22 22:01:37.184
!MESSAGE プラグイン "org.eclipse.wildwebdeveloper" は、クラス "org.eclipse.wildwebdeveloper.angular.AngularLanguageServer" をインスタンス化できませんでした。
!STACK 0
java.lang.reflect.InvocationTargetException
	at jdk.internal.reflect.GeneratedConstructorAccessor122.newInstance(Unknown Source)
	at java.base/jdk.internal.reflect.DelegatingConstructorAccessorImpl.newInstance(DelegatingConstructorAccessorImpl.java:45)
	at java.base/java.lang.reflect.Constructor.newInstanceWithCaller(Constructor.java:499)
	at java.base/java.lang.reflect.Constructor.newInstance(Constructor.java:480)
	at org.eclipse.core.internal.registry.osgi.RegistryStrategyOSGI.createExecutableExtension(RegistryStrategyOSGI.java:204)
	at org.eclipse.core.internal.registry.ExtensionRegistry.createExecutableExtension(ExtensionRegistry.java:920)
	at org.eclipse.core.internal.registry.ConfigurationElement.createExecutableExtension(ConfigurationElement.java:246)
	at org.eclipse.core.internal.registry.ConfigurationElementHandle.createExecutableExtension(ConfigurationElementHandle.java:63)
	at org.eclipse.lsp4e.LanguageServersRegistry$ExtensionLanguageServerDefinition.createConnectionProvider(LanguageServersRegistry.java:161)
	at org.eclipse.lsp4e.LanguageServerWrapper.lambda$0(LanguageServerWrapper.java:233)
	at java.base/java.util.concurrent.CompletableFuture$AsyncSupply.run(CompletableFuture.java:1768)
	at java.base/java.util.concurrent.CompletableFuture$AsyncSupply.exec(CompletableFuture.java:1760)
	at java.base/java.util.concurrent.ForkJoinTask.doExec(ForkJoinTask.java:373)
	at java.base/java.util.concurrent.ForkJoinPool$WorkQueue.topLevelExec(ForkJoinPool.java:1182)
	at java.base/java.util.concurrent.ForkJoinPool.scan(ForkJoinPool.java:1655)
	at java.base/java.util.concurrent.ForkJoinPool.runWorker(ForkJoinPool.java:1622)
	at java.base/java.util.concurrent.ForkJoinWorkerThread.run(ForkJoinWorkerThread.java:165)
Caused by: java.lang.NullPointerException: Cannot invoke "java.io.File.getAbsolutePath()" because the return value of "org.eclipse.wildwebdeveloper.embedder.node.NodeJSManager.getNodeJsLocation()" is null
	at org.eclipse.wildwebdeveloper.angular.AngularLanguageServer.<init>(AngularLanguageServer.java:43)
	... 17 more
Root exception:
java.lang.NullPointerException: Cannot invoke "java.io.File.getAbsolutePath()" because the return value of "org.eclipse.wildwebdeveloper.embedder.node.NodeJSManager.getNodeJsLocation()" is null
	at org.eclipse.wildwebdeveloper.angular.AngularLanguageServer.<init>(AngularLanguageServer.java:43)
	at jdk.internal.reflect.GeneratedConstructorAccessor122.newInstance(Unknown Source)
	at java.base/jdk.internal.reflect.DelegatingConstructorAccessorImpl.newInstance(DelegatingConstructorAccessorImpl.java:45)
	at java.base/java.lang.reflect.Constructor.newInstanceWithCaller(Constructor.java:499)
	at java.base/java.lang.reflect.Constructor.newInstance(Constructor.java:480)
	at org.eclipse.core.internal.registry.osgi.RegistryStrategyOSGI.createExecutableExtension(RegistryStrategyOSGI.java:204)
	at org.eclipse.core.internal.registry.ExtensionRegistry.createExecutableExtension(ExtensionRegistry.java:920)
	at org.eclipse.core.internal.registry.ConfigurationElement.createExecutableExtension(ConfigurationElement.java:246)
	at org.eclipse.core.internal.registry.ConfigurationElementHandle.createExecutableExtension(ConfigurationElementHandle.java:63)
	at org.eclipse.lsp4e.LanguageServersRegistry$ExtensionLanguageServerDefinition.createConnectionProvider(LanguageServersRegistry.java:161)
	at org.eclipse.lsp4e.LanguageServerWrapper.lambda$0(LanguageServerWrapper.java:233)
	at java.base/java.util.concurrent.CompletableFuture$AsyncSupply.run(CompletableFuture.java:1768)
	at java.base/java.util.concurrent.CompletableFuture$AsyncSupply.exec(CompletableFuture.java:1760)
	at java.base/java.util.concurrent.ForkJoinTask.doExec(ForkJoinTask.java:373)
	at java.base/java.util.concurrent.ForkJoinPool$WorkQueue.topLevelExec(ForkJoinPool.java:1182)
	at java.base/java.util.concurrent.ForkJoinPool.scan(ForkJoinPool.java:1655)
	at java.base/java.util.concurrent.ForkJoinPool.runWorker(ForkJoinPool.java:1622)
	at java.base/java.util.concurrent.ForkJoinWorkerThread.run(ForkJoinWorkerThread.java:165)

!ENTRY org.eclipse.lsp4e 4 0 2025-12-22 22:01:37.185
!MESSAGE Exception occurred while creating an instance of the stream connection provider
!STACK 0
java.lang.RuntimeException: Exception occurred while creating an instance of the stream connection provider
	at org.eclipse.lsp4e.LanguageServersRegistry$ExtensionLanguageServerDefinition.createConnectionProvider(LanguageServersRegistry.java:164)
	at org.eclipse.lsp4e.LanguageServerWrapper.lambda$0(LanguageServerWrapper.java:233)
	at java.base/java.util.concurrent.CompletableFuture$AsyncSupply.run(CompletableFuture.java:1768)
	at java.base/java.util.concurrent.CompletableFuture$AsyncSupply.exec(CompletableFuture.java:1760)
	at java.base/java.util.concurrent.ForkJoinTask.doExec(ForkJoinTask.java:373)
	at java.base/java.util.concurrent.ForkJoinPool$WorkQueue.topLevelExec(ForkJoinPool.java:1182)
	at java.base/java.util.concurrent.ForkJoinPool.scan(ForkJoinPool.java:1655)
	at java.base/java.util.concurrent.ForkJoinPool.runWorker(ForkJoinPool.java:1622)
	at java.base/java.util.concurrent.ForkJoinWorkerThread.run(ForkJoinWorkerThread.java:165)
Caused by: org.eclipse.core.runtime.CoreException: プラグイン "org.eclipse.wildwebdeveloper" は、クラス "org.eclipse.wildwebdeveloper.angular.AngularLanguageServer" をインスタンス化できませんでした。
	at org.eclipse.core.internal.registry.osgi.RegistryStrategyOSGI.throwException(RegistryStrategyOSGI.java:212)
	at org.eclipse.core.internal.registry.osgi.RegistryStrategyOSGI.createExecutableExtension(RegistryStrategyOSGI.java:206)
	at org.eclipse.core.internal.registry.ExtensionRegistry.createExecutableExtension(ExtensionRegistry.java:920)
	at org.eclipse.core.internal.registry.ConfigurationElement.createExecutableExtension(ConfigurationElement.java:246)
	at org.eclipse.core.internal.registry.ConfigurationElementHandle.createExecutableExtension(ConfigurationElementHandle.java:63)
	at org.eclipse.lsp4e.LanguageServersRegistry$ExtensionLanguageServerDefinition.createConnectionProvider(LanguageServersRegistry.java:161)
	... 8 more
Caused by: java.lang.reflect.InvocationTargetException
	at jdk.internal.reflect.GeneratedConstructorAccessor122.newInstance(Unknown Source)
	at java.base/jdk.internal.reflect.DelegatingConstructorAccessorImpl.newInstance(DelegatingConstructorAccessorImpl.java:45)
	at java.base/java.lang.reflect.Constructor.newInstanceWithCaller(Constructor.java:499)
	at java.base/java.lang.reflect.Constructor.newInstance(Constructor.java:480)
	at org.eclipse.core.internal.registry.osgi.RegistryStrategyOSGI.createExecutableExtension(RegistryStrategyOSGI.java:204)
	... 12 more
Caused by: java.lang.NullPointerException: Cannot invoke "java.io.File.getAbsolutePath()" because the return value of "org.eclipse.wildwebdeveloper.embedder.node.NodeJSManager.getNodeJsLocation()" is null
	at org.eclipse.wildwebdeveloper.angular.AngularLanguageServer.<init>(AngularLanguageServer.java:43)
	... 17 more

!ENTRY org.eclipse.lsp4e 4 0 2025-12-22 22:01:37.186
!MESSAGE Cannot invoke "org.eclipse.lsp4e.server.StreamConnectionProvider.getInputStream()" because "this.lspStreamProvider" is null
!STACK 0
java.lang.NullPointerException: Cannot invoke "org.eclipse.lsp4e.server.StreamConnectionProvider.getInputStream()" because "this.lspStreamProvider" is null
	at org.eclipse.lsp4e.LanguageServerWrapper.lambda$1(LanguageServerWrapper.java:284)
	at java.base/java.util.concurrent.CompletableFuture$UniApply.tryFire(CompletableFuture.java:646)
	at java.base/java.util.concurrent.CompletableFuture.postComplete(CompletableFuture.java:510)
	at java.base/java.util.concurrent.CompletableFuture$AsyncSupply.run(CompletableFuture.java:1773)
	at java.base/java.util.concurrent.CompletableFuture$AsyncSupply.exec(CompletableFuture.java:1760)
	at java.base/java.util.concurrent.ForkJoinTask.doExec(ForkJoinTask.java:373)
	at java.base/java.util.concurrent.ForkJoinPool$WorkQueue.topLevelExec(ForkJoinPool.java:1182)
	at java.base/java.util.concurrent.ForkJoinPool.scan(ForkJoinPool.java:1655)
	at java.base/java.util.concurrent.ForkJoinPool.runWorker(ForkJoinPool.java:1622)
	at java.base/java.util.concurrent.ForkJoinWorkerThread.run(ForkJoinWorkerThread.java:165)

!ENTRY org.eclipse.lsp4e 4 0 2025-12-22 22:01:37.260
!MESSAGE プラグイン "org.eclipse.wildwebdeveloper" は、クラス "org.eclipse.wildwebdeveloper.html.HTMLLanguageServer" をインスタンス化できませんでした。
!STACK 1
org.eclipse.core.runtime.CoreException: プラグイン "org.eclipse.wildwebdeveloper" は、クラス "org.eclipse.wildwebdeveloper.html.HTMLLanguageServer" をインスタンス化できませんでした。
	at org.eclipse.core.internal.registry.osgi.RegistryStrategyOSGI.throwException(RegistryStrategyOSGI.java:212)
	at org.eclipse.core.internal.registry.osgi.RegistryStrategyOSGI.createExecutableExtension(RegistryStrategyOSGI.java:206)
	at org.eclipse.core.internal.registry.ExtensionRegistry.createExecutableExtension(ExtensionRegistry.java:920)
	at org.eclipse.core.internal.registry.ConfigurationElement.createExecutableExtension(ConfigurationElement.java:246)
	at org.eclipse.core.internal.registry.ConfigurationElementHandle.createExecutableExtension(ConfigurationElementHandle.java:63)
	at org.eclipse.lsp4e.LanguageServersRegistry$ExtensionLanguageServerDefinition.createConnectionProvider(LanguageServersRegistry.java:161)
	at org.eclipse.lsp4e.LanguageServerWrapper.lambda$0(LanguageServerWrapper.java:233)
	at java.base/java.util.concurrent.CompletableFuture$AsyncSupply.run(CompletableFuture.java:1768)
	at java.base/java.util.concurrent.CompletableFuture$AsyncSupply.exec(CompletableFuture.java:1760)
	at java.base/java.util.concurrent.ForkJoinTask.doExec(ForkJoinTask.java:373)
	at java.base/java.util.concurrent.ForkJoinPool$WorkQueue.topLevelExec(ForkJoinPool.java:1182)
	at java.base/java.util.concurrent.ForkJoinPool.scan(ForkJoinPool.java:1655)
	at java.base/java.util.concurrent.ForkJoinPool.runWorker(ForkJoinPool.java:1622)
	at java.base/java.util.concurrent.ForkJoinWorkerThread.run(ForkJoinWorkerThread.java:165)
Caused by: java.lang.reflect.InvocationTargetException
	at jdk.internal.reflect.GeneratedConstructorAccessor123.newInstance(Unknown Source)
	at java.base/jdk.internal.reflect.DelegatingConstructorAccessorImpl.newInstance(DelegatingConstructorAccessorImpl.java:45)
	at java.base/java.lang.reflect.Constructor.newInstanceWithCaller(Constructor.java:499)
	at java.base/java.lang.reflect.Constructor.newInstance(Constructor.java:480)
	at org.eclipse.core.internal.registry.osgi.RegistryStrategyOSGI.createExecutableExtension(RegistryStrategyOSGI.java:204)
	... 12 more
Caused by: java.lang.NullPointerException: Cannot invoke "java.io.File.getAbsolutePath()" because the return value of "org.eclipse.wildwebdeveloper.embedder.node.NodeJSManager.getNodeJsLocation()" is null
	at org.eclipse.wildwebdeveloper.html.HTMLLanguageServer.<init>(HTMLLanguageServer.java:40)
	... 17 more
!SUBENTRY 1 org.eclipse.equinox.registry 4 1 2025-12-22 22:01:37.260
!MESSAGE プラグイン "org.eclipse.wildwebdeveloper" は、クラス "org.eclipse.wildwebdeveloper.html.HTMLLanguageServer" をインスタンス化できませんでした。
!STACK 0
java.lang.reflect.InvocationTargetException
	at jdk.internal.reflect.GeneratedConstructorAccessor123.newInstance(Unknown Source)
	at java.base/jdk.internal.reflect.DelegatingConstructorAccessorImpl.newInstance(DelegatingConstructorAccessorImpl.java:45)
	at java.base/java.lang.reflect.Constructor.newInstanceWithCaller(Constructor.java:499)
	at java.base/java.lang.reflect.Constructor.newInstance(Constructor.java:480)
	at org.eclipse.core.internal.registry.osgi.RegistryStrategyOSGI.createExecutableExtension(RegistryStrategyOSGI.java:204)
	at org.eclipse.core.internal.registry.ExtensionRegistry.createExecutableExtension(ExtensionRegistry.java:920)
	at org.eclipse.core.internal.registry.ConfigurationElement.createExecutableExtension(ConfigurationElement.java:246)
	at org.eclipse.core.internal.registry.ConfigurationElementHandle.createExecutableExtension(ConfigurationElementHandle.java:63)
	at org.eclipse.lsp4e.LanguageServersRegistry$ExtensionLanguageServerDefinition.createConnectionProvider(LanguageServersRegistry.java:161)
	at org.eclipse.lsp4e.LanguageServerWrapper.lambda$0(LanguageServerWrapper.java:233)
	at java.base/java.util.concurrent.CompletableFuture$AsyncSupply.run(CompletableFuture.java:1768)
	at java.base/java.util.concurrent.CompletableFuture$AsyncSupply.exec(CompletableFuture.java:1760)
	at java.base/java.util.concurrent.ForkJoinTask.doExec(ForkJoinTask.java:373)
	at java.base/java.util.concurrent.ForkJoinPool$WorkQueue.topLevelExec(ForkJoinPool.java:1182)
	at java.base/java.util.concurrent.ForkJoinPool.scan(ForkJoinPool.java:1655)
	at java.base/java.util.concurrent.ForkJoinPool.runWorker(ForkJoinPool.java:1622)
	at java.base/java.util.concurrent.ForkJoinWorkerThread.run(ForkJoinWorkerThread.java:165)
Caused by: java.lang.NullPointerException: Cannot invoke "java.io.File.getAbsolutePath()" because the return value of "org.eclipse.wildwebdeveloper.embedder.node.NodeJSManager.getNodeJsLocation()" is null
	at org.eclipse.wildwebdeveloper.html.HTMLLanguageServer.<init>(HTMLLanguageServer.java:40)
	... 17 more
Root exception:
java.lang.NullPointerException: Cannot invoke "java.io.File.getAbsolutePath()" because the return value of "org.eclipse.wildwebdeveloper.embedder.node.NodeJSManager.getNodeJsLocation()" is null
	at org.eclipse.wildwebdeveloper.html.HTMLLanguageServer.<init>(HTMLLanguageServer.java:40)
	at jdk.internal.reflect.GeneratedConstructorAccessor123.newInstance(Unknown Source)
	at java.base/jdk.internal.reflect.DelegatingConstructorAccessorImpl.newInstance(DelegatingConstructorAccessorImpl.java:45)
	at java.base/java.lang.reflect.Constructor.newInstanceWithCaller(Constructor.java:499)
	at java.base/java.lang.reflect.Constructor.newInstance(Constructor.java:480)
	at org.eclipse.core.internal.registry.osgi.RegistryStrategyOSGI.createExecutableExtension(RegistryStrategyOSGI.java:204)
	at org.eclipse.core.internal.registry.ExtensionRegistry.createExecutableExtension(ExtensionRegistry.java:920)
	at org.eclipse.core.internal.registry.ConfigurationElement.createExecutableExtension(ConfigurationElement.java:246)
	at org.eclipse.core.internal.registry.ConfigurationElementHandle.createExecutableExtension(ConfigurationElementHandle.java:63)
	at org.eclipse.lsp4e.LanguageServersRegistry$ExtensionLanguageServerDefinition.createConnectionProvider(LanguageServersRegistry.java:161)
	at org.eclipse.lsp4e.LanguageServerWrapper.lambda$0(LanguageServerWrapper.java:233)
	at java.base/java.util.concurrent.CompletableFuture$AsyncSupply.run(CompletableFuture.java:1768)
	at java.base/java.util.concurrent.CompletableFuture$AsyncSupply.exec(CompletableFuture.java:1760)
	at java.base/java.util.concurrent.ForkJoinTask.doExec(ForkJoinTask.java:373)
	at java.base/java.util.concurrent.ForkJoinPool$WorkQueue.topLevelExec(ForkJoinPool.java:1182)
	at java.base/java.util.concurrent.ForkJoinPool.scan(ForkJoinPool.java:1655)
	at java.base/java.util.concurrent.ForkJoinPool.runWorker(ForkJoinPool.java:1622)
	at java.base/java.util.concurrent.ForkJoinWorkerThread.run(ForkJoinWorkerThread.java:165)

!ENTRY org.eclipse.lsp4e 4 0 2025-12-22 22:01:37.260
!MESSAGE Exception occurred while creating an instance of the stream connection provider
!STACK 0
java.lang.RuntimeException: Exception occurred while creating an instance of the stream connection provider
	at org.eclipse.lsp4e.LanguageServersRegistry$ExtensionLanguageServerDefinition.createConnectionProvider(LanguageServersRegistry.java:164)
	at org.eclipse.lsp4e.LanguageServerWrapper.lambda$0(LanguageServerWrapper.java:233)
	at java.base/java.util.concurrent.CompletableFuture$AsyncSupply.run(CompletableFuture.java:1768)
	at java.base/java.util.concurrent.CompletableFuture$AsyncSupply.exec(CompletableFuture.java:1760)
	at java.base/java.util.concurrent.ForkJoinTask.doExec(ForkJoinTask.java:373)
	at java.base/java.util.concurrent.ForkJoinPool$WorkQueue.topLevelExec(ForkJoinPool.java:1182)
	at java.base/java.util.concurrent.ForkJoinPool.scan(ForkJoinPool.java:1655)
	at java.base/java.util.concurrent.ForkJoinPool.runWorker(ForkJoinPool.java:1622)
	at java.base/java.util.concurrent.ForkJoinWorkerThread.run(ForkJoinWorkerThread.java:165)
Caused by: org.eclipse.core.runtime.CoreException: プラグイン "org.eclipse.wildwebdeveloper" は、クラス "org.eclipse.wildwebdeveloper.html.HTMLLanguageServer" をインスタンス化できませんでした。
	at org.eclipse.core.internal.registry.osgi.RegistryStrategyOSGI.throwException(RegistryStrategyOSGI.java:212)
	at org.eclipse.core.internal.registry.osgi.RegistryStrategyOSGI.createExecutableExtension(RegistryStrategyOSGI.java:206)
	at org.eclipse.core.internal.registry.ExtensionRegistry.createExecutableExtension(ExtensionRegistry.java:920)
	at org.eclipse.core.internal.registry.ConfigurationElement.createExecutableExtension(ConfigurationElement.java:246)
	at org.eclipse.core.internal.registry.ConfigurationElementHandle.createExecutableExtension(ConfigurationElementHandle.java:63)
	at org.eclipse.lsp4e.LanguageServersRegistry$ExtensionLanguageServerDefinition.createConnectionProvider(LanguageServersRegistry.java:161)
	... 8 more
Caused by: java.lang.reflect.InvocationTargetException
	at jdk.internal.reflect.GeneratedConstructorAccessor123.newInstance(Unknown Source)
	at java.base/jdk.internal.reflect.DelegatingConstructorAccessorImpl.newInstance(DelegatingConstructorAccessorImpl.java:45)
	at java.base/java.lang.reflect.Constructor.newInstanceWithCaller(Constructor.java:499)
	at java.base/java.lang.reflect.Constructor.newInstance(Constructor.java:480)
	at org.eclipse.core.internal.registry.osgi.RegistryStrategyOSGI.createExecutableExtension(RegistryStrategyOSGI.java:204)
	... 12 more
Caused by: java.lang.NullPointerException: Cannot invoke "java.io.File.getAbsolutePath()" because the return value of "org.eclipse.wildwebdeveloper.embedder.node.NodeJSManager.getNodeJsLocation()" is null
	at org.eclipse.wildwebdeveloper.html.HTMLLanguageServer.<init>(HTMLLanguageServer.java:40)
	... 17 more

!ENTRY org.eclipse.lsp4e 4 0 2025-12-22 22:01:37.260
!MESSAGE Cannot invoke "org.eclipse.lsp4e.server.StreamConnectionProvider.getInputStream()" because "this.lspStreamProvider" is null
!STACK 0
java.lang.NullPointerException: Cannot invoke "org.eclipse.lsp4e.server.StreamConnectionProvider.getInputStream()" because "this.lspStreamProvider" is null
	at org.eclipse.lsp4e.LanguageServerWrapper.lambda$1(LanguageServerWrapper.java:284)
	at java.base/java.util.concurrent.CompletableFuture$UniApply.tryFire(CompletableFuture.java:646)
	at java.base/java.util.concurrent.CompletableFuture.postComplete(CompletableFuture.java:510)
	at java.base/java.util.concurrent.CompletableFuture$AsyncSupply.run(CompletableFuture.java:1773)
	at java.base/java.util.concurrent.CompletableFuture$AsyncSupply.exec(CompletableFuture.java:1760)
	at java.base/java.util.concurrent.ForkJoinTask.doExec(ForkJoinTask.java:373)
	at java.base/java.util.concurrent.ForkJoinPool$WorkQueue.topLevelExec(ForkJoinPool.java:1182)
	at java.base/java.util.concurrent.ForkJoinPool.scan(ForkJoinPool.java:1655)
	at java.base/java.util.concurrent.ForkJoinPool.runWorker(ForkJoinPool.java:1622)
	at java.base/java.util.concurrent.ForkJoinWorkerThread.run(ForkJoinWorkerThread.java:165)

!ENTRY org.eclipse.lsp4e 4 0 2025-12-22 22:01:37.263
!MESSAGE プラグイン "org.eclipse.wildwebdeveloper" は、クラス "org.eclipse.wildwebdeveloper.angular.AngularLanguageServer" をインスタンス化できませんでした。
!STACK 1
org.eclipse.core.runtime.CoreException: プラグイン "org.eclipse.wildwebdeveloper" は、クラス "org.eclipse.wildwebdeveloper.angular.AngularLanguageServer" をインスタンス化できませんでした。
	at org.eclipse.core.internal.registry.osgi.RegistryStrategyOSGI.throwException(RegistryStrategyOSGI.java:212)
	at org.eclipse.core.internal.registry.osgi.RegistryStrategyOSGI.createExecutableExtension(RegistryStrategyOSGI.java:206)
	at org.eclipse.core.internal.registry.ExtensionRegistry.createExecutableExtension(ExtensionRegistry.java:920)
	at org.eclipse.core.internal.registry.ConfigurationElement.createExecutableExtension(ConfigurationElement.java:246)
	at org.eclipse.core.internal.registry.ConfigurationElementHandle.createExecutableExtension(ConfigurationElementHandle.java:63)
	at org.eclipse.lsp4e.LanguageServersRegistry$ExtensionLanguageServerDefinition.createConnectionProvider(LanguageServersRegistry.java:161)
	at org.eclipse.lsp4e.LanguageServerWrapper.lambda$0(LanguageServerWrapper.java:233)
	at java.base/java.util.concurrent.CompletableFuture$AsyncSupply.run(CompletableFuture.java:1768)
	at java.base/java.util.concurrent.CompletableFuture$AsyncSupply.exec(CompletableFuture.java:1760)
	at java.base/java.util.concurrent.ForkJoinTask.doExec(ForkJoinTask.java:373)
	at java.base/java.util.concurrent.ForkJoinPool$WorkQueue.topLevelExec(ForkJoinPool.java:1182)
	at java.base/java.util.concurrent.ForkJoinPool.scan(ForkJoinPool.java:1655)
	at java.base/java.util.concurrent.ForkJoinPool.runWorker(ForkJoinPool.java:1622)
	at java.base/java.util.concurrent.ForkJoinWorkerThread.run(ForkJoinWorkerThread.java:165)
Caused by: java.lang.reflect.InvocationTargetException
	at jdk.internal.reflect.GeneratedConstructorAccessor122.newInstance(Unknown Source)
	at java.base/jdk.internal.reflect.DelegatingConstructorAccessorImpl.newInstance(DelegatingConstructorAccessorImpl.java:45)
	at java.base/java.lang.reflect.Constructor.newInstanceWithCaller(Constructor.java:499)
	at java.base/java.lang.reflect.Constructor.newInstance(Constructor.java:480)
	at org.eclipse.core.internal.registry.osgi.RegistryStrategyOSGI.createExecutableExtension(RegistryStrategyOSGI.java:204)
	... 12 more
Caused by: java.lang.NullPointerException: Cannot invoke "java.io.File.getAbsolutePath()" because the return value of "org.eclipse.wildwebdeveloper.embedder.node.NodeJSManager.getNodeJsLocation()" is null
	at org.eclipse.wildwebdeveloper.angular.AngularLanguageServer.<init>(AngularLanguageServer.java:43)
	... 17 more
!SUBENTRY 1 org.eclipse.equinox.registry 4 1 2025-12-22 22:01:37.263
!MESSAGE プラグイン "org.eclipse.wildwebdeveloper" は、クラス "org.eclipse.wildwebdeveloper.angular.AngularLanguageServer" をインスタンス化できませんでした。
!STACK 0
java.lang.reflect.InvocationTargetException
	at jdk.internal.reflect.GeneratedConstructorAccessor122.newInstance(Unknown Source)
	at java.base/jdk.internal.reflect.DelegatingConstructorAccessorImpl.newInstance(DelegatingConstructorAccessorImpl.java:45)
	at java.base/java.lang.reflect.Constructor.newInstanceWithCaller(Constructor.java:499)
	at java.base/java.lang.reflect.Constructor.newInstance(Constructor.java:480)
	at org.eclipse.core.internal.registry.osgi.RegistryStrategyOSGI.createExecutableExtension(RegistryStrategyOSGI.java:204)
	at org.eclipse.core.internal.registry.ExtensionRegistry.createExecutableExtension(ExtensionRegistry.java:920)
	at org.eclipse.core.internal.registry.ConfigurationElement.createExecutableExtension(ConfigurationElement.java:246)
	at org.eclipse.core.internal.registry.ConfigurationElementHandle.createExecutableExtension(ConfigurationElementHandle.java:63)
	at org.eclipse.lsp4e.LanguageServersRegistry$ExtensionLanguageServerDefinition.createConnectionProvider(LanguageServersRegistry.java:161)
	at org.eclipse.lsp4e.LanguageServerWrapper.lambda$0(LanguageServerWrapper.java:233)
	at java.base/java.util.concurrent.CompletableFuture$AsyncSupply.run(CompletableFuture.java:1768)
	at java.base/java.util.concurrent.CompletableFuture$AsyncSupply.exec(CompletableFuture.java:1760)
	at java.base/java.util.concurrent.ForkJoinTask.doExec(ForkJoinTask.java:373)
	at java.base/java.util.concurrent.ForkJoinPool$WorkQueue.topLevelExec(ForkJoinPool.java:1182)
	at java.base/java.util.concurrent.ForkJoinPool.scan(ForkJoinPool.java:1655)
	at java.base/java.util.concurrent.ForkJoinPool.runWorker(ForkJoinPool.java:1622)
	at java.base/java.util.concurrent.ForkJoinWorkerThread.run(ForkJoinWorkerThread.java:165)
Caused by: java.lang.NullPointerException: Cannot invoke "java.io.File.getAbsolutePath()" because the return value of "org.eclipse.wildwebdeveloper.embedder.node.NodeJSManager.getNodeJsLocation()" is null
	at org.eclipse.wildwebdeveloper.angular.AngularLanguageServer.<init>(AngularLanguageServer.java:43)
	... 17 more
Root exception:
java.lang.NullPointerException: Cannot invoke "java.io.File.getAbsolutePath()" because the return value of "org.eclipse.wildwebdeveloper.embedder.node.NodeJSManager.getNodeJsLocation()" is null
	at org.eclipse.wildwebdeveloper.angular.AngularLanguageServer.<init>(AngularLanguageServer.java:43)
	at jdk.internal.reflect.GeneratedConstructorAccessor122.newInstance(Unknown Source)
	at java.base/jdk.internal.reflect.DelegatingConstructorAccessorImpl.newInstance(DelegatingConstructorAccessorImpl.java:45)
	at java.base/java.lang.reflect.Constructor.newInstanceWithCaller(Constructor.java:499)
	at java.base/java.lang.reflect.Constructor.newInstance(Constructor.java:480)
	at org.eclipse.core.internal.registry.osgi.RegistryStrategyOSGI.createExecutableExtension(RegistryStrategyOSGI.java:204)
	at org.eclipse.core.internal.registry.ExtensionRegistry.createExecutableExtension(ExtensionRegistry.java:920)
	at org.eclipse.core.internal.registry.ConfigurationElement.createExecutableExtension(ConfigurationElement.java:246)
	at org.eclipse.core.internal.registry.ConfigurationElementHandle.createExecutableExtension(ConfigurationElementHandle.java:63)
	at org.eclipse.lsp4e.LanguageServersRegistry$ExtensionLanguageServerDefinition.createConnectionProvider(LanguageServersRegistry.java:161)
	at org.eclipse.lsp4e.LanguageServerWrapper.lambda$0(LanguageServerWrapper.java:233)
	at java.base/java.util.concurrent.CompletableFuture$AsyncSupply.run(CompletableFuture.java:1768)
	at java.base/java.util.concurrent.CompletableFuture$AsyncSupply.exec(CompletableFuture.java:1760)
	at java.base/java.util.concurrent.ForkJoinTask.doExec(ForkJoinTask.java:373)
	at java.base/java.util.concurrent.ForkJoinPool$WorkQueue.topLevelExec(ForkJoinPool.java:1182)
	at java.base/java.util.concurrent.ForkJoinPool.scan(ForkJoinPool.java:1655)
	at java.base/java.util.concurrent.ForkJoinPool.runWorker(ForkJoinPool.java:1622)
	at java.base/java.util.concurrent.ForkJoinWorkerThread.run(ForkJoinWorkerThread.java:165)

!ENTRY org.eclipse.lsp4e 4 0 2025-12-22 22:01:37.263
!MESSAGE Exception occurred while creating an instance of the stream connection provider
!STACK 0
java.lang.RuntimeException: Exception occurred while creating an instance of the stream connection provider
	at org.eclipse.lsp4e.LanguageServersRegistry$ExtensionLanguageServerDefinition.createConnectionProvider(LanguageServersRegistry.java:164)
	at org.eclipse.lsp4e.LanguageServerWrapper.lambda$0(LanguageServerWrapper.java:233)
	at java.base/java.util.concurrent.CompletableFuture$AsyncSupply.run(CompletableFuture.java:1768)
	at java.base/java.util.concurrent.CompletableFuture$AsyncSupply.exec(CompletableFuture.java:1760)
	at java.base/java.util.concurrent.ForkJoinTask.doExec(ForkJoinTask.java:373)
	at java.base/java.util.concurrent.ForkJoinPool$WorkQueue.topLevelExec(ForkJoinPool.java:1182)
	at java.base/java.util.concurrent.ForkJoinPool.scan(ForkJoinPool.java:1655)
	at java.base/java.util.concurrent.ForkJoinPool.runWorker(ForkJoinPool.java:1622)
	at java.base/java.util.concurrent.ForkJoinWorkerThread.run(ForkJoinWorkerThread.java:165)
Caused by: org.eclipse.core.runtime.CoreException: プラグイン "org.eclipse.wildwebdeveloper" は、クラス "org.eclipse.wildwebdeveloper.angular.AngularLanguageServer" をインスタンス化できませんでした。
	at org.eclipse.core.internal.registry.osgi.RegistryStrategyOSGI.throwException(RegistryStrategyOSGI.java:212)
	at org.eclipse.core.internal.registry.osgi.RegistryStrategyOSGI.createExecutableExtension(RegistryStrategyOSGI.java:206)
	at org.eclipse.core.internal.registry.ExtensionRegistry.createExecutableExtension(ExtensionRegistry.java:920)
	at org.eclipse.core.internal.registry.ConfigurationElement.createExecutableExtension(ConfigurationElement.java:246)
	at org.eclipse.core.internal.registry.ConfigurationElementHandle.createExecutableExtension(ConfigurationElementHandle.java:63)
	at org.eclipse.lsp4e.LanguageServersRegistry$ExtensionLanguageServerDefinition.createConnectionProvider(LanguageServersRegistry.java:161)
	... 8 more
Caused by: java.lang.reflect.InvocationTargetException
	at jdk.internal.reflect.GeneratedConstructorAccessor122.newInstance(Unknown Source)
	at java.base/jdk.internal.reflect.DelegatingConstructorAccessorImpl.newInstance(DelegatingConstructorAccessorImpl.java:45)
	at java.base/java.lang.reflect.Constructor.newInstanceWithCaller(Constructor.java:499)
	at java.base/java.lang.reflect.Constructor.newInstance(Constructor.java:480)
	at org.eclipse.core.internal.registry.osgi.RegistryStrategyOSGI.createExecutableExtension(RegistryStrategyOSGI.java:204)
	... 12 more
Caused by: java.lang.NullPointerException: Cannot invoke "java.io.File.getAbsolutePath()" because the return value of "org.eclipse.wildwebdeveloper.embedder.node.NodeJSManager.getNodeJsLocation()" is null
	at org.eclipse.wildwebdeveloper.angular.AngularLanguageServer.<init>(AngularLanguageServer.java:43)
	... 17 more

!ENTRY org.eclipse.lsp4e 4 0 2025-12-22 22:01:37.265
!MESSAGE Cannot invoke "org.eclipse.lsp4e.server.StreamConnectionProvider.getInputStream()" because "this.lspStreamProvider" is null
!STACK 0
java.lang.NullPointerException: Cannot invoke "org.eclipse.lsp4e.server.StreamConnectionProvider.getInputStream()" because "this.lspStreamProvider" is null
	at org.eclipse.lsp4e.LanguageServerWrapper.lambda$1(LanguageServerWrapper.java:284)
	at java.base/java.util.concurrent.CompletableFuture$UniApply.tryFire(CompletableFuture.java:646)
	at java.base/java.util.concurrent.CompletableFuture.postComplete(CompletableFuture.java:510)
	at java.base/java.util.concurrent.CompletableFuture$AsyncSupply.run(CompletableFuture.java:1773)
	at java.base/java.util.concurrent.CompletableFuture$AsyncSupply.exec(CompletableFuture.java:1760)
	at java.base/java.util.concurrent.ForkJoinTask.doExec(ForkJoinTask.java:373)
	at java.base/java.util.concurrent.ForkJoinPool$WorkQueue.topLevelExec(ForkJoinPool.java:1182)
	at java.base/java.util.concurrent.ForkJoinPool.scan(ForkJoinPool.java:1655)
	at java.base/java.util.concurrent.ForkJoinPool.runWorker(ForkJoinPool.java:1622)
	at java.base/java.util.concurrent.ForkJoinWorkerThread.run(ForkJoinWorkerThread.java:165)

!ENTRY org.eclipse.lsp4e 4 0 2025-12-22 22:01:38.079
!MESSAGE プラグイン "org.eclipse.wildwebdeveloper" は、クラス "org.eclipse.wildwebdeveloper.angular.AngularLanguageServer" をインスタンス化できませんでした。
!STACK 1
org.eclipse.core.runtime.CoreException: プラグイン "org.eclipse.wildwebdeveloper" は、クラス "org.eclipse.wildwebdeveloper.angular.AngularLanguageServer" をインスタンス化できませんでした。
	at org.eclipse.core.internal.registry.osgi.RegistryStrategyOSGI.throwException(RegistryStrategyOSGI.java:212)
	at org.eclipse.core.internal.registry.osgi.RegistryStrategyOSGI.createExecutableExtension(RegistryStrategyOSGI.java:206)
	at org.eclipse.core.internal.registry.ExtensionRegistry.createExecutableExtension(ExtensionRegistry.java:920)
	at org.eclipse.core.internal.registry.ConfigurationElement.createExecutableExtension(ConfigurationElement.java:246)
	at org.eclipse.core.internal.registry.ConfigurationElementHandle.createExecutableExtension(ConfigurationElementHandle.java:63)
	at org.eclipse.lsp4e.LanguageServersRegistry$ExtensionLanguageServerDefinition.createConnectionProvider(LanguageServersRegistry.java:161)
	at org.eclipse.lsp4e.LanguageServerWrapper.lambda$0(LanguageServerWrapper.java:233)
	at java.base/java.util.concurrent.CompletableFuture$AsyncSupply.run(CompletableFuture.java:1768)
	at java.base/java.util.concurrent.CompletableFuture$AsyncSupply.exec(CompletableFuture.java:1760)
	at java.base/java.util.concurrent.ForkJoinTask.doExec(ForkJoinTask.java:373)
	at java.base/java.util.concurrent.ForkJoinPool$WorkQueue.topLevelExec(ForkJoinPool.java:1182)
	at java.base/java.util.concurrent.ForkJoinPool.scan(ForkJoinPool.java:1655)
	at java.base/java.util.concurrent.ForkJoinPool.runWorker(ForkJoinPool.java:1622)
	at java.base/java.util.concurrent.ForkJoinWorkerThread.run(ForkJoinWorkerThread.java:165)
Caused by: java.lang.reflect.InvocationTargetException
	at jdk.internal.reflect.GeneratedConstructorAccessor122.newInstance(Unknown Source)
	at java.base/jdk.internal.reflect.DelegatingConstructorAccessorImpl.newInstance(DelegatingConstructorAccessorImpl.java:45)
	at java.base/java.lang.reflect.Constructor.newInstanceWithCaller(Constructor.java:499)
	at java.base/java.lang.reflect.Constructor.newInstance(Constructor.java:480)
	at org.eclipse.core.internal.registry.osgi.RegistryStrategyOSGI.createExecutableExtension(RegistryStrategyOSGI.java:204)
	... 12 more
Caused by: java.lang.NullPointerException: Cannot invoke "java.io.File.getAbsolutePath()" because the return value of "org.eclipse.wildwebdeveloper.embedder.node.NodeJSManager.getNodeJsLocation()" is null
	at org.eclipse.wildwebdeveloper.angular.AngularLanguageServer.<init>(AngularLanguageServer.java:43)
	... 17 more
!SUBENTRY 1 org.eclipse.equinox.registry 4 1 2025-12-22 22:01:38.079
!MESSAGE プラグイン "org.eclipse.wildwebdeveloper" は、クラス "org.eclipse.wildwebdeveloper.angular.AngularLanguageServer" をインスタンス化できませんでした。
!STACK 0
java.lang.reflect.InvocationTargetException
	at jdk.internal.reflect.GeneratedConstructorAccessor122.newInstance(Unknown Source)
	at java.base/jdk.internal.reflect.DelegatingConstructorAccessorImpl.newInstance(DelegatingConstructorAccessorImpl.java:45)
	at java.base/java.lang.reflect.Constructor.newInstanceWithCaller(Constructor.java:499)
	at java.base/java.lang.reflect.Constructor.newInstance(Constructor.java:480)
	at org.eclipse.core.internal.registry.osgi.RegistryStrategyOSGI.createExecutableExtension(RegistryStrategyOSGI.java:204)
	at org.eclipse.core.internal.registry.ExtensionRegistry.createExecutableExtension(ExtensionRegistry.java:920)
	at org.eclipse.core.internal.registry.ConfigurationElement.createExecutableExtension(ConfigurationElement.java:246)
	at org.eclipse.core.internal.registry.ConfigurationElementHandle.createExecutableExtension(ConfigurationElementHandle.java:63)
	at org.eclipse.lsp4e.LanguageServersRegistry$ExtensionLanguageServerDefinition.createConnectionProvider(LanguageServersRegistry.java:161)
	at org.eclipse.lsp4e.LanguageServerWrapper.lambda$0(LanguageServerWrapper.java:233)
	at java.base/java.util.concurrent.CompletableFuture$AsyncSupply.run(CompletableFuture.java:1768)
	at java.base/java.util.concurrent.CompletableFuture$AsyncSupply.exec(CompletableFuture.java:1760)
	at java.base/java.util.concurrent.ForkJoinTask.doExec(ForkJoinTask.java:373)
	at java.base/java.util.concurrent.ForkJoinPool$WorkQueue.topLevelExec(ForkJoinPool.java:1182)
	at java.base/java.util.concurrent.ForkJoinPool.scan(ForkJoinPool.java:1655)
	at java.base/java.util.concurrent.ForkJoinPool.runWorker(ForkJoinPool.java:1622)
	at java.base/java.util.concurrent.ForkJoinWorkerThread.run(ForkJoinWorkerThread.java:165)
Caused by: java.lang.NullPointerException: Cannot invoke "java.io.File.getAbsolutePath()" because the return value of "org.eclipse.wildwebdeveloper.embedder.node.NodeJSManager.getNodeJsLocation()" is null
	at org.eclipse.wildwebdeveloper.angular.AngularLanguageServer.<init>(AngularLanguageServer.java:43)
	... 17 more
Root exception:
java.lang.NullPointerException: Cannot invoke "java.io.File.getAbsolutePath()" because the return value of "org.eclipse.wildwebdeveloper.embedder.node.NodeJSManager.getNodeJsLocation()" is null
	at org.eclipse.wildwebdeveloper.angular.AngularLanguageServer.<init>(AngularLanguageServer.java:43)
	at jdk.internal.reflect.GeneratedConstructorAccessor122.newInstance(Unknown Source)
	at java.base/jdk.internal.reflect.DelegatingConstructorAccessorImpl.newInstance(DelegatingConstructorAccessorImpl.java:45)
	at java.base/java.lang.reflect.Constructor.newInstanceWithCaller(Constructor.java:499)
	at java.base/java.lang.reflect.Constructor.newInstance(Constructor.java:480)
	at org.eclipse.core.internal.registry.osgi.RegistryStrategyOSGI.createExecutableExtension(RegistryStrategyOSGI.java:204)
	at org.eclipse.core.internal.registry.ExtensionRegistry.createExecutableExtension(ExtensionRegistry.java:920)
	at org.eclipse.core.internal.registry.ConfigurationElement.createExecutableExtension(ConfigurationElement.java:246)
	at org.eclipse.core.internal.registry.ConfigurationElementHandle.createExecutableExtension(ConfigurationElementHandle.java:63)
	at org.eclipse.lsp4e.LanguageServersRegistry$ExtensionLanguageServerDefinition.createConnectionProvider(LanguageServersRegistry.java:161)
	at org.eclipse.lsp4e.LanguageServerWrapper.lambda$0(LanguageServerWrapper.java:233)
	at java.base/java.util.concurrent.CompletableFuture$AsyncSupply.run(CompletableFuture.java:1768)
	at java.base/java.util.concurrent.CompletableFuture$AsyncSupply.exec(CompletableFuture.java:1760)
	at java.base/java.util.concurrent.ForkJoinTask.doExec(ForkJoinTask.java:373)
	at java.base/java.util.concurrent.ForkJoinPool$WorkQueue.topLevelExec(ForkJoinPool.java:1182)
	at java.base/java.util.concurrent.ForkJoinPool.scan(ForkJoinPool.java:1655)
	at java.base/java.util.concurrent.ForkJoinPool.runWorker(ForkJoinPool.java:1622)
	at java.base/java.util.concurrent.ForkJoinWorkerThread.run(ForkJoinWorkerThread.java:165)

!ENTRY org.eclipse.lsp4e 4 0 2025-12-22 22:01:38.079
!MESSAGE プラグイン "org.eclipse.wildwebdeveloper" は、クラス "org.eclipse.wildwebdeveloper.html.HTMLLanguageServer" をインスタンス化できませんでした。
!STACK 1
org.eclipse.core.runtime.CoreException: プラグイン "org.eclipse.wildwebdeveloper" は、クラス "org.eclipse.wildwebdeveloper.html.HTMLLanguageServer" をインスタンス化できませんでした。
	at org.eclipse.core.internal.registry.osgi.RegistryStrategyOSGI.throwException(RegistryStrategyOSGI.java:212)
	at org.eclipse.core.internal.registry.osgi.RegistryStrategyOSGI.createExecutableExtension(RegistryStrategyOSGI.java:206)
	at org.eclipse.core.internal.registry.ExtensionRegistry.createExecutableExtension(ExtensionRegistry.java:920)
	at org.eclipse.core.internal.registry.ConfigurationElement.createExecutableExtension(ConfigurationElement.java:246)
	at org.eclipse.core.internal.registry.ConfigurationElementHandle.createExecutableExtension(ConfigurationElementHandle.java:63)
	at org.eclipse.lsp4e.LanguageServersRegistry$ExtensionLanguageServerDefinition.createConnectionProvider(LanguageServersRegistry.java:161)
	at org.eclipse.lsp4e.LanguageServerWrapper.lambda$0(LanguageServerWrapper.java:233)
	at java.base/java.util.concurrent.CompletableFuture$AsyncSupply.run(CompletableFuture.java:1768)
	at java.base/java.util.concurrent.CompletableFuture$AsyncSupply.exec(CompletableFuture.java:1760)
	at java.base/java.util.concurrent.ForkJoinTask.doExec(ForkJoinTask.java:373)
	at java.base/java.util.concurrent.ForkJoinPool$WorkQueue.topLevelExec(ForkJoinPool.java:1182)
	at java.base/java.util.concurrent.ForkJoinPool.scan(ForkJoinPool.java:1655)
	at java.base/java.util.concurrent.ForkJoinPool.runWorker(ForkJoinPool.java:1622)
	at java.base/java.util.concurrent.ForkJoinWorkerThread.run(ForkJoinWorkerThread.java:165)
Caused by: java.lang.reflect.InvocationTargetException
	at jdk.internal.reflect.GeneratedConstructorAccessor123.newInstance(Unknown Source)
	at java.base/jdk.internal.reflect.DelegatingConstructorAccessorImpl.newInstance(DelegatingConstructorAccessorImpl.java:45)
	at java.base/java.lang.reflect.Constructor.newInstanceWithCaller(Constructor.java:499)
	at java.base/java.lang.reflect.Constructor.newInstance(Constructor.java:480)
	at org.eclipse.core.internal.registry.osgi.RegistryStrategyOSGI.createExecutableExtension(RegistryStrategyOSGI.java:204)
	... 12 more
Caused by: java.lang.NullPointerException: Cannot invoke "java.io.File.getAbsolutePath()" because the return value of "org.eclipse.wildwebdeveloper.embedder.node.NodeJSManager.getNodeJsLocation()" is null
	at org.eclipse.wildwebdeveloper.html.HTMLLanguageServer.<init>(HTMLLanguageServer.java:40)
	... 17 more
!SUBENTRY 1 org.eclipse.equinox.registry 4 1 2025-12-22 22:01:38.079
!MESSAGE プラグイン "org.eclipse.wildwebdeveloper" は、クラス "org.eclipse.wildwebdeveloper.html.HTMLLanguageServer" をインスタンス化できませんでした。
!STACK 0
java.lang.reflect.InvocationTargetException
	at jdk.internal.reflect.GeneratedConstructorAccessor123.newInstance(Unknown Source)
	at java.base/jdk.internal.reflect.DelegatingConstructorAccessorImpl.newInstance(DelegatingConstructorAccessorImpl.java:45)
	at java.base/java.lang.reflect.Constructor.newInstanceWithCaller(Constructor.java:499)
	at java.base/java.lang.reflect.Constructor.newInstance(Constructor.java:480)
	at org.eclipse.core.internal.registry.osgi.RegistryStrategyOSGI.createExecutableExtension(RegistryStrategyOSGI.java:204)
	at org.eclipse.core.internal.registry.ExtensionRegistry.createExecutableExtension(ExtensionRegistry.java:920)
	at org.eclipse.core.internal.registry.ConfigurationElement.createExecutableExtension(ConfigurationElement.java:246)
	at org.eclipse.core.internal.registry.ConfigurationElementHandle.createExecutableExtension(ConfigurationElementHandle.java:63)
	at org.eclipse.lsp4e.LanguageServersRegistry$ExtensionLanguageServerDefinition.createConnectionProvider(LanguageServersRegistry.java:161)
	at org.eclipse.lsp4e.LanguageServerWrapper.lambda$0(LanguageServerWrapper.java:233)
	at java.base/java.util.concurrent.CompletableFuture$AsyncSupply.run(CompletableFuture.java:1768)
	at java.base/java.util.concurrent.CompletableFuture$AsyncSupply.exec(CompletableFuture.java:1760)
	at java.base/java.util.concurrent.ForkJoinTask.doExec(ForkJoinTask.java:373)
	at java.base/java.util.concurrent.ForkJoinPool$WorkQueue.topLevelExec(ForkJoinPool.java:1182)
	at java.base/java.util.concurrent.ForkJoinPool.scan(ForkJoinPool.java:1655)
	at java.base/java.util.concurrent.ForkJoinPool.runWorker(ForkJoinPool.java:1622)
	at java.base/java.util.concurrent.ForkJoinWorkerThread.run(ForkJoinWorkerThread.java:165)
Caused by: java.lang.NullPointerException: Cannot invoke "java.io.File.getAbsolutePath()" because the return value of "org.eclipse.wildwebdeveloper.embedder.node.NodeJSManager.getNodeJsLocation()" is null
	at org.eclipse.wildwebdeveloper.html.HTMLLanguageServer.<init>(HTMLLanguageServer.java:40)
	... 17 more
Root exception:
java.lang.NullPointerException: Cannot invoke "java.io.File.getAbsolutePath()" because the return value of "org.eclipse.wildwebdeveloper.embedder.node.NodeJSManager.getNodeJsLocation()" is null
	at org.eclipse.wildwebdeveloper.html.HTMLLanguageServer.<init>(HTMLLanguageServer.java:40)
	at jdk.internal.reflect.GeneratedConstructorAccessor123.newInstance(Unknown Source)
	at java.base/jdk.internal.reflect.DelegatingConstructorAccessorImpl.newInstance(DelegatingConstructorAccessorImpl.java:45)
	at java.base/java.lang.reflect.Constructor.newInstanceWithCaller(Constructor.java:499)
	at java.base/java.lang.reflect.Constructor.newInstance(Constructor.java:480)
	at org.eclipse.core.internal.registry.osgi.RegistryStrategyOSGI.createExecutableExtension(RegistryStrategyOSGI.java:204)
	at org.eclipse.core.internal.registry.ExtensionRegistry.createExecutableExtension(ExtensionRegistry.java:920)
	at org.eclipse.core.internal.registry.ConfigurationElement.createExecutableExtension(ConfigurationElement.java:246)
	at org.eclipse.core.internal.registry.ConfigurationElementHandle.createExecutableExtension(ConfigurationElementHandle.java:63)
	at org.eclipse.lsp4e.LanguageServersRegistry$ExtensionLanguageServerDefinition.createConnectionProvider(LanguageServersRegistry.java:161)
	at org.eclipse.lsp4e.LanguageServerWrapper.lambda$0(LanguageServerWrapper.java:233)
	at java.base/java.util.concurrent.CompletableFuture$AsyncSupply.run(CompletableFuture.java:1768)
	at java.base/java.util.concurrent.CompletableFuture$AsyncSupply.exec(CompletableFuture.java:1760)
	at java.base/java.util.concurrent.ForkJoinTask.doExec(ForkJoinTask.java:373)
	at java.base/java.util.concurrent.ForkJoinPool$WorkQueue.topLevelExec(ForkJoinPool.java:1182)
	at java.base/java.util.concurrent.ForkJoinPool.scan(ForkJoinPool.java:1655)
	at java.base/java.util.concurrent.ForkJoinPool.runWorker(ForkJoinPool.java:1622)
	at java.base/java.util.concurrent.ForkJoinWorkerThread.run(ForkJoinWorkerThread.java:165)

!ENTRY org.eclipse.lsp4e 4 0 2025-12-22 22:01:38.080
!MESSAGE Exception occurred while creating an instance of the stream connection provider
!STACK 0
java.lang.RuntimeException: Exception occurred while creating an instance of the stream connection provider
	at org.eclipse.lsp4e.LanguageServersRegistry$ExtensionLanguageServerDefinition.createConnectionProvider(LanguageServersRegistry.java:164)
	at org.eclipse.lsp4e.LanguageServerWrapper.lambda$0(LanguageServerWrapper.java:233)
	at java.base/java.util.concurrent.CompletableFuture$AsyncSupply.run(CompletableFuture.java:1768)
	at java.base/java.util.concurrent.CompletableFuture$AsyncSupply.exec(CompletableFuture.java:1760)
	at java.base/java.util.concurrent.ForkJoinTask.doExec(ForkJoinTask.java:373)
	at java.base/java.util.concurrent.ForkJoinPool$WorkQueue.topLevelExec(ForkJoinPool.java:1182)
	at java.base/java.util.concurrent.ForkJoinPool.scan(ForkJoinPool.java:1655)
	at java.base/java.util.concurrent.ForkJoinPool.runWorker(ForkJoinPool.java:1622)
	at java.base/java.util.concurrent.ForkJoinWorkerThread.run(ForkJoinWorkerThread.java:165)
Caused by: org.eclipse.core.runtime.CoreException: プラグイン "org.eclipse.wildwebdeveloper" は、クラス "org.eclipse.wildwebdeveloper.angular.AngularLanguageServer" をインスタンス化できませんでした。
	at org.eclipse.core.internal.registry.osgi.RegistryStrategyOSGI.throwException(RegistryStrategyOSGI.java:212)
	at org.eclipse.core.internal.registry.osgi.RegistryStrategyOSGI.createExecutableExtension(RegistryStrategyOSGI.java:206)
	at org.eclipse.core.internal.registry.ExtensionRegistry.createExecutableExtension(ExtensionRegistry.java:920)
	at org.eclipse.core.internal.registry.ConfigurationElement.createExecutableExtension(ConfigurationElement.java:246)
	at org.eclipse.core.internal.registry.ConfigurationElementHandle.createExecutableExtension(ConfigurationElementHandle.java:63)
	at org.eclipse.lsp4e.LanguageServersRegistry$ExtensionLanguageServerDefinition.createConnectionProvider(LanguageServersRegistry.java:161)
	... 8 more
Caused by: java.lang.reflect.InvocationTargetException
	at jdk.internal.reflect.GeneratedConstructorAccessor122.newInstance(Unknown Source)
	at java.base/jdk.internal.reflect.DelegatingConstructorAccessorImpl.newInstance(DelegatingConstructorAccessorImpl.java:45)
	at java.base/java.lang.reflect.Constructor.newInstanceWithCaller(Constructor.java:499)
	at java.base/java.lang.reflect.Constructor.newInstance(Constructor.java:480)
	at org.eclipse.core.internal.registry.osgi.RegistryStrategyOSGI.createExecutableExtension(RegistryStrategyOSGI.java:204)
	... 12 more
Caused by: java.lang.NullPointerException: Cannot invoke "java.io.File.getAbsolutePath()" because the return value of "org.eclipse.wildwebdeveloper.embedder.node.NodeJSManager.getNodeJsLocation()" is null
	at org.eclipse.wildwebdeveloper.angular.AngularLanguageServer.<init>(AngularLanguageServer.java:43)
	... 17 more

!ENTRY org.eclipse.lsp4e 4 0 2025-12-22 22:01:38.080
!MESSAGE Exception occurred while creating an instance of the stream connection provider
!STACK 0
java.lang.RuntimeException: Exception occurred while creating an instance of the stream connection provider
	at org.eclipse.lsp4e.LanguageServersRegistry$ExtensionLanguageServerDefinition.createConnectionProvider(LanguageServersRegistry.java:164)
	at org.eclipse.lsp4e.LanguageServerWrapper.lambda$0(LanguageServerWrapper.java:233)
	at java.base/java.util.concurrent.CompletableFuture$AsyncSupply.run(CompletableFuture.java:1768)
	at java.base/java.util.concurrent.CompletableFuture$AsyncSupply.exec(CompletableFuture.java:1760)
	at java.base/java.util.concurrent.ForkJoinTask.doExec(ForkJoinTask.java:373)
	at java.base/java.util.concurrent.ForkJoinPool$WorkQueue.topLevelExec(ForkJoinPool.java:1182)
	at java.base/java.util.concurrent.ForkJoinPool.scan(ForkJoinPool.java:1655)
	at java.base/java.util.concurrent.ForkJoinPool.runWorker(ForkJoinPool.java:1622)
	at java.base/java.util.concurrent.ForkJoinWorkerThread.run(ForkJoinWorkerThread.java:165)
Caused by: org.eclipse.core.runtime.CoreException: プラグイン "org.eclipse.wildwebdeveloper" は、クラス "org.eclipse.wildwebdeveloper.html.HTMLLanguageServer" をインスタンス化できませんでした。
	at org.eclipse.core.internal.registry.osgi.RegistryStrategyOSGI.throwException(RegistryStrategyOSGI.java:212)
	at org.eclipse.core.internal.registry.osgi.RegistryStrategyOSGI.createExecutableExtension(RegistryStrategyOSGI.java:206)
	at org.eclipse.core.internal.registry.ExtensionRegistry.createExecutableExtension(ExtensionRegistry.java:920)
	at org.eclipse.core.internal.registry.ConfigurationElement.createExecutableExtension(ConfigurationElement.java:246)
	at org.eclipse.core.internal.registry.ConfigurationElementHandle.createExecutableExtension(ConfigurationElementHandle.java:63)
	at org.eclipse.lsp4e.LanguageServersRegistry$ExtensionLanguageServerDefinition.createConnectionProvider(LanguageServersRegistry.java:161)
	... 8 more
Caused by: java.lang.reflect.InvocationTargetException
	at jdk.internal.reflect.GeneratedConstructorAccessor123.newInstance(Unknown Source)
	at java.base/jdk.internal.reflect.DelegatingConstructorAccessorImpl.newInstance(DelegatingConstructorAccessorImpl.java:45)
	at java.base/java.lang.reflect.Constructor.newInstanceWithCaller(Constructor.java:499)
	at java.base/java.lang.reflect.Constructor.newInstance(Constructor.java:480)
	at org.eclipse.core.internal.registry.osgi.RegistryStrategyOSGI.createExecutableExtension(RegistryStrategyOSGI.java:204)
	... 12 more
Caused by: java.lang.NullPointerException: Cannot invoke "java.io.File.getAbsolutePath()" because the return value of "org.eclipse.wildwebdeveloper.embedder.node.NodeJSManager.getNodeJsLocation()" is null
	at org.eclipse.wildwebdeveloper.html.HTMLLanguageServer.<init>(HTMLLanguageServer.java:40)
	... 17 more

!ENTRY org.eclipse.lsp4e 4 0 2025-12-22 22:01:38.080
!MESSAGE Cannot invoke "org.eclipse.lsp4e.server.StreamConnectionProvider.getInputStream()" because "this.lspStreamProvider" is null
!STACK 0
java.lang.NullPointerException: Cannot invoke "org.eclipse.lsp4e.server.StreamConnectionProvider.getInputStream()" because "this.lspStreamProvider" is null
	at org.eclipse.lsp4e.LanguageServerWrapper.lambda$1(LanguageServerWrapper.java:284)
	at java.base/java.util.concurrent.CompletableFuture$UniApply.tryFire(CompletableFuture.java:646)
	at java.base/java.util.concurrent.CompletableFuture.postComplete(CompletableFuture.java:510)
	at java.base/java.util.concurrent.CompletableFuture$AsyncSupply.run(CompletableFuture.java:1773)
	at java.base/java.util.concurrent.CompletableFuture$AsyncSupply.exec(CompletableFuture.java:1760)
	at java.base/java.util.concurrent.ForkJoinTask.doExec(ForkJoinTask.java:373)
	at java.base/java.util.concurrent.ForkJoinPool$WorkQueue.topLevelExec(ForkJoinPool.java:1182)
	at java.base/java.util.concurrent.ForkJoinPool.scan(ForkJoinPool.java:1655)
	at java.base/java.util.concurrent.ForkJoinPool.runWorker(ForkJoinPool.java:1622)
	at java.base/java.util.concurrent.ForkJoinWorkerThread.run(ForkJoinWorkerThread.java:165)

!ENTRY org.eclipse.lsp4e 4 0 2025-12-22 22:01:38.081
!MESSAGE Cannot invoke "org.eclipse.lsp4e.server.StreamConnectionProvider.getInputStream()" because "this.lspStreamProvider" is null
!STACK 0
java.lang.NullPointerException: Cannot invoke "org.eclipse.lsp4e.server.StreamConnectionProvider.getInputStream()" because "this.lspStreamProvider" is null
	at org.eclipse.lsp4e.LanguageServerWrapper.lambda$1(LanguageServerWrapper.java:284)
	at java.base/java.util.concurrent.CompletableFuture$UniApply.tryFire(CompletableFuture.java:646)
	at java.base/java.util.concurrent.CompletableFuture.postComplete(CompletableFuture.java:510)
	at java.base/java.util.concurrent.CompletableFuture$AsyncSupply.run(CompletableFuture.java:1773)
	at java.base/java.util.concurrent.CompletableFuture$AsyncSupply.exec(CompletableFuture.java:1760)
	at java.base/java.util.concurrent.ForkJoinTask.doExec(ForkJoinTask.java:373)
	at java.base/java.util.concurrent.ForkJoinPool$WorkQueue.topLevelExec(ForkJoinPool.java:1182)
	at java.base/java.util.concurrent.ForkJoinPool.scan(ForkJoinPool.java:1655)
	at java.base/java.util.concurrent.ForkJoinPool.runWorker(ForkJoinPool.java:1622)
	at java.base/java.util.concurrent.ForkJoinWorkerThread.run(ForkJoinWorkerThread.java:165)

!ENTRY org.eclipse.lsp4e 4 0 2025-12-22 22:01:38.157
!MESSAGE プラグイン "org.eclipse.wildwebdeveloper" は、クラス "org.eclipse.wildwebdeveloper.angular.AngularLanguageServer" をインスタンス化できませんでした。
!STACK 1
org.eclipse.core.runtime.CoreException: プラグイン "org.eclipse.wildwebdeveloper" は、クラス "org.eclipse.wildwebdeveloper.angular.AngularLanguageServer" をインスタンス化できませんでした。
	at org.eclipse.core.internal.registry.osgi.RegistryStrategyOSGI.throwException(RegistryStrategyOSGI.java:212)
	at org.eclipse.core.internal.registry.osgi.RegistryStrategyOSGI.createExecutableExtension(RegistryStrategyOSGI.java:206)
	at org.eclipse.core.internal.registry.ExtensionRegistry.createExecutableExtension(ExtensionRegistry.java:920)
	at org.eclipse.core.internal.registry.ConfigurationElement.createExecutableExtension(ConfigurationElement.java:246)
	at org.eclipse.core.internal.registry.ConfigurationElementHandle.createExecutableExtension(ConfigurationElementHandle.java:63)
	at org.eclipse.lsp4e.LanguageServersRegistry$ExtensionLanguageServerDefinition.createConnectionProvider(LanguageServersRegistry.java:161)
	at org.eclipse.lsp4e.LanguageServerWrapper.lambda$0(LanguageServerWrapper.java:233)
	at java.base/java.util.concurrent.CompletableFuture$AsyncSupply.run(CompletableFuture.java:1768)
	at java.base/java.util.concurrent.CompletableFuture$AsyncSupply.exec(CompletableFuture.java:1760)
	at java.base/java.util.concurrent.ForkJoinTask.doExec(ForkJoinTask.java:373)
	at java.base/java.util.concurrent.ForkJoinPool$WorkQueue.topLevelExec(ForkJoinPool.java:1182)
	at java.base/java.util.concurrent.ForkJoinPool.scan(ForkJoinPool.java:1655)
	at java.base/java.util.concurrent.ForkJoinPool.runWorker(ForkJoinPool.java:1622)
	at java.base/java.util.concurrent.ForkJoinWorkerThread.run(ForkJoinWorkerThread.java:165)
Caused by: java.lang.reflect.InvocationTargetException
	at jdk.internal.reflect.GeneratedConstructorAccessor122.newInstance(Unknown Source)
	at java.base/jdk.internal.reflect.DelegatingConstructorAccessorImpl.newInstance(DelegatingConstructorAccessorImpl.java:45)
	at java.base/java.lang.reflect.Constructor.newInstanceWithCaller(Constructor.java:499)
	at java.base/java.lang.reflect.Constructor.newInstance(Constructor.java:480)
	at org.eclipse.core.internal.registry.osgi.RegistryStrategyOSGI.createExecutableExtension(RegistryStrategyOSGI.java:204)
	... 12 more
Caused by: java.lang.NullPointerException: Cannot invoke "java.io.File.getAbsolutePath()" because the return value of "org.eclipse.wildwebdeveloper.embedder.node.NodeJSManager.getNodeJsLocation()" is null
	at org.eclipse.wildwebdeveloper.angular.AngularLanguageServer.<init>(AngularLanguageServer.java:43)
	... 17 more
!SUBENTRY 1 org.eclipse.equinox.registry 4 1 2025-12-22 22:01:38.157
!MESSAGE プラグイン "org.eclipse.wildwebdeveloper" は、クラス "org.eclipse.wildwebdeveloper.angular.AngularLanguageServer" をインスタンス化できませんでした。
!STACK 0
java.lang.reflect.InvocationTargetException
	at jdk.internal.reflect.GeneratedConstructorAccessor122.newInstance(Unknown Source)
	at java.base/jdk.internal.reflect.DelegatingConstructorAccessorImpl.newInstance(DelegatingConstructorAccessorImpl.java:45)
	at java.base/java.lang.reflect.Constructor.newInstanceWithCaller(Constructor.java:499)
	at java.base/java.lang.reflect.Constructor.newInstance(Constructor.java:480)
	at org.eclipse.core.internal.registry.osgi.RegistryStrategyOSGI.createExecutableExtension(RegistryStrategyOSGI.java:204)
	at org.eclipse.core.internal.registry.ExtensionRegistry.createExecutableExtension(ExtensionRegistry.java:920)
	at org.eclipse.core.internal.registry.ConfigurationElement.createExecutableExtension(ConfigurationElement.java:246)
	at org.eclipse.core.internal.registry.ConfigurationElementHandle.createExecutableExtension(ConfigurationElementHandle.java:63)
	at org.eclipse.lsp4e.LanguageServersRegistry$ExtensionLanguageServerDefinition.createConnectionProvider(LanguageServersRegistry.java:161)
	at org.eclipse.lsp4e.LanguageServerWrapper.lambda$0(LanguageServerWrapper.java:233)
	at java.base/java.util.concurrent.CompletableFuture$AsyncSupply.run(CompletableFuture.java:1768)
	at java.base/java.util.concurrent.CompletableFuture$AsyncSupply.exec(CompletableFuture.java:1760)
	at java.base/java.util.concurrent.ForkJoinTask.doExec(ForkJoinTask.java:373)
	at java.base/java.util.concurrent.ForkJoinPool$WorkQueue.topLevelExec(ForkJoinPool.java:1182)
	at java.base/java.util.concurrent.ForkJoinPool.scan(ForkJoinPool.java:1655)
	at java.base/java.util.concurrent.ForkJoinPool.runWorker(ForkJoinPool.java:1622)
	at java.base/java.util.concurrent.ForkJoinWorkerThread.run(ForkJoinWorkerThread.java:165)
Caused by: java.lang.NullPointerException: Cannot invoke "java.io.File.getAbsolutePath()" because the return value of "org.eclipse.wildwebdeveloper.embedder.node.NodeJSManager.getNodeJsLocation()" is null
	at org.eclipse.wildwebdeveloper.angular.AngularLanguageServer.<init>(AngularLanguageServer.java:43)
	... 17 more
Root exception:
java.lang.NullPointerException: Cannot invoke "java.io.File.getAbsolutePath()" because the return value of "org.eclipse.wildwebdeveloper.embedder.node.NodeJSManager.getNodeJsLocation()" is null
	at org.eclipse.wildwebdeveloper.angular.AngularLanguageServer.<init>(AngularLanguageServer.java:43)
	at jdk.internal.reflect.GeneratedConstructorAccessor122.newInstance(Unknown Source)
	at java.base/jdk.internal.reflect.DelegatingConstructorAccessorImpl.newInstance(DelegatingConstructorAccessorImpl.java:45)
	at java.base/java.lang.reflect.Constructor.newInstanceWithCaller(Constructor.java:499)
	at java.base/java.lang.reflect.Constructor.newInstance(Constructor.java:480)
	at org.eclipse.core.internal.registry.osgi.RegistryStrategyOSGI.createExecutableExtension(RegistryStrategyOSGI.java:204)
	at org.eclipse.core.internal.registry.ExtensionRegistry.createExecutableExtension(ExtensionRegistry.java:920)
	at org.eclipse.core.internal.registry.ConfigurationElement.createExecutableExtension(ConfigurationElement.java:246)
	at org.eclipse.core.internal.registry.ConfigurationElementHandle.createExecutableExtension(ConfigurationElementHandle.java:63)
	at org.eclipse.lsp4e.LanguageServersRegistry$ExtensionLanguageServerDefinition.createConnectionProvider(LanguageServersRegistry.java:161)
	at org.eclipse.lsp4e.LanguageServerWrapper.lambda$0(LanguageServerWrapper.java:233)
	at java.base/java.util.concurrent.CompletableFuture$AsyncSupply.run(CompletableFuture.java:1768)
	at java.base/java.util.concurrent.CompletableFuture$AsyncSupply.exec(CompletableFuture.java:1760)
	at java.base/java.util.concurrent.ForkJoinTask.doExec(ForkJoinTask.java:373)
	at java.base/java.util.concurrent.ForkJoinPool$WorkQueue.topLevelExec(ForkJoinPool.java:1182)
	at java.base/java.util.concurrent.ForkJoinPool.scan(ForkJoinPool.java:1655)
	at java.base/java.util.concurrent.ForkJoinPool.runWorker(ForkJoinPool.java:1622)
	at java.base/java.util.concurrent.ForkJoinWorkerThread.run(ForkJoinWorkerThread.java:165)

!ENTRY org.eclipse.lsp4e 4 0 2025-12-22 22:01:38.158
!MESSAGE Exception occurred while creating an instance of the stream connection provider
!STACK 0
java.lang.RuntimeException: Exception occurred while creating an instance of the stream connection provider
	at org.eclipse.lsp4e.LanguageServersRegistry$ExtensionLanguageServerDefinition.createConnectionProvider(LanguageServersRegistry.java:164)
	at org.eclipse.lsp4e.LanguageServerWrapper.lambda$0(LanguageServerWrapper.java:233)
	at java.base/java.util.concurrent.CompletableFuture$AsyncSupply.run(CompletableFuture.java:1768)
	at java.base/java.util.concurrent.CompletableFuture$AsyncSupply.exec(CompletableFuture.java:1760)
	at java.base/java.util.concurrent.ForkJoinTask.doExec(ForkJoinTask.java:373)
	at java.base/java.util.concurrent.ForkJoinPool$WorkQueue.topLevelExec(ForkJoinPool.java:1182)
	at java.base/java.util.concurrent.ForkJoinPool.scan(ForkJoinPool.java:1655)
	at java.base/java.util.concurrent.ForkJoinPool.runWorker(ForkJoinPool.java:1622)
	at java.base/java.util.concurrent.ForkJoinWorkerThread.run(ForkJoinWorkerThread.java:165)
Caused by: org.eclipse.core.runtime.CoreException: プラグイン "org.eclipse.wildwebdeveloper" は、クラス "org.eclipse.wildwebdeveloper.angular.AngularLanguageServer" をインスタンス化できませんでした。
	at org.eclipse.core.internal.registry.osgi.RegistryStrategyOSGI.throwException(RegistryStrategyOSGI.java:212)
	at org.eclipse.core.internal.registry.osgi.RegistryStrategyOSGI.createExecutableExtension(RegistryStrategyOSGI.java:206)
	at org.eclipse.core.internal.registry.ExtensionRegistry.createExecutableExtension(ExtensionRegistry.java:920)
	at org.eclipse.core.internal.registry.ConfigurationElement.createExecutableExtension(ConfigurationElement.java:246)
	at org.eclipse.core.internal.registry.ConfigurationElementHandle.createExecutableExtension(ConfigurationElementHandle.java:63)
	at org.eclipse.lsp4e.LanguageServersRegistry$ExtensionLanguageServerDefinition.createConnectionProvider(LanguageServersRegistry.java:161)
	... 8 more
Caused by: java.lang.reflect.InvocationTargetException
	at jdk.internal.reflect.GeneratedConstructorAccessor122.newInstance(Unknown Source)
	at java.base/jdk.internal.reflect.DelegatingConstructorAccessorImpl.newInstance(DelegatingConstructorAccessorImpl.java:45)
	at java.base/java.lang.reflect.Constructor.newInstanceWithCaller(Constructor.java:499)
	at java.base/java.lang.reflect.Constructor.newInstance(Constructor.java:480)
	at org.eclipse.core.internal.registry.osgi.RegistryStrategyOSGI.createExecutableExtension(RegistryStrategyOSGI.java:204)
	... 12 more
Caused by: java.lang.NullPointerException: Cannot invoke "java.io.File.getAbsolutePath()" because the return value of "org.eclipse.wildwebdeveloper.embedder.node.NodeJSManager.getNodeJsLocation()" is null
	at org.eclipse.wildwebdeveloper.angular.AngularLanguageServer.<init>(AngularLanguageServer.java:43)
	... 17 more

!ENTRY org.eclipse.lsp4e 4 0 2025-12-22 22:01:38.159
!MESSAGE プラグイン "org.eclipse.wildwebdeveloper" は、クラス "org.eclipse.wildwebdeveloper.html.HTMLLanguageServer" をインスタンス化できませんでした。
!STACK 1
org.eclipse.core.runtime.CoreException: プラグイン "org.eclipse.wildwebdeveloper" は、クラス "org.eclipse.wildwebdeveloper.html.HTMLLanguageServer" をインスタンス化できませんでした。
	at org.eclipse.core.internal.registry.osgi.RegistryStrategyOSGI.throwException(RegistryStrategyOSGI.java:212)
	at org.eclipse.core.internal.registry.osgi.RegistryStrategyOSGI.createExecutableExtension(RegistryStrategyOSGI.java:206)
	at org.eclipse.core.internal.registry.ExtensionRegistry.createExecutableExtension(ExtensionRegistry.java:920)
	at org.eclipse.core.internal.registry.ConfigurationElement.createExecutableExtension(ConfigurationElement.java:246)
	at org.eclipse.core.internal.registry.ConfigurationElementHandle.createExecutableExtension(ConfigurationElementHandle.java:63)
	at org.eclipse.lsp4e.LanguageServersRegistry$ExtensionLanguageServerDefinition.createConnectionProvider(LanguageServersRegistry.java:161)
	at org.eclipse.lsp4e.LanguageServerWrapper.lambda$0(LanguageServerWrapper.java:233)
	at java.base/java.util.concurrent.CompletableFuture$AsyncSupply.run(CompletableFuture.java:1768)
	at java.base/java.util.concurrent.CompletableFuture$AsyncSupply.exec(CompletableFuture.java:1760)
	at java.base/java.util.concurrent.ForkJoinTask.doExec(ForkJoinTask.java:373)
	at java.base/java.util.concurrent.ForkJoinPool$WorkQueue.topLevelExec(ForkJoinPool.java:1182)
	at java.base/java.util.concurrent.ForkJoinPool.scan(ForkJoinPool.java:1655)
	at java.base/java.util.concurrent.ForkJoinPool.runWorker(ForkJoinPool.java:1622)
	at java.base/java.util.concurrent.ForkJoinWorkerThread.run(ForkJoinWorkerThread.java:165)
Caused by: java.lang.reflect.InvocationTargetException
	at jdk.internal.reflect.GeneratedConstructorAccessor123.newInstance(Unknown Source)
	at java.base/jdk.internal.reflect.DelegatingConstructorAccessorImpl.newInstance(DelegatingConstructorAccessorImpl.java:45)
	at java.base/java.lang.reflect.Constructor.newInstanceWithCaller(Constructor.java:499)
	at java.base/java.lang.reflect.Constructor.newInstance(Constructor.java:480)
	at org.eclipse.core.internal.registry.osgi.RegistryStrategyOSGI.createExecutableExtension(RegistryStrategyOSGI.java:204)
	... 12 more
Caused by: java.lang.NullPointerException: Cannot invoke "java.io.File.getAbsolutePath()" because the return value of "org.eclipse.wildwebdeveloper.embedder.node.NodeJSManager.getNodeJsLocation()" is null
	at org.eclipse.wildwebdeveloper.html.HTMLLanguageServer.<init>(HTMLLanguageServer.java:40)
	... 17 more
!SUBENTRY 1 org.eclipse.equinox.registry 4 1 2025-12-22 22:01:38.159
!MESSAGE プラグイン "org.eclipse.wildwebdeveloper" は、クラス "org.eclipse.wildwebdeveloper.html.HTMLLanguageServer" をインスタンス化できませんでした。
!STACK 0
java.lang.reflect.InvocationTargetException
	at jdk.internal.reflect.GeneratedConstructorAccessor123.newInstance(Unknown Source)
	at java.base/jdk.internal.reflect.DelegatingConstructorAccessorImpl.newInstance(DelegatingConstructorAccessorImpl.java:45)
	at java.base/java.lang.reflect.Constructor.newInstanceWithCaller(Constructor.java:499)
	at java.base/java.lang.reflect.Constructor.newInstance(Constructor.java:480)
	at org.eclipse.core.internal.registry.osgi.RegistryStrategyOSGI.createExecutableExtension(RegistryStrategyOSGI.java:204)
	at org.eclipse.core.internal.registry.ExtensionRegistry.createExecutableExtension(ExtensionRegistry.java:920)
	at org.eclipse.core.internal.registry.ConfigurationElement.createExecutableExtension(ConfigurationElement.java:246)
	at org.eclipse.core.internal.registry.ConfigurationElementHandle.createExecutableExtension(ConfigurationElementHandle.java:63)
	at org.eclipse.lsp4e.LanguageServersRegistry$ExtensionLanguageServerDefinition.createConnectionProvider(LanguageServersRegistry.java:161)
	at org.eclipse.lsp4e.LanguageServerWrapper.lambda$0(LanguageServerWrapper.java:233)
	at java.base/java.util.concurrent.CompletableFuture$AsyncSupply.run(CompletableFuture.java:1768)
	at java.base/java.util.concurrent.CompletableFuture$AsyncSupply.exec(CompletableFuture.java:1760)
	at java.base/java.util.concurrent.ForkJoinTask.doExec(ForkJoinTask.java:373)
	at java.base/java.util.concurrent.ForkJoinPool$WorkQueue.topLevelExec(ForkJoinPool.java:1182)
	at java.base/java.util.concurrent.ForkJoinPool.scan(ForkJoinPool.java:1655)
	at java.base/java.util.concurrent.ForkJoinPool.runWorker(ForkJoinPool.java:1622)
	at java.base/java.util.concurrent.ForkJoinWorkerThread.run(ForkJoinWorkerThread.java:165)
Caused by: java.lang.NullPointerException: Cannot invoke "java.io.File.getAbsolutePath()" because the return value of "org.eclipse.wildwebdeveloper.embedder.node.NodeJSManager.getNodeJsLocation()" is null
	at org.eclipse.wildwebdeveloper.html.HTMLLanguageServer.<init>(HTMLLanguageServer.java:40)
	... 17 more
Root exception:
java.lang.NullPointerException: Cannot invoke "java.io.File.getAbsolutePath()" because the return value of "org.eclipse.wildwebdeveloper.embedder.node.NodeJSManager.getNodeJsLocation()" is null
	at org.eclipse.wildwebdeveloper.html.HTMLLanguageServer.<init>(HTMLLanguageServer.java:40)
	at jdk.internal.reflect.GeneratedConstructorAccessor123.newInstance(Unknown Source)
	at java.base/jdk.internal.reflect.DelegatingConstructorAccessorImpl.newInstance(DelegatingConstructorAccessorImpl.java:45)
	at java.base/java.lang.reflect.Constructor.newInstanceWithCaller(Constructor.java:499)
	at java.base/java.lang.reflect.Constructor.newInstance(Constructor.java:480)
	at org.eclipse.core.internal.registry.osgi.RegistryStrategyOSGI.createExecutableExtension(RegistryStrategyOSGI.java:204)
	at org.eclipse.core.internal.registry.ExtensionRegistry.createExecutableExtension(ExtensionRegistry.java:920)
	at org.eclipse.core.internal.registry.ConfigurationElement.createExecutableExtension(ConfigurationElement.java:246)
	at org.eclipse.core.internal.registry.ConfigurationElementHandle.createExecutableExtension(ConfigurationElementHandle.java:63)
	at org.eclipse.lsp4e.LanguageServersRegistry$ExtensionLanguageServerDefinition.createConnectionProvider(LanguageServersRegistry.java:161)
	at org.eclipse.lsp4e.LanguageServerWrapper.lambda$0(LanguageServerWrapper.java:233)
	at java.base/java.util.concurrent.CompletableFuture$AsyncSupply.run(CompletableFuture.java:1768)
	at java.base/java.util.concurrent.CompletableFuture$AsyncSupply.exec(CompletableFuture.java:1760)
	at java.base/java.util.concurrent.ForkJoinTask.doExec(ForkJoinTask.java:373)
	at java.base/java.util.concurrent.ForkJoinPool$WorkQueue.topLevelExec(ForkJoinPool.java:1182)
	at java.base/java.util.concurrent.ForkJoinPool.scan(ForkJoinPool.java:1655)
	at java.base/java.util.concurrent.ForkJoinPool.runWorker(ForkJoinPool.java:1622)
	at java.base/java.util.concurrent.ForkJoinWorkerThread.run(ForkJoinWorkerThread.java:165)

!ENTRY org.eclipse.lsp4e 4 0 2025-12-22 22:01:38.160
!MESSAGE Cannot invoke "org.eclipse.lsp4e.server.StreamConnectionProvider.getInputStream()" because "this.lspStreamProvider" is null
!STACK 0
java.lang.NullPointerException: Cannot invoke "org.eclipse.lsp4e.server.StreamConnectionProvider.getInputStream()" because "this.lspStreamProvider" is null
	at org.eclipse.lsp4e.LanguageServerWrapper.lambda$1(LanguageServerWrapper.java:284)
	at java.base/java.util.concurrent.CompletableFuture$UniApply.tryFire(CompletableFuture.java:646)
	at java.base/java.util.concurrent.CompletableFuture.postComplete(CompletableFuture.java:510)
	at java.base/java.util.concurrent.CompletableFuture$AsyncSupply.run(CompletableFuture.java:1773)
	at java.base/java.util.concurrent.CompletableFuture$AsyncSupply.exec(CompletableFuture.java:1760)
	at java.base/java.util.concurrent.ForkJoinTask.doExec(ForkJoinTask.java:373)
	at java.base/java.util.concurrent.ForkJoinPool$WorkQueue.topLevelExec(ForkJoinPool.java:1182)
	at java.base/java.util.concurrent.ForkJoinPool.scan(ForkJoinPool.java:1655)
	at java.base/java.util.concurrent.ForkJoinPool.runWorker(ForkJoinPool.java:1622)
	at java.base/java.util.concurrent.ForkJoinWorkerThread.run(ForkJoinWorkerThread.java:165)

!ENTRY org.eclipse.lsp4e 4 0 2025-12-22 22:01:38.160
!MESSAGE Exception occurred while creating an instance of the stream connection provider
!STACK 0
java.lang.RuntimeException: Exception occurred while creating an instance of the stream connection provider
	at org.eclipse.lsp4e.LanguageServersRegistry$ExtensionLanguageServerDefinition.createConnectionProvider(LanguageServersRegistry.java:164)
	at org.eclipse.lsp4e.LanguageServerWrapper.lambda$0(LanguageServerWrapper.java:233)
	at java.base/java.util.concurrent.CompletableFuture$AsyncSupply.run(CompletableFuture.java:1768)
	at java.base/java.util.concurrent.CompletableFuture$AsyncSupply.exec(CompletableFuture.java:1760)
	at java.base/java.util.concurrent.ForkJoinTask.doExec(ForkJoinTask.java:373)
	at java.base/java.util.concurrent.ForkJoinPool$WorkQueue.topLevelExec(ForkJoinPool.java:1182)
	at java.base/java.util.concurrent.ForkJoinPool.scan(ForkJoinPool.java:1655)
	at java.base/java.util.concurrent.ForkJoinPool.runWorker(ForkJoinPool.java:1622)
	at java.base/java.util.concurrent.ForkJoinWorkerThread.run(ForkJoinWorkerThread.java:165)
Caused by: org.eclipse.core.runtime.CoreException: プラグイン "org.eclipse.wildwebdeveloper" は、クラス "org.eclipse.wildwebdeveloper.html.HTMLLanguageServer" をインスタンス化できませんでした。
	at org.eclipse.core.internal.registry.osgi.RegistryStrategyOSGI.throwException(RegistryStrategyOSGI.java:212)
	at org.eclipse.core.internal.registry.osgi.RegistryStrategyOSGI.createExecutableExtension(RegistryStrategyOSGI.java:206)
	at org.eclipse.core.internal.registry.ExtensionRegistry.createExecutableExtension(ExtensionRegistry.java:920)
	at org.eclipse.core.internal.registry.ConfigurationElement.createExecutableExtension(ConfigurationElement.java:246)
	at org.eclipse.core.internal.registry.ConfigurationElementHandle.createExecutableExtension(ConfigurationElementHandle.java:63)
	at org.eclipse.lsp4e.LanguageServersRegistry$ExtensionLanguageServerDefinition.createConnectionProvider(LanguageServersRegistry.java:161)
	... 8 more
Caused by: java.lang.reflect.InvocationTargetException
	at jdk.internal.reflect.GeneratedConstructorAccessor123.newInstance(Unknown Source)
	at java.base/jdk.internal.reflect.DelegatingConstructorAccessorImpl.newInstance(DelegatingConstructorAccessorImpl.java:45)
	at java.base/java.lang.reflect.Constructor.newInstanceWithCaller(Constructor.java:499)
	at java.base/java.lang.reflect.Constructor.newInstance(Constructor.java:480)
	at org.eclipse.core.internal.registry.osgi.RegistryStrategyOSGI.createExecutableExtension(RegistryStrategyOSGI.java:204)
	... 12 more
Caused by: java.lang.NullPointerException: Cannot invoke "java.io.File.getAbsolutePath()" because the return value of "org.eclipse.wildwebdeveloper.embedder.node.NodeJSManager.getNodeJsLocation()" is null
	at org.eclipse.wildwebdeveloper.html.HTMLLanguageServer.<init>(HTMLLanguageServer.java:40)
	... 17 more

!ENTRY org.eclipse.lsp4e 4 0 2025-12-22 22:01:38.163
!MESSAGE Cannot invoke "org.eclipse.lsp4e.server.StreamConnectionProvider.getInputStream()" because "this.lspStreamProvider" is null
!STACK 0
java.lang.NullPointerException: Cannot invoke "org.eclipse.lsp4e.server.StreamConnectionProvider.getInputStream()" because "this.lspStreamProvider" is null
	at org.eclipse.lsp4e.LanguageServerWrapper.lambda$1(LanguageServerWrapper.java:284)
	at java.base/java.util.concurrent.CompletableFuture$UniApply.tryFire(CompletableFuture.java:646)
	at java.base/java.util.concurrent.CompletableFuture.postComplete(CompletableFuture.java:510)
	at java.base/java.util.concurrent.CompletableFuture$AsyncSupply.run(CompletableFuture.java:1773)
	at java.base/java.util.concurrent.CompletableFuture$AsyncSupply.exec(CompletableFuture.java:1760)
	at java.base/java.util.concurrent.ForkJoinTask.doExec(ForkJoinTask.java:373)
	at java.base/java.util.concurrent.ForkJoinPool$WorkQueue.topLevelExec(ForkJoinPool.java:1182)
	at java.base/java.util.concurrent.ForkJoinPool.scan(ForkJoinPool.java:1655)
	at java.base/java.util.concurrent.ForkJoinPool.runWorker(ForkJoinPool.java:1622)
	at java.base/java.util.concurrent.ForkJoinWorkerThread.run(ForkJoinWorkerThread.java:165)

!ENTRY org.eclipse.lsp4e 4 0 2025-12-22 22:01:38.232
!MESSAGE プラグイン "org.eclipse.wildwebdeveloper" は、クラス "org.eclipse.wildwebdeveloper.angular.AngularLanguageServer" をインスタンス化できませんでした。
!STACK 1
org.eclipse.core.runtime.CoreException: プラグイン "org.eclipse.wildwebdeveloper" は、クラス "org.eclipse.wildwebdeveloper.angular.AngularLanguageServer" をインスタンス化できませんでした。
	at org.eclipse.core.internal.registry.osgi.RegistryStrategyOSGI.throwException(RegistryStrategyOSGI.java:212)
	at org.eclipse.core.internal.registry.osgi.RegistryStrategyOSGI.createExecutableExtension(RegistryStrategyOSGI.java:206)
	at org.eclipse.core.internal.registry.ExtensionRegistry.createExecutableExtension(ExtensionRegistry.java:920)
	at org.eclipse.core.internal.registry.ConfigurationElement.createExecutableExtension(ConfigurationElement.java:246)
	at org.eclipse.core.internal.registry.ConfigurationElementHandle.createExecutableExtension(ConfigurationElementHandle.java:63)
	at org.eclipse.lsp4e.LanguageServersRegistry$ExtensionLanguageServerDefinition.createConnectionProvider(LanguageServersRegistry.java:161)
	at org.eclipse.lsp4e.LanguageServerWrapper.lambda$0(LanguageServerWrapper.java:233)
	at java.base/java.util.concurrent.CompletableFuture$AsyncSupply.run(CompletableFuture.java:1768)
	at java.base/java.util.concurrent.CompletableFuture$AsyncSupply.exec(CompletableFuture.java:1760)
	at java.base/java.util.concurrent.ForkJoinTask.doExec(ForkJoinTask.java:373)
	at java.base/java.util.concurrent.ForkJoinPool$WorkQueue.topLevelExec(ForkJoinPool.java:1182)
	at java.base/java.util.concurrent.ForkJoinPool.scan(ForkJoinPool.java:1655)
	at java.base/java.util.concurrent.ForkJoinPool.runWorker(ForkJoinPool.java:1622)
	at java.base/java.util.concurrent.ForkJoinWorkerThread.run(ForkJoinWorkerThread.java:165)
Caused by: java.lang.reflect.InvocationTargetException
	at jdk.internal.reflect.GeneratedConstructorAccessor122.newInstance(Unknown Source)
	at java.base/jdk.internal.reflect.DelegatingConstructorAccessorImpl.newInstance(DelegatingConstructorAccessorImpl.java:45)
	at java.base/java.lang.reflect.Constructor.newInstanceWithCaller(Constructor.java:499)
	at java.base/java.lang.reflect.Constructor.newInstance(Constructor.java:480)
	at org.eclipse.core.internal.registry.osgi.RegistryStrategyOSGI.createExecutableExtension(RegistryStrategyOSGI.java:204)
	... 12 more
Caused by: java.lang.NullPointerException: Cannot invoke "java.io.File.getAbsolutePath()" because the return value of "org.eclipse.wildwebdeveloper.embedder.node.NodeJSManager.getNodeJsLocation()" is null
	at org.eclipse.wildwebdeveloper.angular.AngularLanguageServer.<init>(AngularLanguageServer.java:43)
	... 17 more
!SUBENTRY 1 org.eclipse.equinox.registry 4 1 2025-12-22 22:01:38.232
!MESSAGE プラグイン "org.eclipse.wildwebdeveloper" は、クラス "org.eclipse.wildwebdeveloper.angular.AngularLanguageServer" をインスタンス化できませんでした。
!STACK 0
java.lang.reflect.InvocationTargetException
	at jdk.internal.reflect.GeneratedConstructorAccessor122.newInstance(Unknown Source)
	at java.base/jdk.internal.reflect.DelegatingConstructorAccessorImpl.newInstance(DelegatingConstructorAccessorImpl.java:45)
	at java.base/java.lang.reflect.Constructor.newInstanceWithCaller(Constructor.java:499)
	at java.base/java.lang.reflect.Constructor.newInstance(Constructor.java:480)
	at org.eclipse.core.internal.registry.osgi.RegistryStrategyOSGI.createExecutableExtension(RegistryStrategyOSGI.java:204)
	at org.eclipse.core.internal.registry.ExtensionRegistry.createExecutableExtension(ExtensionRegistry.java:920)
	at org.eclipse.core.internal.registry.ConfigurationElement.createExecutableExtension(ConfigurationElement.java:246)
	at org.eclipse.core.internal.registry.ConfigurationElementHandle.createExecutableExtension(ConfigurationElementHandle.java:63)
	at org.eclipse.lsp4e.LanguageServersRegistry$ExtensionLanguageServerDefinition.createConnectionProvider(LanguageServersRegistry.java:161)
	at org.eclipse.lsp4e.LanguageServerWrapper.lambda$0(LanguageServerWrapper.java:233)
	at java.base/java.util.concurrent.CompletableFuture$AsyncSupply.run(CompletableFuture.java:1768)
	at java.base/java.util.concurrent.CompletableFuture$AsyncSupply.exec(CompletableFuture.java:1760)
	at java.base/java.util.concurrent.ForkJoinTask.doExec(ForkJoinTask.java:373)
	at java.base/java.util.concurrent.ForkJoinPool$WorkQueue.topLevelExec(ForkJoinPool.java:1182)
	at java.base/java.util.concurrent.ForkJoinPool.scan(ForkJoinPool.java:1655)
	at java.base/java.util.concurrent.ForkJoinPool.runWorker(ForkJoinPool.java:1622)
	at java.base/java.util.concurrent.ForkJoinWorkerThread.run(ForkJoinWorkerThread.java:165)
Caused by: java.lang.NullPointerException: Cannot invoke "java.io.File.getAbsolutePath()" because the return value of "org.eclipse.wildwebdeveloper.embedder.node.NodeJSManager.getNodeJsLocation()" is null
	at org.eclipse.wildwebdeveloper.angular.AngularLanguageServer.<init>(AngularLanguageServer.java:43)
	... 17 more
Root exception:
java.lang.NullPointerException: Cannot invoke "java.io.File.getAbsolutePath()" because the return value of "org.eclipse.wildwebdeveloper.embedder.node.NodeJSManager.getNodeJsLocation()" is null
	at org.eclipse.wildwebdeveloper.angular.AngularLanguageServer.<init>(AngularLanguageServer.java:43)
	at jdk.internal.reflect.GeneratedConstructorAccessor122.newInstance(Unknown Source)
	at java.base/jdk.internal.reflect.DelegatingConstructorAccessorImpl.newInstance(DelegatingConstructorAccessorImpl.java:45)
	at java.base/java.lang.reflect.Constructor.newInstanceWithCaller(Constructor.java:499)
	at java.base/java.lang.reflect.Constructor.newInstance(Constructor.java:480)
	at org.eclipse.core.internal.registry.osgi.RegistryStrategyOSGI.createExecutableExtension(RegistryStrategyOSGI.java:204)
	at org.eclipse.core.internal.registry.ExtensionRegistry.createExecutableExtension(ExtensionRegistry.java:920)
	at org.eclipse.core.internal.registry.ConfigurationElement.createExecutableExtension(ConfigurationElement.java:246)
	at org.eclipse.core.internal.registry.ConfigurationElementHandle.createExecutableExtension(ConfigurationElementHandle.java:63)
	at org.eclipse.lsp4e.LanguageServersRegistry$ExtensionLanguageServerDefinition.createConnectionProvider(LanguageServersRegistry.java:161)
	at org.eclipse.lsp4e.LanguageServerWrapper.lambda$0(LanguageServerWrapper.java:233)
	at java.base/java.util.concurrent.CompletableFuture$AsyncSupply.run(CompletableFuture.java:1768)
	at java.base/java.util.concurrent.CompletableFuture$AsyncSupply.exec(CompletableFuture.java:1760)
	at java.base/java.util.concurrent.ForkJoinTask.doExec(ForkJoinTask.java:373)
	at java.base/java.util.concurrent.ForkJoinPool$WorkQueue.topLevelExec(ForkJoinPool.java:1182)
	at java.base/java.util.concurrent.ForkJoinPool.scan(ForkJoinPool.java:1655)
	at java.base/java.util.concurrent.ForkJoinPool.runWorker(ForkJoinPool.java:1622)
	at java.base/java.util.concurrent.ForkJoinWorkerThread.run(ForkJoinWorkerThread.java:165)

!ENTRY org.eclipse.lsp4e 4 0 2025-12-22 22:01:38.232
!MESSAGE Exception occurred while creating an instance of the stream connection provider
!STACK 0
java.lang.RuntimeException: Exception occurred while creating an instance of the stream connection provider
	at org.eclipse.lsp4e.LanguageServersRegistry$ExtensionLanguageServerDefinition.createConnectionProvider(LanguageServersRegistry.java:164)
	at org.eclipse.lsp4e.LanguageServerWrapper.lambda$0(LanguageServerWrapper.java:233)
	at java.base/java.util.concurrent.CompletableFuture$AsyncSupply.run(CompletableFuture.java:1768)
	at java.base/java.util.concurrent.CompletableFuture$AsyncSupply.exec(CompletableFuture.java:1760)
	at java.base/java.util.concurrent.ForkJoinTask.doExec(ForkJoinTask.java:373)
	at java.base/java.util.concurrent.ForkJoinPool$WorkQueue.topLevelExec(ForkJoinPool.java:1182)
	at java.base/java.util.concurrent.ForkJoinPool.scan(ForkJoinPool.java:1655)
	at java.base/java.util.concurrent.ForkJoinPool.runWorker(ForkJoinPool.java:1622)
	at java.base/java.util.concurrent.ForkJoinWorkerThread.run(ForkJoinWorkerThread.java:165)
Caused by: org.eclipse.core.runtime.CoreException: プラグイン "org.eclipse.wildwebdeveloper" は、クラス "org.eclipse.wildwebdeveloper.angular.AngularLanguageServer" をインスタンス化できませんでした。
	at org.eclipse.core.internal.registry.osgi.RegistryStrategyOSGI.throwException(RegistryStrategyOSGI.java:212)
	at org.eclipse.core.internal.registry.osgi.RegistryStrategyOSGI.createExecutableExtension(RegistryStrategyOSGI.java:206)
	at org.eclipse.core.internal.registry.ExtensionRegistry.createExecutableExtension(ExtensionRegistry.java:920)
	at org.eclipse.core.internal.registry.ConfigurationElement.createExecutableExtension(ConfigurationElement.java:246)
	at org.eclipse.core.internal.registry.ConfigurationElementHandle.createExecutableExtension(ConfigurationElementHandle.java:63)
	at org.eclipse.lsp4e.LanguageServersRegistry$ExtensionLanguageServerDefinition.createConnectionProvider(LanguageServersRegistry.java:161)
	... 8 more
Caused by: java.lang.reflect.InvocationTargetException
	at jdk.internal.reflect.GeneratedConstructorAccessor122.newInstance(Unknown Source)
	at java.base/jdk.internal.reflect.DelegatingConstructorAccessorImpl.newInstance(DelegatingConstructorAccessorImpl.java:45)
	at java.base/java.lang.reflect.Constructor.newInstanceWithCaller(Constructor.java:499)
	at java.base/java.lang.reflect.Constructor.newInstance(Constructor.java:480)
	at org.eclipse.core.internal.registry.osgi.RegistryStrategyOSGI.createExecutableExtension(RegistryStrategyOSGI.java:204)
	... 12 more
Caused by: java.lang.NullPointerException: Cannot invoke "java.io.File.getAbsolutePath()" because the return value of "org.eclipse.wildwebdeveloper.embedder.node.NodeJSManager.getNodeJsLocation()" is null
	at org.eclipse.wildwebdeveloper.angular.AngularLanguageServer.<init>(AngularLanguageServer.java:43)
	... 17 more

!ENTRY org.eclipse.lsp4e 4 0 2025-12-22 22:01:38.233
!MESSAGE Cannot invoke "org.eclipse.lsp4e.server.StreamConnectionProvider.getInputStream()" because "this.lspStreamProvider" is null
!STACK 0
java.lang.NullPointerException: Cannot invoke "org.eclipse.lsp4e.server.StreamConnectionProvider.getInputStream()" because "this.lspStreamProvider" is null
	at org.eclipse.lsp4e.LanguageServerWrapper.lambda$1(LanguageServerWrapper.java:284)
	at java.base/java.util.concurrent.CompletableFuture$UniApply.tryFire(CompletableFuture.java:646)
	at java.base/java.util.concurrent.CompletableFuture.postComplete(CompletableFuture.java:510)
	at java.base/java.util.concurrent.CompletableFuture$AsyncSupply.run(CompletableFuture.java:1773)
	at java.base/java.util.concurrent.CompletableFuture$AsyncSupply.exec(CompletableFuture.java:1760)
	at java.base/java.util.concurrent.ForkJoinTask.doExec(ForkJoinTask.java:373)
	at java.base/java.util.concurrent.ForkJoinPool$WorkQueue.topLevelExec(ForkJoinPool.java:1182)
	at java.base/java.util.concurrent.ForkJoinPool.scan(ForkJoinPool.java:1655)
	at java.base/java.util.concurrent.ForkJoinPool.runWorker(ForkJoinPool.java:1622)
	at java.base/java.util.concurrent.ForkJoinWorkerThread.run(ForkJoinWorkerThread.java:165)

!ENTRY org.eclipse.lsp4e 4 0 2025-12-22 22:01:38.235
!MESSAGE プラグイン "org.eclipse.wildwebdeveloper" は、クラス "org.eclipse.wildwebdeveloper.html.HTMLLanguageServer" をインスタンス化できませんでした。
!STACK 1
org.eclipse.core.runtime.CoreException: プラグイン "org.eclipse.wildwebdeveloper" は、クラス "org.eclipse.wildwebdeveloper.html.HTMLLanguageServer" をインスタンス化できませんでした。
	at org.eclipse.core.internal.registry.osgi.RegistryStrategyOSGI.throwException(RegistryStrategyOSGI.java:212)
	at org.eclipse.core.internal.registry.osgi.RegistryStrategyOSGI.createExecutableExtension(RegistryStrategyOSGI.java:206)
	at org.eclipse.core.internal.registry.ExtensionRegistry.createExecutableExtension(ExtensionRegistry.java:920)
	at org.eclipse.core.internal.registry.ConfigurationElement.createExecutableExtension(ConfigurationElement.java:246)
	at org.eclipse.core.internal.registry.ConfigurationElementHandle.createExecutableExtension(ConfigurationElementHandle.java:63)
	at org.eclipse.lsp4e.LanguageServersRegistry$ExtensionLanguageServerDefinition.createConnectionProvider(LanguageServersRegistry.java:161)
	at org.eclipse.lsp4e.LanguageServerWrapper.lambda$0(LanguageServerWrapper.java:233)
	at java.base/java.util.concurrent.CompletableFuture$AsyncSupply.run(CompletableFuture.java:1768)
	at java.base/java.util.concurrent.CompletableFuture$AsyncSupply.exec(CompletableFuture.java:1760)
	at java.base/java.util.concurrent.ForkJoinTask.doExec(ForkJoinTask.java:373)
	at java.base/java.util.concurrent.ForkJoinPool$WorkQueue.topLevelExec(ForkJoinPool.java:1182)
	at java.base/java.util.concurrent.ForkJoinPool.scan(ForkJoinPool.java:1655)
	at java.base/java.util.concurrent.ForkJoinPool.runWorker(ForkJoinPool.java:1622)
	at java.base/java.util.concurrent.ForkJoinWorkerThread.run(ForkJoinWorkerThread.java:165)
Caused by: java.lang.reflect.InvocationTargetException
	at jdk.internal.reflect.GeneratedConstructorAccessor123.newInstance(Unknown Source)
	at java.base/jdk.internal.reflect.DelegatingConstructorAccessorImpl.newInstance(DelegatingConstructorAccessorImpl.java:45)
	at java.base/java.lang.reflect.Constructor.newInstanceWithCaller(Constructor.java:499)
	at java.base/java.lang.reflect.Constructor.newInstance(Constructor.java:480)
	at org.eclipse.core.internal.registry.osgi.RegistryStrategyOSGI.createExecutableExtension(RegistryStrategyOSGI.java:204)
	... 12 more
Caused by: java.lang.NullPointerException: Cannot invoke "java.io.File.getAbsolutePath()" because the return value of "org.eclipse.wildwebdeveloper.embedder.node.NodeJSManager.getNodeJsLocation()" is null
	at org.eclipse.wildwebdeveloper.html.HTMLLanguageServer.<init>(HTMLLanguageServer.java:40)
	... 17 more
!SUBENTRY 1 org.eclipse.equinox.registry 4 1 2025-12-22 22:01:38.235
!MESSAGE プラグイン "org.eclipse.wildwebdeveloper" は、クラス "org.eclipse.wildwebdeveloper.html.HTMLLanguageServer" をインスタンス化できませんでした。
!STACK 0
java.lang.reflect.InvocationTargetException
	at jdk.internal.reflect.GeneratedConstructorAccessor123.newInstance(Unknown Source)
	at java.base/jdk.internal.reflect.DelegatingConstructorAccessorImpl.newInstance(DelegatingConstructorAccessorImpl.java:45)
	at java.base/java.lang.reflect.Constructor.newInstanceWithCaller(Constructor.java:499)
	at java.base/java.lang.reflect.Constructor.newInstance(Constructor.java:480)
	at org.eclipse.core.internal.registry.osgi.RegistryStrategyOSGI.createExecutableExtension(RegistryStrategyOSGI.java:204)
	at org.eclipse.core.internal.registry.ExtensionRegistry.createExecutableExtension(ExtensionRegistry.java:920)
	at org.eclipse.core.internal.registry.ConfigurationElement.createExecutableExtension(ConfigurationElement.java:246)
	at org.eclipse.core.internal.registry.ConfigurationElementHandle.createExecutableExtension(ConfigurationElementHandle.java:63)
	at org.eclipse.lsp4e.LanguageServersRegistry$ExtensionLanguageServerDefinition.createConnectionProvider(LanguageServersRegistry.java:161)
	at org.eclipse.lsp4e.LanguageServerWrapper.lambda$0(LanguageServerWrapper.java:233)
	at java.base/java.util.concurrent.CompletableFuture$AsyncSupply.run(CompletableFuture.java:1768)
	at java.base/java.util.concurrent.CompletableFuture$AsyncSupply.exec(CompletableFuture.java:1760)
	at java.base/java.util.concurrent.ForkJoinTask.doExec(ForkJoinTask.java:373)
	at java.base/java.util.concurrent.ForkJoinPool$WorkQueue.topLevelExec(ForkJoinPool.java:1182)
	at java.base/java.util.concurrent.ForkJoinPool.scan(ForkJoinPool.java:1655)
	at java.base/java.util.concurrent.ForkJoinPool.runWorker(ForkJoinPool.java:1622)
	at java.base/java.util.concurrent.ForkJoinWorkerThread.run(ForkJoinWorkerThread.java:165)
Caused by: java.lang.NullPointerException: Cannot invoke "java.io.File.getAbsolutePath()" because the return value of "org.eclipse.wildwebdeveloper.embedder.node.NodeJSManager.getNodeJsLocation()" is null
	at org.eclipse.wildwebdeveloper.html.HTMLLanguageServer.<init>(HTMLLanguageServer.java:40)
	... 17 more
Root exception:
java.lang.NullPointerException: Cannot invoke "java.io.File.getAbsolutePath()" because the return value of "org.eclipse.wildwebdeveloper.embedder.node.NodeJSManager.getNodeJsLocation()" is null
	at org.eclipse.wildwebdeveloper.html.HTMLLanguageServer.<init>(HTMLLanguageServer.java:40)
	at jdk.internal.reflect.GeneratedConstructorAccessor123.newInstance(Unknown Source)
	at java.base/jdk.internal.reflect.DelegatingConstructorAccessorImpl.newInstance(DelegatingConstructorAccessorImpl.java:45)
	at java.base/java.lang.reflect.Constructor.newInstanceWithCaller(Constructor.java:499)
	at java.base/java.lang.reflect.Constructor.newInstance(Constructor.java:480)
	at org.eclipse.core.internal.registry.osgi.RegistryStrategyOSGI.createExecutableExtension(RegistryStrategyOSGI.java:204)
	at org.eclipse.core.internal.registry.ExtensionRegistry.createExecutableExtension(ExtensionRegistry.java:920)
	at org.eclipse.core.internal.registry.ConfigurationElement.createExecutableExtension(ConfigurationElement.java:246)
	at org.eclipse.core.internal.registry.ConfigurationElementHandle.createExecutableExtension(ConfigurationElementHandle.java:63)
	at org.eclipse.lsp4e.LanguageServersRegistry$ExtensionLanguageServerDefinition.createConnectionProvider(LanguageServersRegistry.java:161)
	at org.eclipse.lsp4e.LanguageServerWrapper.lambda$0(LanguageServerWrapper.java:233)
	at java.base/java.util.concurrent.CompletableFuture$AsyncSupply.run(CompletableFuture.java:1768)
	at java.base/java.util.concurrent.CompletableFuture$AsyncSupply.exec(CompletableFuture.java:1760)
	at java.base/java.util.concurrent.ForkJoinTask.doExec(ForkJoinTask.java:373)
	at java.base/java.util.concurrent.ForkJoinPool$WorkQueue.topLevelExec(ForkJoinPool.java:1182)
	at java.base/java.util.concurrent.ForkJoinPool.scan(ForkJoinPool.java:1655)
	at java.base/java.util.concurrent.ForkJoinPool.runWorker(ForkJoinPool.java:1622)
	at java.base/java.util.concurrent.ForkJoinWorkerThread.run(ForkJoinWorkerThread.java:165)

!ENTRY org.eclipse.lsp4e 4 0 2025-12-22 22:01:38.235
!MESSAGE Exception occurred while creating an instance of the stream connection provider
!STACK 0
java.lang.RuntimeException: Exception occurred while creating an instance of the stream connection provider
	at org.eclipse.lsp4e.LanguageServersRegistry$ExtensionLanguageServerDefinition.createConnectionProvider(LanguageServersRegistry.java:164)
	at org.eclipse.lsp4e.LanguageServerWrapper.lambda$0(LanguageServerWrapper.java:233)
	at java.base/java.util.concurrent.CompletableFuture$AsyncSupply.run(CompletableFuture.java:1768)
	at java.base/java.util.concurrent.CompletableFuture$AsyncSupply.exec(CompletableFuture.java:1760)
	at java.base/java.util.concurrent.ForkJoinTask.doExec(ForkJoinTask.java:373)
	at java.base/java.util.concurrent.ForkJoinPool$WorkQueue.topLevelExec(ForkJoinPool.java:1182)
	at java.base/java.util.concurrent.ForkJoinPool.scan(ForkJoinPool.java:1655)
	at java.base/java.util.concurrent.ForkJoinPool.runWorker(ForkJoinPool.java:1622)
	at java.base/java.util.concurrent.ForkJoinWorkerThread.run(ForkJoinWorkerThread.java:165)
Caused by: org.eclipse.core.runtime.CoreException: プラグイン "org.eclipse.wildwebdeveloper" は、クラス "org.eclipse.wildwebdeveloper.html.HTMLLanguageServer" をインスタンス化できませんでした。
	at org.eclipse.core.internal.registry.osgi.RegistryStrategyOSGI.throwException(RegistryStrategyOSGI.java:212)
	at org.eclipse.core.internal.registry.osgi.RegistryStrategyOSGI.createExecutableExtension(RegistryStrategyOSGI.java:206)
	at org.eclipse.core.internal.registry.ExtensionRegistry.createExecutableExtension(ExtensionRegistry.java:920)
	at org.eclipse.core.internal.registry.ConfigurationElement.createExecutableExtension(ConfigurationElement.java:246)
	at org.eclipse.core.internal.registry.ConfigurationElementHandle.createExecutableExtension(ConfigurationElementHandle.java:63)
	at org.eclipse.lsp4e.LanguageServersRegistry$ExtensionLanguageServerDefinition.createConnectionProvider(LanguageServersRegistry.java:161)
	... 8 more
Caused by: java.lang.reflect.InvocationTargetException
	at jdk.internal.reflect.GeneratedConstructorAccessor123.newInstance(Unknown Source)
	at java.base/jdk.internal.reflect.DelegatingConstructorAccessorImpl.newInstance(DelegatingConstructorAccessorImpl.java:45)
	at java.base/java.lang.reflect.Constructor.newInstanceWithCaller(Constructor.java:499)
	at java.base/java.lang.reflect.Constructor.newInstance(Constructor.java:480)
	at org.eclipse.core.internal.registry.osgi.RegistryStrategyOSGI.createExecutableExtension(RegistryStrategyOSGI.java:204)
	... 12 more
Caused by: java.lang.NullPointerException: Cannot invoke "java.io.File.getAbsolutePath()" because the return value of "org.eclipse.wildwebdeveloper.embedder.node.NodeJSManager.getNodeJsLocation()" is null
	at org.eclipse.wildwebdeveloper.html.HTMLLanguageServer.<init>(HTMLLanguageServer.java:40)
	... 17 more

!ENTRY org.eclipse.lsp4e 4 0 2025-12-22 22:01:38.236
!MESSAGE Cannot invoke "org.eclipse.lsp4e.server.StreamConnectionProvider.getInputStream()" because "this.lspStreamProvider" is null
!STACK 0
java.lang.NullPointerException: Cannot invoke "org.eclipse.lsp4e.server.StreamConnectionProvider.getInputStream()" because "this.lspStreamProvider" is null
	at org.eclipse.lsp4e.LanguageServerWrapper.lambda$1(LanguageServerWrapper.java:284)
	at java.base/java.util.concurrent.CompletableFuture$UniApply.tryFire(CompletableFuture.java:646)
	at java.base/java.util.concurrent.CompletableFuture.postComplete(CompletableFuture.java:510)
	at java.base/java.util.concurrent.CompletableFuture$AsyncSupply.run(CompletableFuture.java:1773)
	at java.base/java.util.concurrent.CompletableFuture$AsyncSupply.exec(CompletableFuture.java:1760)
	at java.base/java.util.concurrent.ForkJoinTask.doExec(ForkJoinTask.java:373)
	at java.base/java.util.concurrent.ForkJoinPool$WorkQueue.topLevelExec(ForkJoinPool.java:1182)
	at java.base/java.util.concurrent.ForkJoinPool.scan(ForkJoinPool.java:1655)
	at java.base/java.util.concurrent.ForkJoinPool.runWorker(ForkJoinPool.java:1622)
	at java.base/java.util.concurrent.ForkJoinWorkerThread.run(ForkJoinWorkerThread.java:165)

!ENTRY org.eclipse.lsp4e 4 0 2025-12-22 22:01:38.311
!MESSAGE プラグイン "org.eclipse.wildwebdeveloper" は、クラス "org.eclipse.wildwebdeveloper.html.HTMLLanguageServer" をインスタンス化できませんでした。
!STACK 1
org.eclipse.core.runtime.CoreException: プラグイン "org.eclipse.wildwebdeveloper" は、クラス "org.eclipse.wildwebdeveloper.html.HTMLLanguageServer" をインスタンス化できませんでした。
	at org.eclipse.core.internal.registry.osgi.RegistryStrategyOSGI.throwException(RegistryStrategyOSGI.java:212)
	at org.eclipse.core.internal.registry.osgi.RegistryStrategyOSGI.createExecutableExtension(RegistryStrategyOSGI.java:206)
	at org.eclipse.core.internal.registry.ExtensionRegistry.createExecutableExtension(ExtensionRegistry.java:920)
	at org.eclipse.core.internal.registry.ConfigurationElement.createExecutableExtension(ConfigurationElement.java:246)
	at org.eclipse.core.internal.registry.ConfigurationElementHandle.createExecutableExtension(ConfigurationElementHandle.java:63)
	at org.eclipse.lsp4e.LanguageServersRegistry$ExtensionLanguageServerDefinition.createConnectionProvider(LanguageServersRegistry.java:161)
	at org.eclipse.lsp4e.LanguageServerWrapper.lambda$0(LanguageServerWrapper.java:233)
	at java.base/java.util.concurrent.CompletableFuture$AsyncSupply.run(CompletableFuture.java:1768)
	at java.base/java.util.concurrent.CompletableFuture$AsyncSupply.exec(CompletableFuture.java:1760)
	at java.base/java.util.concurrent.ForkJoinTask.doExec(ForkJoinTask.java:373)
	at java.base/java.util.concurrent.ForkJoinPool$WorkQueue.topLevelExec(ForkJoinPool.java:1182)
	at java.base/java.util.concurrent.ForkJoinPool.scan(ForkJoinPool.java:1655)
	at java.base/java.util.concurrent.ForkJoinPool.runWorker(ForkJoinPool.java:1622)
	at java.base/java.util.concurrent.ForkJoinWorkerThread.run(ForkJoinWorkerThread.java:165)
Caused by: java.lang.reflect.InvocationTargetException
	at jdk.internal.reflect.GeneratedConstructorAccessor123.newInstance(Unknown Source)
	at java.base/jdk.internal.reflect.DelegatingConstructorAccessorImpl.newInstance(DelegatingConstructorAccessorImpl.java:45)
	at java.base/java.lang.reflect.Constructor.newInstanceWithCaller(Constructor.java:499)
	at java.base/java.lang.reflect.Constructor.newInstance(Constructor.java:480)
	at org.eclipse.core.internal.registry.osgi.RegistryStrategyOSGI.createExecutableExtension(RegistryStrategyOSGI.java:204)
	... 12 more
Caused by: java.lang.NullPointerException: Cannot invoke "java.io.File.getAbsolutePath()" because the return value of "org.eclipse.wildwebdeveloper.embedder.node.NodeJSManager.getNodeJsLocation()" is null
	at org.eclipse.wildwebdeveloper.html.HTMLLanguageServer.<init>(HTMLLanguageServer.java:40)
	... 17 more
!SUBENTRY 1 org.eclipse.equinox.registry 4 1 2025-12-22 22:01:38.311
!MESSAGE プラグイン "org.eclipse.wildwebdeveloper" は、クラス "org.eclipse.wildwebdeveloper.html.HTMLLanguageServer" をインスタンス化できませんでした。
!STACK 0
java.lang.reflect.InvocationTargetException
	at jdk.internal.reflect.GeneratedConstructorAccessor123.newInstance(Unknown Source)
	at java.base/jdk.internal.reflect.DelegatingConstructorAccessorImpl.newInstance(DelegatingConstructorAccessorImpl.java:45)
	at java.base/java.lang.reflect.Constructor.newInstanceWithCaller(Constructor.java:499)
	at java.base/java.lang.reflect.Constructor.newInstance(Constructor.java:480)
	at org.eclipse.core.internal.registry.osgi.RegistryStrategyOSGI.createExecutableExtension(RegistryStrategyOSGI.java:204)
	at org.eclipse.core.internal.registry.ExtensionRegistry.createExecutableExtension(ExtensionRegistry.java:920)
	at org.eclipse.core.internal.registry.ConfigurationElement.createExecutableExtension(ConfigurationElement.java:246)
	at org.eclipse.core.internal.registry.ConfigurationElementHandle.createExecutableExtension(ConfigurationElementHandle.java:63)
	at org.eclipse.lsp4e.LanguageServersRegistry$ExtensionLanguageServerDefinition.createConnectionProvider(LanguageServersRegistry.java:161)
	at org.eclipse.lsp4e.LanguageServerWrapper.lambda$0(LanguageServerWrapper.java:233)
	at java.base/java.util.concurrent.CompletableFuture$AsyncSupply.run(CompletableFuture.java:1768)
	at java.base/java.util.concurrent.CompletableFuture$AsyncSupply.exec(CompletableFuture.java:1760)
	at java.base/java.util.concurrent.ForkJoinTask.doExec(ForkJoinTask.java:373)
	at java.base/java.util.concurrent.ForkJoinPool$WorkQueue.topLevelExec(ForkJoinPool.java:1182)
	at java.base/java.util.concurrent.ForkJoinPool.scan(ForkJoinPool.java:1655)
	at java.base/java.util.concurrent.ForkJoinPool.runWorker(ForkJoinPool.java:1622)
	at java.base/java.util.concurrent.ForkJoinWorkerThread.run(ForkJoinWorkerThread.java:165)
Caused by: java.lang.NullPointerException: Cannot invoke "java.io.File.getAbsolutePath()" because the return value of "org.eclipse.wildwebdeveloper.embedder.node.NodeJSManager.getNodeJsLocation()" is null
	at org.eclipse.wildwebdeveloper.html.HTMLLanguageServer.<init>(HTMLLanguageServer.java:40)
	... 17 more
Root exception:
java.lang.NullPointerException: Cannot invoke "java.io.File.getAbsolutePath()" because the return value of "org.eclipse.wildwebdeveloper.embedder.node.NodeJSManager.getNodeJsLocation()" is null
	at org.eclipse.wildwebdeveloper.html.HTMLLanguageServer.<init>(HTMLLanguageServer.java:40)
	at jdk.internal.reflect.GeneratedConstructorAccessor123.newInstance(Unknown Source)
	at java.base/jdk.internal.reflect.DelegatingConstructorAccessorImpl.newInstance(DelegatingConstructorAccessorImpl.java:45)
	at java.base/java.lang.reflect.Constructor.newInstanceWithCaller(Constructor.java:499)
	at java.base/java.lang.reflect.Constructor.newInstance(Constructor.java:480)
	at org.eclipse.core.internal.registry.osgi.RegistryStrategyOSGI.createExecutableExtension(RegistryStrategyOSGI.java:204)
	at org.eclipse.core.internal.registry.ExtensionRegistry.createExecutableExtension(ExtensionRegistry.java:920)
	at org.eclipse.core.internal.registry.ConfigurationElement.createExecutableExtension(ConfigurationElement.java:246)
	at org.eclipse.core.internal.registry.ConfigurationElementHandle.createExecutableExtension(ConfigurationElementHandle.java:63)
	at org.eclipse.lsp4e.LanguageServersRegistry$ExtensionLanguageServerDefinition.createConnectionProvider(LanguageServersRegistry.java:161)
	at org.eclipse.lsp4e.LanguageServerWrapper.lambda$0(LanguageServerWrapper.java:233)
	at java.base/java.util.concurrent.CompletableFuture$AsyncSupply.run(CompletableFuture.java:1768)
	at java.base/java.util.concurrent.CompletableFuture$AsyncSupply.exec(CompletableFuture.java:1760)
	at java.base/java.util.concurrent.ForkJoinTask.doExec(ForkJoinTask.java:373)
	at java.base/java.util.concurrent.ForkJoinPool$WorkQueue.topLevelExec(ForkJoinPool.java:1182)
	at java.base/java.util.concurrent.ForkJoinPool.scan(ForkJoinPool.java:1655)
	at java.base/java.util.concurrent.ForkJoinPool.runWorker(ForkJoinPool.java:1622)
	at java.base/java.util.concurrent.ForkJoinWorkerThread.run(ForkJoinWorkerThread.java:165)

!ENTRY org.eclipse.lsp4e 4 0 2025-12-22 22:01:38.311
!MESSAGE Exception occurred while creating an instance of the stream connection provider
!STACK 0
java.lang.RuntimeException: Exception occurred while creating an instance of the stream connection provider
	at org.eclipse.lsp4e.LanguageServersRegistry$ExtensionLanguageServerDefinition.createConnectionProvider(LanguageServersRegistry.java:164)
	at org.eclipse.lsp4e.LanguageServerWrapper.lambda$0(LanguageServerWrapper.java:233)
	at java.base/java.util.concurrent.CompletableFuture$AsyncSupply.run(CompletableFuture.java:1768)
	at java.base/java.util.concurrent.CompletableFuture$AsyncSupply.exec(CompletableFuture.java:1760)
	at java.base/java.util.concurrent.ForkJoinTask.doExec(ForkJoinTask.java:373)
	at java.base/java.util.concurrent.ForkJoinPool$WorkQueue.topLevelExec(ForkJoinPool.java:1182)
	at java.base/java.util.concurrent.ForkJoinPool.scan(ForkJoinPool.java:1655)
	at java.base/java.util.concurrent.ForkJoinPool.runWorker(ForkJoinPool.java:1622)
	at java.base/java.util.concurrent.ForkJoinWorkerThread.run(ForkJoinWorkerThread.java:165)
Caused by: org.eclipse.core.runtime.CoreException: プラグイン "org.eclipse.wildwebdeveloper" は、クラス "org.eclipse.wildwebdeveloper.html.HTMLLanguageServer" をインスタンス化できませんでした。
	at org.eclipse.core.internal.registry.osgi.RegistryStrategyOSGI.throwException(RegistryStrategyOSGI.java:212)
	at org.eclipse.core.internal.registry.osgi.RegistryStrategyOSGI.createExecutableExtension(RegistryStrategyOSGI.java:206)
	at org.eclipse.core.internal.registry.ExtensionRegistry.createExecutableExtension(ExtensionRegistry.java:920)
	at org.eclipse.core.internal.registry.ConfigurationElement.createExecutableExtension(ConfigurationElement.java:246)
	at org.eclipse.core.internal.registry.ConfigurationElementHandle.createExecutableExtension(ConfigurationElementHandle.java:63)
	at org.eclipse.lsp4e.LanguageServersRegistry$ExtensionLanguageServerDefinition.createConnectionProvider(LanguageServersRegistry.java:161)
	... 8 more
Caused by: java.lang.reflect.InvocationTargetException
	at jdk.internal.reflect.GeneratedConstructorAccessor123.newInstance(Unknown Source)
	at java.base/jdk.internal.reflect.DelegatingConstructorAccessorImpl.newInstance(DelegatingConstructorAccessorImpl.java:45)
	at java.base/java.lang.reflect.Constructor.newInstanceWithCaller(Constructor.java:499)
	at java.base/java.lang.reflect.Constructor.newInstance(Constructor.java:480)
	at org.eclipse.core.internal.registry.osgi.RegistryStrategyOSGI.createExecutableExtension(RegistryStrategyOSGI.java:204)
	... 12 more
Caused by: java.lang.NullPointerException: Cannot invoke "java.io.File.getAbsolutePath()" because the return value of "org.eclipse.wildwebdeveloper.embedder.node.NodeJSManager.getNodeJsLocation()" is null
	at org.eclipse.wildwebdeveloper.html.HTMLLanguageServer.<init>(HTMLLanguageServer.java:40)
	... 17 more

!ENTRY org.eclipse.lsp4e 4 0 2025-12-22 22:01:38.313
!MESSAGE Cannot invoke "org.eclipse.lsp4e.server.StreamConnectionProvider.getInputStream()" because "this.lspStreamProvider" is null
!STACK 0
java.lang.NullPointerException: Cannot invoke "org.eclipse.lsp4e.server.StreamConnectionProvider.getInputStream()" because "this.lspStreamProvider" is null
	at org.eclipse.lsp4e.LanguageServerWrapper.lambda$1(LanguageServerWrapper.java:284)
	at java.base/java.util.concurrent.CompletableFuture$UniApply.tryFire(CompletableFuture.java:646)
	at java.base/java.util.concurrent.CompletableFuture.postComplete(CompletableFuture.java:510)
	at java.base/java.util.concurrent.CompletableFuture$AsyncSupply.run(CompletableFuture.java:1773)
	at java.base/java.util.concurrent.CompletableFuture$AsyncSupply.exec(CompletableFuture.java:1760)
	at java.base/java.util.concurrent.ForkJoinTask.doExec(ForkJoinTask.java:373)
	at java.base/java.util.concurrent.ForkJoinPool$WorkQueue.topLevelExec(ForkJoinPool.java:1182)
	at java.base/java.util.concurrent.ForkJoinPool.scan(ForkJoinPool.java:1655)
	at java.base/java.util.concurrent.ForkJoinPool.runWorker(ForkJoinPool.java:1622)
	at java.base/java.util.concurrent.ForkJoinWorkerThread.run(ForkJoinWorkerThread.java:165)

!ENTRY org.eclipse.lsp4e 4 0 2025-12-22 22:01:38.315
!MESSAGE プラグイン "org.eclipse.wildwebdeveloper" は、クラス "org.eclipse.wildwebdeveloper.angular.AngularLanguageServer" をインスタンス化できませんでした。
!STACK 1
org.eclipse.core.runtime.CoreException: プラグイン "org.eclipse.wildwebdeveloper" は、クラス "org.eclipse.wildwebdeveloper.angular.AngularLanguageServer" をインスタンス化できませんでした。
	at org.eclipse.core.internal.registry.osgi.RegistryStrategyOSGI.throwException(RegistryStrategyOSGI.java:212)
	at org.eclipse.core.internal.registry.osgi.RegistryStrategyOSGI.createExecutableExtension(RegistryStrategyOSGI.java:206)
	at org.eclipse.core.internal.registry.ExtensionRegistry.createExecutableExtension(ExtensionRegistry.java:920)
	at org.eclipse.core.internal.registry.ConfigurationElement.createExecutableExtension(ConfigurationElement.java:246)
	at org.eclipse.core.internal.registry.ConfigurationElementHandle.createExecutableExtension(ConfigurationElementHandle.java:63)
	at org.eclipse.lsp4e.LanguageServersRegistry$ExtensionLanguageServerDefinition.createConnectionProvider(LanguageServersRegistry.java:161)
	at org.eclipse.lsp4e.LanguageServerWrapper.lambda$0(LanguageServerWrapper.java:233)
	at java.base/java.util.concurrent.CompletableFuture$AsyncSupply.run(CompletableFuture.java:1768)
	at java.base/java.util.concurrent.CompletableFuture$AsyncSupply.exec(CompletableFuture.java:1760)
	at java.base/java.util.concurrent.ForkJoinTask.doExec(ForkJoinTask.java:373)
	at java.base/java.util.concurrent.ForkJoinPool$WorkQueue.topLevelExec(ForkJoinPool.java:1182)
	at java.base/java.util.concurrent.ForkJoinPool.scan(ForkJoinPool.java:1655)
	at java.base/java.util.concurrent.ForkJoinPool.runWorker(ForkJoinPool.java:1622)
	at java.base/java.util.concurrent.ForkJoinWorkerThread.run(ForkJoinWorkerThread.java:165)
Caused by: java.lang.reflect.InvocationTargetException
	at jdk.internal.reflect.GeneratedConstructorAccessor122.newInstance(Unknown Source)
	at java.base/jdk.internal.reflect.DelegatingConstructorAccessorImpl.newInstance(DelegatingConstructorAccessorImpl.java:45)
	at java.base/java.lang.reflect.Constructor.newInstanceWithCaller(Constructor.java:499)
	at java.base/java.lang.reflect.Constructor.newInstance(Constructor.java:480)
	at org.eclipse.core.internal.registry.osgi.RegistryStrategyOSGI.createExecutableExtension(RegistryStrategyOSGI.java:204)
	... 12 more
Caused by: java.lang.NullPointerException: Cannot invoke "java.io.File.getAbsolutePath()" because the return value of "org.eclipse.wildwebdeveloper.embedder.node.NodeJSManager.getNodeJsLocation()" is null
	at org.eclipse.wildwebdeveloper.angular.AngularLanguageServer.<init>(AngularLanguageServer.java:43)
	... 17 more
!SUBENTRY 1 org.eclipse.equinox.registry 4 1 2025-12-22 22:01:38.315
!MESSAGE プラグイン "org.eclipse.wildwebdeveloper" は、クラス "org.eclipse.wildwebdeveloper.angular.AngularLanguageServer" をインスタンス化できませんでした。
!STACK 0
java.lang.reflect.InvocationTargetException
	at jdk.internal.reflect.GeneratedConstructorAccessor122.newInstance(Unknown Source)
	at java.base/jdk.internal.reflect.DelegatingConstructorAccessorImpl.newInstance(DelegatingConstructorAccessorImpl.java:45)
	at java.base/java.lang.reflect.Constructor.newInstanceWithCaller(Constructor.java:499)
	at java.base/java.lang.reflect.Constructor.newInstance(Constructor.java:480)
	at org.eclipse.core.internal.registry.osgi.RegistryStrategyOSGI.createExecutableExtension(RegistryStrategyOSGI.java:204)
	at org.eclipse.core.internal.registry.ExtensionRegistry.createExecutableExtension(ExtensionRegistry.java:920)
	at org.eclipse.core.internal.registry.ConfigurationElement.createExecutableExtension(ConfigurationElement.java:246)
	at org.eclipse.core.internal.registry.ConfigurationElementHandle.createExecutableExtension(ConfigurationElementHandle.java:63)
	at org.eclipse.lsp4e.LanguageServersRegistry$ExtensionLanguageServerDefinition.createConnectionProvider(LanguageServersRegistry.java:161)
	at org.eclipse.lsp4e.LanguageServerWrapper.lambda$0(LanguageServerWrapper.java:233)
	at java.base/java.util.concurrent.CompletableFuture$AsyncSupply.run(CompletableFuture.java:1768)
	at java.base/java.util.concurrent.CompletableFuture$AsyncSupply.exec(CompletableFuture.java:1760)
	at java.base/java.util.concurrent.ForkJoinTask.doExec(ForkJoinTask.java:373)
	at java.base/java.util.concurrent.ForkJoinPool$WorkQueue.topLevelExec(ForkJoinPool.java:1182)
	at java.base/java.util.concurrent.ForkJoinPool.scan(ForkJoinPool.java:1655)
	at java.base/java.util.concurrent.ForkJoinPool.runWorker(ForkJoinPool.java:1622)
	at java.base/java.util.concurrent.ForkJoinWorkerThread.run(ForkJoinWorkerThread.java:165)
Caused by: java.lang.NullPointerException: Cannot invoke "java.io.File.getAbsolutePath()" because the return value of "org.eclipse.wildwebdeveloper.embedder.node.NodeJSManager.getNodeJsLocation()" is null
	at org.eclipse.wildwebdeveloper.angular.AngularLanguageServer.<init>(AngularLanguageServer.java:43)
	... 17 more
Root exception:
java.lang.NullPointerException: Cannot invoke "java.io.File.getAbsolutePath()" because the return value of "org.eclipse.wildwebdeveloper.embedder.node.NodeJSManager.getNodeJsLocation()" is null
	at org.eclipse.wildwebdeveloper.angular.AngularLanguageServer.<init>(AngularLanguageServer.java:43)
	at jdk.internal.reflect.GeneratedConstructorAccessor122.newInstance(Unknown Source)
	at java.base/jdk.internal.reflect.DelegatingConstructorAccessorImpl.newInstance(DelegatingConstructorAccessorImpl.java:45)
	at java.base/java.lang.reflect.Constructor.newInstanceWithCaller(Constructor.java:499)
	at java.base/java.lang.reflect.Constructor.newInstance(Constructor.java:480)
	at org.eclipse.core.internal.registry.osgi.RegistryStrategyOSGI.createExecutableExtension(RegistryStrategyOSGI.java:204)
	at org.eclipse.core.internal.registry.ExtensionRegistry.createExecutableExtension(ExtensionRegistry.java:920)
	at org.eclipse.core.internal.registry.ConfigurationElement.createExecutableExtension(ConfigurationElement.java:246)
	at org.eclipse.core.internal.registry.ConfigurationElementHandle.createExecutableExtension(ConfigurationElementHandle.java:63)
	at org.eclipse.lsp4e.LanguageServersRegistry$ExtensionLanguageServerDefinition.createConnectionProvider(LanguageServersRegistry.java:161)
	at org.eclipse.lsp4e.LanguageServerWrapper.lambda$0(LanguageServerWrapper.java:233)
	at java.base/java.util.concurrent.CompletableFuture$AsyncSupply.run(CompletableFuture.java:1768)
	at java.base/java.util.concurrent.CompletableFuture$AsyncSupply.exec(CompletableFuture.java:1760)
	at java.base/java.util.concurrent.ForkJoinTask.doExec(ForkJoinTask.java:373)
	at java.base/java.util.concurrent.ForkJoinPool$WorkQueue.topLevelExec(ForkJoinPool.java:1182)
	at java.base/java.util.concurrent.ForkJoinPool.scan(ForkJoinPool.java:1655)
	at java.base/java.util.concurrent.ForkJoinPool.runWorker(ForkJoinPool.java:1622)
	at java.base/java.util.concurrent.ForkJoinWorkerThread.run(ForkJoinWorkerThread.java:165)

!ENTRY org.eclipse.lsp4e 4 0 2025-12-22 22:01:38.316
!MESSAGE Exception occurred while creating an instance of the stream connection provider
!STACK 0
java.lang.RuntimeException: Exception occurred while creating an instance of the stream connection provider
	at org.eclipse.lsp4e.LanguageServersRegistry$ExtensionLanguageServerDefinition.createConnectionProvider(LanguageServersRegistry.java:164)
	at org.eclipse.lsp4e.LanguageServerWrapper.lambda$0(LanguageServerWrapper.java:233)
	at java.base/java.util.concurrent.CompletableFuture$AsyncSupply.run(CompletableFuture.java:1768)
	at java.base/java.util.concurrent.CompletableFuture$AsyncSupply.exec(CompletableFuture.java:1760)
	at java.base/java.util.concurrent.ForkJoinTask.doExec(ForkJoinTask.java:373)
	at java.base/java.util.concurrent.ForkJoinPool$WorkQueue.topLevelExec(ForkJoinPool.java:1182)
	at java.base/java.util.concurrent.ForkJoinPool.scan(ForkJoinPool.java:1655)
	at java.base/java.util.concurrent.ForkJoinPool.runWorker(ForkJoinPool.java:1622)
	at java.base/java.util.concurrent.ForkJoinWorkerThread.run(ForkJoinWorkerThread.java:165)
Caused by: org.eclipse.core.runtime.CoreException: プラグイン "org.eclipse.wildwebdeveloper" は、クラス "org.eclipse.wildwebdeveloper.angular.AngularLanguageServer" をインスタンス化できませんでした。
	at org.eclipse.core.internal.registry.osgi.RegistryStrategyOSGI.throwException(RegistryStrategyOSGI.java:212)
	at org.eclipse.core.internal.registry.osgi.RegistryStrategyOSGI.createExecutableExtension(RegistryStrategyOSGI.java:206)
	at org.eclipse.core.internal.registry.ExtensionRegistry.createExecutableExtension(ExtensionRegistry.java:920)
	at org.eclipse.core.internal.registry.ConfigurationElement.createExecutableExtension(ConfigurationElement.java:246)
	at org.eclipse.core.internal.registry.ConfigurationElementHandle.createExecutableExtension(ConfigurationElementHandle.java:63)
	at org.eclipse.lsp4e.LanguageServersRegistry$ExtensionLanguageServerDefinition.createConnectionProvider(LanguageServersRegistry.java:161)
	... 8 more
Caused by: java.lang.reflect.InvocationTargetException
	at jdk.internal.reflect.GeneratedConstructorAccessor122.newInstance(Unknown Source)
	at java.base/jdk.internal.reflect.DelegatingConstructorAccessorImpl.newInstance(DelegatingConstructorAccessorImpl.java:45)
	at java.base/java.lang.reflect.Constructor.newInstanceWithCaller(Constructor.java:499)
	at java.base/java.lang.reflect.Constructor.newInstance(Constructor.java:480)
	at org.eclipse.core.internal.registry.osgi.RegistryStrategyOSGI.createExecutableExtension(RegistryStrategyOSGI.java:204)
	... 12 more
Caused by: java.lang.NullPointerException: Cannot invoke "java.io.File.getAbsolutePath()" because the return value of "org.eclipse.wildwebdeveloper.embedder.node.NodeJSManager.getNodeJsLocation()" is null
	at org.eclipse.wildwebdeveloper.angular.AngularLanguageServer.<init>(AngularLanguageServer.java:43)
	... 17 more

!ENTRY org.eclipse.lsp4e 4 0 2025-12-22 22:01:38.316
!MESSAGE Cannot invoke "org.eclipse.lsp4e.server.StreamConnectionProvider.getInputStream()" because "this.lspStreamProvider" is null
!STACK 0
java.lang.NullPointerException: Cannot invoke "org.eclipse.lsp4e.server.StreamConnectionProvider.getInputStream()" because "this.lspStreamProvider" is null
	at org.eclipse.lsp4e.LanguageServerWrapper.lambda$1(LanguageServerWrapper.java:284)
	at java.base/java.util.concurrent.CompletableFuture$UniApply.tryFire(CompletableFuture.java:646)
	at java.base/java.util.concurrent.CompletableFuture.postComplete(CompletableFuture.java:510)
	at java.base/java.util.concurrent.CompletableFuture$AsyncSupply.run(CompletableFuture.java:1773)
	at java.base/java.util.concurrent.CompletableFuture$AsyncSupply.exec(CompletableFuture.java:1760)
	at java.base/java.util.concurrent.ForkJoinTask.doExec(ForkJoinTask.java:373)
	at java.base/java.util.concurrent.ForkJoinPool$WorkQueue.topLevelExec(ForkJoinPool.java:1182)
	at java.base/java.util.concurrent.ForkJoinPool.scan(ForkJoinPool.java:1655)
	at java.base/java.util.concurrent.ForkJoinPool.runWorker(ForkJoinPool.java:1622)
	at java.base/java.util.concurrent.ForkJoinWorkerThread.run(ForkJoinWorkerThread.java:165)

!ENTRY org.eclipse.lsp4e 4 0 2025-12-22 22:01:38.387
!MESSAGE プラグイン "org.eclipse.wildwebdeveloper" は、クラス "org.eclipse.wildwebdeveloper.angular.AngularLanguageServer" をインスタンス化できませんでした。
!STACK 1
org.eclipse.core.runtime.CoreException: プラグイン "org.eclipse.wildwebdeveloper" は、クラス "org.eclipse.wildwebdeveloper.angular.AngularLanguageServer" をインスタンス化できませんでした。
	at org.eclipse.core.internal.registry.osgi.RegistryStrategyOSGI.throwException(RegistryStrategyOSGI.java:212)
	at org.eclipse.core.internal.registry.osgi.RegistryStrategyOSGI.createExecutableExtension(RegistryStrategyOSGI.java:206)
	at org.eclipse.core.internal.registry.ExtensionRegistry.createExecutableExtension(ExtensionRegistry.java:920)
	at org.eclipse.core.internal.registry.ConfigurationElement.createExecutableExtension(ConfigurationElement.java:246)
	at org.eclipse.core.internal.registry.ConfigurationElementHandle.createExecutableExtension(ConfigurationElementHandle.java:63)
	at org.eclipse.lsp4e.LanguageServersRegistry$ExtensionLanguageServerDefinition.createConnectionProvider(LanguageServersRegistry.java:161)
	at org.eclipse.lsp4e.LanguageServerWrapper.lambda$0(LanguageServerWrapper.java:233)
	at java.base/java.util.concurrent.CompletableFuture$AsyncSupply.run(CompletableFuture.java:1768)
	at java.base/java.util.concurrent.CompletableFuture$AsyncSupply.exec(CompletableFuture.java:1760)
	at java.base/java.util.concurrent.ForkJoinTask.doExec(ForkJoinTask.java:373)
	at java.base/java.util.concurrent.ForkJoinPool$WorkQueue.topLevelExec(ForkJoinPool.java:1182)
	at java.base/java.util.concurrent.ForkJoinPool.scan(ForkJoinPool.java:1655)
	at java.base/java.util.concurrent.ForkJoinPool.runWorker(ForkJoinPool.java:1622)
	at java.base/java.util.concurrent.ForkJoinWorkerThread.run(ForkJoinWorkerThread.java:165)
Caused by: java.lang.reflect.InvocationTargetException
	at jdk.internal.reflect.GeneratedConstructorAccessor122.newInstance(Unknown Source)
	at java.base/jdk.internal.reflect.DelegatingConstructorAccessorImpl.newInstance(DelegatingConstructorAccessorImpl.java:45)
	at java.base/java.lang.reflect.Constructor.newInstanceWithCaller(Constructor.java:499)
	at java.base/java.lang.reflect.Constructor.newInstance(Constructor.java:480)
	at org.eclipse.core.internal.registry.osgi.RegistryStrategyOSGI.createExecutableExtension(RegistryStrategyOSGI.java:204)
	... 12 more
Caused by: java.lang.NullPointerException: Cannot invoke "java.io.File.getAbsolutePath()" because the return value of "org.eclipse.wildwebdeveloper.embedder.node.NodeJSManager.getNodeJsLocation()" is null
	at org.eclipse.wildwebdeveloper.angular.AngularLanguageServer.<init>(AngularLanguageServer.java:43)
	... 17 more
!SUBENTRY 1 org.eclipse.equinox.registry 4 1 2025-12-22 22:01:38.387
!MESSAGE プラグイン "org.eclipse.wildwebdeveloper" は、クラス "org.eclipse.wildwebdeveloper.angular.AngularLanguageServer" をインスタンス化できませんでした。
!STACK 0
java.lang.reflect.InvocationTargetException
	at jdk.internal.reflect.GeneratedConstructorAccessor122.newInstance(Unknown Source)
	at java.base/jdk.internal.reflect.DelegatingConstructorAccessorImpl.newInstance(DelegatingConstructorAccessorImpl.java:45)
	at java.base/java.lang.reflect.Constructor.newInstanceWithCaller(Constructor.java:499)
	at java.base/java.lang.reflect.Constructor.newInstance(Constructor.java:480)
	at org.eclipse.core.internal.registry.osgi.RegistryStrategyOSGI.createExecutableExtension(RegistryStrategyOSGI.java:204)
	at org.eclipse.core.internal.registry.ExtensionRegistry.createExecutableExtension(ExtensionRegistry.java:920)
	at org.eclipse.core.internal.registry.ConfigurationElement.createExecutableExtension(ConfigurationElement.java:246)
	at org.eclipse.core.internal.registry.ConfigurationElementHandle.createExecutableExtension(ConfigurationElementHandle.java:63)
	at org.eclipse.lsp4e.LanguageServersRegistry$ExtensionLanguageServerDefinition.createConnectionProvider(LanguageServersRegistry.java:161)
	at org.eclipse.lsp4e.LanguageServerWrapper.lambda$0(LanguageServerWrapper.java:233)
	at java.base/java.util.concurrent.CompletableFuture$AsyncSupply.run(CompletableFuture.java:1768)
	at java.base/java.util.concurrent.CompletableFuture$AsyncSupply.exec(CompletableFuture.java:1760)
	at java.base/java.util.concurrent.ForkJoinTask.doExec(ForkJoinTask.java:373)
	at java.base/java.util.concurrent.ForkJoinPool$WorkQueue.topLevelExec(ForkJoinPool.java:1182)
	at java.base/java.util.concurrent.ForkJoinPool.scan(ForkJoinPool.java:1655)
	at java.base/java.util.concurrent.ForkJoinPool.runWorker(ForkJoinPool.java:1622)
	at java.base/java.util.concurrent.ForkJoinWorkerThread.run(ForkJoinWorkerThread.java:165)
Caused by: java.lang.NullPointerException: Cannot invoke "java.io.File.getAbsolutePath()" because the return value of "org.eclipse.wildwebdeveloper.embedder.node.NodeJSManager.getNodeJsLocation()" is null
	at org.eclipse.wildwebdeveloper.angular.AngularLanguageServer.<init>(AngularLanguageServer.java:43)
	... 17 more
Root exception:
java.lang.NullPointerException: Cannot invoke "java.io.File.getAbsolutePath()" because the return value of "org.eclipse.wildwebdeveloper.embedder.node.NodeJSManager.getNodeJsLocation()" is null
	at org.eclipse.wildwebdeveloper.angular.AngularLanguageServer.<init>(AngularLanguageServer.java:43)
	at jdk.internal.reflect.GeneratedConstructorAccessor122.newInstance(Unknown Source)
	at java.base/jdk.internal.reflect.DelegatingConstructorAccessorImpl.newInstance(DelegatingConstructorAccessorImpl.java:45)
	at java.base/java.lang.reflect.Constructor.newInstanceWithCaller(Constructor.java:499)
	at java.base/java.lang.reflect.Constructor.newInstance(Constructor.java:480)
	at org.eclipse.core.internal.registry.osgi.RegistryStrategyOSGI.createExecutableExtension(RegistryStrategyOSGI.java:204)
	at org.eclipse.core.internal.registry.ExtensionRegistry.createExecutableExtension(ExtensionRegistry.java:920)
	at org.eclipse.core.internal.registry.ConfigurationElement.createExecutableExtension(ConfigurationElement.java:246)
	at org.eclipse.core.internal.registry.ConfigurationElementHandle.createExecutableExtension(ConfigurationElementHandle.java:63)
	at org.eclipse.lsp4e.LanguageServersRegistry$ExtensionLanguageServerDefinition.createConnectionProvider(LanguageServersRegistry.java:161)
	at org.eclipse.lsp4e.LanguageServerWrapper.lambda$0(LanguageServerWrapper.java:233)
	at java.base/java.util.concurrent.CompletableFuture$AsyncSupply.run(CompletableFuture.java:1768)
	at java.base/java.util.concurrent.CompletableFuture$AsyncSupply.exec(CompletableFuture.java:1760)
	at java.base/java.util.concurrent.ForkJoinTask.doExec(ForkJoinTask.java:373)
	at java.base/java.util.concurrent.ForkJoinPool$WorkQueue.topLevelExec(ForkJoinPool.java:1182)
	at java.base/java.util.concurrent.ForkJoinPool.scan(ForkJoinPool.java:1655)
	at java.base/java.util.concurrent.ForkJoinPool.runWorker(ForkJoinPool.java:1622)
	at java.base/java.util.concurrent.ForkJoinWorkerThread.run(ForkJoinWorkerThread.java:165)

!ENTRY org.eclipse.lsp4e 4 0 2025-12-22 22:01:38.387
!MESSAGE Exception occurred while creating an instance of the stream connection provider
!STACK 0
java.lang.RuntimeException: Exception occurred while creating an instance of the stream connection provider
	at org.eclipse.lsp4e.LanguageServersRegistry$ExtensionLanguageServerDefinition.createConnectionProvider(LanguageServersRegistry.java:164)
	at org.eclipse.lsp4e.LanguageServerWrapper.lambda$0(LanguageServerWrapper.java:233)
	at java.base/java.util.concurrent.CompletableFuture$AsyncSupply.run(CompletableFuture.java:1768)
	at java.base/java.util.concurrent.CompletableFuture$AsyncSupply.exec(CompletableFuture.java:1760)
	at java.base/java.util.concurrent.ForkJoinTask.doExec(ForkJoinTask.java:373)
	at java.base/java.util.concurrent.ForkJoinPool$WorkQueue.topLevelExec(ForkJoinPool.java:1182)
	at java.base/java.util.concurrent.ForkJoinPool.scan(ForkJoinPool.java:1655)
	at java.base/java.util.concurrent.ForkJoinPool.runWorker(ForkJoinPool.java:1622)
	at java.base/java.util.concurrent.ForkJoinWorkerThread.run(ForkJoinWorkerThread.java:165)
Caused by: org.eclipse.core.runtime.CoreException: プラグイン "org.eclipse.wildwebdeveloper" は、クラス "org.eclipse.wildwebdeveloper.angular.AngularLanguageServer" をインスタンス化できませんでした。
	at org.eclipse.core.internal.registry.osgi.RegistryStrategyOSGI.throwException(RegistryStrategyOSGI.java:212)
	at org.eclipse.core.internal.registry.osgi.RegistryStrategyOSGI.createExecutableExtension(RegistryStrategyOSGI.java:206)
	at org.eclipse.core.internal.registry.ExtensionRegistry.createExecutableExtension(ExtensionRegistry.java:920)
	at org.eclipse.core.internal.registry.ConfigurationElement.createExecutableExtension(ConfigurationElement.java:246)
	at org.eclipse.core.internal.registry.ConfigurationElementHandle.createExecutableExtension(ConfigurationElementHandle.java:63)
	at org.eclipse.lsp4e.LanguageServersRegistry$ExtensionLanguageServerDefinition.createConnectionProvider(LanguageServersRegistry.java:161)
	... 8 more
Caused by: java.lang.reflect.InvocationTargetException
	at jdk.internal.reflect.GeneratedConstructorAccessor122.newInstance(Unknown Source)
	at java.base/jdk.internal.reflect.DelegatingConstructorAccessorImpl.newInstance(DelegatingConstructorAccessorImpl.java:45)
	at java.base/java.lang.reflect.Constructor.newInstanceWithCaller(Constructor.java:499)
	at java.base/java.lang.reflect.Constructor.newInstance(Constructor.java:480)
	at org.eclipse.core.internal.registry.osgi.RegistryStrategyOSGI.createExecutableExtension(RegistryStrategyOSGI.java:204)
	... 12 more
Caused by: java.lang.NullPointerException: Cannot invoke "java.io.File.getAbsolutePath()" because the return value of "org.eclipse.wildwebdeveloper.embedder.node.NodeJSManager.getNodeJsLocation()" is null
	at org.eclipse.wildwebdeveloper.angular.AngularLanguageServer.<init>(AngularLanguageServer.java:43)
	... 17 more

!ENTRY org.eclipse.lsp4e 4 0 2025-12-22 22:01:38.388
!MESSAGE Cannot invoke "org.eclipse.lsp4e.server.StreamConnectionProvider.getInputStream()" because "this.lspStreamProvider" is null
!STACK 0
java.lang.NullPointerException: Cannot invoke "org.eclipse.lsp4e.server.StreamConnectionProvider.getInputStream()" because "this.lspStreamProvider" is null
	at org.eclipse.lsp4e.LanguageServerWrapper.lambda$1(LanguageServerWrapper.java:284)
	at java.base/java.util.concurrent.CompletableFuture$UniApply.tryFire(CompletableFuture.java:646)
	at java.base/java.util.concurrent.CompletableFuture.postComplete(CompletableFuture.java:510)
	at java.base/java.util.concurrent.CompletableFuture$AsyncSupply.run(CompletableFuture.java:1773)
	at java.base/java.util.concurrent.CompletableFuture$AsyncSupply.exec(CompletableFuture.java:1760)
	at java.base/java.util.concurrent.ForkJoinTask.doExec(ForkJoinTask.java:373)
	at java.base/java.util.concurrent.ForkJoinPool$WorkQueue.topLevelExec(ForkJoinPool.java:1182)
	at java.base/java.util.concurrent.ForkJoinPool.scan(ForkJoinPool.java:1655)
	at java.base/java.util.concurrent.ForkJoinPool.runWorker(ForkJoinPool.java:1622)
	at java.base/java.util.concurrent.ForkJoinWorkerThread.run(ForkJoinWorkerThread.java:165)

!ENTRY org.eclipse.lsp4e 4 0 2025-12-22 22:01:38.392
!MESSAGE プラグイン "org.eclipse.wildwebdeveloper" は、クラス "org.eclipse.wildwebdeveloper.html.HTMLLanguageServer" をインスタンス化できませんでした。
!STACK 1
org.eclipse.core.runtime.CoreException: プラグイン "org.eclipse.wildwebdeveloper" は、クラス "org.eclipse.wildwebdeveloper.html.HTMLLanguageServer" をインスタンス化できませんでした。
	at org.eclipse.core.internal.registry.osgi.RegistryStrategyOSGI.throwException(RegistryStrategyOSGI.java:212)
	at org.eclipse.core.internal.registry.osgi.RegistryStrategyOSGI.createExecutableExtension(RegistryStrategyOSGI.java:206)
	at org.eclipse.core.internal.registry.ExtensionRegistry.createExecutableExtension(ExtensionRegistry.java:920)
	at org.eclipse.core.internal.registry.ConfigurationElement.createExecutableExtension(ConfigurationElement.java:246)
	at org.eclipse.core.internal.registry.ConfigurationElementHandle.createExecutableExtension(ConfigurationElementHandle.java:63)
	at org.eclipse.lsp4e.LanguageServersRegistry$ExtensionLanguageServerDefinition.createConnectionProvider(LanguageServersRegistry.java:161)
	at org.eclipse.lsp4e.LanguageServerWrapper.lambda$0(LanguageServerWrapper.java:233)
	at java.base/java.util.concurrent.CompletableFuture$AsyncSupply.run(CompletableFuture.java:1768)
	at java.base/java.util.concurrent.CompletableFuture$AsyncSupply.exec(CompletableFuture.java:1760)
	at java.base/java.util.concurrent.ForkJoinTask.doExec(ForkJoinTask.java:373)
	at java.base/java.util.concurrent.ForkJoinPool$WorkQueue.topLevelExec(ForkJoinPool.java:1182)
	at java.base/java.util.concurrent.ForkJoinPool.scan(ForkJoinPool.java:1655)
	at java.base/java.util.concurrent.ForkJoinPool.runWorker(ForkJoinPool.java:1622)
	at java.base/java.util.concurrent.ForkJoinWorkerThread.run(ForkJoinWorkerThread.java:165)
Caused by: java.lang.reflect.InvocationTargetException
	at jdk.internal.reflect.GeneratedConstructorAccessor123.newInstance(Unknown Source)
	at java.base/jdk.internal.reflect.DelegatingConstructorAccessorImpl.newInstance(DelegatingConstructorAccessorImpl.java:45)
	at java.base/java.lang.reflect.Constructor.newInstanceWithCaller(Constructor.java:499)
	at java.base/java.lang.reflect.Constructor.newInstance(Constructor.java:480)
	at org.eclipse.core.internal.registry.osgi.RegistryStrategyOSGI.createExecutableExtension(RegistryStrategyOSGI.java:204)
	... 12 more
Caused by: java.lang.NullPointerException: Cannot invoke "java.io.File.getAbsolutePath()" because the return value of "org.eclipse.wildwebdeveloper.embedder.node.NodeJSManager.getNodeJsLocation()" is null
	at org.eclipse.wildwebdeveloper.html.HTMLLanguageServer.<init>(HTMLLanguageServer.java:40)
	... 17 more
!SUBENTRY 1 org.eclipse.equinox.registry 4 1 2025-12-22 22:01:38.392
!MESSAGE プラグイン "org.eclipse.wildwebdeveloper" は、クラス "org.eclipse.wildwebdeveloper.html.HTMLLanguageServer" をインスタンス化できませんでした。
!STACK 0
java.lang.reflect.InvocationTargetException
	at jdk.internal.reflect.GeneratedConstructorAccessor123.newInstance(Unknown Source)
	at java.base/jdk.internal.reflect.DelegatingConstructorAccessorImpl.newInstance(DelegatingConstructorAccessorImpl.java:45)
	at java.base/java.lang.reflect.Constructor.newInstanceWithCaller(Constructor.java:499)
	at java.base/java.lang.reflect.Constructor.newInstance(Constructor.java:480)
	at org.eclipse.core.internal.registry.osgi.RegistryStrategyOSGI.createExecutableExtension(RegistryStrategyOSGI.java:204)
	at org.eclipse.core.internal.registry.ExtensionRegistry.createExecutableExtension(ExtensionRegistry.java:920)
	at org.eclipse.core.internal.registry.ConfigurationElement.createExecutableExtension(ConfigurationElement.java:246)
	at org.eclipse.core.internal.registry.ConfigurationElementHandle.createExecutableExtension(ConfigurationElementHandle.java:63)
	at org.eclipse.lsp4e.LanguageServersRegistry$ExtensionLanguageServerDefinition.createConnectionProvider(LanguageServersRegistry.java:161)
	at org.eclipse.lsp4e.LanguageServerWrapper.lambda$0(LanguageServerWrapper.java:233)
	at java.base/java.util.concurrent.CompletableFuture$AsyncSupply.run(CompletableFuture.java:1768)
	at java.base/java.util.concurrent.CompletableFuture$AsyncSupply.exec(CompletableFuture.java:1760)
	at java.base/java.util.concurrent.ForkJoinTask.doExec(ForkJoinTask.java:373)
	at java.base/java.util.concurrent.ForkJoinPool$WorkQueue.topLevelExec(ForkJoinPool.java:1182)
	at java.base/java.util.concurrent.ForkJoinPool.scan(ForkJoinPool.java:1655)
	at java.base/java.util.concurrent.ForkJoinPool.runWorker(ForkJoinPool.java:1622)
	at java.base/java.util.concurrent.ForkJoinWorkerThread.run(ForkJoinWorkerThread.java:165)
Caused by: java.lang.NullPointerException: Cannot invoke "java.io.File.getAbsolutePath()" because the return value of "org.eclipse.wildwebdeveloper.embedder.node.NodeJSManager.getNodeJsLocation()" is null
	at org.eclipse.wildwebdeveloper.html.HTMLLanguageServer.<init>(HTMLLanguageServer.java:40)
	... 17 more
Root exception:
java.lang.NullPointerException: Cannot invoke "java.io.File.getAbsolutePath()" because the return value of "org.eclipse.wildwebdeveloper.embedder.node.NodeJSManager.getNodeJsLocation()" is null
	at org.eclipse.wildwebdeveloper.html.HTMLLanguageServer.<init>(HTMLLanguageServer.java:40)
	at jdk.internal.reflect.GeneratedConstructorAccessor123.newInstance(Unknown Source)
	at java.base/jdk.internal.reflect.DelegatingConstructorAccessorImpl.newInstance(DelegatingConstructorAccessorImpl.java:45)
	at java.base/java.lang.reflect.Constructor.newInstanceWithCaller(Constructor.java:499)
	at java.base/java.lang.reflect.Constructor.newInstance(Constructor.java:480)
	at org.eclipse.core.internal.registry.osgi.RegistryStrategyOSGI.createExecutableExtension(RegistryStrategyOSGI.java:204)
	at org.eclipse.core.internal.registry.ExtensionRegistry.createExecutableExtension(ExtensionRegistry.java:920)
	at org.eclipse.core.internal.registry.ConfigurationElement.createExecutableExtension(ConfigurationElement.java:246)
	at org.eclipse.core.internal.registry.ConfigurationElementHandle.createExecutableExtension(ConfigurationElementHandle.java:63)
	at org.eclipse.lsp4e.LanguageServersRegistry$ExtensionLanguageServerDefinition.createConnectionProvider(LanguageServersRegistry.java:161)
	at org.eclipse.lsp4e.LanguageServerWrapper.lambda$0(LanguageServerWrapper.java:233)
	at java.base/java.util.concurrent.CompletableFuture$AsyncSupply.run(CompletableFuture.java:1768)
	at java.base/java.util.concurrent.CompletableFuture$AsyncSupply.exec(CompletableFuture.java:1760)
	at java.base/java.util.concurrent.ForkJoinTask.doExec(ForkJoinTask.java:373)
	at java.base/java.util.concurrent.ForkJoinPool$WorkQueue.topLevelExec(ForkJoinPool.java:1182)
	at java.base/java.util.concurrent.ForkJoinPool.scan(ForkJoinPool.java:1655)
	at java.base/java.util.concurrent.ForkJoinPool.runWorker(ForkJoinPool.java:1622)
	at java.base/java.util.concurrent.ForkJoinWorkerThread.run(ForkJoinWorkerThread.java:165)

!ENTRY org.eclipse.lsp4e 4 0 2025-12-22 22:01:38.393
!MESSAGE Exception occurred while creating an instance of the stream connection provider
!STACK 0
java.lang.RuntimeException: Exception occurred while creating an instance of the stream connection provider
	at org.eclipse.lsp4e.LanguageServersRegistry$ExtensionLanguageServerDefinition.createConnectionProvider(LanguageServersRegistry.java:164)
	at org.eclipse.lsp4e.LanguageServerWrapper.lambda$0(LanguageServerWrapper.java:233)
	at java.base/java.util.concurrent.CompletableFuture$AsyncSupply.run(CompletableFuture.java:1768)
	at java.base/java.util.concurrent.CompletableFuture$AsyncSupply.exec(CompletableFuture.java:1760)
	at java.base/java.util.concurrent.ForkJoinTask.doExec(ForkJoinTask.java:373)
	at java.base/java.util.concurrent.ForkJoinPool$WorkQueue.topLevelExec(ForkJoinPool.java:1182)
	at java.base/java.util.concurrent.ForkJoinPool.scan(ForkJoinPool.java:1655)
	at java.base/java.util.concurrent.ForkJoinPool.runWorker(ForkJoinPool.java:1622)
	at java.base/java.util.concurrent.ForkJoinWorkerThread.run(ForkJoinWorkerThread.java:165)
Caused by: org.eclipse.core.runtime.CoreException: プラグイン "org.eclipse.wildwebdeveloper" は、クラス "org.eclipse.wildwebdeveloper.html.HTMLLanguageServer" をインスタンス化できませんでした。
	at org.eclipse.core.internal.registry.osgi.RegistryStrategyOSGI.throwException(RegistryStrategyOSGI.java:212)
	at org.eclipse.core.internal.registry.osgi.RegistryStrategyOSGI.createExecutableExtension(RegistryStrategyOSGI.java:206)
	at org.eclipse.core.internal.registry.ExtensionRegistry.createExecutableExtension(ExtensionRegistry.java:920)
	at org.eclipse.core.internal.registry.ConfigurationElement.createExecutableExtension(ConfigurationElement.java:246)
	at org.eclipse.core.internal.registry.ConfigurationElementHandle.createExecutableExtension(ConfigurationElementHandle.java:63)
	at org.eclipse.lsp4e.LanguageServersRegistry$ExtensionLanguageServerDefinition.createConnectionProvider(LanguageServersRegistry.java:161)
	... 8 more
Caused by: java.lang.reflect.InvocationTargetException
	at jdk.internal.reflect.GeneratedConstructorAccessor123.newInstance(Unknown Source)
	at java.base/jdk.internal.reflect.DelegatingConstructorAccessorImpl.newInstance(DelegatingConstructorAccessorImpl.java:45)
	at java.base/java.lang.reflect.Constructor.newInstanceWithCaller(Constructor.java:499)
	at java.base/java.lang.reflect.Constructor.newInstance(Constructor.java:480)
	at org.eclipse.core.internal.registry.osgi.RegistryStrategyOSGI.createExecutableExtension(RegistryStrategyOSGI.java:204)
	... 12 more
Caused by: java.lang.NullPointerException: Cannot invoke "java.io.File.getAbsolutePath()" because the return value of "org.eclipse.wildwebdeveloper.embedder.node.NodeJSManager.getNodeJsLocation()" is null
	at org.eclipse.wildwebdeveloper.html.HTMLLanguageServer.<init>(HTMLLanguageServer.java:40)
	... 17 more

!ENTRY org.eclipse.lsp4e 4 0 2025-12-22 22:01:38.393
!MESSAGE Cannot invoke "org.eclipse.lsp4e.server.StreamConnectionProvider.getInputStream()" because "this.lspStreamProvider" is null
!STACK 0
java.lang.NullPointerException: Cannot invoke "org.eclipse.lsp4e.server.StreamConnectionProvider.getInputStream()" because "this.lspStreamProvider" is null
	at org.eclipse.lsp4e.LanguageServerWrapper.lambda$1(LanguageServerWrapper.java:284)
	at java.base/java.util.concurrent.CompletableFuture$UniApply.tryFire(CompletableFuture.java:646)
	at java.base/java.util.concurrent.CompletableFuture.postComplete(CompletableFuture.java:510)
	at java.base/java.util.concurrent.CompletableFuture$AsyncSupply.run(CompletableFuture.java:1773)
	at java.base/java.util.concurrent.CompletableFuture$AsyncSupply.exec(CompletableFuture.java:1760)
	at java.base/java.util.concurrent.ForkJoinTask.doExec(ForkJoinTask.java:373)
	at java.base/java.util.concurrent.ForkJoinPool$WorkQueue.topLevelExec(ForkJoinPool.java:1182)
	at java.base/java.util.concurrent.ForkJoinPool.scan(ForkJoinPool.java:1655)
	at java.base/java.util.concurrent.ForkJoinPool.runWorker(ForkJoinPool.java:1622)
	at java.base/java.util.concurrent.ForkJoinWorkerThread.run(ForkJoinWorkerThread.java:165)

!ENTRY org.eclipse.lsp4e 4 0 2025-12-22 22:01:38.465
!MESSAGE プラグイン "org.eclipse.wildwebdeveloper" は、クラス "org.eclipse.wildwebdeveloper.angular.AngularLanguageServer" をインスタンス化できませんでした。
!STACK 1
org.eclipse.core.runtime.CoreException: プラグイン "org.eclipse.wildwebdeveloper" は、クラス "org.eclipse.wildwebdeveloper.angular.AngularLanguageServer" をインスタンス化できませんでした。
	at org.eclipse.core.internal.registry.osgi.RegistryStrategyOSGI.throwException(RegistryStrategyOSGI.java:212)
	at org.eclipse.core.internal.registry.osgi.RegistryStrategyOSGI.createExecutableExtension(RegistryStrategyOSGI.java:206)
	at org.eclipse.core.internal.registry.ExtensionRegistry.createExecutableExtension(ExtensionRegistry.java:920)
	at org.eclipse.core.internal.registry.ConfigurationElement.createExecutableExtension(ConfigurationElement.java:246)
	at org.eclipse.core.internal.registry.ConfigurationElementHandle.createExecutableExtension(ConfigurationElementHandle.java:63)
	at org.eclipse.lsp4e.LanguageServersRegistry$ExtensionLanguageServerDefinition.createConnectionProvider(LanguageServersRegistry.java:161)
	at org.eclipse.lsp4e.LanguageServerWrapper.lambda$0(LanguageServerWrapper.java:233)
	at java.base/java.util.concurrent.CompletableFuture$AsyncSupply.run(CompletableFuture.java:1768)
	at java.base/java.util.concurrent.CompletableFuture$AsyncSupply.exec(CompletableFuture.java:1760)
	at java.base/java.util.concurrent.ForkJoinTask.doExec(ForkJoinTask.java:373)
	at java.base/java.util.concurrent.ForkJoinPool$WorkQueue.topLevelExec(ForkJoinPool.java:1182)
	at java.base/java.util.concurrent.ForkJoinPool.scan(ForkJoinPool.java:1655)
	at java.base/java.util.concurrent.ForkJoinPool.runWorker(ForkJoinPool.java:1622)
	at java.base/java.util.concurrent.ForkJoinWorkerThread.run(ForkJoinWorkerThread.java:165)
Caused by: java.lang.reflect.InvocationTargetException
	at jdk.internal.reflect.GeneratedConstructorAccessor122.newInstance(Unknown Source)
	at java.base/jdk.internal.reflect.DelegatingConstructorAccessorImpl.newInstance(DelegatingConstructorAccessorImpl.java:45)
	at java.base/java.lang.reflect.Constructor.newInstanceWithCaller(Constructor.java:499)
	at java.base/java.lang.reflect.Constructor.newInstance(Constructor.java:480)
	at org.eclipse.core.internal.registry.osgi.RegistryStrategyOSGI.createExecutableExtension(RegistryStrategyOSGI.java:204)
	... 12 more
Caused by: java.lang.NullPointerException: Cannot invoke "java.io.File.getAbsolutePath()" because the return value of "org.eclipse.wildwebdeveloper.embedder.node.NodeJSManager.getNodeJsLocation()" is null
	at org.eclipse.wildwebdeveloper.angular.AngularLanguageServer.<init>(AngularLanguageServer.java:43)
	... 17 more
!SUBENTRY 1 org.eclipse.equinox.registry 4 1 2025-12-22 22:01:38.465
!MESSAGE プラグイン "org.eclipse.wildwebdeveloper" は、クラス "org.eclipse.wildwebdeveloper.angular.AngularLanguageServer" をインスタンス化できませんでした。
!STACK 0
java.lang.reflect.InvocationTargetException
	at jdk.internal.reflect.GeneratedConstructorAccessor122.newInstance(Unknown Source)
	at java.base/jdk.internal.reflect.DelegatingConstructorAccessorImpl.newInstance(DelegatingConstructorAccessorImpl.java:45)
	at java.base/java.lang.reflect.Constructor.newInstanceWithCaller(Constructor.java:499)
	at java.base/java.lang.reflect.Constructor.newInstance(Constructor.java:480)
	at org.eclipse.core.internal.registry.osgi.RegistryStrategyOSGI.createExecutableExtension(RegistryStrategyOSGI.java:204)
	at org.eclipse.core.internal.registry.ExtensionRegistry.createExecutableExtension(ExtensionRegistry.java:920)
	at org.eclipse.core.internal.registry.ConfigurationElement.createExecutableExtension(ConfigurationElement.java:246)
	at org.eclipse.core.internal.registry.ConfigurationElementHandle.createExecutableExtension(ConfigurationElementHandle.java:63)
	at org.eclipse.lsp4e.LanguageServersRegistry$ExtensionLanguageServerDefinition.createConnectionProvider(LanguageServersRegistry.java:161)
	at org.eclipse.lsp4e.LanguageServerWrapper.lambda$0(LanguageServerWrapper.java:233)
	at java.base/java.util.concurrent.CompletableFuture$AsyncSupply.run(CompletableFuture.java:1768)
	at java.base/java.util.concurrent.CompletableFuture$AsyncSupply.exec(CompletableFuture.java:1760)
	at java.base/java.util.concurrent.ForkJoinTask.doExec(ForkJoinTask.java:373)
	at java.base/java.util.concurrent.ForkJoinPool$WorkQueue.topLevelExec(ForkJoinPool.java:1182)
	at java.base/java.util.concurrent.ForkJoinPool.scan(ForkJoinPool.java:1655)
	at java.base/java.util.concurrent.ForkJoinPool.runWorker(ForkJoinPool.java:1622)
	at java.base/java.util.concurrent.ForkJoinWorkerThread.run(ForkJoinWorkerThread.java:165)
Caused by: java.lang.NullPointerException: Cannot invoke "java.io.File.getAbsolutePath()" because the return value of "org.eclipse.wildwebdeveloper.embedder.node.NodeJSManager.getNodeJsLocation()" is null
	at org.eclipse.wildwebdeveloper.angular.AngularLanguageServer.<init>(AngularLanguageServer.java:43)
	... 17 more
Root exception:
java.lang.NullPointerException: Cannot invoke "java.io.File.getAbsolutePath()" because the return value of "org.eclipse.wildwebdeveloper.embedder.node.NodeJSManager.getNodeJsLocation()" is null
	at org.eclipse.wildwebdeveloper.angular.AngularLanguageServer.<init>(AngularLanguageServer.java:43)
	at jdk.internal.reflect.GeneratedConstructorAccessor122.newInstance(Unknown Source)
	at java.base/jdk.internal.reflect.DelegatingConstructorAccessorImpl.newInstance(DelegatingConstructorAccessorImpl.java:45)
	at java.base/java.lang.reflect.Constructor.newInstanceWithCaller(Constructor.java:499)
	at java.base/java.lang.reflect.Constructor.newInstance(Constructor.java:480)
	at org.eclipse.core.internal.registry.osgi.RegistryStrategyOSGI.createExecutableExtension(RegistryStrategyOSGI.java:204)
	at org.eclipse.core.internal.registry.ExtensionRegistry.createExecutableExtension(ExtensionRegistry.java:920)
	at org.eclipse.core.internal.registry.ConfigurationElement.createExecutableExtension(ConfigurationElement.java:246)
	at org.eclipse.core.internal.registry.ConfigurationElementHandle.createExecutableExtension(ConfigurationElementHandle.java:63)
	at org.eclipse.lsp4e.LanguageServersRegistry$ExtensionLanguageServerDefinition.createConnectionProvider(LanguageServersRegistry.java:161)
	at org.eclipse.lsp4e.LanguageServerWrapper.lambda$0(LanguageServerWrapper.java:233)
	at java.base/java.util.concurrent.CompletableFuture$AsyncSupply.run(CompletableFuture.java:1768)
	at java.base/java.util.concurrent.CompletableFuture$AsyncSupply.exec(CompletableFuture.java:1760)
	at java.base/java.util.concurrent.ForkJoinTask.doExec(ForkJoinTask.java:373)
	at java.base/java.util.concurrent.ForkJoinPool$WorkQueue.topLevelExec(ForkJoinPool.java:1182)
	at java.base/java.util.concurrent.ForkJoinPool.scan(ForkJoinPool.java:1655)
	at java.base/java.util.concurrent.ForkJoinPool.runWorker(ForkJoinPool.java:1622)
	at java.base/java.util.concurrent.ForkJoinWorkerThread.run(ForkJoinWorkerThread.java:165)

!ENTRY org.eclipse.lsp4e 4 0 2025-12-22 22:01:38.466
!MESSAGE Exception occurred while creating an instance of the stream connection provider
!STACK 0
java.lang.RuntimeException: Exception occurred while creating an instance of the stream connection provider
	at org.eclipse.lsp4e.LanguageServersRegistry$ExtensionLanguageServerDefinition.createConnectionProvider(LanguageServersRegistry.java:164)
	at org.eclipse.lsp4e.LanguageServerWrapper.lambda$0(LanguageServerWrapper.java:233)
	at java.base/java.util.concurrent.CompletableFuture$AsyncSupply.run(CompletableFuture.java:1768)
	at java.base/java.util.concurrent.CompletableFuture$AsyncSupply.exec(CompletableFuture.java:1760)
	at java.base/java.util.concurrent.ForkJoinTask.doExec(ForkJoinTask.java:373)
	at java.base/java.util.concurrent.ForkJoinPool$WorkQueue.topLevelExec(ForkJoinPool.java:1182)
	at java.base/java.util.concurrent.ForkJoinPool.scan(ForkJoinPool.java:1655)
	at java.base/java.util.concurrent.ForkJoinPool.runWorker(ForkJoinPool.java:1622)
	at java.base/java.util.concurrent.ForkJoinWorkerThread.run(ForkJoinWorkerThread.java:165)
Caused by: org.eclipse.core.runtime.CoreException: プラグイン "org.eclipse.wildwebdeveloper" は、クラス "org.eclipse.wildwebdeveloper.angular.AngularLanguageServer" をインスタンス化できませんでした。
	at org.eclipse.core.internal.registry.osgi.RegistryStrategyOSGI.throwException(RegistryStrategyOSGI.java:212)
	at org.eclipse.core.internal.registry.osgi.RegistryStrategyOSGI.createExecutableExtension(RegistryStrategyOSGI.java:206)
	at org.eclipse.core.internal.registry.ExtensionRegistry.createExecutableExtension(ExtensionRegistry.java:920)
	at org.eclipse.core.internal.registry.ConfigurationElement.createExecutableExtension(ConfigurationElement.java:246)
	at org.eclipse.core.internal.registry.ConfigurationElementHandle.createExecutableExtension(ConfigurationElementHandle.java:63)
	at org.eclipse.lsp4e.LanguageServersRegistry$ExtensionLanguageServerDefinition.createConnectionProvider(LanguageServersRegistry.java:161)
	... 8 more
Caused by: java.lang.reflect.InvocationTargetException
	at jdk.internal.reflect.GeneratedConstructorAccessor122.newInstance(Unknown Source)
	at java.base/jdk.internal.reflect.DelegatingConstructorAccessorImpl.newInstance(DelegatingConstructorAccessorImpl.java:45)
	at java.base/java.lang.reflect.Constructor.newInstanceWithCaller(Constructor.java:499)
	at java.base/java.lang.reflect.Constructor.newInstance(Constructor.java:480)
	at org.eclipse.core.internal.registry.osgi.RegistryStrategyOSGI.createExecutableExtension(RegistryStrategyOSGI.java:204)
	... 12 more
Caused by: java.lang.NullPointerException: Cannot invoke "java.io.File.getAbsolutePath()" because the return value of "org.eclipse.wildwebdeveloper.embedder.node.NodeJSManager.getNodeJsLocation()" is null
	at org.eclipse.wildwebdeveloper.angular.AngularLanguageServer.<init>(AngularLanguageServer.java:43)
	... 17 more

!ENTRY org.eclipse.lsp4e 4 0 2025-12-22 22:01:38.466
!MESSAGE Cannot invoke "org.eclipse.lsp4e.server.StreamConnectionProvider.getInputStream()" because "this.lspStreamProvider" is null
!STACK 0
java.lang.NullPointerException: Cannot invoke "org.eclipse.lsp4e.server.StreamConnectionProvider.getInputStream()" because "this.lspStreamProvider" is null
	at org.eclipse.lsp4e.LanguageServerWrapper.lambda$1(LanguageServerWrapper.java:284)
	at java.base/java.util.concurrent.CompletableFuture$UniApply.tryFire(CompletableFuture.java:646)
	at java.base/java.util.concurrent.CompletableFuture.postComplete(CompletableFuture.java:510)
	at java.base/java.util.concurrent.CompletableFuture$AsyncSupply.run(CompletableFuture.java:1773)
	at java.base/java.util.concurrent.CompletableFuture$AsyncSupply.exec(CompletableFuture.java:1760)
	at java.base/java.util.concurrent.ForkJoinTask.doExec(ForkJoinTask.java:373)
	at java.base/java.util.concurrent.ForkJoinPool$WorkQueue.topLevelExec(ForkJoinPool.java:1182)
	at java.base/java.util.concurrent.ForkJoinPool.scan(ForkJoinPool.java:1655)
	at java.base/java.util.concurrent.ForkJoinPool.runWorker(ForkJoinPool.java:1622)
	at java.base/java.util.concurrent.ForkJoinWorkerThread.run(ForkJoinWorkerThread.java:165)

!ENTRY org.eclipse.lsp4e 4 0 2025-12-22 22:01:38.472
!MESSAGE プラグイン "org.eclipse.wildwebdeveloper" は、クラス "org.eclipse.wildwebdeveloper.html.HTMLLanguageServer" をインスタンス化できませんでした。
!STACK 1
org.eclipse.core.runtime.CoreException: プラグイン "org.eclipse.wildwebdeveloper" は、クラス "org.eclipse.wildwebdeveloper.html.HTMLLanguageServer" をインスタンス化できませんでした。
	at org.eclipse.core.internal.registry.osgi.RegistryStrategyOSGI.throwException(RegistryStrategyOSGI.java:212)
	at org.eclipse.core.internal.registry.osgi.RegistryStrategyOSGI.createExecutableExtension(RegistryStrategyOSGI.java:206)
	at org.eclipse.core.internal.registry.ExtensionRegistry.createExecutableExtension(ExtensionRegistry.java:920)
	at org.eclipse.core.internal.registry.ConfigurationElement.createExecutableExtension(ConfigurationElement.java:246)
	at org.eclipse.core.internal.registry.ConfigurationElementHandle.createExecutableExtension(ConfigurationElementHandle.java:63)
	at org.eclipse.lsp4e.LanguageServersRegistry$ExtensionLanguageServerDefinition.createConnectionProvider(LanguageServersRegistry.java:161)
	at org.eclipse.lsp4e.LanguageServerWrapper.lambda$0(LanguageServerWrapper.java:233)
	at java.base/java.util.concurrent.CompletableFuture$AsyncSupply.run(CompletableFuture.java:1768)
	at java.base/java.util.concurrent.CompletableFuture$AsyncSupply.exec(CompletableFuture.java:1760)
	at java.base/java.util.concurrent.ForkJoinTask.doExec(ForkJoinTask.java:373)
	at java.base/java.util.concurrent.ForkJoinPool$WorkQueue.topLevelExec(ForkJoinPool.java:1182)
	at java.base/java.util.concurrent.ForkJoinPool.scan(ForkJoinPool.java:1655)
	at java.base/java.util.concurrent.ForkJoinPool.runWorker(ForkJoinPool.java:1622)
	at java.base/java.util.concurrent.ForkJoinWorkerThread.run(ForkJoinWorkerThread.java:165)
Caused by: java.lang.reflect.InvocationTargetException
	at jdk.internal.reflect.GeneratedConstructorAccessor123.newInstance(Unknown Source)
	at java.base/jdk.internal.reflect.DelegatingConstructorAccessorImpl.newInstance(DelegatingConstructorAccessorImpl.java:45)
	at java.base/java.lang.reflect.Constructor.newInstanceWithCaller(Constructor.java:499)
	at java.base/java.lang.reflect.Constructor.newInstance(Constructor.java:480)
	at org.eclipse.core.internal.registry.osgi.RegistryStrategyOSGI.createExecutableExtension(RegistryStrategyOSGI.java:204)
	... 12 more
Caused by: java.lang.NullPointerException: Cannot invoke "java.io.File.getAbsolutePath()" because the return value of "org.eclipse.wildwebdeveloper.embedder.node.NodeJSManager.getNodeJsLocation()" is null
	at org.eclipse.wildwebdeveloper.html.HTMLLanguageServer.<init>(HTMLLanguageServer.java:40)
	... 17 more
!SUBENTRY 1 org.eclipse.equinox.registry 4 1 2025-12-22 22:01:38.472
!MESSAGE プラグイン "org.eclipse.wildwebdeveloper" は、クラス "org.eclipse.wildwebdeveloper.html.HTMLLanguageServer" をインスタンス化できませんでした。
!STACK 0
java.lang.reflect.InvocationTargetException
	at jdk.internal.reflect.GeneratedConstructorAccessor123.newInstance(Unknown Source)
	at java.base/jdk.internal.reflect.DelegatingConstructorAccessorImpl.newInstance(DelegatingConstructorAccessorImpl.java:45)
	at java.base/java.lang.reflect.Constructor.newInstanceWithCaller(Constructor.java:499)
	at java.base/java.lang.reflect.Constructor.newInstance(Constructor.java:480)
	at org.eclipse.core.internal.registry.osgi.RegistryStrategyOSGI.createExecutableExtension(RegistryStrategyOSGI.java:204)
	at org.eclipse.core.internal.registry.ExtensionRegistry.createExecutableExtension(ExtensionRegistry.java:920)
	at org.eclipse.core.internal.registry.ConfigurationElement.createExecutableExtension(ConfigurationElement.java:246)
	at org.eclipse.core.internal.registry.ConfigurationElementHandle.createExecutableExtension(ConfigurationElementHandle.java:63)
	at org.eclipse.lsp4e.LanguageServersRegistry$ExtensionLanguageServerDefinition.createConnectionProvider(LanguageServersRegistry.java:161)
	at org.eclipse.lsp4e.LanguageServerWrapper.lambda$0(LanguageServerWrapper.java:233)
	at java.base/java.util.concurrent.CompletableFuture$AsyncSupply.run(CompletableFuture.java:1768)
	at java.base/java.util.concurrent.CompletableFuture$AsyncSupply.exec(CompletableFuture.java:1760)
	at java.base/java.util.concurrent.ForkJoinTask.doExec(ForkJoinTask.java:373)
	at java.base/java.util.concurrent.ForkJoinPool$WorkQueue.topLevelExec(ForkJoinPool.java:1182)
	at java.base/java.util.concurrent.ForkJoinPool.scan(ForkJoinPool.java:1655)
	at java.base/java.util.concurrent.ForkJoinPool.runWorker(ForkJoinPool.java:1622)
	at java.base/java.util.concurrent.ForkJoinWorkerThread.run(ForkJoinWorkerThread.java:165)
Caused by: java.lang.NullPointerException: Cannot invoke "java.io.File.getAbsolutePath()" because the return value of "org.eclipse.wildwebdeveloper.embedder.node.NodeJSManager.getNodeJsLocation()" is null
	at org.eclipse.wildwebdeveloper.html.HTMLLanguageServer.<init>(HTMLLanguageServer.java:40)
	... 17 more
Root exception:
java.lang.NullPointerException: Cannot invoke "java.io.File.getAbsolutePath()" because the return value of "org.eclipse.wildwebdeveloper.embedder.node.NodeJSManager.getNodeJsLocation()" is null
	at org.eclipse.wildwebdeveloper.html.HTMLLanguageServer.<init>(HTMLLanguageServer.java:40)
	at jdk.internal.reflect.GeneratedConstructorAccessor123.newInstance(Unknown Source)
	at java.base/jdk.internal.reflect.DelegatingConstructorAccessorImpl.newInstance(DelegatingConstructorAccessorImpl.java:45)
	at java.base/java.lang.reflect.Constructor.newInstanceWithCaller(Constructor.java:499)
	at java.base/java.lang.reflect.Constructor.newInstance(Constructor.java:480)
	at org.eclipse.core.internal.registry.osgi.RegistryStrategyOSGI.createExecutableExtension(RegistryStrategyOSGI.java:204)
	at org.eclipse.core.internal.registry.ExtensionRegistry.createExecutableExtension(ExtensionRegistry.java:920)
	at org.eclipse.core.internal.registry.ConfigurationElement.createExecutableExtension(ConfigurationElement.java:246)
	at org.eclipse.core.internal.registry.ConfigurationElementHandle.createExecutableExtension(ConfigurationElementHandle.java:63)
	at org.eclipse.lsp4e.LanguageServersRegistry$ExtensionLanguageServerDefinition.createConnectionProvider(LanguageServersRegistry.java:161)
	at org.eclipse.lsp4e.LanguageServerWrapper.lambda$0(LanguageServerWrapper.java:233)
	at java.base/java.util.concurrent.CompletableFuture$AsyncSupply.run(CompletableFuture.java:1768)
	at java.base/java.util.concurrent.CompletableFuture$AsyncSupply.exec(CompletableFuture.java:1760)
	at java.base/java.util.concurrent.ForkJoinTask.doExec(ForkJoinTask.java:373)
	at java.base/java.util.concurrent.ForkJoinPool$WorkQueue.topLevelExec(ForkJoinPool.java:1182)
	at java.base/java.util.concurrent.ForkJoinPool.scan(ForkJoinPool.java:1655)
	at java.base/java.util.concurrent.ForkJoinPool.runWorker(ForkJoinPool.java:1622)
	at java.base/java.util.concurrent.ForkJoinWorkerThread.run(ForkJoinWorkerThread.java:165)

!ENTRY org.eclipse.lsp4e 4 0 2025-12-22 22:01:38.472
!MESSAGE Exception occurred while creating an instance of the stream connection provider
!STACK 0
java.lang.RuntimeException: Exception occurred while creating an instance of the stream connection provider
	at org.eclipse.lsp4e.LanguageServersRegistry$ExtensionLanguageServerDefinition.createConnectionProvider(LanguageServersRegistry.java:164)
	at org.eclipse.lsp4e.LanguageServerWrapper.lambda$0(LanguageServerWrapper.java:233)
	at java.base/java.util.concurrent.CompletableFuture$AsyncSupply.run(CompletableFuture.java:1768)
	at java.base/java.util.concurrent.CompletableFuture$AsyncSupply.exec(CompletableFuture.java:1760)
	at java.base/java.util.concurrent.ForkJoinTask.doExec(ForkJoinTask.java:373)
	at java.base/java.util.concurrent.ForkJoinPool$WorkQueue.topLevelExec(ForkJoinPool.java:1182)
	at java.base/java.util.concurrent.ForkJoinPool.scan(ForkJoinPool.java:1655)
	at java.base/java.util.concurrent.ForkJoinPool.runWorker(ForkJoinPool.java:1622)
	at java.base/java.util.concurrent.ForkJoinWorkerThread.run(ForkJoinWorkerThread.java:165)
Caused by: org.eclipse.core.runtime.CoreException: プラグイン "org.eclipse.wildwebdeveloper" は、クラス "org.eclipse.wildwebdeveloper.html.HTMLLanguageServer" をインスタンス化できませんでした。
	at org.eclipse.core.internal.registry.osgi.RegistryStrategyOSGI.throwException(RegistryStrategyOSGI.java:212)
	at org.eclipse.core.internal.registry.osgi.RegistryStrategyOSGI.createExecutableExtension(RegistryStrategyOSGI.java:206)
	at org.eclipse.core.internal.registry.ExtensionRegistry.createExecutableExtension(ExtensionRegistry.java:920)
	at org.eclipse.core.internal.registry.ConfigurationElement.createExecutableExtension(ConfigurationElement.java:246)
	at org.eclipse.core.internal.registry.ConfigurationElementHandle.createExecutableExtension(ConfigurationElementHandle.java:63)
	at org.eclipse.lsp4e.LanguageServersRegistry$ExtensionLanguageServerDefinition.createConnectionProvider(LanguageServersRegistry.java:161)
	... 8 more
Caused by: java.lang.reflect.InvocationTargetException
	at jdk.internal.reflect.GeneratedConstructorAccessor123.newInstance(Unknown Source)
	at java.base/jdk.internal.reflect.DelegatingConstructorAccessorImpl.newInstance(DelegatingConstructorAccessorImpl.java:45)
	at java.base/java.lang.reflect.Constructor.newInstanceWithCaller(Constructor.java:499)
	at java.base/java.lang.reflect.Constructor.newInstance(Constructor.java:480)
	at org.eclipse.core.internal.registry.osgi.RegistryStrategyOSGI.createExecutableExtension(RegistryStrategyOSGI.java:204)
	... 12 more
Caused by: java.lang.NullPointerException: Cannot invoke "java.io.File.getAbsolutePath()" because the return value of "org.eclipse.wildwebdeveloper.embedder.node.NodeJSManager.getNodeJsLocation()" is null
	at org.eclipse.wildwebdeveloper.html.HTMLLanguageServer.<init>(HTMLLanguageServer.java:40)
	... 17 more

!ENTRY org.eclipse.lsp4e 4 0 2025-12-22 22:01:38.473
!MESSAGE Cannot invoke "org.eclipse.lsp4e.server.StreamConnectionProvider.getInputStream()" because "this.lspStreamProvider" is null
!STACK 0
java.lang.NullPointerException: Cannot invoke "org.eclipse.lsp4e.server.StreamConnectionProvider.getInputStream()" because "this.lspStreamProvider" is null
	at org.eclipse.lsp4e.LanguageServerWrapper.lambda$1(LanguageServerWrapper.java:284)
	at java.base/java.util.concurrent.CompletableFuture$UniApply.tryFire(CompletableFuture.java:646)
	at java.base/java.util.concurrent.CompletableFuture.postComplete(CompletableFuture.java:510)
	at java.base/java.util.concurrent.CompletableFuture$AsyncSupply.run(CompletableFuture.java:1773)
	at java.base/java.util.concurrent.CompletableFuture$AsyncSupply.exec(CompletableFuture.java:1760)
	at java.base/java.util.concurrent.ForkJoinTask.doExec(ForkJoinTask.java:373)
	at java.base/java.util.concurrent.ForkJoinPool$WorkQueue.topLevelExec(ForkJoinPool.java:1182)
	at java.base/java.util.concurrent.ForkJoinPool.scan(ForkJoinPool.java:1655)
	at java.base/java.util.concurrent.ForkJoinPool.runWorker(ForkJoinPool.java:1622)
	at java.base/java.util.concurrent.ForkJoinWorkerThread.run(ForkJoinWorkerThread.java:165)

!ENTRY org.eclipse.lsp4e 4 0 2025-12-22 22:01:40.257
!MESSAGE プラグイン "org.eclipse.wildwebdeveloper" は、クラス "org.eclipse.wildwebdeveloper.angular.AngularLanguageServer" をインスタンス化できませんでした。
!STACK 1
org.eclipse.core.runtime.CoreException: プラグイン "org.eclipse.wildwebdeveloper" は、クラス "org.eclipse.wildwebdeveloper.angular.AngularLanguageServer" をインスタンス化できませんでした。
	at org.eclipse.core.internal.registry.osgi.RegistryStrategyOSGI.throwException(RegistryStrategyOSGI.java:212)
	at org.eclipse.core.internal.registry.osgi.RegistryStrategyOSGI.createExecutableExtension(RegistryStrategyOSGI.java:206)
	at org.eclipse.core.internal.registry.ExtensionRegistry.createExecutableExtension(ExtensionRegistry.java:920)
	at org.eclipse.core.internal.registry.ConfigurationElement.createExecutableExtension(ConfigurationElement.java:246)
	at org.eclipse.core.internal.registry.ConfigurationElementHandle.createExecutableExtension(ConfigurationElementHandle.java:63)
	at org.eclipse.lsp4e.LanguageServersRegistry$ExtensionLanguageServerDefinition.createConnectionProvider(LanguageServersRegistry.java:161)
	at org.eclipse.lsp4e.LanguageServerWrapper.lambda$0(LanguageServerWrapper.java:233)
	at java.base/java.util.concurrent.CompletableFuture$AsyncSupply.run(CompletableFuture.java:1768)
	at java.base/java.util.concurrent.CompletableFuture$AsyncSupply.exec(CompletableFuture.java:1760)
	at java.base/java.util.concurrent.ForkJoinTask.doExec(ForkJoinTask.java:373)
	at java.base/java.util.concurrent.ForkJoinPool$WorkQueue.topLevelExec(ForkJoinPool.java:1182)
	at java.base/java.util.concurrent.ForkJoinPool.scan(ForkJoinPool.java:1655)
	at java.base/java.util.concurrent.ForkJoinPool.runWorker(ForkJoinPool.java:1622)
	at java.base/java.util.concurrent.ForkJoinWorkerThread.run(ForkJoinWorkerThread.java:165)
Caused by: java.lang.reflect.InvocationTargetException
	at jdk.internal.reflect.GeneratedConstructorAccessor122.newInstance(Unknown Source)
	at java.base/jdk.internal.reflect.DelegatingConstructorAccessorImpl.newInstance(DelegatingConstructorAccessorImpl.java:45)
	at java.base/java.lang.reflect.Constructor.newInstanceWithCaller(Constructor.java:499)
	at java.base/java.lang.reflect.Constructor.newInstance(Constructor.java:480)
	at org.eclipse.core.internal.registry.osgi.RegistryStrategyOSGI.createExecutableExtension(RegistryStrategyOSGI.java:204)
	... 12 more
Caused by: java.lang.NullPointerException: Cannot invoke "java.io.File.getAbsolutePath()" because the return value of "org.eclipse.wildwebdeveloper.embedder.node.NodeJSManager.getNodeJsLocation()" is null
	at org.eclipse.wildwebdeveloper.angular.AngularLanguageServer.<init>(AngularLanguageServer.java:43)
	... 17 more
!SUBENTRY 1 org.eclipse.equinox.registry 4 1 2025-12-22 22:01:40.257
!MESSAGE プラグイン "org.eclipse.wildwebdeveloper" は、クラス "org.eclipse.wildwebdeveloper.angular.AngularLanguageServer" をインスタンス化できませんでした。
!STACK 0
java.lang.reflect.InvocationTargetException
	at jdk.internal.reflect.GeneratedConstructorAccessor122.newInstance(Unknown Source)
	at java.base/jdk.internal.reflect.DelegatingConstructorAccessorImpl.newInstance(DelegatingConstructorAccessorImpl.java:45)
	at java.base/java.lang.reflect.Constructor.newInstanceWithCaller(Constructor.java:499)
	at java.base/java.lang.reflect.Constructor.newInstance(Constructor.java:480)
	at org.eclipse.core.internal.registry.osgi.RegistryStrategyOSGI.createExecutableExtension(RegistryStrategyOSGI.java:204)
	at org.eclipse.core.internal.registry.ExtensionRegistry.createExecutableExtension(ExtensionRegistry.java:920)
	at org.eclipse.core.internal.registry.ConfigurationElement.createExecutableExtension(ConfigurationElement.java:246)
	at org.eclipse.core.internal.registry.ConfigurationElementHandle.createExecutableExtension(ConfigurationElementHandle.java:63)
	at org.eclipse.lsp4e.LanguageServersRegistry$ExtensionLanguageServerDefinition.createConnectionProvider(LanguageServersRegistry.java:161)
	at org.eclipse.lsp4e.LanguageServerWrapper.lambda$0(LanguageServerWrapper.java:233)
	at java.base/java.util.concurrent.CompletableFuture$AsyncSupply.run(CompletableFuture.java:1768)
	at java.base/java.util.concurrent.CompletableFuture$AsyncSupply.exec(CompletableFuture.java:1760)
	at java.base/java.util.concurrent.ForkJoinTask.doExec(ForkJoinTask.java:373)
	at java.base/java.util.concurrent.ForkJoinPool$WorkQueue.topLevelExec(ForkJoinPool.java:1182)
	at java.base/java.util.concurrent.ForkJoinPool.scan(ForkJoinPool.java:1655)
	at java.base/java.util.concurrent.ForkJoinPool.runWorker(ForkJoinPool.java:1622)
	at java.base/java.util.concurrent.ForkJoinWorkerThread.run(ForkJoinWorkerThread.java:165)
Caused by: java.lang.NullPointerException: Cannot invoke "java.io.File.getAbsolutePath()" because the return value of "org.eclipse.wildwebdeveloper.embedder.node.NodeJSManager.getNodeJsLocation()" is null
	at org.eclipse.wildwebdeveloper.angular.AngularLanguageServer.<init>(AngularLanguageServer.java:43)
	... 17 more
Root exception:
java.lang.NullPointerException: Cannot invoke "java.io.File.getAbsolutePath()" because the return value of "org.eclipse.wildwebdeveloper.embedder.node.NodeJSManager.getNodeJsLocation()" is null
	at org.eclipse.wildwebdeveloper.angular.AngularLanguageServer.<init>(AngularLanguageServer.java:43)
	at jdk.internal.reflect.GeneratedConstructorAccessor122.newInstance(Unknown Source)
	at java.base/jdk.internal.reflect.DelegatingConstructorAccessorImpl.newInstance(DelegatingConstructorAccessorImpl.java:45)
	at java.base/java.lang.reflect.Constructor.newInstanceWithCaller(Constructor.java:499)
	at java.base/java.lang.reflect.Constructor.newInstance(Constructor.java:480)
	at org.eclipse.core.internal.registry.osgi.RegistryStrategyOSGI.createExecutableExtension(RegistryStrategyOSGI.java:204)
	at org.eclipse.core.internal.registry.ExtensionRegistry.createExecutableExtension(ExtensionRegistry.java:920)
	at org.eclipse.core.internal.registry.ConfigurationElement.createExecutableExtension(ConfigurationElement.java:246)
	at org.eclipse.core.internal.registry.ConfigurationElementHandle.createExecutableExtension(ConfigurationElementHandle.java:63)
	at org.eclipse.lsp4e.LanguageServersRegistry$ExtensionLanguageServerDefinition.createConnectionProvider(LanguageServersRegistry.java:161)
	at org.eclipse.lsp4e.LanguageServerWrapper.lambda$0(LanguageServerWrapper.java:233)
	at java.base/java.util.concurrent.CompletableFuture$AsyncSupply.run(CompletableFuture.java:1768)
	at java.base/java.util.concurrent.CompletableFuture$AsyncSupply.exec(CompletableFuture.java:1760)
	at java.base/java.util.concurrent.ForkJoinTask.doExec(ForkJoinTask.java:373)
	at java.base/java.util.concurrent.ForkJoinPool$WorkQueue.topLevelExec(ForkJoinPool.java:1182)
	at java.base/java.util.concurrent.ForkJoinPool.scan(ForkJoinPool.java:1655)
	at java.base/java.util.concurrent.ForkJoinPool.runWorker(ForkJoinPool.java:1622)
	at java.base/java.util.concurrent.ForkJoinWorkerThread.run(ForkJoinWorkerThread.java:165)

!ENTRY org.eclipse.lsp4e 4 0 2025-12-22 22:01:40.257
!MESSAGE Exception occurred while creating an instance of the stream connection provider
!STACK 0
java.lang.RuntimeException: Exception occurred while creating an instance of the stream connection provider
	at org.eclipse.lsp4e.LanguageServersRegistry$ExtensionLanguageServerDefinition.createConnectionProvider(LanguageServersRegistry.java:164)
	at org.eclipse.lsp4e.LanguageServerWrapper.lambda$0(LanguageServerWrapper.java:233)
	at java.base/java.util.concurrent.CompletableFuture$AsyncSupply.run(CompletableFuture.java:1768)
	at java.base/java.util.concurrent.CompletableFuture$AsyncSupply.exec(CompletableFuture.java:1760)
	at java.base/java.util.concurrent.ForkJoinTask.doExec(ForkJoinTask.java:373)
	at java.base/java.util.concurrent.ForkJoinPool$WorkQueue.topLevelExec(ForkJoinPool.java:1182)
	at java.base/java.util.concurrent.ForkJoinPool.scan(ForkJoinPool.java:1655)
	at java.base/java.util.concurrent.ForkJoinPool.runWorker(ForkJoinPool.java:1622)
	at java.base/java.util.concurrent.ForkJoinWorkerThread.run(ForkJoinWorkerThread.java:165)
Caused by: org.eclipse.core.runtime.CoreException: プラグイン "org.eclipse.wildwebdeveloper" は、クラス "org.eclipse.wildwebdeveloper.angular.AngularLanguageServer" をインスタンス化できませんでした。
	at org.eclipse.core.internal.registry.osgi.RegistryStrategyOSGI.throwException(RegistryStrategyOSGI.java:212)
	at org.eclipse.core.internal.registry.osgi.RegistryStrategyOSGI.createExecutableExtension(RegistryStrategyOSGI.java:206)
	at org.eclipse.core.internal.registry.ExtensionRegistry.createExecutableExtension(ExtensionRegistry.java:920)
	at org.eclipse.core.internal.registry.ConfigurationElement.createExecutableExtension(ConfigurationElement.java:246)
	at org.eclipse.core.internal.registry.ConfigurationElementHandle.createExecutableExtension(ConfigurationElementHandle.java:63)
	at org.eclipse.lsp4e.LanguageServersRegistry$ExtensionLanguageServerDefinition.createConnectionProvider(LanguageServersRegistry.java:161)
	... 8 more
Caused by: java.lang.reflect.InvocationTargetException
	at jdk.internal.reflect.GeneratedConstructorAccessor122.newInstance(Unknown Source)
	at java.base/jdk.internal.reflect.DelegatingConstructorAccessorImpl.newInstance(DelegatingConstructorAccessorImpl.java:45)
	at java.base/java.lang.reflect.Constructor.newInstanceWithCaller(Constructor.java:499)
	at java.base/java.lang.reflect.Constructor.newInstance(Constructor.java:480)
	at org.eclipse.core.internal.registry.osgi.RegistryStrategyOSGI.createExecutableExtension(RegistryStrategyOSGI.java:204)
	... 12 more
Caused by: java.lang.NullPointerException: Cannot invoke "java.io.File.getAbsolutePath()" because the return value of "org.eclipse.wildwebdeveloper.embedder.node.NodeJSManager.getNodeJsLocation()" is null
	at org.eclipse.wildwebdeveloper.angular.AngularLanguageServer.<init>(AngularLanguageServer.java:43)
	... 17 more

!ENTRY org.eclipse.lsp4e 4 0 2025-12-22 22:01:40.258
!MESSAGE プラグイン "org.eclipse.wildwebdeveloper" は、クラス "org.eclipse.wildwebdeveloper.html.HTMLLanguageServer" をインスタンス化できませんでした。
!STACK 1
org.eclipse.core.runtime.CoreException: プラグイン "org.eclipse.wildwebdeveloper" は、クラス "org.eclipse.wildwebdeveloper.html.HTMLLanguageServer" をインスタンス化できませんでした。
	at org.eclipse.core.internal.registry.osgi.RegistryStrategyOSGI.throwException(RegistryStrategyOSGI.java:212)
	at org.eclipse.core.internal.registry.osgi.RegistryStrategyOSGI.createExecutableExtension(RegistryStrategyOSGI.java:206)
	at org.eclipse.core.internal.registry.ExtensionRegistry.createExecutableExtension(ExtensionRegistry.java:920)
	at org.eclipse.core.internal.registry.ConfigurationElement.createExecutableExtension(ConfigurationElement.java:246)
	at org.eclipse.core.internal.registry.ConfigurationElementHandle.createExecutableExtension(ConfigurationElementHandle.java:63)
	at org.eclipse.lsp4e.LanguageServersRegistry$ExtensionLanguageServerDefinition.createConnectionProvider(LanguageServersRegistry.java:161)
	at org.eclipse.lsp4e.LanguageServerWrapper.lambda$0(LanguageServerWrapper.java:233)
	at java.base/java.util.concurrent.CompletableFuture$AsyncSupply.run(CompletableFuture.java:1768)
	at java.base/java.util.concurrent.CompletableFuture$AsyncSupply.exec(CompletableFuture.java:1760)
	at java.base/java.util.concurrent.ForkJoinTask.doExec(ForkJoinTask.java:373)
	at java.base/java.util.concurrent.ForkJoinPool$WorkQueue.topLevelExec(ForkJoinPool.java:1182)
	at java.base/java.util.concurrent.ForkJoinPool.scan(ForkJoinPool.java:1655)
	at java.base/java.util.concurrent.ForkJoinPool.runWorker(ForkJoinPool.java:1622)
	at java.base/java.util.concurrent.ForkJoinWorkerThread.run(ForkJoinWorkerThread.java:165)
Caused by: java.lang.reflect.InvocationTargetException
	at jdk.internal.reflect.GeneratedConstructorAccessor123.newInstance(Unknown Source)
	at java.base/jdk.internal.reflect.DelegatingConstructorAccessorImpl.newInstance(DelegatingConstructorAccessorImpl.java:45)
	at java.base/java.lang.reflect.Constructor.newInstanceWithCaller(Constructor.java:499)
	at java.base/java.lang.reflect.Constructor.newInstance(Constructor.java:480)
	at org.eclipse.core.internal.registry.osgi.RegistryStrategyOSGI.createExecutableExtension(RegistryStrategyOSGI.java:204)
	... 12 more
Caused by: java.lang.NullPointerException: Cannot invoke "java.io.File.getAbsolutePath()" because the return value of "org.eclipse.wildwebdeveloper.embedder.node.NodeJSManager.getNodeJsLocation()" is null
	at org.eclipse.wildwebdeveloper.html.HTMLLanguageServer.<init>(HTMLLanguageServer.java:40)
	... 17 more
!SUBENTRY 1 org.eclipse.equinox.registry 4 1 2025-12-22 22:01:40.258
!MESSAGE プラグイン "org.eclipse.wildwebdeveloper" は、クラス "org.eclipse.wildwebdeveloper.html.HTMLLanguageServer" をインスタンス化できませんでした。
!STACK 0
java.lang.reflect.InvocationTargetException
	at jdk.internal.reflect.GeneratedConstructorAccessor123.newInstance(Unknown Source)
	at java.base/jdk.internal.reflect.DelegatingConstructorAccessorImpl.newInstance(DelegatingConstructorAccessorImpl.java:45)
	at java.base/java.lang.reflect.Constructor.newInstanceWithCaller(Constructor.java:499)
	at java.base/java.lang.reflect.Constructor.newInstance(Constructor.java:480)
	at org.eclipse.core.internal.registry.osgi.RegistryStrategyOSGI.createExecutableExtension(RegistryStrategyOSGI.java:204)
	at org.eclipse.core.internal.registry.ExtensionRegistry.createExecutableExtension(ExtensionRegistry.java:920)
	at org.eclipse.core.internal.registry.ConfigurationElement.createExecutableExtension(ConfigurationElement.java:246)
	at org.eclipse.core.internal.registry.ConfigurationElementHandle.createExecutableExtension(ConfigurationElementHandle.java:63)
	at org.eclipse.lsp4e.LanguageServersRegistry$ExtensionLanguageServerDefinition.createConnectionProvider(LanguageServersRegistry.java:161)
	at org.eclipse.lsp4e.LanguageServerWrapper.lambda$0(LanguageServerWrapper.java:233)
	at java.base/java.util.concurrent.CompletableFuture$AsyncSupply.run(CompletableFuture.java:1768)
	at java.base/java.util.concurrent.CompletableFuture$AsyncSupply.exec(CompletableFuture.java:1760)
	at java.base/java.util.concurrent.ForkJoinTask.doExec(ForkJoinTask.java:373)
	at java.base/java.util.concurrent.ForkJoinPool$WorkQueue.topLevelExec(ForkJoinPool.java:1182)
	at java.base/java.util.concurrent.ForkJoinPool.scan(ForkJoinPool.java:1655)
	at java.base/java.util.concurrent.ForkJoinPool.runWorker(ForkJoinPool.java:1622)
	at java.base/java.util.concurrent.ForkJoinWorkerThread.run(ForkJoinWorkerThread.java:165)
Caused by: java.lang.NullPointerException: Cannot invoke "java.io.File.getAbsolutePath()" because the return value of "org.eclipse.wildwebdeveloper.embedder.node.NodeJSManager.getNodeJsLocation()" is null
	at org.eclipse.wildwebdeveloper.html.HTMLLanguageServer.<init>(HTMLLanguageServer.java:40)
	... 17 more
Root exception:
java.lang.NullPointerException: Cannot invoke "java.io.File.getAbsolutePath()" because the return value of "org.eclipse.wildwebdeveloper.embedder.node.NodeJSManager.getNodeJsLocation()" is null
	at org.eclipse.wildwebdeveloper.html.HTMLLanguageServer.<init>(HTMLLanguageServer.java:40)
	at jdk.internal.reflect.GeneratedConstructorAccessor123.newInstance(Unknown Source)
	at java.base/jdk.internal.reflect.DelegatingConstructorAccessorImpl.newInstance(DelegatingConstructorAccessorImpl.java:45)
	at java.base/java.lang.reflect.Constructor.newInstanceWithCaller(Constructor.java:499)
	at java.base/java.lang.reflect.Constructor.newInstance(Constructor.java:480)
	at org.eclipse.core.internal.registry.osgi.RegistryStrategyOSGI.createExecutableExtension(RegistryStrategyOSGI.java:204)
	at org.eclipse.core.internal.registry.ExtensionRegistry.createExecutableExtension(ExtensionRegistry.java:920)
	at org.eclipse.core.internal.registry.ConfigurationElement.createExecutableExtension(ConfigurationElement.java:246)
	at org.eclipse.core.internal.registry.ConfigurationElementHandle.createExecutableExtension(ConfigurationElementHandle.java:63)
	at org.eclipse.lsp4e.LanguageServersRegistry$ExtensionLanguageServerDefinition.createConnectionProvider(LanguageServersRegistry.java:161)
	at org.eclipse.lsp4e.LanguageServerWrapper.lambda$0(LanguageServerWrapper.java:233)
	at java.base/java.util.concurrent.CompletableFuture$AsyncSupply.run(CompletableFuture.java:1768)
	at java.base/java.util.concurrent.CompletableFuture$AsyncSupply.exec(CompletableFuture.java:1760)
	at java.base/java.util.concurrent.ForkJoinTask.doExec(ForkJoinTask.java:373)
	at java.base/java.util.concurrent.ForkJoinPool$WorkQueue.topLevelExec(ForkJoinPool.java:1182)
	at java.base/java.util.concurrent.ForkJoinPool.scan(ForkJoinPool.java:1655)
	at java.base/java.util.concurrent.ForkJoinPool.runWorker(ForkJoinPool.java:1622)
	at java.base/java.util.concurrent.ForkJoinWorkerThread.run(ForkJoinWorkerThread.java:165)

!ENTRY org.eclipse.lsp4e 4 0 2025-12-22 22:01:40.258
!MESSAGE Exception occurred while creating an instance of the stream connection provider
!STACK 0
java.lang.RuntimeException: Exception occurred while creating an instance of the stream connection provider
	at org.eclipse.lsp4e.LanguageServersRegistry$ExtensionLanguageServerDefinition.createConnectionProvider(LanguageServersRegistry.java:164)
	at org.eclipse.lsp4e.LanguageServerWrapper.lambda$0(LanguageServerWrapper.java:233)
	at java.base/java.util.concurrent.CompletableFuture$AsyncSupply.run(CompletableFuture.java:1768)
	at java.base/java.util.concurrent.CompletableFuture$AsyncSupply.exec(CompletableFuture.java:1760)
	at java.base/java.util.concurrent.ForkJoinTask.doExec(ForkJoinTask.java:373)
	at java.base/java.util.concurrent.ForkJoinPool$WorkQueue.topLevelExec(ForkJoinPool.java:1182)
	at java.base/java.util.concurrent.ForkJoinPool.scan(ForkJoinPool.java:1655)
	at java.base/java.util.concurrent.ForkJoinPool.runWorker(ForkJoinPool.java:1622)
	at java.base/java.util.concurrent.ForkJoinWorkerThread.run(ForkJoinWorkerThread.java:165)
Caused by: org.eclipse.core.runtime.CoreException: プラグイン "org.eclipse.wildwebdeveloper" は、クラス "org.eclipse.wildwebdeveloper.html.HTMLLanguageServer" をインスタンス化できませんでした。
	at org.eclipse.core.internal.registry.osgi.RegistryStrategyOSGI.throwException(RegistryStrategyOSGI.java:212)
	at org.eclipse.core.internal.registry.osgi.RegistryStrategyOSGI.createExecutableExtension(RegistryStrategyOSGI.java:206)
	at org.eclipse.core.internal.registry.ExtensionRegistry.createExecutableExtension(ExtensionRegistry.java:920)
	at org.eclipse.core.internal.registry.ConfigurationElement.createExecutableExtension(ConfigurationElement.java:246)
	at org.eclipse.core.internal.registry.ConfigurationElementHandle.createExecutableExtension(ConfigurationElementHandle.java:63)
	at org.eclipse.lsp4e.LanguageServersRegistry$ExtensionLanguageServerDefinition.createConnectionProvider(LanguageServersRegistry.java:161)
	... 8 more
Caused by: java.lang.reflect.InvocationTargetException
	at jdk.internal.reflect.GeneratedConstructorAccessor123.newInstance(Unknown Source)
	at java.base/jdk.internal.reflect.DelegatingConstructorAccessorImpl.newInstance(DelegatingConstructorAccessorImpl.java:45)
	at java.base/java.lang.reflect.Constructor.newInstanceWithCaller(Constructor.java:499)
	at java.base/java.lang.reflect.Constructor.newInstance(Constructor.java:480)
	at org.eclipse.core.internal.registry.osgi.RegistryStrategyOSGI.createExecutableExtension(RegistryStrategyOSGI.java:204)
	... 12 more
Caused by: java.lang.NullPointerException: Cannot invoke "java.io.File.getAbsolutePath()" because the return value of "org.eclipse.wildwebdeveloper.embedder.node.NodeJSManager.getNodeJsLocation()" is null
	at org.eclipse.wildwebdeveloper.html.HTMLLanguageServer.<init>(HTMLLanguageServer.java:40)
	... 17 more

!ENTRY org.eclipse.lsp4e 4 0 2025-12-22 22:01:40.259
!MESSAGE Cannot invoke "org.eclipse.lsp4e.server.StreamConnectionProvider.getInputStream()" because "this.lspStreamProvider" is null
!STACK 0
java.lang.NullPointerException: Cannot invoke "org.eclipse.lsp4e.server.StreamConnectionProvider.getInputStream()" because "this.lspStreamProvider" is null
	at org.eclipse.lsp4e.LanguageServerWrapper.lambda$1(LanguageServerWrapper.java:284)
	at java.base/java.util.concurrent.CompletableFuture$UniApply.tryFire(CompletableFuture.java:646)
	at java.base/java.util.concurrent.CompletableFuture.postComplete(CompletableFuture.java:510)
	at java.base/java.util.concurrent.CompletableFuture$AsyncSupply.run(CompletableFuture.java:1773)
	at java.base/java.util.concurrent.CompletableFuture$AsyncSupply.exec(CompletableFuture.java:1760)
	at java.base/java.util.concurrent.ForkJoinTask.doExec(ForkJoinTask.java:373)
	at java.base/java.util.concurrent.ForkJoinPool$WorkQueue.topLevelExec(ForkJoinPool.java:1182)
	at java.base/java.util.concurrent.ForkJoinPool.scan(ForkJoinPool.java:1655)
	at java.base/java.util.concurrent.ForkJoinPool.runWorker(ForkJoinPool.java:1622)
	at java.base/java.util.concurrent.ForkJoinWorkerThread.run(ForkJoinWorkerThread.java:165)

!ENTRY org.eclipse.lsp4e 4 0 2025-12-22 22:01:40.260
!MESSAGE Cannot invoke "org.eclipse.lsp4e.server.StreamConnectionProvider.getInputStream()" because "this.lspStreamProvider" is null
!STACK 0
java.lang.NullPointerException: Cannot invoke "org.eclipse.lsp4e.server.StreamConnectionProvider.getInputStream()" because "this.lspStreamProvider" is null
	at org.eclipse.lsp4e.LanguageServerWrapper.lambda$1(LanguageServerWrapper.java:284)
	at java.base/java.util.concurrent.CompletableFuture$UniApply.tryFire(CompletableFuture.java:646)
	at java.base/java.util.concurrent.CompletableFuture.postComplete(CompletableFuture.java:510)
	at java.base/java.util.concurrent.CompletableFuture$AsyncSupply.run(CompletableFuture.java:1773)
	at java.base/java.util.concurrent.CompletableFuture$AsyncSupply.exec(CompletableFuture.java:1760)
	at java.base/java.util.concurrent.ForkJoinTask.doExec(ForkJoinTask.java:373)
	at java.base/java.util.concurrent.ForkJoinPool$WorkQueue.topLevelExec(ForkJoinPool.java:1182)
	at java.base/java.util.concurrent.ForkJoinPool.scan(ForkJoinPool.java:1655)
	at java.base/java.util.concurrent.ForkJoinPool.runWorker(ForkJoinPool.java:1622)
	at java.base/java.util.concurrent.ForkJoinWorkerThread.run(ForkJoinWorkerThread.java:165)

!ENTRY org.eclipse.lsp4e 4 0 2025-12-22 22:01:40.329
!MESSAGE プラグイン "org.eclipse.wildwebdeveloper" は、クラス "org.eclipse.wildwebdeveloper.angular.AngularLanguageServer" をインスタンス化できませんでした。
!STACK 1
org.eclipse.core.runtime.CoreException: プラグイン "org.eclipse.wildwebdeveloper" は、クラス "org.eclipse.wildwebdeveloper.angular.AngularLanguageServer" をインスタンス化できませんでした。
	at org.eclipse.core.internal.registry.osgi.RegistryStrategyOSGI.throwException(RegistryStrategyOSGI.java:212)
	at org.eclipse.core.internal.registry.osgi.RegistryStrategyOSGI.createExecutableExtension(RegistryStrategyOSGI.java:206)
	at org.eclipse.core.internal.registry.ExtensionRegistry.createExecutableExtension(ExtensionRegistry.java:920)
	at org.eclipse.core.internal.registry.ConfigurationElement.createExecutableExtension(ConfigurationElement.java:246)
	at org.eclipse.core.internal.registry.ConfigurationElementHandle.createExecutableExtension(ConfigurationElementHandle.java:63)
	at org.eclipse.lsp4e.LanguageServersRegistry$ExtensionLanguageServerDefinition.createConnectionProvider(LanguageServersRegistry.java:161)
	at org.eclipse.lsp4e.LanguageServerWrapper.lambda$0(LanguageServerWrapper.java:233)
	at java.base/java.util.concurrent.CompletableFuture$AsyncSupply.run(CompletableFuture.java:1768)
	at java.base/java.util.concurrent.CompletableFuture$AsyncSupply.exec(CompletableFuture.java:1760)
	at java.base/java.util.concurrent.ForkJoinTask.doExec(ForkJoinTask.java:373)
	at java.base/java.util.concurrent.ForkJoinPool$WorkQueue.topLevelExec(ForkJoinPool.java:1182)
	at java.base/java.util.concurrent.ForkJoinPool.scan(ForkJoinPool.java:1655)
	at java.base/java.util.concurrent.ForkJoinPool.runWorker(ForkJoinPool.java:1622)
	at java.base/java.util.concurrent.ForkJoinWorkerThread.run(ForkJoinWorkerThread.java:165)
Caused by: java.lang.reflect.InvocationTargetException
	at jdk.internal.reflect.GeneratedConstructorAccessor122.newInstance(Unknown Source)
	at java.base/jdk.internal.reflect.DelegatingConstructorAccessorImpl.newInstance(DelegatingConstructorAccessorImpl.java:45)
	at java.base/java.lang.reflect.Constructor.newInstanceWithCaller(Constructor.java:499)
	at java.base/java.lang.reflect.Constructor.newInstance(Constructor.java:480)
	at org.eclipse.core.internal.registry.osgi.RegistryStrategyOSGI.createExecutableExtension(RegistryStrategyOSGI.java:204)
	... 12 more
Caused by: java.lang.NullPointerException: Cannot invoke "java.io.File.getAbsolutePath()" because the return value of "org.eclipse.wildwebdeveloper.embedder.node.NodeJSManager.getNodeJsLocation()" is null
	at org.eclipse.wildwebdeveloper.angular.AngularLanguageServer.<init>(AngularLanguageServer.java:43)
	... 17 more
!SUBENTRY 1 org.eclipse.equinox.registry 4 1 2025-12-22 22:01:40.329
!MESSAGE プラグイン "org.eclipse.wildwebdeveloper" は、クラス "org.eclipse.wildwebdeveloper.angular.AngularLanguageServer" をインスタンス化できませんでした。
!STACK 0
java.lang.reflect.InvocationTargetException
	at jdk.internal.reflect.GeneratedConstructorAccessor122.newInstance(Unknown Source)
	at java.base/jdk.internal.reflect.DelegatingConstructorAccessorImpl.newInstance(DelegatingConstructorAccessorImpl.java:45)
	at java.base/java.lang.reflect.Constructor.newInstanceWithCaller(Constructor.java:499)
	at java.base/java.lang.reflect.Constructor.newInstance(Constructor.java:480)
	at org.eclipse.core.internal.registry.osgi.RegistryStrategyOSGI.createExecutableExtension(RegistryStrategyOSGI.java:204)
	at org.eclipse.core.internal.registry.ExtensionRegistry.createExecutableExtension(ExtensionRegistry.java:920)
	at org.eclipse.core.internal.registry.ConfigurationElement.createExecutableExtension(ConfigurationElement.java:246)
	at org.eclipse.core.internal.registry.ConfigurationElementHandle.createExecutableExtension(ConfigurationElementHandle.java:63)
	at org.eclipse.lsp4e.LanguageServersRegistry$ExtensionLanguageServerDefinition.createConnectionProvider(LanguageServersRegistry.java:161)
	at org.eclipse.lsp4e.LanguageServerWrapper.lambda$0(LanguageServerWrapper.java:233)
	at java.base/java.util.concurrent.CompletableFuture$AsyncSupply.run(CompletableFuture.java:1768)
	at java.base/java.util.concurrent.CompletableFuture$AsyncSupply.exec(CompletableFuture.java:1760)
	at java.base/java.util.concurrent.ForkJoinTask.doExec(ForkJoinTask.java:373)
	at java.base/java.util.concurrent.ForkJoinPool$WorkQueue.topLevelExec(ForkJoinPool.java:1182)
	at java.base/java.util.concurrent.ForkJoinPool.scan(ForkJoinPool.java:1655)
	at java.base/java.util.concurrent.ForkJoinPool.runWorker(ForkJoinPool.java:1622)
	at java.base/java.util.concurrent.ForkJoinWorkerThread.run(ForkJoinWorkerThread.java:165)
Caused by: java.lang.NullPointerException: Cannot invoke "java.io.File.getAbsolutePath()" because the return value of "org.eclipse.wildwebdeveloper.embedder.node.NodeJSManager.getNodeJsLocation()" is null
	at org.eclipse.wildwebdeveloper.angular.AngularLanguageServer.<init>(AngularLanguageServer.java:43)
	... 17 more
Root exception:
java.lang.NullPointerException: Cannot invoke "java.io.File.getAbsolutePath()" because the return value of "org.eclipse.wildwebdeveloper.embedder.node.NodeJSManager.getNodeJsLocation()" is null
	at org.eclipse.wildwebdeveloper.angular.AngularLanguageServer.<init>(AngularLanguageServer.java:43)
	at jdk.internal.reflect.GeneratedConstructorAccessor122.newInstance(Unknown Source)
	at java.base/jdk.internal.reflect.DelegatingConstructorAccessorImpl.newInstance(DelegatingConstructorAccessorImpl.java:45)
	at java.base/java.lang.reflect.Constructor.newInstanceWithCaller(Constructor.java:499)
	at java.base/java.lang.reflect.Constructor.newInstance(Constructor.java:480)
	at org.eclipse.core.internal.registry.osgi.RegistryStrategyOSGI.createExecutableExtension(RegistryStrategyOSGI.java:204)
	at org.eclipse.core.internal.registry.ExtensionRegistry.createExecutableExtension(ExtensionRegistry.java:920)
	at org.eclipse.core.internal.registry.ConfigurationElement.createExecutableExtension(ConfigurationElement.java:246)
	at org.eclipse.core.internal.registry.ConfigurationElementHandle.createExecutableExtension(ConfigurationElementHandle.java:63)
	at org.eclipse.lsp4e.LanguageServersRegistry$ExtensionLanguageServerDefinition.createConnectionProvider(LanguageServersRegistry.java:161)
	at org.eclipse.lsp4e.LanguageServerWrapper.lambda$0(LanguageServerWrapper.java:233)
	at java.base/java.util.concurrent.CompletableFuture$AsyncSupply.run(CompletableFuture.java:1768)
	at java.base/java.util.concurrent.CompletableFuture$AsyncSupply.exec(CompletableFuture.java:1760)
	at java.base/java.util.concurrent.ForkJoinTask.doExec(ForkJoinTask.java:373)
	at java.base/java.util.concurrent.ForkJoinPool$WorkQueue.topLevelExec(ForkJoinPool.java:1182)
	at java.base/java.util.concurrent.ForkJoinPool.scan(ForkJoinPool.java:1655)
	at java.base/java.util.concurrent.ForkJoinPool.runWorker(ForkJoinPool.java:1622)
	at java.base/java.util.concurrent.ForkJoinWorkerThread.run(ForkJoinWorkerThread.java:165)

!ENTRY org.eclipse.lsp4e 4 0 2025-12-22 22:01:40.329
!MESSAGE プラグイン "org.eclipse.wildwebdeveloper" は、クラス "org.eclipse.wildwebdeveloper.html.HTMLLanguageServer" をインスタンス化できませんでした。
!STACK 1
org.eclipse.core.runtime.CoreException: プラグイン "org.eclipse.wildwebdeveloper" は、クラス "org.eclipse.wildwebdeveloper.html.HTMLLanguageServer" をインスタンス化できませんでした。
	at org.eclipse.core.internal.registry.osgi.RegistryStrategyOSGI.throwException(RegistryStrategyOSGI.java:212)
	at org.eclipse.core.internal.registry.osgi.RegistryStrategyOSGI.createExecutableExtension(RegistryStrategyOSGI.java:206)
	at org.eclipse.core.internal.registry.ExtensionRegistry.createExecutableExtension(ExtensionRegistry.java:920)
	at org.eclipse.core.internal.registry.ConfigurationElement.createExecutableExtension(ConfigurationElement.java:246)
	at org.eclipse.core.internal.registry.ConfigurationElementHandle.createExecutableExtension(ConfigurationElementHandle.java:63)
	at org.eclipse.lsp4e.LanguageServersRegistry$ExtensionLanguageServerDefinition.createConnectionProvider(LanguageServersRegistry.java:161)
	at org.eclipse.lsp4e.LanguageServerWrapper.lambda$0(LanguageServerWrapper.java:233)
	at java.base/java.util.concurrent.CompletableFuture$AsyncSupply.run(CompletableFuture.java:1768)
	at java.base/java.util.concurrent.CompletableFuture$AsyncSupply.exec(CompletableFuture.java:1760)
	at java.base/java.util.concurrent.ForkJoinTask.doExec(ForkJoinTask.java:373)
	at java.base/java.util.concurrent.ForkJoinPool$WorkQueue.topLevelExec(ForkJoinPool.java:1182)
	at java.base/java.util.concurrent.ForkJoinPool.scan(ForkJoinPool.java:1655)
	at java.base/java.util.concurrent.ForkJoinPool.runWorker(ForkJoinPool.java:1622)
	at java.base/java.util.concurrent.ForkJoinWorkerThread.run(ForkJoinWorkerThread.java:165)
Caused by: java.lang.reflect.InvocationTargetException
	at jdk.internal.reflect.GeneratedConstructorAccessor123.newInstance(Unknown Source)
	at java.base/jdk.internal.reflect.DelegatingConstructorAccessorImpl.newInstance(DelegatingConstructorAccessorImpl.java:45)
	at java.base/java.lang.reflect.Constructor.newInstanceWithCaller(Constructor.java:499)
	at java.base/java.lang.reflect.Constructor.newInstance(Constructor.java:480)
	at org.eclipse.core.internal.registry.osgi.RegistryStrategyOSGI.createExecutableExtension(RegistryStrategyOSGI.java:204)
	... 12 more
Caused by: java.lang.NullPointerException: Cannot invoke "java.io.File.getAbsolutePath()" because the return value of "org.eclipse.wildwebdeveloper.embedder.node.NodeJSManager.getNodeJsLocation()" is null
	at org.eclipse.wildwebdeveloper.html.HTMLLanguageServer.<init>(HTMLLanguageServer.java:40)
	... 17 more
!SUBENTRY 1 org.eclipse.equinox.registry 4 1 2025-12-22 22:01:40.329
!MESSAGE プラグイン "org.eclipse.wildwebdeveloper" は、クラス "org.eclipse.wildwebdeveloper.html.HTMLLanguageServer" をインスタンス化できませんでした。
!STACK 0
java.lang.reflect.InvocationTargetException
	at jdk.internal.reflect.GeneratedConstructorAccessor123.newInstance(Unknown Source)
	at java.base/jdk.internal.reflect.DelegatingConstructorAccessorImpl.newInstance(DelegatingConstructorAccessorImpl.java:45)
	at java.base/java.lang.reflect.Constructor.newInstanceWithCaller(Constructor.java:499)
	at java.base/java.lang.reflect.Constructor.newInstance(Constructor.java:480)
	at org.eclipse.core.internal.registry.osgi.RegistryStrategyOSGI.createExecutableExtension(RegistryStrategyOSGI.java:204)
	at org.eclipse.core.internal.registry.ExtensionRegistry.createExecutableExtension(ExtensionRegistry.java:920)
	at org.eclipse.core.internal.registry.ConfigurationElement.createExecutableExtension(ConfigurationElement.java:246)
	at org.eclipse.core.internal.registry.ConfigurationElementHandle.createExecutableExtension(ConfigurationElementHandle.java:63)
	at org.eclipse.lsp4e.LanguageServersRegistry$ExtensionLanguageServerDefinition.createConnectionProvider(LanguageServersRegistry.java:161)
	at org.eclipse.lsp4e.LanguageServerWrapper.lambda$0(LanguageServerWrapper.java:233)
	at java.base/java.util.concurrent.CompletableFuture$AsyncSupply.run(CompletableFuture.java:1768)
	at java.base/java.util.concurrent.CompletableFuture$AsyncSupply.exec(CompletableFuture.java:1760)
	at java.base/java.util.concurrent.ForkJoinTask.doExec(ForkJoinTask.java:373)
	at java.base/java.util.concurrent.ForkJoinPool$WorkQueue.topLevelExec(ForkJoinPool.java:1182)
	at java.base/java.util.concurrent.ForkJoinPool.scan(ForkJoinPool.java:1655)
	at java.base/java.util.concurrent.ForkJoinPool.runWorker(ForkJoinPool.java:1622)
	at java.base/java.util.concurrent.ForkJoinWorkerThread.run(ForkJoinWorkerThread.java:165)
Caused by: java.lang.NullPointerException: Cannot invoke "java.io.File.getAbsolutePath()" because the return value of "org.eclipse.wildwebdeveloper.embedder.node.NodeJSManager.getNodeJsLocation()" is null
	at org.eclipse.wildwebdeveloper.html.HTMLLanguageServer.<init>(HTMLLanguageServer.java:40)
	... 17 more
Root exception:
java.lang.NullPointerException: Cannot invoke "java.io.File.getAbsolutePath()" because the return value of "org.eclipse.wildwebdeveloper.embedder.node.NodeJSManager.getNodeJsLocation()" is null
	at org.eclipse.wildwebdeveloper.html.HTMLLanguageServer.<init>(HTMLLanguageServer.java:40)
	at jdk.internal.reflect.GeneratedConstructorAccessor123.newInstance(Unknown Source)
	at java.base/jdk.internal.reflect.DelegatingConstructorAccessorImpl.newInstance(DelegatingConstructorAccessorImpl.java:45)
	at java.base/java.lang.reflect.Constructor.newInstanceWithCaller(Constructor.java:499)
	at java.base/java.lang.reflect.Constructor.newInstance(Constructor.java:480)
	at org.eclipse.core.internal.registry.osgi.RegistryStrategyOSGI.createExecutableExtension(RegistryStrategyOSGI.java:204)
	at org.eclipse.core.internal.registry.ExtensionRegistry.createExecutableExtension(ExtensionRegistry.java:920)
	at org.eclipse.core.internal.registry.ConfigurationElement.createExecutableExtension(ConfigurationElement.java:246)
	at org.eclipse.core.internal.registry.ConfigurationElementHandle.createExecutableExtension(ConfigurationElementHandle.java:63)
	at org.eclipse.lsp4e.LanguageServersRegistry$ExtensionLanguageServerDefinition.createConnectionProvider(LanguageServersRegistry.java:161)
	at org.eclipse.lsp4e.LanguageServerWrapper.lambda$0(LanguageServerWrapper.java:233)
	at java.base/java.util.concurrent.CompletableFuture$AsyncSupply.run(CompletableFuture.java:1768)
	at java.base/java.util.concurrent.CompletableFuture$AsyncSupply.exec(CompletableFuture.java:1760)
	at java.base/java.util.concurrent.ForkJoinTask.doExec(ForkJoinTask.java:373)
	at java.base/java.util.concurrent.ForkJoinPool$WorkQueue.topLevelExec(ForkJoinPool.java:1182)
	at java.base/java.util.concurrent.ForkJoinPool.scan(ForkJoinPool.java:1655)
	at java.base/java.util.concurrent.ForkJoinPool.runWorker(ForkJoinPool.java:1622)
	at java.base/java.util.concurrent.ForkJoinWorkerThread.run(ForkJoinWorkerThread.java:165)

!ENTRY org.eclipse.lsp4e 4 0 2025-12-22 22:01:40.329
!MESSAGE Exception occurred while creating an instance of the stream connection provider
!STACK 0
java.lang.RuntimeException: Exception occurred while creating an instance of the stream connection provider
	at org.eclipse.lsp4e.LanguageServersRegistry$ExtensionLanguageServerDefinition.createConnectionProvider(LanguageServersRegistry.java:164)
	at org.eclipse.lsp4e.LanguageServerWrapper.lambda$0(LanguageServerWrapper.java:233)
	at java.base/java.util.concurrent.CompletableFuture$AsyncSupply.run(CompletableFuture.java:1768)
	at java.base/java.util.concurrent.CompletableFuture$AsyncSupply.exec(CompletableFuture.java:1760)
	at java.base/java.util.concurrent.ForkJoinTask.doExec(ForkJoinTask.java:373)
	at java.base/java.util.concurrent.ForkJoinPool$WorkQueue.topLevelExec(ForkJoinPool.java:1182)
	at java.base/java.util.concurrent.ForkJoinPool.scan(ForkJoinPool.java:1655)
	at java.base/java.util.concurrent.ForkJoinPool.runWorker(ForkJoinPool.java:1622)
	at java.base/java.util.concurrent.ForkJoinWorkerThread.run(ForkJoinWorkerThread.java:165)
Caused by: org.eclipse.core.runtime.CoreException: プラグイン "org.eclipse.wildwebdeveloper" は、クラス "org.eclipse.wildwebdeveloper.angular.AngularLanguageServer" をインスタンス化できませんでした。
	at org.eclipse.core.internal.registry.osgi.RegistryStrategyOSGI.throwException(RegistryStrategyOSGI.java:212)
	at org.eclipse.core.internal.registry.osgi.RegistryStrategyOSGI.createExecutableExtension(RegistryStrategyOSGI.java:206)
	at org.eclipse.core.internal.registry.ExtensionRegistry.createExecutableExtension(ExtensionRegistry.java:920)
	at org.eclipse.core.internal.registry.ConfigurationElement.createExecutableExtension(ConfigurationElement.java:246)
	at org.eclipse.core.internal.registry.ConfigurationElementHandle.createExecutableExtension(ConfigurationElementHandle.java:63)
	at org.eclipse.lsp4e.LanguageServersRegistry$ExtensionLanguageServerDefinition.createConnectionProvider(LanguageServersRegistry.java:161)
	... 8 more
Caused by: java.lang.reflect.InvocationTargetException
	at jdk.internal.reflect.GeneratedConstructorAccessor122.newInstance(Unknown Source)
	at java.base/jdk.internal.reflect.DelegatingConstructorAccessorImpl.newInstance(DelegatingConstructorAccessorImpl.java:45)
	at java.base/java.lang.reflect.Constructor.newInstanceWithCaller(Constructor.java:499)
	at java.base/java.lang.reflect.Constructor.newInstance(Constructor.java:480)
	at org.eclipse.core.internal.registry.osgi.RegistryStrategyOSGI.createExecutableExtension(RegistryStrategyOSGI.java:204)
	... 12 more
Caused by: java.lang.NullPointerException: Cannot invoke "java.io.File.getAbsolutePath()" because the return value of "org.eclipse.wildwebdeveloper.embedder.node.NodeJSManager.getNodeJsLocation()" is null
	at org.eclipse.wildwebdeveloper.angular.AngularLanguageServer.<init>(AngularLanguageServer.java:43)
	... 17 more

!ENTRY org.eclipse.lsp4e 4 0 2025-12-22 22:01:40.330
!MESSAGE Exception occurred while creating an instance of the stream connection provider
!STACK 0
java.lang.RuntimeException: Exception occurred while creating an instance of the stream connection provider
	at org.eclipse.lsp4e.LanguageServersRegistry$ExtensionLanguageServerDefinition.createConnectionProvider(LanguageServersRegistry.java:164)
	at org.eclipse.lsp4e.LanguageServerWrapper.lambda$0(LanguageServerWrapper.java:233)
	at java.base/java.util.concurrent.CompletableFuture$AsyncSupply.run(CompletableFuture.java:1768)
	at java.base/java.util.concurrent.CompletableFuture$AsyncSupply.exec(CompletableFuture.java:1760)
	at java.base/java.util.concurrent.ForkJoinTask.doExec(ForkJoinTask.java:373)
	at java.base/java.util.concurrent.ForkJoinPool$WorkQueue.topLevelExec(ForkJoinPool.java:1182)
	at java.base/java.util.concurrent.ForkJoinPool.scan(ForkJoinPool.java:1655)
	at java.base/java.util.concurrent.ForkJoinPool.runWorker(ForkJoinPool.java:1622)
	at java.base/java.util.concurrent.ForkJoinWorkerThread.run(ForkJoinWorkerThread.java:165)
Caused by: org.eclipse.core.runtime.CoreException: プラグイン "org.eclipse.wildwebdeveloper" は、クラス "org.eclipse.wildwebdeveloper.html.HTMLLanguageServer" をインスタンス化できませんでした。
	at org.eclipse.core.internal.registry.osgi.RegistryStrategyOSGI.throwException(RegistryStrategyOSGI.java:212)
	at org.eclipse.core.internal.registry.osgi.RegistryStrategyOSGI.createExecutableExtension(RegistryStrategyOSGI.java:206)
	at org.eclipse.core.internal.registry.ExtensionRegistry.createExecutableExtension(ExtensionRegistry.java:920)
	at org.eclipse.core.internal.registry.ConfigurationElement.createExecutableExtension(ConfigurationElement.java:246)
	at org.eclipse.core.internal.registry.ConfigurationElementHandle.createExecutableExtension(ConfigurationElementHandle.java:63)
	at org.eclipse.lsp4e.LanguageServersRegistry$ExtensionLanguageServerDefinition.createConnectionProvider(LanguageServersRegistry.java:161)
	... 8 more
Caused by: java.lang.reflect.InvocationTargetException
	at jdk.internal.reflect.GeneratedConstructorAccessor123.newInstance(Unknown Source)
	at java.base/jdk.internal.reflect.DelegatingConstructorAccessorImpl.newInstance(DelegatingConstructorAccessorImpl.java:45)
	at java.base/java.lang.reflect.Constructor.newInstanceWithCaller(Constructor.java:499)
	at java.base/java.lang.reflect.Constructor.newInstance(Constructor.java:480)
	at org.eclipse.core.internal.registry.osgi.RegistryStrategyOSGI.createExecutableExtension(RegistryStrategyOSGI.java:204)
	... 12 more
Caused by: java.lang.NullPointerException: Cannot invoke "java.io.File.getAbsolutePath()" because the return value of "org.eclipse.wildwebdeveloper.embedder.node.NodeJSManager.getNodeJsLocation()" is null
	at org.eclipse.wildwebdeveloper.html.HTMLLanguageServer.<init>(HTMLLanguageServer.java:40)
	... 17 more

!ENTRY org.eclipse.lsp4e 4 0 2025-12-22 22:01:40.330
!MESSAGE Cannot invoke "org.eclipse.lsp4e.server.StreamConnectionProvider.getInputStream()" because "this.lspStreamProvider" is null
!STACK 0
java.lang.NullPointerException: Cannot invoke "org.eclipse.lsp4e.server.StreamConnectionProvider.getInputStream()" because "this.lspStreamProvider" is null
	at org.eclipse.lsp4e.LanguageServerWrapper.lambda$1(LanguageServerWrapper.java:284)
	at java.base/java.util.concurrent.CompletableFuture$UniApply.tryFire(CompletableFuture.java:646)
	at java.base/java.util.concurrent.CompletableFuture.postComplete(CompletableFuture.java:510)
	at java.base/java.util.concurrent.CompletableFuture$AsyncSupply.run(CompletableFuture.java:1773)
	at java.base/java.util.concurrent.CompletableFuture$AsyncSupply.exec(CompletableFuture.java:1760)
	at java.base/java.util.concurrent.ForkJoinTask.doExec(ForkJoinTask.java:373)
	at java.base/java.util.concurrent.ForkJoinPool$WorkQueue.topLevelExec(ForkJoinPool.java:1182)
	at java.base/java.util.concurrent.ForkJoinPool.scan(ForkJoinPool.java:1655)
	at java.base/java.util.concurrent.ForkJoinPool.runWorker(ForkJoinPool.java:1622)
	at java.base/java.util.concurrent.ForkJoinWorkerThread.run(ForkJoinWorkerThread.java:165)

!ENTRY org.eclipse.lsp4e 4 0 2025-12-22 22:01:40.331
!MESSAGE Cannot invoke "org.eclipse.lsp4e.server.StreamConnectionProvider.getInputStream()" because "this.lspStreamProvider" is null
!STACK 0
java.lang.NullPointerException: Cannot invoke "org.eclipse.lsp4e.server.StreamConnectionProvider.getInputStream()" because "this.lspStreamProvider" is null
	at org.eclipse.lsp4e.LanguageServerWrapper.lambda$1(LanguageServerWrapper.java:284)
	at java.base/java.util.concurrent.CompletableFuture$UniApply.tryFire(CompletableFuture.java:646)
	at java.base/java.util.concurrent.CompletableFuture.postComplete(CompletableFuture.java:510)
	at java.base/java.util.concurrent.CompletableFuture$AsyncSupply.run(CompletableFuture.java:1773)
	at java.base/java.util.concurrent.CompletableFuture$AsyncSupply.exec(CompletableFuture.java:1760)
	at java.base/java.util.concurrent.ForkJoinTask.doExec(ForkJoinTask.java:373)
	at java.base/java.util.concurrent.ForkJoinPool$WorkQueue.topLevelExec(ForkJoinPool.java:1182)
	at java.base/java.util.concurrent.ForkJoinPool.scan(ForkJoinPool.java:1655)
	at java.base/java.util.concurrent.ForkJoinPool.runWorker(ForkJoinPool.java:1622)
	at java.base/java.util.concurrent.ForkJoinWorkerThread.run(ForkJoinWorkerThread.java:165)

!ENTRY org.eclipse.lsp4e 4 0 2025-12-22 22:01:40.402
!MESSAGE プラグイン "org.eclipse.wildwebdeveloper" は、クラス "org.eclipse.wildwebdeveloper.angular.AngularLanguageServer" をインスタンス化できませんでした。
!STACK 1
org.eclipse.core.runtime.CoreException: プラグイン "org.eclipse.wildwebdeveloper" は、クラス "org.eclipse.wildwebdeveloper.angular.AngularLanguageServer" をインスタンス化できませんでした。
	at org.eclipse.core.internal.registry.osgi.RegistryStrategyOSGI.throwException(RegistryStrategyOSGI.java:212)
	at org.eclipse.core.internal.registry.osgi.RegistryStrategyOSGI.createExecutableExtension(RegistryStrategyOSGI.java:206)
	at org.eclipse.core.internal.registry.ExtensionRegistry.createExecutableExtension(ExtensionRegistry.java:920)
	at org.eclipse.core.internal.registry.ConfigurationElement.createExecutableExtension(ConfigurationElement.java:246)
	at org.eclipse.core.internal.registry.ConfigurationElementHandle.createExecutableExtension(ConfigurationElementHandle.java:63)
	at org.eclipse.lsp4e.LanguageServersRegistry$ExtensionLanguageServerDefinition.createConnectionProvider(LanguageServersRegistry.java:161)
	at org.eclipse.lsp4e.LanguageServerWrapper.lambda$0(LanguageServerWrapper.java:233)
	at java.base/java.util.concurrent.CompletableFuture$AsyncSupply.run(CompletableFuture.java:1768)
	at java.base/java.util.concurrent.CompletableFuture$AsyncSupply.exec(CompletableFuture.java:1760)
	at java.base/java.util.concurrent.ForkJoinTask.doExec(ForkJoinTask.java:373)
	at java.base/java.util.concurrent.ForkJoinPool$WorkQueue.topLevelExec(ForkJoinPool.java:1182)
	at java.base/java.util.concurrent.ForkJoinPool.scan(ForkJoinPool.java:1655)
	at java.base/java.util.concurrent.ForkJoinPool.runWorker(ForkJoinPool.java:1622)
	at java.base/java.util.concurrent.ForkJoinWorkerThread.run(ForkJoinWorkerThread.java:165)
Caused by: java.lang.reflect.InvocationTargetException
	at jdk.internal.reflect.GeneratedConstructorAccessor122.newInstance(Unknown Source)
	at java.base/jdk.internal.reflect.DelegatingConstructorAccessorImpl.newInstance(DelegatingConstructorAccessorImpl.java:45)
	at java.base/java.lang.reflect.Constructor.newInstanceWithCaller(Constructor.java:499)
	at java.base/java.lang.reflect.Constructor.newInstance(Constructor.java:480)
	at org.eclipse.core.internal.registry.osgi.RegistryStrategyOSGI.createExecutableExtension(RegistryStrategyOSGI.java:204)
	... 12 more
Caused by: java.lang.NullPointerException: Cannot invoke "java.io.File.getAbsolutePath()" because the return value of "org.eclipse.wildwebdeveloper.embedder.node.NodeJSManager.getNodeJsLocation()" is null
	at org.eclipse.wildwebdeveloper.angular.AngularLanguageServer.<init>(AngularLanguageServer.java:43)
	... 17 more
!SUBENTRY 1 org.eclipse.equinox.registry 4 1 2025-12-22 22:01:40.402
!MESSAGE プラグイン "org.eclipse.wildwebdeveloper" は、クラス "org.eclipse.wildwebdeveloper.angular.AngularLanguageServer" をインスタンス化できませんでした。
!STACK 0
java.lang.reflect.InvocationTargetException
	at jdk.internal.reflect.GeneratedConstructorAccessor122.newInstance(Unknown Source)
	at java.base/jdk.internal.reflect.DelegatingConstructorAccessorImpl.newInstance(DelegatingConstructorAccessorImpl.java:45)
	at java.base/java.lang.reflect.Constructor.newInstanceWithCaller(Constructor.java:499)
	at java.base/java.lang.reflect.Constructor.newInstance(Constructor.java:480)
	at org.eclipse.core.internal.registry.osgi.RegistryStrategyOSGI.createExecutableExtension(RegistryStrategyOSGI.java:204)
	at org.eclipse.core.internal.registry.ExtensionRegistry.createExecutableExtension(ExtensionRegistry.java:920)
	at org.eclipse.core.internal.registry.ConfigurationElement.createExecutableExtension(ConfigurationElement.java:246)
	at org.eclipse.core.internal.registry.ConfigurationElementHandle.createExecutableExtension(ConfigurationElementHandle.java:63)
	at org.eclipse.lsp4e.LanguageServersRegistry$ExtensionLanguageServerDefinition.createConnectionProvider(LanguageServersRegistry.java:161)
	at org.eclipse.lsp4e.LanguageServerWrapper.lambda$0(LanguageServerWrapper.java:233)
	at java.base/java.util.concurrent.CompletableFuture$AsyncSupply.run(CompletableFuture.java:1768)
	at java.base/java.util.concurrent.CompletableFuture$AsyncSupply.exec(CompletableFuture.java:1760)
	at java.base/java.util.concurrent.ForkJoinTask.doExec(ForkJoinTask.java:373)
	at java.base/java.util.concurrent.ForkJoinPool$WorkQueue.topLevelExec(ForkJoinPool.java:1182)
	at java.base/java.util.concurrent.ForkJoinPool.scan(ForkJoinPool.java:1655)
	at java.base/java.util.concurrent.ForkJoinPool.runWorker(ForkJoinPool.java:1622)
	at java.base/java.util.concurrent.ForkJoinWorkerThread.run(ForkJoinWorkerThread.java:165)
Caused by: java.lang.NullPointerException: Cannot invoke "java.io.File.getAbsolutePath()" because the return value of "org.eclipse.wildwebdeveloper.embedder.node.NodeJSManager.getNodeJsLocation()" is null
	at org.eclipse.wildwebdeveloper.angular.AngularLanguageServer.<init>(AngularLanguageServer.java:43)
	... 17 more
Root exception:
java.lang.NullPointerException: Cannot invoke "java.io.File.getAbsolutePath()" because the return value of "org.eclipse.wildwebdeveloper.embedder.node.NodeJSManager.getNodeJsLocation()" is null
	at org.eclipse.wildwebdeveloper.angular.AngularLanguageServer.<init>(AngularLanguageServer.java:43)
	at jdk.internal.reflect.GeneratedConstructorAccessor122.newInstance(Unknown Source)
	at java.base/jdk.internal.reflect.DelegatingConstructorAccessorImpl.newInstance(DelegatingConstructorAccessorImpl.java:45)
	at java.base/java.lang.reflect.Constructor.newInstanceWithCaller(Constructor.java:499)
	at java.base/java.lang.reflect.Constructor.newInstance(Constructor.java:480)
	at org.eclipse.core.internal.registry.osgi.RegistryStrategyOSGI.createExecutableExtension(RegistryStrategyOSGI.java:204)
	at org.eclipse.core.internal.registry.ExtensionRegistry.createExecutableExtension(ExtensionRegistry.java:920)
	at org.eclipse.core.internal.registry.ConfigurationElement.createExecutableExtension(ConfigurationElement.java:246)
	at org.eclipse.core.internal.registry.ConfigurationElementHandle.createExecutableExtension(ConfigurationElementHandle.java:63)
	at org.eclipse.lsp4e.LanguageServersRegistry$ExtensionLanguageServerDefinition.createConnectionProvider(LanguageServersRegistry.java:161)
	at org.eclipse.lsp4e.LanguageServerWrapper.lambda$0(LanguageServerWrapper.java:233)
	at java.base/java.util.concurrent.CompletableFuture$AsyncSupply.run(CompletableFuture.java:1768)
	at java.base/java.util.concurrent.CompletableFuture$AsyncSupply.exec(CompletableFuture.java:1760)
	at java.base/java.util.concurrent.ForkJoinTask.doExec(ForkJoinTask.java:373)
	at java.base/java.util.concurrent.ForkJoinPool$WorkQueue.topLevelExec(ForkJoinPool.java:1182)
	at java.base/java.util.concurrent.ForkJoinPool.scan(ForkJoinPool.java:1655)
	at java.base/java.util.concurrent.ForkJoinPool.runWorker(ForkJoinPool.java:1622)
	at java.base/java.util.concurrent.ForkJoinWorkerThread.run(ForkJoinWorkerThread.java:165)

!ENTRY org.eclipse.lsp4e 4 0 2025-12-22 22:01:40.404
!MESSAGE Exception occurred while creating an instance of the stream connection provider
!STACK 0
java.lang.RuntimeException: Exception occurred while creating an instance of the stream connection provider
	at org.eclipse.lsp4e.LanguageServersRegistry$ExtensionLanguageServerDefinition.createConnectionProvider(LanguageServersRegistry.java:164)
	at org.eclipse.lsp4e.LanguageServerWrapper.lambda$0(LanguageServerWrapper.java:233)
	at java.base/java.util.concurrent.CompletableFuture$AsyncSupply.run(CompletableFuture.java:1768)
	at java.base/java.util.concurrent.CompletableFuture$AsyncSupply.exec(CompletableFuture.java:1760)
	at java.base/java.util.concurrent.ForkJoinTask.doExec(ForkJoinTask.java:373)
	at java.base/java.util.concurrent.ForkJoinPool$WorkQueue.topLevelExec(ForkJoinPool.java:1182)
	at java.base/java.util.concurrent.ForkJoinPool.scan(ForkJoinPool.java:1655)
	at java.base/java.util.concurrent.ForkJoinPool.runWorker(ForkJoinPool.java:1622)
	at java.base/java.util.concurrent.ForkJoinWorkerThread.run(ForkJoinWorkerThread.java:165)
Caused by: org.eclipse.core.runtime.CoreException: プラグイン "org.eclipse.wildwebdeveloper" は、クラス "org.eclipse.wildwebdeveloper.angular.AngularLanguageServer" をインスタンス化できませんでした。
	at org.eclipse.core.internal.registry.osgi.RegistryStrategyOSGI.throwException(RegistryStrategyOSGI.java:212)
	at org.eclipse.core.internal.registry.osgi.RegistryStrategyOSGI.createExecutableExtension(RegistryStrategyOSGI.java:206)
	at org.eclipse.core.internal.registry.ExtensionRegistry.createExecutableExtension(ExtensionRegistry.java:920)
	at org.eclipse.core.internal.registry.ConfigurationElement.createExecutableExtension(ConfigurationElement.java:246)
	at org.eclipse.core.internal.registry.ConfigurationElementHandle.createExecutableExtension(ConfigurationElementHandle.java:63)
	at org.eclipse.lsp4e.LanguageServersRegistry$ExtensionLanguageServerDefinition.createConnectionProvider(LanguageServersRegistry.java:161)
	... 8 more
Caused by: java.lang.reflect.InvocationTargetException
	at jdk.internal.reflect.GeneratedConstructorAccessor122.newInstance(Unknown Source)
	at java.base/jdk.internal.reflect.DelegatingConstructorAccessorImpl.newInstance(DelegatingConstructorAccessorImpl.java:45)
	at java.base/java.lang.reflect.Constructor.newInstanceWithCaller(Constructor.java:499)
	at java.base/java.lang.reflect.Constructor.newInstance(Constructor.java:480)
	at org.eclipse.core.internal.registry.osgi.RegistryStrategyOSGI.createExecutableExtension(RegistryStrategyOSGI.java:204)
	... 12 more
Caused by: java.lang.NullPointerException: Cannot invoke "java.io.File.getAbsolutePath()" because the return value of "org.eclipse.wildwebdeveloper.embedder.node.NodeJSManager.getNodeJsLocation()" is null
	at org.eclipse.wildwebdeveloper.angular.AngularLanguageServer.<init>(AngularLanguageServer.java:43)
	... 17 more

!ENTRY org.eclipse.lsp4e 4 0 2025-12-22 22:01:40.405
!MESSAGE Cannot invoke "org.eclipse.lsp4e.server.StreamConnectionProvider.getInputStream()" because "this.lspStreamProvider" is null
!STACK 0
java.lang.NullPointerException: Cannot invoke "org.eclipse.lsp4e.server.StreamConnectionProvider.getInputStream()" because "this.lspStreamProvider" is null
	at org.eclipse.lsp4e.LanguageServerWrapper.lambda$1(LanguageServerWrapper.java:284)
	at java.base/java.util.concurrent.CompletableFuture$UniApply.tryFire(CompletableFuture.java:646)
	at java.base/java.util.concurrent.CompletableFuture.postComplete(CompletableFuture.java:510)
	at java.base/java.util.concurrent.CompletableFuture$AsyncSupply.run(CompletableFuture.java:1773)
	at java.base/java.util.concurrent.CompletableFuture$AsyncSupply.exec(CompletableFuture.java:1760)
	at java.base/java.util.concurrent.ForkJoinTask.doExec(ForkJoinTask.java:373)
	at java.base/java.util.concurrent.ForkJoinPool$WorkQueue.topLevelExec(ForkJoinPool.java:1182)
	at java.base/java.util.concurrent.ForkJoinPool.scan(ForkJoinPool.java:1655)
	at java.base/java.util.concurrent.ForkJoinPool.runWorker(ForkJoinPool.java:1622)
	at java.base/java.util.concurrent.ForkJoinWorkerThread.run(ForkJoinWorkerThread.java:165)

!ENTRY org.eclipse.lsp4e 4 0 2025-12-22 22:01:40.406
!MESSAGE プラグイン "org.eclipse.wildwebdeveloper" は、クラス "org.eclipse.wildwebdeveloper.html.HTMLLanguageServer" をインスタンス化できませんでした。
!STACK 1
org.eclipse.core.runtime.CoreException: プラグイン "org.eclipse.wildwebdeveloper" は、クラス "org.eclipse.wildwebdeveloper.html.HTMLLanguageServer" をインスタンス化できませんでした。
	at org.eclipse.core.internal.registry.osgi.RegistryStrategyOSGI.throwException(RegistryStrategyOSGI.java:212)
	at org.eclipse.core.internal.registry.osgi.RegistryStrategyOSGI.createExecutableExtension(RegistryStrategyOSGI.java:206)
	at org.eclipse.core.internal.registry.ExtensionRegistry.createExecutableExtension(ExtensionRegistry.java:920)
	at org.eclipse.core.internal.registry.ConfigurationElement.createExecutableExtension(ConfigurationElement.java:246)
	at org.eclipse.core.internal.registry.ConfigurationElementHandle.createExecutableExtension(ConfigurationElementHandle.java:63)
	at org.eclipse.lsp4e.LanguageServersRegistry$ExtensionLanguageServerDefinition.createConnectionProvider(LanguageServersRegistry.java:161)
	at org.eclipse.lsp4e.LanguageServerWrapper.lambda$0(LanguageServerWrapper.java:233)
	at java.base/java.util.concurrent.CompletableFuture$AsyncSupply.run(CompletableFuture.java:1768)
	at java.base/java.util.concurrent.CompletableFuture$AsyncSupply.exec(CompletableFuture.java:1760)
	at java.base/java.util.concurrent.ForkJoinTask.doExec(ForkJoinTask.java:373)
	at java.base/java.util.concurrent.ForkJoinPool$WorkQueue.topLevelExec(ForkJoinPool.java:1182)
	at java.base/java.util.concurrent.ForkJoinPool.scan(ForkJoinPool.java:1655)
	at java.base/java.util.concurrent.ForkJoinPool.runWorker(ForkJoinPool.java:1622)
	at java.base/java.util.concurrent.ForkJoinWorkerThread.run(ForkJoinWorkerThread.java:165)
Caused by: java.lang.reflect.InvocationTargetException
	at jdk.internal.reflect.GeneratedConstructorAccessor123.newInstance(Unknown Source)
	at java.base/jdk.internal.reflect.DelegatingConstructorAccessorImpl.newInstance(DelegatingConstructorAccessorImpl.java:45)
	at java.base/java.lang.reflect.Constructor.newInstanceWithCaller(Constructor.java:499)
	at java.base/java.lang.reflect.Constructor.newInstance(Constructor.java:480)
	at org.eclipse.core.internal.registry.osgi.RegistryStrategyOSGI.createExecutableExtension(RegistryStrategyOSGI.java:204)
	... 12 more
Caused by: java.lang.NullPointerException: Cannot invoke "java.io.File.getAbsolutePath()" because the return value of "org.eclipse.wildwebdeveloper.embedder.node.NodeJSManager.getNodeJsLocation()" is null
	at org.eclipse.wildwebdeveloper.html.HTMLLanguageServer.<init>(HTMLLanguageServer.java:40)
	... 17 more
!SUBENTRY 1 org.eclipse.equinox.registry 4 1 2025-12-22 22:01:40.406
!MESSAGE プラグイン "org.eclipse.wildwebdeveloper" は、クラス "org.eclipse.wildwebdeveloper.html.HTMLLanguageServer" をインスタンス化できませんでした。
!STACK 0
java.lang.reflect.InvocationTargetException
	at jdk.internal.reflect.GeneratedConstructorAccessor123.newInstance(Unknown Source)
	at java.base/jdk.internal.reflect.DelegatingConstructorAccessorImpl.newInstance(DelegatingConstructorAccessorImpl.java:45)
	at java.base/java.lang.reflect.Constructor.newInstanceWithCaller(Constructor.java:499)
	at java.base/java.lang.reflect.Constructor.newInstance(Constructor.java:480)
	at org.eclipse.core.internal.registry.osgi.RegistryStrategyOSGI.createExecutableExtension(RegistryStrategyOSGI.java:204)
	at org.eclipse.core.internal.registry.ExtensionRegistry.createExecutableExtension(ExtensionRegistry.java:920)
	at org.eclipse.core.internal.registry.ConfigurationElement.createExecutableExtension(ConfigurationElement.java:246)
	at org.eclipse.core.internal.registry.ConfigurationElementHandle.createExecutableExtension(ConfigurationElementHandle.java:63)
	at org.eclipse.lsp4e.LanguageServersRegistry$ExtensionLanguageServerDefinition.createConnectionProvider(LanguageServersRegistry.java:161)
	at org.eclipse.lsp4e.LanguageServerWrapper.lambda$0(LanguageServerWrapper.java:233)
	at java.base/java.util.concurrent.CompletableFuture$AsyncSupply.run(CompletableFuture.java:1768)
	at java.base/java.util.concurrent.CompletableFuture$AsyncSupply.exec(CompletableFuture.java:1760)
	at java.base/java.util.concurrent.ForkJoinTask.doExec(ForkJoinTask.java:373)
	at java.base/java.util.concurrent.ForkJoinPool$WorkQueue.topLevelExec(ForkJoinPool.java:1182)
	at java.base/java.util.concurrent.ForkJoinPool.scan(ForkJoinPool.java:1655)
	at java.base/java.util.concurrent.ForkJoinPool.runWorker(ForkJoinPool.java:1622)
	at java.base/java.util.concurrent.ForkJoinWorkerThread.run(ForkJoinWorkerThread.java:165)
Caused by: java.lang.NullPointerException: Cannot invoke "java.io.File.getAbsolutePath()" because the return value of "org.eclipse.wildwebdeveloper.embedder.node.NodeJSManager.getNodeJsLocation()" is null
	at org.eclipse.wildwebdeveloper.html.HTMLLanguageServer.<init>(HTMLLanguageServer.java:40)
	... 17 more
Root exception:
java.lang.NullPointerException: Cannot invoke "java.io.File.getAbsolutePath()" because the return value of "org.eclipse.wildwebdeveloper.embedder.node.NodeJSManager.getNodeJsLocation()" is null
	at org.eclipse.wildwebdeveloper.html.HTMLLanguageServer.<init>(HTMLLanguageServer.java:40)
	at jdk.internal.reflect.GeneratedConstructorAccessor123.newInstance(Unknown Source)
	at java.base/jdk.internal.reflect.DelegatingConstructorAccessorImpl.newInstance(DelegatingConstructorAccessorImpl.java:45)
	at java.base/java.lang.reflect.Constructor.newInstanceWithCaller(Constructor.java:499)
	at java.base/java.lang.reflect.Constructor.newInstance(Constructor.java:480)
	at org.eclipse.core.internal.registry.osgi.RegistryStrategyOSGI.createExecutableExtension(RegistryStrategyOSGI.java:204)
	at org.eclipse.core.internal.registry.ExtensionRegistry.createExecutableExtension(ExtensionRegistry.java:920)
	at org.eclipse.core.internal.registry.ConfigurationElement.createExecutableExtension(ConfigurationElement.java:246)
	at org.eclipse.core.internal.registry.ConfigurationElementHandle.createExecutableExtension(ConfigurationElementHandle.java:63)
	at org.eclipse.lsp4e.LanguageServersRegistry$ExtensionLanguageServerDefinition.createConnectionProvider(LanguageServersRegistry.java:161)
	at org.eclipse.lsp4e.LanguageServerWrapper.lambda$0(LanguageServerWrapper.java:233)
	at java.base/java.util.concurrent.CompletableFuture$AsyncSupply.run(CompletableFuture.java:1768)
	at java.base/java.util.concurrent.CompletableFuture$AsyncSupply.exec(CompletableFuture.java:1760)
	at java.base/java.util.concurrent.ForkJoinTask.doExec(ForkJoinTask.java:373)
	at java.base/java.util.concurrent.ForkJoinPool$WorkQueue.topLevelExec(ForkJoinPool.java:1182)
	at java.base/java.util.concurrent.ForkJoinPool.scan(ForkJoinPool.java:1655)
	at java.base/java.util.concurrent.ForkJoinPool.runWorker(ForkJoinPool.java:1622)
	at java.base/java.util.concurrent.ForkJoinWorkerThread.run(ForkJoinWorkerThread.java:165)

!ENTRY org.eclipse.lsp4e 4 0 2025-12-22 22:01:40.406
!MESSAGE Exception occurred while creating an instance of the stream connection provider
!STACK 0
java.lang.RuntimeException: Exception occurred while creating an instance of the stream connection provider
	at org.eclipse.lsp4e.LanguageServersRegistry$ExtensionLanguageServerDefinition.createConnectionProvider(LanguageServersRegistry.java:164)
	at org.eclipse.lsp4e.LanguageServerWrapper.lambda$0(LanguageServerWrapper.java:233)
	at java.base/java.util.concurrent.CompletableFuture$AsyncSupply.run(CompletableFuture.java:1768)
	at java.base/java.util.concurrent.CompletableFuture$AsyncSupply.exec(CompletableFuture.java:1760)
	at java.base/java.util.concurrent.ForkJoinTask.doExec(ForkJoinTask.java:373)
	at java.base/java.util.concurrent.ForkJoinPool$WorkQueue.topLevelExec(ForkJoinPool.java:1182)
	at java.base/java.util.concurrent.ForkJoinPool.scan(ForkJoinPool.java:1655)
	at java.base/java.util.concurrent.ForkJoinPool.runWorker(ForkJoinPool.java:1622)
	at java.base/java.util.concurrent.ForkJoinWorkerThread.run(ForkJoinWorkerThread.java:165)
Caused by: org.eclipse.core.runtime.CoreException: プラグイン "org.eclipse.wildwebdeveloper" は、クラス "org.eclipse.wildwebdeveloper.html.HTMLLanguageServer" をインスタンス化できませんでした。
	at org.eclipse.core.internal.registry.osgi.RegistryStrategyOSGI.throwException(RegistryStrategyOSGI.java:212)
	at org.eclipse.core.internal.registry.osgi.RegistryStrategyOSGI.createExecutableExtension(RegistryStrategyOSGI.java:206)
	at org.eclipse.core.internal.registry.ExtensionRegistry.createExecutableExtension(ExtensionRegistry.java:920)
	at org.eclipse.core.internal.registry.ConfigurationElement.createExecutableExtension(ConfigurationElement.java:246)
	at org.eclipse.core.internal.registry.ConfigurationElementHandle.createExecutableExtension(ConfigurationElementHandle.java:63)
	at org.eclipse.lsp4e.LanguageServersRegistry$ExtensionLanguageServerDefinition.createConnectionProvider(LanguageServersRegistry.java:161)
	... 8 more
Caused by: java.lang.reflect.InvocationTargetException
	at jdk.internal.reflect.GeneratedConstructorAccessor123.newInstance(Unknown Source)
	at java.base/jdk.internal.reflect.DelegatingConstructorAccessorImpl.newInstance(DelegatingConstructorAccessorImpl.java:45)
	at java.base/java.lang.reflect.Constructor.newInstanceWithCaller(Constructor.java:499)
	at java.base/java.lang.reflect.Constructor.newInstance(Constructor.java:480)
	at org.eclipse.core.internal.registry.osgi.RegistryStrategyOSGI.createExecutableExtension(RegistryStrategyOSGI.java:204)
	... 12 more
Caused by: java.lang.NullPointerException: Cannot invoke "java.io.File.getAbsolutePath()" because the return value of "org.eclipse.wildwebdeveloper.embedder.node.NodeJSManager.getNodeJsLocation()" is null
	at org.eclipse.wildwebdeveloper.html.HTMLLanguageServer.<init>(HTMLLanguageServer.java:40)
	... 17 more

!ENTRY org.eclipse.lsp4e 4 0 2025-12-22 22:01:40.407
!MESSAGE Cannot invoke "org.eclipse.lsp4e.server.StreamConnectionProvider.getInputStream()" because "this.lspStreamProvider" is null
!STACK 0
java.lang.NullPointerException: Cannot invoke "org.eclipse.lsp4e.server.StreamConnectionProvider.getInputStream()" because "this.lspStreamProvider" is null
	at org.eclipse.lsp4e.LanguageServerWrapper.lambda$1(LanguageServerWrapper.java:284)
	at java.base/java.util.concurrent.CompletableFuture$UniApply.tryFire(CompletableFuture.java:646)
	at java.base/java.util.concurrent.CompletableFuture.postComplete(CompletableFuture.java:510)
	at java.base/java.util.concurrent.CompletableFuture$AsyncSupply.run(CompletableFuture.java:1773)
	at java.base/java.util.concurrent.CompletableFuture$AsyncSupply.exec(CompletableFuture.java:1760)
	at java.base/java.util.concurrent.ForkJoinTask.doExec(ForkJoinTask.java:373)
	at java.base/java.util.concurrent.ForkJoinPool$WorkQueue.topLevelExec(ForkJoinPool.java:1182)
	at java.base/java.util.concurrent.ForkJoinPool.scan(ForkJoinPool.java:1655)
	at java.base/java.util.concurrent.ForkJoinPool.runWorker(ForkJoinPool.java:1622)
	at java.base/java.util.concurrent.ForkJoinWorkerThread.run(ForkJoinWorkerThread.java:165)

!ENTRY org.eclipse.lsp4e 4 0 2025-12-22 22:01:40.472
!MESSAGE プラグイン "org.eclipse.wildwebdeveloper" は、クラス "org.eclipse.wildwebdeveloper.angular.AngularLanguageServer" をインスタンス化できませんでした。
!STACK 1
org.eclipse.core.runtime.CoreException: プラグイン "org.eclipse.wildwebdeveloper" は、クラス "org.eclipse.wildwebdeveloper.angular.AngularLanguageServer" をインスタンス化できませんでした。
	at org.eclipse.core.internal.registry.osgi.RegistryStrategyOSGI.throwException(RegistryStrategyOSGI.java:212)
	at org.eclipse.core.internal.registry.osgi.RegistryStrategyOSGI.createExecutableExtension(RegistryStrategyOSGI.java:206)
	at org.eclipse.core.internal.registry.ExtensionRegistry.createExecutableExtension(ExtensionRegistry.java:920)
	at org.eclipse.core.internal.registry.ConfigurationElement.createExecutableExtension(ConfigurationElement.java:246)
	at org.eclipse.core.internal.registry.ConfigurationElementHandle.createExecutableExtension(ConfigurationElementHandle.java:63)
	at org.eclipse.lsp4e.LanguageServersRegistry$ExtensionLanguageServerDefinition.createConnectionProvider(LanguageServersRegistry.java:161)
	at org.eclipse.lsp4e.LanguageServerWrapper.lambda$0(LanguageServerWrapper.java:233)
	at java.base/java.util.concurrent.CompletableFuture$AsyncSupply.run(CompletableFuture.java:1768)
	at java.base/java.util.concurrent.CompletableFuture$AsyncSupply.exec(CompletableFuture.java:1760)
	at java.base/java.util.concurrent.ForkJoinTask.doExec(ForkJoinTask.java:373)
	at java.base/java.util.concurrent.ForkJoinPool$WorkQueue.topLevelExec(ForkJoinPool.java:1182)
	at java.base/java.util.concurrent.ForkJoinPool.scan(ForkJoinPool.java:1655)
	at java.base/java.util.concurrent.ForkJoinPool.runWorker(ForkJoinPool.java:1622)
	at java.base/java.util.concurrent.ForkJoinWorkerThread.run(ForkJoinWorkerThread.java:165)
Caused by: java.lang.reflect.InvocationTargetException
	at jdk.internal.reflect.GeneratedConstructorAccessor122.newInstance(Unknown Source)
	at java.base/jdk.internal.reflect.DelegatingConstructorAccessorImpl.newInstance(DelegatingConstructorAccessorImpl.java:45)
	at java.base/java.lang.reflect.Constructor.newInstanceWithCaller(Constructor.java:499)
	at java.base/java.lang.reflect.Constructor.newInstance(Constructor.java:480)
	at org.eclipse.core.internal.registry.osgi.RegistryStrategyOSGI.createExecutableExtension(RegistryStrategyOSGI.java:204)
	... 12 more
Caused by: java.lang.NullPointerException: Cannot invoke "java.io.File.getAbsolutePath()" because the return value of "org.eclipse.wildwebdeveloper.embedder.node.NodeJSManager.getNodeJsLocation()" is null
	at org.eclipse.wildwebdeveloper.angular.AngularLanguageServer.<init>(AngularLanguageServer.java:43)
	... 17 more
!SUBENTRY 1 org.eclipse.equinox.registry 4 1 2025-12-22 22:01:40.472
!MESSAGE プラグイン "org.eclipse.wildwebdeveloper" は、クラス "org.eclipse.wildwebdeveloper.angular.AngularLanguageServer" をインスタンス化できませんでした。
!STACK 0
java.lang.reflect.InvocationTargetException
	at jdk.internal.reflect.GeneratedConstructorAccessor122.newInstance(Unknown Source)
	at java.base/jdk.internal.reflect.DelegatingConstructorAccessorImpl.newInstance(DelegatingConstructorAccessorImpl.java:45)
	at java.base/java.lang.reflect.Constructor.newInstanceWithCaller(Constructor.java:499)
	at java.base/java.lang.reflect.Constructor.newInstance(Constructor.java:480)
	at org.eclipse.core.internal.registry.osgi.RegistryStrategyOSGI.createExecutableExtension(RegistryStrategyOSGI.java:204)
	at org.eclipse.core.internal.registry.ExtensionRegistry.createExecutableExtension(ExtensionRegistry.java:920)
	at org.eclipse.core.internal.registry.ConfigurationElement.createExecutableExtension(ConfigurationElement.java:246)
	at org.eclipse.core.internal.registry.ConfigurationElementHandle.createExecutableExtension(ConfigurationElementHandle.java:63)
	at org.eclipse.lsp4e.LanguageServersRegistry$ExtensionLanguageServerDefinition.createConnectionProvider(LanguageServersRegistry.java:161)
	at org.eclipse.lsp4e.LanguageServerWrapper.lambda$0(LanguageServerWrapper.java:233)
	at java.base/java.util.concurrent.CompletableFuture$AsyncSupply.run(CompletableFuture.java:1768)
	at java.base/java.util.concurrent.CompletableFuture$AsyncSupply.exec(CompletableFuture.java:1760)
	at java.base/java.util.concurrent.ForkJoinTask.doExec(ForkJoinTask.java:373)
	at java.base/java.util.concurrent.ForkJoinPool$WorkQueue.topLevelExec(ForkJoinPool.java:1182)
	at java.base/java.util.concurrent.ForkJoinPool.scan(ForkJoinPool.java:1655)
	at java.base/java.util.concurrent.ForkJoinPool.runWorker(ForkJoinPool.java:1622)
	at java.base/java.util.concurrent.ForkJoinWorkerThread.run(ForkJoinWorkerThread.java:165)
Caused by: java.lang.NullPointerException: Cannot invoke "java.io.File.getAbsolutePath()" because the return value of "org.eclipse.wildwebdeveloper.embedder.node.NodeJSManager.getNodeJsLocation()" is null
	at org.eclipse.wildwebdeveloper.angular.AngularLanguageServer.<init>(AngularLanguageServer.java:43)
	... 17 more
Root exception:
java.lang.NullPointerException: Cannot invoke "java.io.File.getAbsolutePath()" because the return value of "org.eclipse.wildwebdeveloper.embedder.node.NodeJSManager.getNodeJsLocation()" is null
	at org.eclipse.wildwebdeveloper.angular.AngularLanguageServer.<init>(AngularLanguageServer.java:43)
	at jdk.internal.reflect.GeneratedConstructorAccessor122.newInstance(Unknown Source)
	at java.base/jdk.internal.reflect.DelegatingConstructorAccessorImpl.newInstance(DelegatingConstructorAccessorImpl.java:45)
	at java.base/java.lang.reflect.Constructor.newInstanceWithCaller(Constructor.java:499)
	at java.base/java.lang.reflect.Constructor.newInstance(Constructor.java:480)
	at org.eclipse.core.internal.registry.osgi.RegistryStrategyOSGI.createExecutableExtension(RegistryStrategyOSGI.java:204)
	at org.eclipse.core.internal.registry.ExtensionRegistry.createExecutableExtension(ExtensionRegistry.java:920)
	at org.eclipse.core.internal.registry.ConfigurationElement.createExecutableExtension(ConfigurationElement.java:246)
	at org.eclipse.core.internal.registry.ConfigurationElementHandle.createExecutableExtension(ConfigurationElementHandle.java:63)
	at org.eclipse.lsp4e.LanguageServersRegistry$ExtensionLanguageServerDefinition.createConnectionProvider(LanguageServersRegistry.java:161)
	at org.eclipse.lsp4e.LanguageServerWrapper.lambda$0(LanguageServerWrapper.java:233)
	at java.base/java.util.concurrent.CompletableFuture$AsyncSupply.run(CompletableFuture.java:1768)
	at java.base/java.util.concurrent.CompletableFuture$AsyncSupply.exec(CompletableFuture.java:1760)
	at java.base/java.util.concurrent.ForkJoinTask.doExec(ForkJoinTask.java:373)
	at java.base/java.util.concurrent.ForkJoinPool$WorkQueue.topLevelExec(ForkJoinPool.java:1182)
	at java.base/java.util.concurrent.ForkJoinPool.scan(ForkJoinPool.java:1655)
	at java.base/java.util.concurrent.ForkJoinPool.runWorker(ForkJoinPool.java:1622)
	at java.base/java.util.concurrent.ForkJoinWorkerThread.run(ForkJoinWorkerThread.java:165)

!ENTRY org.eclipse.lsp4e 4 0 2025-12-22 22:01:40.474
!MESSAGE Exception occurred while creating an instance of the stream connection provider
!STACK 0
java.lang.RuntimeException: Exception occurred while creating an instance of the stream connection provider
	at org.eclipse.lsp4e.LanguageServersRegistry$ExtensionLanguageServerDefinition.createConnectionProvider(LanguageServersRegistry.java:164)
	at org.eclipse.lsp4e.LanguageServerWrapper.lambda$0(LanguageServerWrapper.java:233)
	at java.base/java.util.concurrent.CompletableFuture$AsyncSupply.run(CompletableFuture.java:1768)
	at java.base/java.util.concurrent.CompletableFuture$AsyncSupply.exec(CompletableFuture.java:1760)
	at java.base/java.util.concurrent.ForkJoinTask.doExec(ForkJoinTask.java:373)
	at java.base/java.util.concurrent.ForkJoinPool$WorkQueue.topLevelExec(ForkJoinPool.java:1182)
	at java.base/java.util.concurrent.ForkJoinPool.scan(ForkJoinPool.java:1655)
	at java.base/java.util.concurrent.ForkJoinPool.runWorker(ForkJoinPool.java:1622)
	at java.base/java.util.concurrent.ForkJoinWorkerThread.run(ForkJoinWorkerThread.java:165)
Caused by: org.eclipse.core.runtime.CoreException: プラグイン "org.eclipse.wildwebdeveloper" は、クラス "org.eclipse.wildwebdeveloper.angular.AngularLanguageServer" をインスタンス化できませんでした。
	at org.eclipse.core.internal.registry.osgi.RegistryStrategyOSGI.throwException(RegistryStrategyOSGI.java:212)
	at org.eclipse.core.internal.registry.osgi.RegistryStrategyOSGI.createExecutableExtension(RegistryStrategyOSGI.java:206)
	at org.eclipse.core.internal.registry.ExtensionRegistry.createExecutableExtension(ExtensionRegistry.java:920)
	at org.eclipse.core.internal.registry.ConfigurationElement.createExecutableExtension(ConfigurationElement.java:246)
	at org.eclipse.core.internal.registry.ConfigurationElementHandle.createExecutableExtension(ConfigurationElementHandle.java:63)
	at org.eclipse.lsp4e.LanguageServersRegistry$ExtensionLanguageServerDefinition.createConnectionProvider(LanguageServersRegistry.java:161)
	... 8 more
Caused by: java.lang.reflect.InvocationTargetException
	at jdk.internal.reflect.GeneratedConstructorAccessor122.newInstance(Unknown Source)
	at java.base/jdk.internal.reflect.DelegatingConstructorAccessorImpl.newInstance(DelegatingConstructorAccessorImpl.java:45)
	at java.base/java.lang.reflect.Constructor.newInstanceWithCaller(Constructor.java:499)
	at java.base/java.lang.reflect.Constructor.newInstance(Constructor.java:480)
	at org.eclipse.core.internal.registry.osgi.RegistryStrategyOSGI.createExecutableExtension(RegistryStrategyOSGI.java:204)
	... 12 more
Caused by: java.lang.NullPointerException: Cannot invoke "java.io.File.getAbsolutePath()" because the return value of "org.eclipse.wildwebdeveloper.embedder.node.NodeJSManager.getNodeJsLocation()" is null
	at org.eclipse.wildwebdeveloper.angular.AngularLanguageServer.<init>(AngularLanguageServer.java:43)
	... 17 more

!ENTRY org.eclipse.lsp4e 4 0 2025-12-22 22:01:40.474
!MESSAGE プラグイン "org.eclipse.wildwebdeveloper" は、クラス "org.eclipse.wildwebdeveloper.html.HTMLLanguageServer" をインスタンス化できませんでした。
!STACK 1
org.eclipse.core.runtime.CoreException: プラグイン "org.eclipse.wildwebdeveloper" は、クラス "org.eclipse.wildwebdeveloper.html.HTMLLanguageServer" をインスタンス化できませんでした。
	at org.eclipse.core.internal.registry.osgi.RegistryStrategyOSGI.throwException(RegistryStrategyOSGI.java:212)
	at org.eclipse.core.internal.registry.osgi.RegistryStrategyOSGI.createExecutableExtension(RegistryStrategyOSGI.java:206)
	at org.eclipse.core.internal.registry.ExtensionRegistry.createExecutableExtension(ExtensionRegistry.java:920)
	at org.eclipse.core.internal.registry.ConfigurationElement.createExecutableExtension(ConfigurationElement.java:246)
	at org.eclipse.core.internal.registry.ConfigurationElementHandle.createExecutableExtension(ConfigurationElementHandle.java:63)
	at org.eclipse.lsp4e.LanguageServersRegistry$ExtensionLanguageServerDefinition.createConnectionProvider(LanguageServersRegistry.java:161)
	at org.eclipse.lsp4e.LanguageServerWrapper.lambda$0(LanguageServerWrapper.java:233)
	at java.base/java.util.concurrent.CompletableFuture$AsyncSupply.run(CompletableFuture.java:1768)
	at java.base/java.util.concurrent.CompletableFuture$AsyncSupply.exec(CompletableFuture.java:1760)
	at java.base/java.util.concurrent.ForkJoinTask.doExec(ForkJoinTask.java:373)
	at java.base/java.util.concurrent.ForkJoinPool$WorkQueue.topLevelExec(ForkJoinPool.java:1182)
	at java.base/java.util.concurrent.ForkJoinPool.scan(ForkJoinPool.java:1655)
	at java.base/java.util.concurrent.ForkJoinPool.runWorker(ForkJoinPool.java:1622)
	at java.base/java.util.concurrent.ForkJoinWorkerThread.run(ForkJoinWorkerThread.java:165)
Caused by: java.lang.reflect.InvocationTargetException
	at jdk.internal.reflect.GeneratedConstructorAccessor123.newInstance(Unknown Source)
	at java.base/jdk.internal.reflect.DelegatingConstructorAccessorImpl.newInstance(DelegatingConstructorAccessorImpl.java:45)
	at java.base/java.lang.reflect.Constructor.newInstanceWithCaller(Constructor.java:499)
	at java.base/java.lang.reflect.Constructor.newInstance(Constructor.java:480)
	at org.eclipse.core.internal.registry.osgi.RegistryStrategyOSGI.createExecutableExtension(RegistryStrategyOSGI.java:204)
	... 12 more
Caused by: java.lang.NullPointerException: Cannot invoke "java.io.File.getAbsolutePath()" because the return value of "org.eclipse.wildwebdeveloper.embedder.node.NodeJSManager.getNodeJsLocation()" is null
	at org.eclipse.wildwebdeveloper.html.HTMLLanguageServer.<init>(HTMLLanguageServer.java:40)
	... 17 more
!SUBENTRY 1 org.eclipse.equinox.registry 4 1 2025-12-22 22:01:40.474
!MESSAGE プラグイン "org.eclipse.wildwebdeveloper" は、クラス "org.eclipse.wildwebdeveloper.html.HTMLLanguageServer" をインスタンス化できませんでした。
!STACK 0
java.lang.reflect.InvocationTargetException
	at jdk.internal.reflect.GeneratedConstructorAccessor123.newInstance(Unknown Source)
	at java.base/jdk.internal.reflect.DelegatingConstructorAccessorImpl.newInstance(DelegatingConstructorAccessorImpl.java:45)
	at java.base/java.lang.reflect.Constructor.newInstanceWithCaller(Constructor.java:499)
	at java.base/java.lang.reflect.Constructor.newInstance(Constructor.java:480)
	at org.eclipse.core.internal.registry.osgi.RegistryStrategyOSGI.createExecutableExtension(RegistryStrategyOSGI.java:204)
	at org.eclipse.core.internal.registry.ExtensionRegistry.createExecutableExtension(ExtensionRegistry.java:920)
	at org.eclipse.core.internal.registry.ConfigurationElement.createExecutableExtension(ConfigurationElement.java:246)
	at org.eclipse.core.internal.registry.ConfigurationElementHandle.createExecutableExtension(ConfigurationElementHandle.java:63)
	at org.eclipse.lsp4e.LanguageServersRegistry$ExtensionLanguageServerDefinition.createConnectionProvider(LanguageServersRegistry.java:161)
	at org.eclipse.lsp4e.LanguageServerWrapper.lambda$0(LanguageServerWrapper.java:233)
	at java.base/java.util.concurrent.CompletableFuture$AsyncSupply.run(CompletableFuture.java:1768)
	at java.base/java.util.concurrent.CompletableFuture$AsyncSupply.exec(CompletableFuture.java:1760)
	at java.base/java.util.concurrent.ForkJoinTask.doExec(ForkJoinTask.java:373)
	at java.base/java.util.concurrent.ForkJoinPool$WorkQueue.topLevelExec(ForkJoinPool.java:1182)
	at java.base/java.util.concurrent.ForkJoinPool.scan(ForkJoinPool.java:1655)
	at java.base/java.util.concurrent.ForkJoinPool.runWorker(ForkJoinPool.java:1622)
	at java.base/java.util.concurrent.ForkJoinWorkerThread.run(ForkJoinWorkerThread.java:165)
Caused by: java.lang.NullPointerException: Cannot invoke "java.io.File.getAbsolutePath()" because the return value of "org.eclipse.wildwebdeveloper.embedder.node.NodeJSManager.getNodeJsLocation()" is null
	at org.eclipse.wildwebdeveloper.html.HTMLLanguageServer.<init>(HTMLLanguageServer.java:40)
	... 17 more
Root exception:
java.lang.NullPointerException: Cannot invoke "java.io.File.getAbsolutePath()" because the return value of "org.eclipse.wildwebdeveloper.embedder.node.NodeJSManager.getNodeJsLocation()" is null
	at org.eclipse.wildwebdeveloper.html.HTMLLanguageServer.<init>(HTMLLanguageServer.java:40)
	at jdk.internal.reflect.GeneratedConstructorAccessor123.newInstance(Unknown Source)
	at java.base/jdk.internal.reflect.DelegatingConstructorAccessorImpl.newInstance(DelegatingConstructorAccessorImpl.java:45)
	at java.base/java.lang.reflect.Constructor.newInstanceWithCaller(Constructor.java:499)
	at java.base/java.lang.reflect.Constructor.newInstance(Constructor.java:480)
	at org.eclipse.core.internal.registry.osgi.RegistryStrategyOSGI.createExecutableExtension(RegistryStrategyOSGI.java:204)
	at org.eclipse.core.internal.registry.ExtensionRegistry.createExecutableExtension(ExtensionRegistry.java:920)
	at org.eclipse.core.internal.registry.ConfigurationElement.createExecutableExtension(ConfigurationElement.java:246)
	at org.eclipse.core.internal.registry.ConfigurationElementHandle.createExecutableExtension(ConfigurationElementHandle.java:63)
	at org.eclipse.lsp4e.LanguageServersRegistry$ExtensionLanguageServerDefinition.createConnectionProvider(LanguageServersRegistry.java:161)
	at org.eclipse.lsp4e.LanguageServerWrapper.lambda$0(LanguageServerWrapper.java:233)
	at java.base/java.util.concurrent.CompletableFuture$AsyncSupply.run(CompletableFuture.java:1768)
	at java.base/java.util.concurrent.CompletableFuture$AsyncSupply.exec(CompletableFuture.java:1760)
	at java.base/java.util.concurrent.ForkJoinTask.doExec(ForkJoinTask.java:373)
	at java.base/java.util.concurrent.ForkJoinPool$WorkQueue.topLevelExec(ForkJoinPool.java:1182)
	at java.base/java.util.concurrent.ForkJoinPool.scan(ForkJoinPool.java:1655)
	at java.base/java.util.concurrent.ForkJoinPool.runWorker(ForkJoinPool.java:1622)
	at java.base/java.util.concurrent.ForkJoinWorkerThread.run(ForkJoinWorkerThread.java:165)

!ENTRY org.eclipse.lsp4e 4 0 2025-12-22 22:01:40.474
!MESSAGE Cannot invoke "org.eclipse.lsp4e.server.StreamConnectionProvider.getInputStream()" because "this.lspStreamProvider" is null
!STACK 0
java.lang.NullPointerException: Cannot invoke "org.eclipse.lsp4e.server.StreamConnectionProvider.getInputStream()" because "this.lspStreamProvider" is null
	at org.eclipse.lsp4e.LanguageServerWrapper.lambda$1(LanguageServerWrapper.java:284)
	at java.base/java.util.concurrent.CompletableFuture$UniApply.tryFire(CompletableFuture.java:646)
	at java.base/java.util.concurrent.CompletableFuture.postComplete(CompletableFuture.java:510)
	at java.base/java.util.concurrent.CompletableFuture$AsyncSupply.run(CompletableFuture.java:1773)
	at java.base/java.util.concurrent.CompletableFuture$AsyncSupply.exec(CompletableFuture.java:1760)
	at java.base/java.util.concurrent.ForkJoinTask.doExec(ForkJoinTask.java:373)
	at java.base/java.util.concurrent.ForkJoinPool$WorkQueue.topLevelExec(ForkJoinPool.java:1182)
	at java.base/java.util.concurrent.ForkJoinPool.scan(ForkJoinPool.java:1655)
	at java.base/java.util.concurrent.ForkJoinPool.runWorker(ForkJoinPool.java:1622)
	at java.base/java.util.concurrent.ForkJoinWorkerThread.run(ForkJoinWorkerThread.java:165)

!ENTRY org.eclipse.lsp4e 4 0 2025-12-22 22:01:40.475
!MESSAGE Exception occurred while creating an instance of the stream connection provider
!STACK 0
java.lang.RuntimeException: Exception occurred while creating an instance of the stream connection provider
	at org.eclipse.lsp4e.LanguageServersRegistry$ExtensionLanguageServerDefinition.createConnectionProvider(LanguageServersRegistry.java:164)
	at org.eclipse.lsp4e.LanguageServerWrapper.lambda$0(LanguageServerWrapper.java:233)
	at java.base/java.util.concurrent.CompletableFuture$AsyncSupply.run(CompletableFuture.java:1768)
	at java.base/java.util.concurrent.CompletableFuture$AsyncSupply.exec(CompletableFuture.java:1760)
	at java.base/java.util.concurrent.ForkJoinTask.doExec(ForkJoinTask.java:373)
	at java.base/java.util.concurrent.ForkJoinPool$WorkQueue.topLevelExec(ForkJoinPool.java:1182)
	at java.base/java.util.concurrent.ForkJoinPool.scan(ForkJoinPool.java:1655)
	at java.base/java.util.concurrent.ForkJoinPool.runWorker(ForkJoinPool.java:1622)
	at java.base/java.util.concurrent.ForkJoinWorkerThread.run(ForkJoinWorkerThread.java:165)
Caused by: org.eclipse.core.runtime.CoreException: プラグイン "org.eclipse.wildwebdeveloper" は、クラス "org.eclipse.wildwebdeveloper.html.HTMLLanguageServer" をインスタンス化できませんでした。
	at org.eclipse.core.internal.registry.osgi.RegistryStrategyOSGI.throwException(RegistryStrategyOSGI.java:212)
	at org.eclipse.core.internal.registry.osgi.RegistryStrategyOSGI.createExecutableExtension(RegistryStrategyOSGI.java:206)
	at org.eclipse.core.internal.registry.ExtensionRegistry.createExecutableExtension(ExtensionRegistry.java:920)
	at org.eclipse.core.internal.registry.ConfigurationElement.createExecutableExtension(ConfigurationElement.java:246)
	at org.eclipse.core.internal.registry.ConfigurationElementHandle.createExecutableExtension(ConfigurationElementHandle.java:63)
	at org.eclipse.lsp4e.LanguageServersRegistry$ExtensionLanguageServerDefinition.createConnectionProvider(LanguageServersRegistry.java:161)
	... 8 more
Caused by: java.lang.reflect.InvocationTargetException
	at jdk.internal.reflect.GeneratedConstructorAccessor123.newInstance(Unknown Source)
	at java.base/jdk.internal.reflect.DelegatingConstructorAccessorImpl.newInstance(DelegatingConstructorAccessorImpl.java:45)
	at java.base/java.lang.reflect.Constructor.newInstanceWithCaller(Constructor.java:499)
	at java.base/java.lang.reflect.Constructor.newInstance(Constructor.java:480)
	at org.eclipse.core.internal.registry.osgi.RegistryStrategyOSGI.createExecutableExtension(RegistryStrategyOSGI.java:204)
	... 12 more
Caused by: java.lang.NullPointerException: Cannot invoke "java.io.File.getAbsolutePath()" because the return value of "org.eclipse.wildwebdeveloper.embedder.node.NodeJSManager.getNodeJsLocation()" is null
	at org.eclipse.wildwebdeveloper.html.HTMLLanguageServer.<init>(HTMLLanguageServer.java:40)
	... 17 more

!ENTRY org.eclipse.lsp4e 4 0 2025-12-22 22:01:40.475
!MESSAGE Cannot invoke "org.eclipse.lsp4e.server.StreamConnectionProvider.getInputStream()" because "this.lspStreamProvider" is null
!STACK 0
java.lang.NullPointerException: Cannot invoke "org.eclipse.lsp4e.server.StreamConnectionProvider.getInputStream()" because "this.lspStreamProvider" is null
	at org.eclipse.lsp4e.LanguageServerWrapper.lambda$1(LanguageServerWrapper.java:284)
	at java.base/java.util.concurrent.CompletableFuture$UniApply.tryFire(CompletableFuture.java:646)
	at java.base/java.util.concurrent.CompletableFuture.postComplete(CompletableFuture.java:510)
	at java.base/java.util.concurrent.CompletableFuture$AsyncSupply.run(CompletableFuture.java:1773)
	at java.base/java.util.concurrent.CompletableFuture$AsyncSupply.exec(CompletableFuture.java:1760)
	at java.base/java.util.concurrent.ForkJoinTask.doExec(ForkJoinTask.java:373)
	at java.base/java.util.concurrent.ForkJoinPool$WorkQueue.topLevelExec(ForkJoinPool.java:1182)
	at java.base/java.util.concurrent.ForkJoinPool.scan(ForkJoinPool.java:1655)
	at java.base/java.util.concurrent.ForkJoinPool.runWorker(ForkJoinPool.java:1622)
	at java.base/java.util.concurrent.ForkJoinWorkerThread.run(ForkJoinWorkerThread.java:165)

!ENTRY org.eclipse.lsp4e 4 0 2025-12-22 22:01:40.551
!MESSAGE プラグイン "org.eclipse.wildwebdeveloper" は、クラス "org.eclipse.wildwebdeveloper.html.HTMLLanguageServer" をインスタンス化できませんでした。
!STACK 1
org.eclipse.core.runtime.CoreException: プラグイン "org.eclipse.wildwebdeveloper" は、クラス "org.eclipse.wildwebdeveloper.html.HTMLLanguageServer" をインスタンス化できませんでした。
	at org.eclipse.core.internal.registry.osgi.RegistryStrategyOSGI.throwException(RegistryStrategyOSGI.java:212)
	at org.eclipse.core.internal.registry.osgi.RegistryStrategyOSGI.createExecutableExtension(RegistryStrategyOSGI.java:206)
	at org.eclipse.core.internal.registry.ExtensionRegistry.createExecutableExtension(ExtensionRegistry.java:920)
	at org.eclipse.core.internal.registry.ConfigurationElement.createExecutableExtension(ConfigurationElement.java:246)
	at org.eclipse.core.internal.registry.ConfigurationElementHandle.createExecutableExtension(ConfigurationElementHandle.java:63)
	at org.eclipse.lsp4e.LanguageServersRegistry$ExtensionLanguageServerDefinition.createConnectionProvider(LanguageServersRegistry.java:161)
	at org.eclipse.lsp4e.LanguageServerWrapper.lambda$0(LanguageServerWrapper.java:233)
	at java.base/java.util.concurrent.CompletableFuture$AsyncSupply.run(CompletableFuture.java:1768)
	at java.base/java.util.concurrent.CompletableFuture$AsyncSupply.exec(CompletableFuture.java:1760)
	at java.base/java.util.concurrent.ForkJoinTask.doExec(ForkJoinTask.java:373)
	at java.base/java.util.concurrent.ForkJoinPool$WorkQueue.topLevelExec(ForkJoinPool.java:1182)
	at java.base/java.util.concurrent.ForkJoinPool.scan(ForkJoinPool.java:1655)
	at java.base/java.util.concurrent.ForkJoinPool.runWorker(ForkJoinPool.java:1622)
	at java.base/java.util.concurrent.ForkJoinWorkerThread.run(ForkJoinWorkerThread.java:165)
Caused by: java.lang.reflect.InvocationTargetException
	at jdk.internal.reflect.GeneratedConstructorAccessor123.newInstance(Unknown Source)
	at java.base/jdk.internal.reflect.DelegatingConstructorAccessorImpl.newInstance(DelegatingConstructorAccessorImpl.java:45)
	at java.base/java.lang.reflect.Constructor.newInstanceWithCaller(Constructor.java:499)
	at java.base/java.lang.reflect.Constructor.newInstance(Constructor.java:480)
	at org.eclipse.core.internal.registry.osgi.RegistryStrategyOSGI.createExecutableExtension(RegistryStrategyOSGI.java:204)
	... 12 more
Caused by: java.lang.NullPointerException: Cannot invoke "java.io.File.getAbsolutePath()" because the return value of "org.eclipse.wildwebdeveloper.embedder.node.NodeJSManager.getNodeJsLocation()" is null
	at org.eclipse.wildwebdeveloper.html.HTMLLanguageServer.<init>(HTMLLanguageServer.java:40)
	... 17 more
!SUBENTRY 1 org.eclipse.equinox.registry 4 1 2025-12-22 22:01:40.551
!MESSAGE プラグイン "org.eclipse.wildwebdeveloper" は、クラス "org.eclipse.wildwebdeveloper.html.HTMLLanguageServer" をインスタンス化できませんでした。
!STACK 0
java.lang.reflect.InvocationTargetException
	at jdk.internal.reflect.GeneratedConstructorAccessor123.newInstance(Unknown Source)
	at java.base/jdk.internal.reflect.DelegatingConstructorAccessorImpl.newInstance(DelegatingConstructorAccessorImpl.java:45)
	at java.base/java.lang.reflect.Constructor.newInstanceWithCaller(Constructor.java:499)
	at java.base/java.lang.reflect.Constructor.newInstance(Constructor.java:480)
	at org.eclipse.core.internal.registry.osgi.RegistryStrategyOSGI.createExecutableExtension(RegistryStrategyOSGI.java:204)
	at org.eclipse.core.internal.registry.ExtensionRegistry.createExecutableExtension(ExtensionRegistry.java:920)
	at org.eclipse.core.internal.registry.ConfigurationElement.createExecutableExtension(ConfigurationElement.java:246)
	at org.eclipse.core.internal.registry.ConfigurationElementHandle.createExecutableExtension(ConfigurationElementHandle.java:63)
	at org.eclipse.lsp4e.LanguageServersRegistry$ExtensionLanguageServerDefinition.createConnectionProvider(LanguageServersRegistry.java:161)
	at org.eclipse.lsp4e.LanguageServerWrapper.lambda$0(LanguageServerWrapper.java:233)
	at java.base/java.util.concurrent.CompletableFuture$AsyncSupply.run(CompletableFuture.java:1768)
	at java.base/java.util.concurrent.CompletableFuture$AsyncSupply.exec(CompletableFuture.java:1760)
	at java.base/java.util.concurrent.ForkJoinTask.doExec(ForkJoinTask.java:373)
	at java.base/java.util.concurrent.ForkJoinPool$WorkQueue.topLevelExec(ForkJoinPool.java:1182)
	at java.base/java.util.concurrent.ForkJoinPool.scan(ForkJoinPool.java:1655)
	at java.base/java.util.concurrent.ForkJoinPool.runWorker(ForkJoinPool.java:1622)
	at java.base/java.util.concurrent.ForkJoinWorkerThread.run(ForkJoinWorkerThread.java:165)
Caused by: java.lang.NullPointerException: Cannot invoke "java.io.File.getAbsolutePath()" because the return value of "org.eclipse.wildwebdeveloper.embedder.node.NodeJSManager.getNodeJsLocation()" is null
	at org.eclipse.wildwebdeveloper.html.HTMLLanguageServer.<init>(HTMLLanguageServer.java:40)
	... 17 more
Root exception:
java.lang.NullPointerException: Cannot invoke "java.io.File.getAbsolutePath()" because the return value of "org.eclipse.wildwebdeveloper.embedder.node.NodeJSManager.getNodeJsLocation()" is null
	at org.eclipse.wildwebdeveloper.html.HTMLLanguageServer.<init>(HTMLLanguageServer.java:40)
	at jdk.internal.reflect.GeneratedConstructorAccessor123.newInstance(Unknown Source)
	at java.base/jdk.internal.reflect.DelegatingConstructorAccessorImpl.newInstance(DelegatingConstructorAccessorImpl.java:45)
	at java.base/java.lang.reflect.Constructor.newInstanceWithCaller(Constructor.java:499)
	at java.base/java.lang.reflect.Constructor.newInstance(Constructor.java:480)
	at org.eclipse.core.internal.registry.osgi.RegistryStrategyOSGI.createExecutableExtension(RegistryStrategyOSGI.java:204)
	at org.eclipse.core.internal.registry.ExtensionRegistry.createExecutableExtension(ExtensionRegistry.java:920)
	at org.eclipse.core.internal.registry.ConfigurationElement.createExecutableExtension(ConfigurationElement.java:246)
	at org.eclipse.core.internal.registry.ConfigurationElementHandle.createExecutableExtension(ConfigurationElementHandle.java:63)
	at org.eclipse.lsp4e.LanguageServersRegistry$ExtensionLanguageServerDefinition.createConnectionProvider(LanguageServersRegistry.java:161)
	at org.eclipse.lsp4e.LanguageServerWrapper.lambda$0(LanguageServerWrapper.java:233)
	at java.base/java.util.concurrent.CompletableFuture$AsyncSupply.run(CompletableFuture.java:1768)
	at java.base/java.util.concurrent.CompletableFuture$AsyncSupply.exec(CompletableFuture.java:1760)
	at java.base/java.util.concurrent.ForkJoinTask.doExec(ForkJoinTask.java:373)
	at java.base/java.util.concurrent.ForkJoinPool$WorkQueue.topLevelExec(ForkJoinPool.java:1182)
	at java.base/java.util.concurrent.ForkJoinPool.scan(ForkJoinPool.java:1655)
	at java.base/java.util.concurrent.ForkJoinPool.runWorker(ForkJoinPool.java:1622)
	at java.base/java.util.concurrent.ForkJoinWorkerThread.run(ForkJoinWorkerThread.java:165)

!ENTRY org.eclipse.lsp4e 4 0 2025-12-22 22:01:40.552
!MESSAGE Exception occurred while creating an instance of the stream connection provider
!STACK 0
java.lang.RuntimeException: Exception occurred while creating an instance of the stream connection provider
	at org.eclipse.lsp4e.LanguageServersRegistry$ExtensionLanguageServerDefinition.createConnectionProvider(LanguageServersRegistry.java:164)
	at org.eclipse.lsp4e.LanguageServerWrapper.lambda$0(LanguageServerWrapper.java:233)
	at java.base/java.util.concurrent.CompletableFuture$AsyncSupply.run(CompletableFuture.java:1768)
	at java.base/java.util.concurrent.CompletableFuture$AsyncSupply.exec(CompletableFuture.java:1760)
	at java.base/java.util.concurrent.ForkJoinTask.doExec(ForkJoinTask.java:373)
	at java.base/java.util.concurrent.ForkJoinPool$WorkQueue.topLevelExec(ForkJoinPool.java:1182)
	at java.base/java.util.concurrent.ForkJoinPool.scan(ForkJoinPool.java:1655)
	at java.base/java.util.concurrent.ForkJoinPool.runWorker(ForkJoinPool.java:1622)
	at java.base/java.util.concurrent.ForkJoinWorkerThread.run(ForkJoinWorkerThread.java:165)
Caused by: org.eclipse.core.runtime.CoreException: プラグイン "org.eclipse.wildwebdeveloper" は、クラス "org.eclipse.wildwebdeveloper.html.HTMLLanguageServer" をインスタンス化できませんでした。
	at org.eclipse.core.internal.registry.osgi.RegistryStrategyOSGI.throwException(RegistryStrategyOSGI.java:212)
	at org.eclipse.core.internal.registry.osgi.RegistryStrategyOSGI.createExecutableExtension(RegistryStrategyOSGI.java:206)
	at org.eclipse.core.internal.registry.ExtensionRegistry.createExecutableExtension(ExtensionRegistry.java:920)
	at org.eclipse.core.internal.registry.ConfigurationElement.createExecutableExtension(ConfigurationElement.java:246)
	at org.eclipse.core.internal.registry.ConfigurationElementHandle.createExecutableExtension(ConfigurationElementHandle.java:63)
	at org.eclipse.lsp4e.LanguageServersRegistry$ExtensionLanguageServerDefinition.createConnectionProvider(LanguageServersRegistry.java:161)
	... 8 more
Caused by: java.lang.reflect.InvocationTargetException
	at jdk.internal.reflect.GeneratedConstructorAccessor123.newInstance(Unknown Source)
	at java.base/jdk.internal.reflect.DelegatingConstructorAccessorImpl.newInstance(DelegatingConstructorAccessorImpl.java:45)
	at java.base/java.lang.reflect.Constructor.newInstanceWithCaller(Constructor.java:499)
	at java.base/java.lang.reflect.Constructor.newInstance(Constructor.java:480)
	at org.eclipse.core.internal.registry.osgi.RegistryStrategyOSGI.createExecutableExtension(RegistryStrategyOSGI.java:204)
	... 12 more
Caused by: java.lang.NullPointerException: Cannot invoke "java.io.File.getAbsolutePath()" because the return value of "org.eclipse.wildwebdeveloper.embedder.node.NodeJSManager.getNodeJsLocation()" is null
	at org.eclipse.wildwebdeveloper.html.HTMLLanguageServer.<init>(HTMLLanguageServer.java:40)
	... 17 more

!ENTRY org.eclipse.lsp4e 4 0 2025-12-22 22:01:40.553
!MESSAGE Cannot invoke "org.eclipse.lsp4e.server.StreamConnectionProvider.getInputStream()" because "this.lspStreamProvider" is null
!STACK 0
java.lang.NullPointerException: Cannot invoke "org.eclipse.lsp4e.server.StreamConnectionProvider.getInputStream()" because "this.lspStreamProvider" is null
	at org.eclipse.lsp4e.LanguageServerWrapper.lambda$1(LanguageServerWrapper.java:284)
	at java.base/java.util.concurrent.CompletableFuture$UniApply.tryFire(CompletableFuture.java:646)
	at java.base/java.util.concurrent.CompletableFuture.postComplete(CompletableFuture.java:510)
	at java.base/java.util.concurrent.CompletableFuture$AsyncSupply.run(CompletableFuture.java:1773)
	at java.base/java.util.concurrent.CompletableFuture$AsyncSupply.exec(CompletableFuture.java:1760)
	at java.base/java.util.concurrent.ForkJoinTask.doExec(ForkJoinTask.java:373)
	at java.base/java.util.concurrent.ForkJoinPool$WorkQueue.topLevelExec(ForkJoinPool.java:1182)
	at java.base/java.util.concurrent.ForkJoinPool.scan(ForkJoinPool.java:1655)
	at java.base/java.util.concurrent.ForkJoinPool.runWorker(ForkJoinPool.java:1622)
	at java.base/java.util.concurrent.ForkJoinWorkerThread.run(ForkJoinWorkerThread.java:165)

!ENTRY org.eclipse.lsp4e 4 0 2025-12-22 22:01:40.556
!MESSAGE プラグイン "org.eclipse.wildwebdeveloper" は、クラス "org.eclipse.wildwebdeveloper.angular.AngularLanguageServer" をインスタンス化できませんでした。
!STACK 1
org.eclipse.core.runtime.CoreException: プラグイン "org.eclipse.wildwebdeveloper" は、クラス "org.eclipse.wildwebdeveloper.angular.AngularLanguageServer" をインスタンス化できませんでした。
	at org.eclipse.core.internal.registry.osgi.RegistryStrategyOSGI.throwException(RegistryStrategyOSGI.java:212)
	at org.eclipse.core.internal.registry.osgi.RegistryStrategyOSGI.createExecutableExtension(RegistryStrategyOSGI.java:206)
	at org.eclipse.core.internal.registry.ExtensionRegistry.createExecutableExtension(ExtensionRegistry.java:920)
	at org.eclipse.core.internal.registry.ConfigurationElement.createExecutableExtension(ConfigurationElement.java:246)
	at org.eclipse.core.internal.registry.ConfigurationElementHandle.createExecutableExtension(ConfigurationElementHandle.java:63)
	at org.eclipse.lsp4e.LanguageServersRegistry$ExtensionLanguageServerDefinition.createConnectionProvider(LanguageServersRegistry.java:161)
	at org.eclipse.lsp4e.LanguageServerWrapper.lambda$0(LanguageServerWrapper.java:233)
	at java.base/java.util.concurrent.CompletableFuture$AsyncSupply.run(CompletableFuture.java:1768)
	at java.base/java.util.concurrent.CompletableFuture$AsyncSupply.exec(CompletableFuture.java:1760)
	at java.base/java.util.concurrent.ForkJoinTask.doExec(ForkJoinTask.java:373)
	at java.base/java.util.concurrent.ForkJoinPool$WorkQueue.topLevelExec(ForkJoinPool.java:1182)
	at java.base/java.util.concurrent.ForkJoinPool.scan(ForkJoinPool.java:1655)
	at java.base/java.util.concurrent.ForkJoinPool.runWorker(ForkJoinPool.java:1622)
	at java.base/java.util.concurrent.ForkJoinWorkerThread.run(ForkJoinWorkerThread.java:165)
Caused by: java.lang.reflect.InvocationTargetException
	at jdk.internal.reflect.GeneratedConstructorAccessor122.newInstance(Unknown Source)
	at java.base/jdk.internal.reflect.DelegatingConstructorAccessorImpl.newInstance(DelegatingConstructorAccessorImpl.java:45)
	at java.base/java.lang.reflect.Constructor.newInstanceWithCaller(Constructor.java:499)
	at java.base/java.lang.reflect.Constructor.newInstance(Constructor.java:480)
	at org.eclipse.core.internal.registry.osgi.RegistryStrategyOSGI.createExecutableExtension(RegistryStrategyOSGI.java:204)
	... 12 more
Caused by: java.lang.NullPointerException: Cannot invoke "java.io.File.getAbsolutePath()" because the return value of "org.eclipse.wildwebdeveloper.embedder.node.NodeJSManager.getNodeJsLocation()" is null
	at org.eclipse.wildwebdeveloper.angular.AngularLanguageServer.<init>(AngularLanguageServer.java:43)
	... 17 more
!SUBENTRY 1 org.eclipse.equinox.registry 4 1 2025-12-22 22:01:40.556
!MESSAGE プラグイン "org.eclipse.wildwebdeveloper" は、クラス "org.eclipse.wildwebdeveloper.angular.AngularLanguageServer" をインスタンス化できませんでした。
!STACK 0
java.lang.reflect.InvocationTargetException
	at jdk.internal.reflect.GeneratedConstructorAccessor122.newInstance(Unknown Source)
	at java.base/jdk.internal.reflect.DelegatingConstructorAccessorImpl.newInstance(DelegatingConstructorAccessorImpl.java:45)
	at java.base/java.lang.reflect.Constructor.newInstanceWithCaller(Constructor.java:499)
	at java.base/java.lang.reflect.Constructor.newInstance(Constructor.java:480)
	at org.eclipse.core.internal.registry.osgi.RegistryStrategyOSGI.createExecutableExtension(RegistryStrategyOSGI.java:204)
	at org.eclipse.core.internal.registry.ExtensionRegistry.createExecutableExtension(ExtensionRegistry.java:920)
	at org.eclipse.core.internal.registry.ConfigurationElement.createExecutableExtension(ConfigurationElement.java:246)
	at org.eclipse.core.internal.registry.ConfigurationElementHandle.createExecutableExtension(ConfigurationElementHandle.java:63)
	at org.eclipse.lsp4e.LanguageServersRegistry$ExtensionLanguageServerDefinition.createConnectionProvider(LanguageServersRegistry.java:161)
	at org.eclipse.lsp4e.LanguageServerWrapper.lambda$0(LanguageServerWrapper.java:233)
	at java.base/java.util.concurrent.CompletableFuture$AsyncSupply.run(CompletableFuture.java:1768)
	at java.base/java.util.concurrent.CompletableFuture$AsyncSupply.exec(CompletableFuture.java:1760)
	at java.base/java.util.concurrent.ForkJoinTask.doExec(ForkJoinTask.java:373)
	at java.base/java.util.concurrent.ForkJoinPool$WorkQueue.topLevelExec(ForkJoinPool.java:1182)
	at java.base/java.util.concurrent.ForkJoinPool.scan(ForkJoinPool.java:1655)
	at java.base/java.util.concurrent.ForkJoinPool.runWorker(ForkJoinPool.java:1622)
	at java.base/java.util.concurrent.ForkJoinWorkerThread.run(ForkJoinWorkerThread.java:165)
Caused by: java.lang.NullPointerException: Cannot invoke "java.io.File.getAbsolutePath()" because the return value of "org.eclipse.wildwebdeveloper.embedder.node.NodeJSManager.getNodeJsLocation()" is null
	at org.eclipse.wildwebdeveloper.angular.AngularLanguageServer.<init>(AngularLanguageServer.java:43)
	... 17 more
Root exception:
java.lang.NullPointerException: Cannot invoke "java.io.File.getAbsolutePath()" because the return value of "org.eclipse.wildwebdeveloper.embedder.node.NodeJSManager.getNodeJsLocation()" is null
	at org.eclipse.wildwebdeveloper.angular.AngularLanguageServer.<init>(AngularLanguageServer.java:43)
	at jdk.internal.reflect.GeneratedConstructorAccessor122.newInstance(Unknown Source)
	at java.base/jdk.internal.reflect.DelegatingConstructorAccessorImpl.newInstance(DelegatingConstructorAccessorImpl.java:45)
	at java.base/java.lang.reflect.Constructor.newInstanceWithCaller(Constructor.java:499)
	at java.base/java.lang.reflect.Constructor.newInstance(Constructor.java:480)
	at org.eclipse.core.internal.registry.osgi.RegistryStrategyOSGI.createExecutableExtension(RegistryStrategyOSGI.java:204)
	at org.eclipse.core.internal.registry.ExtensionRegistry.createExecutableExtension(ExtensionRegistry.java:920)
	at org.eclipse.core.internal.registry.ConfigurationElement.createExecutableExtension(ConfigurationElement.java:246)
	at org.eclipse.core.internal.registry.ConfigurationElementHandle.createExecutableExtension(ConfigurationElementHandle.java:63)
	at org.eclipse.lsp4e.LanguageServersRegistry$ExtensionLanguageServerDefinition.createConnectionProvider(LanguageServersRegistry.java:161)
	at org.eclipse.lsp4e.LanguageServerWrapper.lambda$0(LanguageServerWrapper.java:233)
	at java.base/java.util.concurrent.CompletableFuture$AsyncSupply.run(CompletableFuture.java:1768)
	at java.base/java.util.concurrent.CompletableFuture$AsyncSupply.exec(CompletableFuture.java:1760)
	at java.base/java.util.concurrent.ForkJoinTask.doExec(ForkJoinTask.java:373)
	at java.base/java.util.concurrent.ForkJoinPool$WorkQueue.topLevelExec(ForkJoinPool.java:1182)
	at java.base/java.util.concurrent.ForkJoinPool.scan(ForkJoinPool.java:1655)
	at java.base/java.util.concurrent.ForkJoinPool.runWorker(ForkJoinPool.java:1622)
	at java.base/java.util.concurrent.ForkJoinWorkerThread.run(ForkJoinWorkerThread.java:165)

!ENTRY org.eclipse.lsp4e 4 0 2025-12-22 22:01:40.556
!MESSAGE Exception occurred while creating an instance of the stream connection provider
!STACK 0
java.lang.RuntimeException: Exception occurred while creating an instance of the stream connection provider
	at org.eclipse.lsp4e.LanguageServersRegistry$ExtensionLanguageServerDefinition.createConnectionProvider(LanguageServersRegistry.java:164)
	at org.eclipse.lsp4e.LanguageServerWrapper.lambda$0(LanguageServerWrapper.java:233)
	at java.base/java.util.concurrent.CompletableFuture$AsyncSupply.run(CompletableFuture.java:1768)
	at java.base/java.util.concurrent.CompletableFuture$AsyncSupply.exec(CompletableFuture.java:1760)
	at java.base/java.util.concurrent.ForkJoinTask.doExec(ForkJoinTask.java:373)
	at java.base/java.util.concurrent.ForkJoinPool$WorkQueue.topLevelExec(ForkJoinPool.java:1182)
	at java.base/java.util.concurrent.ForkJoinPool.scan(ForkJoinPool.java:1655)
	at java.base/java.util.concurrent.ForkJoinPool.runWorker(ForkJoinPool.java:1622)
	at java.base/java.util.concurrent.ForkJoinWorkerThread.run(ForkJoinWorkerThread.java:165)
Caused by: org.eclipse.core.runtime.CoreException: プラグイン "org.eclipse.wildwebdeveloper" は、クラス "org.eclipse.wildwebdeveloper.angular.AngularLanguageServer" をインスタンス化できませんでした。
	at org.eclipse.core.internal.registry.osgi.RegistryStrategyOSGI.throwException(RegistryStrategyOSGI.java:212)
	at org.eclipse.core.internal.registry.osgi.RegistryStrategyOSGI.createExecutableExtension(RegistryStrategyOSGI.java:206)
	at org.eclipse.core.internal.registry.ExtensionRegistry.createExecutableExtension(ExtensionRegistry.java:920)
	at org.eclipse.core.internal.registry.ConfigurationElement.createExecutableExtension(ConfigurationElement.java:246)
	at org.eclipse.core.internal.registry.ConfigurationElementHandle.createExecutableExtension(ConfigurationElementHandle.java:63)
	at org.eclipse.lsp4e.LanguageServersRegistry$ExtensionLanguageServerDefinition.createConnectionProvider(LanguageServersRegistry.java:161)
	... 8 more
Caused by: java.lang.reflect.InvocationTargetException
	at jdk.internal.reflect.GeneratedConstructorAccessor122.newInstance(Unknown Source)
	at java.base/jdk.internal.reflect.DelegatingConstructorAccessorImpl.newInstance(DelegatingConstructorAccessorImpl.java:45)
	at java.base/java.lang.reflect.Constructor.newInstanceWithCaller(Constructor.java:499)
	at java.base/java.lang.reflect.Constructor.newInstance(Constructor.java:480)
	at org.eclipse.core.internal.registry.osgi.RegistryStrategyOSGI.createExecutableExtension(RegistryStrategyOSGI.java:204)
	... 12 more
Caused by: java.lang.NullPointerException: Cannot invoke "java.io.File.getAbsolutePath()" because the return value of "org.eclipse.wildwebdeveloper.embedder.node.NodeJSManager.getNodeJsLocation()" is null
	at org.eclipse.wildwebdeveloper.angular.AngularLanguageServer.<init>(AngularLanguageServer.java:43)
	... 17 more

!ENTRY org.eclipse.lsp4e 4 0 2025-12-22 22:01:40.557
!MESSAGE Cannot invoke "org.eclipse.lsp4e.server.StreamConnectionProvider.getInputStream()" because "this.lspStreamProvider" is null
!STACK 0
java.lang.NullPointerException: Cannot invoke "org.eclipse.lsp4e.server.StreamConnectionProvider.getInputStream()" because "this.lspStreamProvider" is null
	at org.eclipse.lsp4e.LanguageServerWrapper.lambda$1(LanguageServerWrapper.java:284)
	at java.base/java.util.concurrent.CompletableFuture$UniApply.tryFire(CompletableFuture.java:646)
	at java.base/java.util.concurrent.CompletableFuture.postComplete(CompletableFuture.java:510)
	at java.base/java.util.concurrent.CompletableFuture$AsyncSupply.run(CompletableFuture.java:1773)
	at java.base/java.util.concurrent.CompletableFuture$AsyncSupply.exec(CompletableFuture.java:1760)
	at java.base/java.util.concurrent.ForkJoinTask.doExec(ForkJoinTask.java:373)
	at java.base/java.util.concurrent.ForkJoinPool$WorkQueue.topLevelExec(ForkJoinPool.java:1182)
	at java.base/java.util.concurrent.ForkJoinPool.scan(ForkJoinPool.java:1655)
	at java.base/java.util.concurrent.ForkJoinPool.runWorker(ForkJoinPool.java:1622)
	at java.base/java.util.concurrent.ForkJoinWorkerThread.run(ForkJoinWorkerThread.java:165)

!ENTRY org.eclipse.lsp4e 4 0 2025-12-22 22:01:41.889
!MESSAGE プラグイン "org.eclipse.wildwebdeveloper" は、クラス "org.eclipse.wildwebdeveloper.angular.AngularLanguageServer" をインスタンス化できませんでした。
!STACK 1
org.eclipse.core.runtime.CoreException: プラグイン "org.eclipse.wildwebdeveloper" は、クラス "org.eclipse.wildwebdeveloper.angular.AngularLanguageServer" をインスタンス化できませんでした。
	at org.eclipse.core.internal.registry.osgi.RegistryStrategyOSGI.throwException(RegistryStrategyOSGI.java:212)
	at org.eclipse.core.internal.registry.osgi.RegistryStrategyOSGI.createExecutableExtension(RegistryStrategyOSGI.java:206)
	at org.eclipse.core.internal.registry.ExtensionRegistry.createExecutableExtension(ExtensionRegistry.java:920)
	at org.eclipse.core.internal.registry.ConfigurationElement.createExecutableExtension(ConfigurationElement.java:246)
	at org.eclipse.core.internal.registry.ConfigurationElementHandle.createExecutableExtension(ConfigurationElementHandle.java:63)
	at org.eclipse.lsp4e.LanguageServersRegistry$ExtensionLanguageServerDefinition.createConnectionProvider(LanguageServersRegistry.java:161)
	at org.eclipse.lsp4e.LanguageServerWrapper.lambda$0(LanguageServerWrapper.java:233)
	at java.base/java.util.concurrent.CompletableFuture$AsyncSupply.run(CompletableFuture.java:1768)
	at java.base/java.util.concurrent.CompletableFuture$AsyncSupply.exec(CompletableFuture.java:1760)
	at java.base/java.util.concurrent.ForkJoinTask.doExec(ForkJoinTask.java:373)
	at java.base/java.util.concurrent.ForkJoinPool$WorkQueue.topLevelExec(ForkJoinPool.java:1182)
	at java.base/java.util.concurrent.ForkJoinPool.scan(ForkJoinPool.java:1655)
	at java.base/java.util.concurrent.ForkJoinPool.runWorker(ForkJoinPool.java:1622)
	at java.base/java.util.concurrent.ForkJoinWorkerThread.run(ForkJoinWorkerThread.java:165)
Caused by: java.lang.reflect.InvocationTargetException
	at jdk.internal.reflect.GeneratedConstructorAccessor122.newInstance(Unknown Source)
	at java.base/jdk.internal.reflect.DelegatingConstructorAccessorImpl.newInstance(DelegatingConstructorAccessorImpl.java:45)
	at java.base/java.lang.reflect.Constructor.newInstanceWithCaller(Constructor.java:499)
	at java.base/java.lang.reflect.Constructor.newInstance(Constructor.java:480)
	at org.eclipse.core.internal.registry.osgi.RegistryStrategyOSGI.createExecutableExtension(RegistryStrategyOSGI.java:204)
	... 12 more
Caused by: java.lang.NullPointerException: Cannot invoke "java.io.File.getAbsolutePath()" because the return value of "org.eclipse.wildwebdeveloper.embedder.node.NodeJSManager.getNodeJsLocation()" is null
	at org.eclipse.wildwebdeveloper.angular.AngularLanguageServer.<init>(AngularLanguageServer.java:43)
	... 17 more
!SUBENTRY 1 org.eclipse.equinox.registry 4 1 2025-12-22 22:01:41.889
!MESSAGE プラグイン "org.eclipse.wildwebdeveloper" は、クラス "org.eclipse.wildwebdeveloper.angular.AngularLanguageServer" をインスタンス化できませんでした。
!STACK 0
java.lang.reflect.InvocationTargetException
	at jdk.internal.reflect.GeneratedConstructorAccessor122.newInstance(Unknown Source)
	at java.base/jdk.internal.reflect.DelegatingConstructorAccessorImpl.newInstance(DelegatingConstructorAccessorImpl.java:45)
	at java.base/java.lang.reflect.Constructor.newInstanceWithCaller(Constructor.java:499)
	at java.base/java.lang.reflect.Constructor.newInstance(Constructor.java:480)
	at org.eclipse.core.internal.registry.osgi.RegistryStrategyOSGI.createExecutableExtension(RegistryStrategyOSGI.java:204)
	at org.eclipse.core.internal.registry.ExtensionRegistry.createExecutableExtension(ExtensionRegistry.java:920)
	at org.eclipse.core.internal.registry.ConfigurationElement.createExecutableExtension(ConfigurationElement.java:246)
	at org.eclipse.core.internal.registry.ConfigurationElementHandle.createExecutableExtension(ConfigurationElementHandle.java:63)
	at org.eclipse.lsp4e.LanguageServersRegistry$ExtensionLanguageServerDefinition.createConnectionProvider(LanguageServersRegistry.java:161)
	at org.eclipse.lsp4e.LanguageServerWrapper.lambda$0(LanguageServerWrapper.java:233)
	at java.base/java.util.concurrent.CompletableFuture$AsyncSupply.run(CompletableFuture.java:1768)
	at java.base/java.util.concurrent.CompletableFuture$AsyncSupply.exec(CompletableFuture.java:1760)
	at java.base/java.util.concurrent.ForkJoinTask.doExec(ForkJoinTask.java:373)
	at java.base/java.util.concurrent.ForkJoinPool$WorkQueue.topLevelExec(ForkJoinPool.java:1182)
	at java.base/java.util.concurrent.ForkJoinPool.scan(ForkJoinPool.java:1655)
	at java.base/java.util.concurrent.ForkJoinPool.runWorker(ForkJoinPool.java:1622)
	at java.base/java.util.concurrent.ForkJoinWorkerThread.run(ForkJoinWorkerThread.java:165)
Caused by: java.lang.NullPointerException: Cannot invoke "java.io.File.getAbsolutePath()" because the return value of "org.eclipse.wildwebdeveloper.embedder.node.NodeJSManager.getNodeJsLocation()" is null
	at org.eclipse.wildwebdeveloper.angular.AngularLanguageServer.<init>(AngularLanguageServer.java:43)
	... 17 more
Root exception:
java.lang.NullPointerException: Cannot invoke "java.io.File.getAbsolutePath()" because the return value of "org.eclipse.wildwebdeveloper.embedder.node.NodeJSManager.getNodeJsLocation()" is null
	at org.eclipse.wildwebdeveloper.angular.AngularLanguageServer.<init>(AngularLanguageServer.java:43)
	at jdk.internal.reflect.GeneratedConstructorAccessor122.newInstance(Unknown Source)
	at java.base/jdk.internal.reflect.DelegatingConstructorAccessorImpl.newInstance(DelegatingConstructorAccessorImpl.java:45)
	at java.base/java.lang.reflect.Constructor.newInstanceWithCaller(Constructor.java:499)
	at java.base/java.lang.reflect.Constructor.newInstance(Constructor.java:480)
	at org.eclipse.core.internal.registry.osgi.RegistryStrategyOSGI.createExecutableExtension(RegistryStrategyOSGI.java:204)
	at org.eclipse.core.internal.registry.ExtensionRegistry.createExecutableExtension(ExtensionRegistry.java:920)
	at org.eclipse.core.internal.registry.ConfigurationElement.createExecutableExtension(ConfigurationElement.java:246)
	at org.eclipse.core.internal.registry.ConfigurationElementHandle.createExecutableExtension(ConfigurationElementHandle.java:63)
	at org.eclipse.lsp4e.LanguageServersRegistry$ExtensionLanguageServerDefinition.createConnectionProvider(LanguageServersRegistry.java:161)
	at org.eclipse.lsp4e.LanguageServerWrapper.lambda$0(LanguageServerWrapper.java:233)
	at java.base/java.util.concurrent.CompletableFuture$AsyncSupply.run(CompletableFuture.java:1768)
	at java.base/java.util.concurrent.CompletableFuture$AsyncSupply.exec(CompletableFuture.java:1760)
	at java.base/java.util.concurrent.ForkJoinTask.doExec(ForkJoinTask.java:373)
	at java.base/java.util.concurrent.ForkJoinPool$WorkQueue.topLevelExec(ForkJoinPool.java:1182)
	at java.base/java.util.concurrent.ForkJoinPool.scan(ForkJoinPool.java:1655)
	at java.base/java.util.concurrent.ForkJoinPool.runWorker(ForkJoinPool.java:1622)
	at java.base/java.util.concurrent.ForkJoinWorkerThread.run(ForkJoinWorkerThread.java:165)

!ENTRY org.eclipse.lsp4e 4 0 2025-12-22 22:01:41.890
!MESSAGE Exception occurred while creating an instance of the stream connection provider
!STACK 0
java.lang.RuntimeException: Exception occurred while creating an instance of the stream connection provider
	at org.eclipse.lsp4e.LanguageServersRegistry$ExtensionLanguageServerDefinition.createConnectionProvider(LanguageServersRegistry.java:164)
	at org.eclipse.lsp4e.LanguageServerWrapper.lambda$0(LanguageServerWrapper.java:233)
	at java.base/java.util.concurrent.CompletableFuture$AsyncSupply.run(CompletableFuture.java:1768)
	at java.base/java.util.concurrent.CompletableFuture$AsyncSupply.exec(CompletableFuture.java:1760)
	at java.base/java.util.concurrent.ForkJoinTask.doExec(ForkJoinTask.java:373)
	at java.base/java.util.concurrent.ForkJoinPool$WorkQueue.topLevelExec(ForkJoinPool.java:1182)
	at java.base/java.util.concurrent.ForkJoinPool.scan(ForkJoinPool.java:1655)
	at java.base/java.util.concurrent.ForkJoinPool.runWorker(ForkJoinPool.java:1622)
	at java.base/java.util.concurrent.ForkJoinWorkerThread.run(ForkJoinWorkerThread.java:165)
Caused by: org.eclipse.core.runtime.CoreException: プラグイン "org.eclipse.wildwebdeveloper" は、クラス "org.eclipse.wildwebdeveloper.angular.AngularLanguageServer" をインスタンス化できませんでした。
	at org.eclipse.core.internal.registry.osgi.RegistryStrategyOSGI.throwException(RegistryStrategyOSGI.java:212)
	at org.eclipse.core.internal.registry.osgi.RegistryStrategyOSGI.createExecutableExtension(RegistryStrategyOSGI.java:206)
	at org.eclipse.core.internal.registry.ExtensionRegistry.createExecutableExtension(ExtensionRegistry.java:920)
	at org.eclipse.core.internal.registry.ConfigurationElement.createExecutableExtension(ConfigurationElement.java:246)
	at org.eclipse.core.internal.registry.ConfigurationElementHandle.createExecutableExtension(ConfigurationElementHandle.java:63)
	at org.eclipse.lsp4e.LanguageServersRegistry$ExtensionLanguageServerDefinition.createConnectionProvider(LanguageServersRegistry.java:161)
	... 8 more
Caused by: java.lang.reflect.InvocationTargetException
	at jdk.internal.reflect.GeneratedConstructorAccessor122.newInstance(Unknown Source)
	at java.base/jdk.internal.reflect.DelegatingConstructorAccessorImpl.newInstance(DelegatingConstructorAccessorImpl.java:45)
	at java.base/java.lang.reflect.Constructor.newInstanceWithCaller(Constructor.java:499)
	at java.base/java.lang.reflect.Constructor.newInstance(Constructor.java:480)
	at org.eclipse.core.internal.registry.osgi.RegistryStrategyOSGI.createExecutableExtension(RegistryStrategyOSGI.java:204)
	... 12 more
Caused by: java.lang.NullPointerException: Cannot invoke "java.io.File.getAbsolutePath()" because the return value of "org.eclipse.wildwebdeveloper.embedder.node.NodeJSManager.getNodeJsLocation()" is null
	at org.eclipse.wildwebdeveloper.angular.AngularLanguageServer.<init>(AngularLanguageServer.java:43)
	... 17 more

!ENTRY org.eclipse.lsp4e 4 0 2025-12-22 22:01:41.891
!MESSAGE Cannot invoke "org.eclipse.lsp4e.server.StreamConnectionProvider.getInputStream()" because "this.lspStreamProvider" is null
!STACK 0
java.lang.NullPointerException: Cannot invoke "org.eclipse.lsp4e.server.StreamConnectionProvider.getInputStream()" because "this.lspStreamProvider" is null
	at org.eclipse.lsp4e.LanguageServerWrapper.lambda$1(LanguageServerWrapper.java:284)
	at java.base/java.util.concurrent.CompletableFuture$UniApply.tryFire(CompletableFuture.java:646)
	at java.base/java.util.concurrent.CompletableFuture.postComplete(CompletableFuture.java:510)
	at java.base/java.util.concurrent.CompletableFuture$AsyncSupply.run(CompletableFuture.java:1773)
	at java.base/java.util.concurrent.CompletableFuture$AsyncSupply.exec(CompletableFuture.java:1760)
	at java.base/java.util.concurrent.ForkJoinTask.doExec(ForkJoinTask.java:373)
	at java.base/java.util.concurrent.ForkJoinPool$WorkQueue.topLevelExec(ForkJoinPool.java:1182)
	at java.base/java.util.concurrent.ForkJoinPool.scan(ForkJoinPool.java:1655)
	at java.base/java.util.concurrent.ForkJoinPool.runWorker(ForkJoinPool.java:1622)
	at java.base/java.util.concurrent.ForkJoinWorkerThread.run(ForkJoinWorkerThread.java:165)

!ENTRY org.eclipse.lsp4e 4 0 2025-12-22 22:01:41.891
!MESSAGE プラグイン "org.eclipse.wildwebdeveloper" は、クラス "org.eclipse.wildwebdeveloper.html.HTMLLanguageServer" をインスタンス化できませんでした。
!STACK 1
org.eclipse.core.runtime.CoreException: プラグイン "org.eclipse.wildwebdeveloper" は、クラス "org.eclipse.wildwebdeveloper.html.HTMLLanguageServer" をインスタンス化できませんでした。
	at org.eclipse.core.internal.registry.osgi.RegistryStrategyOSGI.throwException(RegistryStrategyOSGI.java:212)
	at org.eclipse.core.internal.registry.osgi.RegistryStrategyOSGI.createExecutableExtension(RegistryStrategyOSGI.java:206)
	at org.eclipse.core.internal.registry.ExtensionRegistry.createExecutableExtension(ExtensionRegistry.java:920)
	at org.eclipse.core.internal.registry.ConfigurationElement.createExecutableExtension(ConfigurationElement.java:246)
	at org.eclipse.core.internal.registry.ConfigurationElementHandle.createExecutableExtension(ConfigurationElementHandle.java:63)
	at org.eclipse.lsp4e.LanguageServersRegistry$ExtensionLanguageServerDefinition.createConnectionProvider(LanguageServersRegistry.java:161)
	at org.eclipse.lsp4e.LanguageServerWrapper.lambda$0(LanguageServerWrapper.java:233)
	at java.base/java.util.concurrent.CompletableFuture$AsyncSupply.run(CompletableFuture.java:1768)
	at java.base/java.util.concurrent.CompletableFuture$AsyncSupply.exec(CompletableFuture.java:1760)
	at java.base/java.util.concurrent.ForkJoinTask.doExec(ForkJoinTask.java:373)
	at java.base/java.util.concurrent.ForkJoinPool$WorkQueue.topLevelExec(ForkJoinPool.java:1182)
	at java.base/java.util.concurrent.ForkJoinPool.scan(ForkJoinPool.java:1655)
	at java.base/java.util.concurrent.ForkJoinPool.runWorker(ForkJoinPool.java:1622)
	at java.base/java.util.concurrent.ForkJoinWorkerThread.run(ForkJoinWorkerThread.java:165)
Caused by: java.lang.reflect.InvocationTargetException
	at jdk.internal.reflect.GeneratedConstructorAccessor123.newInstance(Unknown Source)
	at java.base/jdk.internal.reflect.DelegatingConstructorAccessorImpl.newInstance(DelegatingConstructorAccessorImpl.java:45)
	at java.base/java.lang.reflect.Constructor.newInstanceWithCaller(Constructor.java:499)
	at java.base/java.lang.reflect.Constructor.newInstance(Constructor.java:480)
	at org.eclipse.core.internal.registry.osgi.RegistryStrategyOSGI.createExecutableExtension(RegistryStrategyOSGI.java:204)
	... 12 more
Caused by: java.lang.NullPointerException: Cannot invoke "java.io.File.getAbsolutePath()" because the return value of "org.eclipse.wildwebdeveloper.embedder.node.NodeJSManager.getNodeJsLocation()" is null
	at org.eclipse.wildwebdeveloper.html.HTMLLanguageServer.<init>(HTMLLanguageServer.java:40)
	... 17 more
!SUBENTRY 1 org.eclipse.equinox.registry 4 1 2025-12-22 22:01:41.891
!MESSAGE プラグイン "org.eclipse.wildwebdeveloper" は、クラス "org.eclipse.wildwebdeveloper.html.HTMLLanguageServer" をインスタンス化できませんでした。
!STACK 0
java.lang.reflect.InvocationTargetException
	at jdk.internal.reflect.GeneratedConstructorAccessor123.newInstance(Unknown Source)
	at java.base/jdk.internal.reflect.DelegatingConstructorAccessorImpl.newInstance(DelegatingConstructorAccessorImpl.java:45)
	at java.base/java.lang.reflect.Constructor.newInstanceWithCaller(Constructor.java:499)
	at java.base/java.lang.reflect.Constructor.newInstance(Constructor.java:480)
	at org.eclipse.core.internal.registry.osgi.RegistryStrategyOSGI.createExecutableExtension(RegistryStrategyOSGI.java:204)
	at org.eclipse.core.internal.registry.ExtensionRegistry.createExecutableExtension(ExtensionRegistry.java:920)
	at org.eclipse.core.internal.registry.ConfigurationElement.createExecutableExtension(ConfigurationElement.java:246)
	at org.eclipse.core.internal.registry.ConfigurationElementHandle.createExecutableExtension(ConfigurationElementHandle.java:63)
	at org.eclipse.lsp4e.LanguageServersRegistry$ExtensionLanguageServerDefinition.createConnectionProvider(LanguageServersRegistry.java:161)
	at org.eclipse.lsp4e.LanguageServerWrapper.lambda$0(LanguageServerWrapper.java:233)
	at java.base/java.util.concurrent.CompletableFuture$AsyncSupply.run(CompletableFuture.java:1768)
	at java.base/java.util.concurrent.CompletableFuture$AsyncSupply.exec(CompletableFuture.java:1760)
	at java.base/java.util.concurrent.ForkJoinTask.doExec(ForkJoinTask.java:373)
	at java.base/java.util.concurrent.ForkJoinPool$WorkQueue.topLevelExec(ForkJoinPool.java:1182)
	at java.base/java.util.concurrent.ForkJoinPool.scan(ForkJoinPool.java:1655)
	at java.base/java.util.concurrent.ForkJoinPool.runWorker(ForkJoinPool.java:1622)
	at java.base/java.util.concurrent.ForkJoinWorkerThread.run(ForkJoinWorkerThread.java:165)
Caused by: java.lang.NullPointerException: Cannot invoke "java.io.File.getAbsolutePath()" because the return value of "org.eclipse.wildwebdeveloper.embedder.node.NodeJSManager.getNodeJsLocation()" is null
	at org.eclipse.wildwebdeveloper.html.HTMLLanguageServer.<init>(HTMLLanguageServer.java:40)
	... 17 more
Root exception:
java.lang.NullPointerException: Cannot invoke "java.io.File.getAbsolutePath()" because the return value of "org.eclipse.wildwebdeveloper.embedder.node.NodeJSManager.getNodeJsLocation()" is null
	at org.eclipse.wildwebdeveloper.html.HTMLLanguageServer.<init>(HTMLLanguageServer.java:40)
	at jdk.internal.reflect.GeneratedConstructorAccessor123.newInstance(Unknown Source)
	at java.base/jdk.internal.reflect.DelegatingConstructorAccessorImpl.newInstance(DelegatingConstructorAccessorImpl.java:45)
	at java.base/java.lang.reflect.Constructor.newInstanceWithCaller(Constructor.java:499)
	at java.base/java.lang.reflect.Constructor.newInstance(Constructor.java:480)
	at org.eclipse.core.internal.registry.osgi.RegistryStrategyOSGI.createExecutableExtension(RegistryStrategyOSGI.java:204)
	at org.eclipse.core.internal.registry.ExtensionRegistry.createExecutableExtension(ExtensionRegistry.java:920)
	at org.eclipse.core.internal.registry.ConfigurationElement.createExecutableExtension(ConfigurationElement.java:246)
	at org.eclipse.core.internal.registry.ConfigurationElementHandle.createExecutableExtension(ConfigurationElementHandle.java:63)
	at org.eclipse.lsp4e.LanguageServersRegistry$ExtensionLanguageServerDefinition.createConnectionProvider(LanguageServersRegistry.java:161)
	at org.eclipse.lsp4e.LanguageServerWrapper.lambda$0(LanguageServerWrapper.java:233)
	at java.base/java.util.concurrent.CompletableFuture$AsyncSupply.run(CompletableFuture.java:1768)
	at java.base/java.util.concurrent.CompletableFuture$AsyncSupply.exec(CompletableFuture.java:1760)
	at java.base/java.util.concurrent.ForkJoinTask.doExec(ForkJoinTask.java:373)
	at java.base/java.util.concurrent.ForkJoinPool$WorkQueue.topLevelExec(ForkJoinPool.java:1182)
	at java.base/java.util.concurrent.ForkJoinPool.scan(ForkJoinPool.java:1655)
	at java.base/java.util.concurrent.ForkJoinPool.runWorker(ForkJoinPool.java:1622)
	at java.base/java.util.concurrent.ForkJoinWorkerThread.run(ForkJoinWorkerThread.java:165)
